nohup: ignoring input

 /----------------------------------------------------------------------------\
 |                                                                            |
 |  yosys -- Yosys Open SYnthesis Suite                                       |
 |                                                                            |
 |  Copyright (C) 2012 - 2020  Claire Xenia Wolf <claire@yosyshq.com>         |
 |                                                                            |
 |  Permission to use, copy, modify, and/or distribute this software for any  |
 |  purpose with or without fee is hereby granted, provided that the above    |
 |  copyright notice and this permission notice appear in all copies.         |
 |                                                                            |
 |  THE SOFTWARE IS PROVIDED "AS IS" AND THE AUTHOR DISCLAIMS ALL WARRANTIES  |
 |  WITH REGARD TO THIS SOFTWARE INCLUDING ALL IMPLIED WARRANTIES OF          |
 |  MERCHANTABILITY AND FITNESS. IN NO EVENT SHALL THE AUTHOR BE LIABLE FOR   |
 |  ANY SPECIAL, DIRECT, INDIRECT, OR CONSEQUENTIAL DAMAGES OR ANY DAMAGES    |
 |  WHATSOEVER RESULTING FROM LOSS OF USE, DATA OR PROFITS, WHETHER IN AN     |
 |  ACTION OF CONTRACT, NEGLIGENCE OR OTHER TORTIOUS ACTION, ARISING OUT OF   |
 |  OR IN CONNECTION WITH THE USE OR PERFORMANCE OF THIS SOFTWARE.            |
 |                                                                            |
 \----------------------------------------------------------------------------/

 Yosys 0.33 (git sha1 2584903a060)


-- Executing script file `synth_u1_hyb.ys' --

1. Executing Verilog-2005 frontend: u1_r3_1engine_0610.v
Parsing Verilog input from `u1_r3_1engine_0610.v' to AST representation.
Generating RTLIL representation for module `\u1_r3_1engine'.
Successfully finished Verilog frontend.

2. Executing Verilog-2005 frontend: ue_v14_real_1engine_0610.v
Parsing Verilog input from `ue_v14_real_1engine_0610.v' to AST representation.
Generating RTLIL representation for module `\ue_v14_real_1engine'.
Successfully finished Verilog frontend.

3. Executing Verilog-2005 frontend: ue_v12_complex_pipe_0610.v
Parsing Verilog input from `ue_v12_complex_pipe_0610.v' to AST representation.
Generating RTLIL representation for module `\ue_v12_complex_pipe'.
Successfully finished Verilog frontend.

4. Executing Verilog-2005 frontend: ub_complex_31_pipe4.v
Parsing Verilog input from `ub_complex_31_pipe4.v' to AST representation.
Generating RTLIL representation for module `\ub_complex_31_pipe4'.
Successfully finished Verilog frontend.

5. Executing Verilog-2005 frontend: ub_complex_31.v
Parsing Verilog input from `ub_complex_31.v' to AST representation.
Generating RTLIL representation for module `\ub_complex_31'.
Successfully finished Verilog frontend.

6. Executing Verilog-2005 frontend: sb16_f9_pipe.v
Parsing Verilog input from `sb16_f9_pipe.v' to AST representation.
Generating RTLIL representation for module `\sb16_f9_pipe'.
Successfully finished Verilog frontend.

7. Executing Verilog-2005 frontend: sb15_f9_pipe.v
Parsing Verilog input from `sb15_f9_pipe.v' to AST representation.
Generating RTLIL representation for module `\sb15_f9_pipe'.
Successfully finished Verilog frontend.

8. Executing Verilog-2005 frontend: sb16_f9.v
Parsing Verilog input from `sb16_f9.v' to AST representation.
Generating RTLIL representation for module `\sb16_f9'.
Successfully finished Verilog frontend.

9. Executing Verilog-2005 frontend: sb15_f9.v
Parsing Verilog input from `sb15_f9.v' to AST representation.
Generating RTLIL representation for module `\sb15_f9'.
Successfully finished Verilog frontend.

10. Executing Verilog-2005 frontend: f9_mul.v
Parsing Verilog input from `f9_mul.v' to AST representation.
Generating RTLIL representation for module `\f9_mul'.
Successfully finished Verilog frontend.

11. Executing Verilog-2005 frontend: f3_mul.v
Parsing Verilog input from `f3_mul.v' to AST representation.
Generating RTLIL representation for module `\f3_mul'.
Successfully finished Verilog frontend.

12. Executing Verilog-2005 frontend: f3_add.v
Parsing Verilog input from `f3_add.v' to AST representation.
Generating RTLIL representation for module `\f3_add'.
Successfully finished Verilog frontend.

13. Executing Verilog-2005 frontend: f3_sub3.v
Parsing Verilog input from `f3_sub3.v' to AST representation.
Generating RTLIL representation for module `\f3_sub3'.
Successfully finished Verilog frontend.

14. Executing HIERARCHY pass (managing design hierarchy).

14.1. Analyzing design hierarchy..
Top module:  \u1_r3_1engine
Used module:     \f3_add
Used module:     \ue_v14_real_1engine
Used module:         \f3_sub3
Used module:         \ue_v12_complex_pipe
Used module:             \ub_complex_31_pipe4
Used module:                 \sb15_f9_pipe
Used module:                     \f9_mul
Used module:                         \f3_mul
Used module:                 \sb16_f9_pipe

14.2. Analyzing design hierarchy..
Top module:  \u1_r3_1engine
Used module:     \f3_add
Used module:     \ue_v14_real_1engine
Used module:         \f3_sub3
Used module:         \ue_v12_complex_pipe
Used module:             \ub_complex_31_pipe4
Used module:                 \sb15_f9_pipe
Used module:                     \f9_mul
Used module:                         \f3_mul
Used module:                 \sb16_f9_pipe
Removing unused module `\sb15_f9'.
Removing unused module `\sb16_f9'.
Removing unused module `\ub_complex_31'.
Removed 3 unused modules.

15. Executing SYNTH pass.

15.1. Executing HIERARCHY pass (managing design hierarchy).

15.1.1. Analyzing design hierarchy..
Top module:  \u1_r3_1engine
Used module:     \f3_add
Used module:     \ue_v14_real_1engine
Used module:         \f3_sub3
Used module:         \ue_v12_complex_pipe
Used module:             \ub_complex_31_pipe4
Used module:                 \sb15_f9_pipe
Used module:                     \f9_mul
Used module:                         \f3_mul
Used module:                 \sb16_f9_pipe

15.1.2. Analyzing design hierarchy..
Top module:  \u1_r3_1engine
Used module:     \f3_add
Used module:     \ue_v14_real_1engine
Used module:         \f3_sub3
Used module:         \ue_v12_complex_pipe
Used module:             \ub_complex_31_pipe4
Used module:                 \sb15_f9_pipe
Used module:                     \f9_mul
Used module:                         \f3_mul
Used module:                 \sb16_f9_pipe
Removed 0 unused modules.

15.2. Executing PROC pass (convert processes to netlists).

15.2.1. Executing PROC_CLEAN pass (remove empty switches from decision trees).
Cleaned up 0 empty switches.

15.2.2. Executing PROC_RMDEAD pass (remove dead branches from decision trees).
Marked 1 switch rules as full_case in process $proc$ub_complex_31_pipe4.v:461$31 in module ub_complex_31_pipe4.
Marked 1 switch rules as full_case in process $proc$ub_complex_31_pipe4.v:112$30 in module ub_complex_31_pipe4.
Marked 1 switch rules as full_case in process $proc$ub_complex_31_pipe4.v:108$29 in module ub_complex_31_pipe4.
Marked 1 switch rules as full_case in process $proc$ub_complex_31_pipe4.v:86$28 in module ub_complex_31_pipe4.
Marked 4 switch rules as full_case in process $proc$ue_v12_complex_pipe_0610.v:2303$21 in module ue_v12_complex_pipe.
Marked 2 switch rules as full_case in process $proc$ue_v12_complex_pipe_0610.v:2282$20 in module ue_v12_complex_pipe.
Marked 1 switch rules as full_case in process $proc$ue_v12_complex_pipe_0610.v:2263$19 in module ue_v12_complex_pipe.
Marked 1 switch rules as full_case in process $proc$ue_v14_real_1engine_0610.v:9225$11 in module ue_v14_real_1engine.
Marked 3 switch rules as full_case in process $proc$ue_v14_real_1engine_0610.v:9194$4 in module ue_v14_real_1engine.
Marked 1 switch rules as full_case in process $proc$ue_v14_real_1engine_0610.v:9181$2 in module ue_v14_real_1engine.
Marked 1 switch rules as full_case in process $proc$ue_v14_real_1engine_0610.v:9167$1 in module ue_v14_real_1engine.
Removed a total of 0 dead cases.

15.2.3. Executing PROC_PRUNE pass (remove redundant assignments in processes).
Removed 10 redundant assignments.
Promoted 1947 assignments to connections.

15.2.4. Executing PROC_INIT pass (extract init attributes).
Found init rule in `\sb15_f9_pipe.$proc$sb15_f9_pipe.v:743$1010'.
  Set init value: \pi14_14 = 2'00
Found init rule in `\sb15_f9_pipe.$proc$sb15_f9_pipe.v:743$1009'.
  Set init value: \pr14_14 = 2'00
Found init rule in `\sb15_f9_pipe.$proc$sb15_f9_pipe.v:742$1008'.
  Set init value: \pi14_13 = 2'00
Found init rule in `\sb15_f9_pipe.$proc$sb15_f9_pipe.v:742$1007'.
  Set init value: \pr14_13 = 2'00
Found init rule in `\sb15_f9_pipe.$proc$sb15_f9_pipe.v:741$1006'.
  Set init value: \pi14_12 = 2'00
Found init rule in `\sb15_f9_pipe.$proc$sb15_f9_pipe.v:741$1005'.
  Set init value: \pr14_12 = 2'00
Found init rule in `\sb15_f9_pipe.$proc$sb15_f9_pipe.v:740$1004'.
  Set init value: \pi14_11 = 2'00
Found init rule in `\sb15_f9_pipe.$proc$sb15_f9_pipe.v:740$1003'.
  Set init value: \pr14_11 = 2'00
Found init rule in `\sb15_f9_pipe.$proc$sb15_f9_pipe.v:739$1002'.
  Set init value: \pi14_10 = 2'00
Found init rule in `\sb15_f9_pipe.$proc$sb15_f9_pipe.v:739$1001'.
  Set init value: \pr14_10 = 2'00
Found init rule in `\sb15_f9_pipe.$proc$sb15_f9_pipe.v:738$1000'.
  Set init value: \pi14_9 = 2'00
Found init rule in `\sb15_f9_pipe.$proc$sb15_f9_pipe.v:738$999'.
  Set init value: \pr14_9 = 2'00
Found init rule in `\sb15_f9_pipe.$proc$sb15_f9_pipe.v:737$998'.
  Set init value: \pi14_8 = 2'00
Found init rule in `\sb15_f9_pipe.$proc$sb15_f9_pipe.v:737$997'.
  Set init value: \pr14_8 = 2'00
Found init rule in `\sb15_f9_pipe.$proc$sb15_f9_pipe.v:736$996'.
  Set init value: \pi14_7 = 2'00
Found init rule in `\sb15_f9_pipe.$proc$sb15_f9_pipe.v:736$995'.
  Set init value: \pr14_7 = 2'00
Found init rule in `\sb15_f9_pipe.$proc$sb15_f9_pipe.v:735$994'.
  Set init value: \pi14_6 = 2'00
Found init rule in `\sb15_f9_pipe.$proc$sb15_f9_pipe.v:735$993'.
  Set init value: \pr14_6 = 2'00
Found init rule in `\sb15_f9_pipe.$proc$sb15_f9_pipe.v:734$992'.
  Set init value: \pi14_5 = 2'00
Found init rule in `\sb15_f9_pipe.$proc$sb15_f9_pipe.v:734$991'.
  Set init value: \pr14_5 = 2'00
Found init rule in `\sb15_f9_pipe.$proc$sb15_f9_pipe.v:733$990'.
  Set init value: \pi14_4 = 2'00
Found init rule in `\sb15_f9_pipe.$proc$sb15_f9_pipe.v:733$989'.
  Set init value: \pr14_4 = 2'00
Found init rule in `\sb15_f9_pipe.$proc$sb15_f9_pipe.v:732$988'.
  Set init value: \pi14_3 = 2'00
Found init rule in `\sb15_f9_pipe.$proc$sb15_f9_pipe.v:732$987'.
  Set init value: \pr14_3 = 2'00
Found init rule in `\sb15_f9_pipe.$proc$sb15_f9_pipe.v:731$986'.
  Set init value: \pi14_2 = 2'00
Found init rule in `\sb15_f9_pipe.$proc$sb15_f9_pipe.v:731$985'.
  Set init value: \pr14_2 = 2'00
Found init rule in `\sb15_f9_pipe.$proc$sb15_f9_pipe.v:730$984'.
  Set init value: \pi14_1 = 2'00
Found init rule in `\sb15_f9_pipe.$proc$sb15_f9_pipe.v:730$983'.
  Set init value: \pr14_1 = 2'00
Found init rule in `\sb15_f9_pipe.$proc$sb15_f9_pipe.v:729$982'.
  Set init value: \pi14_0 = 2'00
Found init rule in `\sb15_f9_pipe.$proc$sb15_f9_pipe.v:729$981'.
  Set init value: \pr14_0 = 2'00
Found init rule in `\sb15_f9_pipe.$proc$sb15_f9_pipe.v:728$980'.
  Set init value: \pi13_14 = 2'00
Found init rule in `\sb15_f9_pipe.$proc$sb15_f9_pipe.v:728$979'.
  Set init value: \pr13_14 = 2'00
Found init rule in `\sb15_f9_pipe.$proc$sb15_f9_pipe.v:727$978'.
  Set init value: \pi13_13 = 2'00
Found init rule in `\sb15_f9_pipe.$proc$sb15_f9_pipe.v:727$977'.
  Set init value: \pr13_13 = 2'00
Found init rule in `\sb15_f9_pipe.$proc$sb15_f9_pipe.v:726$976'.
  Set init value: \pi13_12 = 2'00
Found init rule in `\sb15_f9_pipe.$proc$sb15_f9_pipe.v:726$975'.
  Set init value: \pr13_12 = 2'00
Found init rule in `\sb15_f9_pipe.$proc$sb15_f9_pipe.v:725$974'.
  Set init value: \pi13_11 = 2'00
Found init rule in `\sb15_f9_pipe.$proc$sb15_f9_pipe.v:725$973'.
  Set init value: \pr13_11 = 2'00
Found init rule in `\sb15_f9_pipe.$proc$sb15_f9_pipe.v:724$972'.
  Set init value: \pi13_10 = 2'00
Found init rule in `\sb15_f9_pipe.$proc$sb15_f9_pipe.v:724$971'.
  Set init value: \pr13_10 = 2'00
Found init rule in `\sb15_f9_pipe.$proc$sb15_f9_pipe.v:723$970'.
  Set init value: \pi13_9 = 2'00
Found init rule in `\sb15_f9_pipe.$proc$sb15_f9_pipe.v:723$969'.
  Set init value: \pr13_9 = 2'00
Found init rule in `\sb15_f9_pipe.$proc$sb15_f9_pipe.v:722$968'.
  Set init value: \pi13_8 = 2'00
Found init rule in `\sb15_f9_pipe.$proc$sb15_f9_pipe.v:722$967'.
  Set init value: \pr13_8 = 2'00
Found init rule in `\sb15_f9_pipe.$proc$sb15_f9_pipe.v:721$966'.
  Set init value: \pi13_7 = 2'00
Found init rule in `\sb15_f9_pipe.$proc$sb15_f9_pipe.v:721$965'.
  Set init value: \pr13_7 = 2'00
Found init rule in `\sb15_f9_pipe.$proc$sb15_f9_pipe.v:720$964'.
  Set init value: \pi13_6 = 2'00
Found init rule in `\sb15_f9_pipe.$proc$sb15_f9_pipe.v:720$963'.
  Set init value: \pr13_6 = 2'00
Found init rule in `\sb15_f9_pipe.$proc$sb15_f9_pipe.v:719$962'.
  Set init value: \pi13_5 = 2'00
Found init rule in `\sb15_f9_pipe.$proc$sb15_f9_pipe.v:719$961'.
  Set init value: \pr13_5 = 2'00
Found init rule in `\sb15_f9_pipe.$proc$sb15_f9_pipe.v:718$960'.
  Set init value: \pi13_4 = 2'00
Found init rule in `\sb15_f9_pipe.$proc$sb15_f9_pipe.v:718$959'.
  Set init value: \pr13_4 = 2'00
Found init rule in `\sb15_f9_pipe.$proc$sb15_f9_pipe.v:717$958'.
  Set init value: \pi13_3 = 2'00
Found init rule in `\sb15_f9_pipe.$proc$sb15_f9_pipe.v:717$957'.
  Set init value: \pr13_3 = 2'00
Found init rule in `\sb15_f9_pipe.$proc$sb15_f9_pipe.v:716$956'.
  Set init value: \pi13_2 = 2'00
Found init rule in `\sb15_f9_pipe.$proc$sb15_f9_pipe.v:716$955'.
  Set init value: \pr13_2 = 2'00
Found init rule in `\sb15_f9_pipe.$proc$sb15_f9_pipe.v:715$954'.
  Set init value: \pi13_1 = 2'00
Found init rule in `\sb15_f9_pipe.$proc$sb15_f9_pipe.v:715$953'.
  Set init value: \pr13_1 = 2'00
Found init rule in `\sb15_f9_pipe.$proc$sb15_f9_pipe.v:714$952'.
  Set init value: \pi13_0 = 2'00
Found init rule in `\sb15_f9_pipe.$proc$sb15_f9_pipe.v:714$951'.
  Set init value: \pr13_0 = 2'00
Found init rule in `\sb15_f9_pipe.$proc$sb15_f9_pipe.v:713$950'.
  Set init value: \pi12_14 = 2'00
Found init rule in `\sb15_f9_pipe.$proc$sb15_f9_pipe.v:713$949'.
  Set init value: \pr12_14 = 2'00
Found init rule in `\sb15_f9_pipe.$proc$sb15_f9_pipe.v:712$948'.
  Set init value: \pi12_13 = 2'00
Found init rule in `\sb15_f9_pipe.$proc$sb15_f9_pipe.v:712$947'.
  Set init value: \pr12_13 = 2'00
Found init rule in `\sb15_f9_pipe.$proc$sb15_f9_pipe.v:711$946'.
  Set init value: \pi12_12 = 2'00
Found init rule in `\sb15_f9_pipe.$proc$sb15_f9_pipe.v:711$945'.
  Set init value: \pr12_12 = 2'00
Found init rule in `\sb15_f9_pipe.$proc$sb15_f9_pipe.v:710$944'.
  Set init value: \pi12_11 = 2'00
Found init rule in `\sb15_f9_pipe.$proc$sb15_f9_pipe.v:710$943'.
  Set init value: \pr12_11 = 2'00
Found init rule in `\sb15_f9_pipe.$proc$sb15_f9_pipe.v:709$942'.
  Set init value: \pi12_10 = 2'00
Found init rule in `\sb15_f9_pipe.$proc$sb15_f9_pipe.v:709$941'.
  Set init value: \pr12_10 = 2'00
Found init rule in `\sb15_f9_pipe.$proc$sb15_f9_pipe.v:708$940'.
  Set init value: \pi12_9 = 2'00
Found init rule in `\sb15_f9_pipe.$proc$sb15_f9_pipe.v:708$939'.
  Set init value: \pr12_9 = 2'00
Found init rule in `\sb15_f9_pipe.$proc$sb15_f9_pipe.v:707$938'.
  Set init value: \pi12_8 = 2'00
Found init rule in `\sb15_f9_pipe.$proc$sb15_f9_pipe.v:707$937'.
  Set init value: \pr12_8 = 2'00
Found init rule in `\sb15_f9_pipe.$proc$sb15_f9_pipe.v:706$936'.
  Set init value: \pi12_7 = 2'00
Found init rule in `\sb15_f9_pipe.$proc$sb15_f9_pipe.v:706$935'.
  Set init value: \pr12_7 = 2'00
Found init rule in `\sb15_f9_pipe.$proc$sb15_f9_pipe.v:705$934'.
  Set init value: \pi12_6 = 2'00
Found init rule in `\sb15_f9_pipe.$proc$sb15_f9_pipe.v:705$933'.
  Set init value: \pr12_6 = 2'00
Found init rule in `\sb15_f9_pipe.$proc$sb15_f9_pipe.v:704$932'.
  Set init value: \pi12_5 = 2'00
Found init rule in `\sb15_f9_pipe.$proc$sb15_f9_pipe.v:704$931'.
  Set init value: \pr12_5 = 2'00
Found init rule in `\sb15_f9_pipe.$proc$sb15_f9_pipe.v:703$930'.
  Set init value: \pi12_4 = 2'00
Found init rule in `\sb15_f9_pipe.$proc$sb15_f9_pipe.v:703$929'.
  Set init value: \pr12_4 = 2'00
Found init rule in `\sb15_f9_pipe.$proc$sb15_f9_pipe.v:702$928'.
  Set init value: \pi12_3 = 2'00
Found init rule in `\sb15_f9_pipe.$proc$sb15_f9_pipe.v:702$927'.
  Set init value: \pr12_3 = 2'00
Found init rule in `\sb15_f9_pipe.$proc$sb15_f9_pipe.v:701$926'.
  Set init value: \pi12_2 = 2'00
Found init rule in `\sb15_f9_pipe.$proc$sb15_f9_pipe.v:701$925'.
  Set init value: \pr12_2 = 2'00
Found init rule in `\sb15_f9_pipe.$proc$sb15_f9_pipe.v:700$924'.
  Set init value: \pi12_1 = 2'00
Found init rule in `\sb15_f9_pipe.$proc$sb15_f9_pipe.v:700$923'.
  Set init value: \pr12_1 = 2'00
Found init rule in `\sb15_f9_pipe.$proc$sb15_f9_pipe.v:699$922'.
  Set init value: \pi12_0 = 2'00
Found init rule in `\sb15_f9_pipe.$proc$sb15_f9_pipe.v:699$921'.
  Set init value: \pr12_0 = 2'00
Found init rule in `\sb15_f9_pipe.$proc$sb15_f9_pipe.v:698$920'.
  Set init value: \pi11_14 = 2'00
Found init rule in `\sb15_f9_pipe.$proc$sb15_f9_pipe.v:698$919'.
  Set init value: \pr11_14 = 2'00
Found init rule in `\sb15_f9_pipe.$proc$sb15_f9_pipe.v:697$918'.
  Set init value: \pi11_13 = 2'00
Found init rule in `\sb15_f9_pipe.$proc$sb15_f9_pipe.v:697$917'.
  Set init value: \pr11_13 = 2'00
Found init rule in `\sb15_f9_pipe.$proc$sb15_f9_pipe.v:696$916'.
  Set init value: \pi11_12 = 2'00
Found init rule in `\sb15_f9_pipe.$proc$sb15_f9_pipe.v:696$915'.
  Set init value: \pr11_12 = 2'00
Found init rule in `\sb15_f9_pipe.$proc$sb15_f9_pipe.v:695$914'.
  Set init value: \pi11_11 = 2'00
Found init rule in `\sb15_f9_pipe.$proc$sb15_f9_pipe.v:695$913'.
  Set init value: \pr11_11 = 2'00
Found init rule in `\sb15_f9_pipe.$proc$sb15_f9_pipe.v:694$912'.
  Set init value: \pi11_10 = 2'00
Found init rule in `\sb15_f9_pipe.$proc$sb15_f9_pipe.v:694$911'.
  Set init value: \pr11_10 = 2'00
Found init rule in `\sb15_f9_pipe.$proc$sb15_f9_pipe.v:693$910'.
  Set init value: \pi11_9 = 2'00
Found init rule in `\sb15_f9_pipe.$proc$sb15_f9_pipe.v:693$909'.
  Set init value: \pr11_9 = 2'00
Found init rule in `\sb15_f9_pipe.$proc$sb15_f9_pipe.v:692$908'.
  Set init value: \pi11_8 = 2'00
Found init rule in `\sb15_f9_pipe.$proc$sb15_f9_pipe.v:692$907'.
  Set init value: \pr11_8 = 2'00
Found init rule in `\sb15_f9_pipe.$proc$sb15_f9_pipe.v:691$906'.
  Set init value: \pi11_7 = 2'00
Found init rule in `\sb15_f9_pipe.$proc$sb15_f9_pipe.v:691$905'.
  Set init value: \pr11_7 = 2'00
Found init rule in `\sb15_f9_pipe.$proc$sb15_f9_pipe.v:690$904'.
  Set init value: \pi11_6 = 2'00
Found init rule in `\sb15_f9_pipe.$proc$sb15_f9_pipe.v:690$903'.
  Set init value: \pr11_6 = 2'00
Found init rule in `\sb15_f9_pipe.$proc$sb15_f9_pipe.v:689$902'.
  Set init value: \pi11_5 = 2'00
Found init rule in `\sb15_f9_pipe.$proc$sb15_f9_pipe.v:689$901'.
  Set init value: \pr11_5 = 2'00
Found init rule in `\sb15_f9_pipe.$proc$sb15_f9_pipe.v:688$900'.
  Set init value: \pi11_4 = 2'00
Found init rule in `\sb15_f9_pipe.$proc$sb15_f9_pipe.v:688$899'.
  Set init value: \pr11_4 = 2'00
Found init rule in `\sb15_f9_pipe.$proc$sb15_f9_pipe.v:687$898'.
  Set init value: \pi11_3 = 2'00
Found init rule in `\sb15_f9_pipe.$proc$sb15_f9_pipe.v:687$897'.
  Set init value: \pr11_3 = 2'00
Found init rule in `\sb15_f9_pipe.$proc$sb15_f9_pipe.v:686$896'.
  Set init value: \pi11_2 = 2'00
Found init rule in `\sb15_f9_pipe.$proc$sb15_f9_pipe.v:686$895'.
  Set init value: \pr11_2 = 2'00
Found init rule in `\sb15_f9_pipe.$proc$sb15_f9_pipe.v:685$894'.
  Set init value: \pi11_1 = 2'00
Found init rule in `\sb15_f9_pipe.$proc$sb15_f9_pipe.v:685$893'.
  Set init value: \pr11_1 = 2'00
Found init rule in `\sb15_f9_pipe.$proc$sb15_f9_pipe.v:684$892'.
  Set init value: \pi11_0 = 2'00
Found init rule in `\sb15_f9_pipe.$proc$sb15_f9_pipe.v:684$891'.
  Set init value: \pr11_0 = 2'00
Found init rule in `\sb15_f9_pipe.$proc$sb15_f9_pipe.v:683$890'.
  Set init value: \pi10_14 = 2'00
Found init rule in `\sb15_f9_pipe.$proc$sb15_f9_pipe.v:683$889'.
  Set init value: \pr10_14 = 2'00
Found init rule in `\sb15_f9_pipe.$proc$sb15_f9_pipe.v:682$888'.
  Set init value: \pi10_13 = 2'00
Found init rule in `\sb15_f9_pipe.$proc$sb15_f9_pipe.v:682$887'.
  Set init value: \pr10_13 = 2'00
Found init rule in `\sb15_f9_pipe.$proc$sb15_f9_pipe.v:681$886'.
  Set init value: \pi10_12 = 2'00
Found init rule in `\sb15_f9_pipe.$proc$sb15_f9_pipe.v:681$885'.
  Set init value: \pr10_12 = 2'00
Found init rule in `\sb15_f9_pipe.$proc$sb15_f9_pipe.v:680$884'.
  Set init value: \pi10_11 = 2'00
Found init rule in `\sb15_f9_pipe.$proc$sb15_f9_pipe.v:680$883'.
  Set init value: \pr10_11 = 2'00
Found init rule in `\sb15_f9_pipe.$proc$sb15_f9_pipe.v:679$882'.
  Set init value: \pi10_10 = 2'00
Found init rule in `\sb15_f9_pipe.$proc$sb15_f9_pipe.v:679$881'.
  Set init value: \pr10_10 = 2'00
Found init rule in `\sb15_f9_pipe.$proc$sb15_f9_pipe.v:678$880'.
  Set init value: \pi10_9 = 2'00
Found init rule in `\sb15_f9_pipe.$proc$sb15_f9_pipe.v:678$879'.
  Set init value: \pr10_9 = 2'00
Found init rule in `\sb15_f9_pipe.$proc$sb15_f9_pipe.v:677$878'.
  Set init value: \pi10_8 = 2'00
Found init rule in `\sb15_f9_pipe.$proc$sb15_f9_pipe.v:677$877'.
  Set init value: \pr10_8 = 2'00
Found init rule in `\sb15_f9_pipe.$proc$sb15_f9_pipe.v:676$876'.
  Set init value: \pi10_7 = 2'00
Found init rule in `\sb15_f9_pipe.$proc$sb15_f9_pipe.v:676$875'.
  Set init value: \pr10_7 = 2'00
Found init rule in `\sb15_f9_pipe.$proc$sb15_f9_pipe.v:675$874'.
  Set init value: \pi10_6 = 2'00
Found init rule in `\sb15_f9_pipe.$proc$sb15_f9_pipe.v:675$873'.
  Set init value: \pr10_6 = 2'00
Found init rule in `\sb15_f9_pipe.$proc$sb15_f9_pipe.v:674$872'.
  Set init value: \pi10_5 = 2'00
Found init rule in `\sb15_f9_pipe.$proc$sb15_f9_pipe.v:674$871'.
  Set init value: \pr10_5 = 2'00
Found init rule in `\sb15_f9_pipe.$proc$sb15_f9_pipe.v:673$870'.
  Set init value: \pi10_4 = 2'00
Found init rule in `\sb15_f9_pipe.$proc$sb15_f9_pipe.v:673$869'.
  Set init value: \pr10_4 = 2'00
Found init rule in `\sb15_f9_pipe.$proc$sb15_f9_pipe.v:672$868'.
  Set init value: \pi10_3 = 2'00
Found init rule in `\sb15_f9_pipe.$proc$sb15_f9_pipe.v:672$867'.
  Set init value: \pr10_3 = 2'00
Found init rule in `\sb15_f9_pipe.$proc$sb15_f9_pipe.v:671$866'.
  Set init value: \pi10_2 = 2'00
Found init rule in `\sb15_f9_pipe.$proc$sb15_f9_pipe.v:671$865'.
  Set init value: \pr10_2 = 2'00
Found init rule in `\sb15_f9_pipe.$proc$sb15_f9_pipe.v:670$864'.
  Set init value: \pi10_1 = 2'00
Found init rule in `\sb15_f9_pipe.$proc$sb15_f9_pipe.v:670$863'.
  Set init value: \pr10_1 = 2'00
Found init rule in `\sb15_f9_pipe.$proc$sb15_f9_pipe.v:669$862'.
  Set init value: \pi10_0 = 2'00
Found init rule in `\sb15_f9_pipe.$proc$sb15_f9_pipe.v:669$861'.
  Set init value: \pr10_0 = 2'00
Found init rule in `\sb15_f9_pipe.$proc$sb15_f9_pipe.v:668$860'.
  Set init value: \pi9_14 = 2'00
Found init rule in `\sb15_f9_pipe.$proc$sb15_f9_pipe.v:668$859'.
  Set init value: \pr9_14 = 2'00
Found init rule in `\sb15_f9_pipe.$proc$sb15_f9_pipe.v:667$858'.
  Set init value: \pi9_13 = 2'00
Found init rule in `\sb15_f9_pipe.$proc$sb15_f9_pipe.v:667$857'.
  Set init value: \pr9_13 = 2'00
Found init rule in `\sb15_f9_pipe.$proc$sb15_f9_pipe.v:666$856'.
  Set init value: \pi9_12 = 2'00
Found init rule in `\sb15_f9_pipe.$proc$sb15_f9_pipe.v:666$855'.
  Set init value: \pr9_12 = 2'00
Found init rule in `\sb15_f9_pipe.$proc$sb15_f9_pipe.v:665$854'.
  Set init value: \pi9_11 = 2'00
Found init rule in `\sb15_f9_pipe.$proc$sb15_f9_pipe.v:665$853'.
  Set init value: \pr9_11 = 2'00
Found init rule in `\sb15_f9_pipe.$proc$sb15_f9_pipe.v:664$852'.
  Set init value: \pi9_10 = 2'00
Found init rule in `\sb15_f9_pipe.$proc$sb15_f9_pipe.v:664$851'.
  Set init value: \pr9_10 = 2'00
Found init rule in `\sb15_f9_pipe.$proc$sb15_f9_pipe.v:663$850'.
  Set init value: \pi9_9 = 2'00
Found init rule in `\sb15_f9_pipe.$proc$sb15_f9_pipe.v:663$849'.
  Set init value: \pr9_9 = 2'00
Found init rule in `\sb15_f9_pipe.$proc$sb15_f9_pipe.v:662$848'.
  Set init value: \pi9_8 = 2'00
Found init rule in `\sb15_f9_pipe.$proc$sb15_f9_pipe.v:662$847'.
  Set init value: \pr9_8 = 2'00
Found init rule in `\sb15_f9_pipe.$proc$sb15_f9_pipe.v:661$846'.
  Set init value: \pi9_7 = 2'00
Found init rule in `\sb15_f9_pipe.$proc$sb15_f9_pipe.v:661$845'.
  Set init value: \pr9_7 = 2'00
Found init rule in `\sb15_f9_pipe.$proc$sb15_f9_pipe.v:660$844'.
  Set init value: \pi9_6 = 2'00
Found init rule in `\sb15_f9_pipe.$proc$sb15_f9_pipe.v:660$843'.
  Set init value: \pr9_6 = 2'00
Found init rule in `\sb15_f9_pipe.$proc$sb15_f9_pipe.v:659$842'.
  Set init value: \pi9_5 = 2'00
Found init rule in `\sb15_f9_pipe.$proc$sb15_f9_pipe.v:659$841'.
  Set init value: \pr9_5 = 2'00
Found init rule in `\sb15_f9_pipe.$proc$sb15_f9_pipe.v:658$840'.
  Set init value: \pi9_4 = 2'00
Found init rule in `\sb15_f9_pipe.$proc$sb15_f9_pipe.v:658$839'.
  Set init value: \pr9_4 = 2'00
Found init rule in `\sb15_f9_pipe.$proc$sb15_f9_pipe.v:657$838'.
  Set init value: \pi9_3 = 2'00
Found init rule in `\sb15_f9_pipe.$proc$sb15_f9_pipe.v:657$837'.
  Set init value: \pr9_3 = 2'00
Found init rule in `\sb15_f9_pipe.$proc$sb15_f9_pipe.v:656$836'.
  Set init value: \pi9_2 = 2'00
Found init rule in `\sb15_f9_pipe.$proc$sb15_f9_pipe.v:656$835'.
  Set init value: \pr9_2 = 2'00
Found init rule in `\sb15_f9_pipe.$proc$sb15_f9_pipe.v:655$834'.
  Set init value: \pi9_1 = 2'00
Found init rule in `\sb15_f9_pipe.$proc$sb15_f9_pipe.v:655$833'.
  Set init value: \pr9_1 = 2'00
Found init rule in `\sb15_f9_pipe.$proc$sb15_f9_pipe.v:654$832'.
  Set init value: \pi9_0 = 2'00
Found init rule in `\sb15_f9_pipe.$proc$sb15_f9_pipe.v:654$831'.
  Set init value: \pr9_0 = 2'00
Found init rule in `\sb15_f9_pipe.$proc$sb15_f9_pipe.v:653$830'.
  Set init value: \pi8_14 = 2'00
Found init rule in `\sb15_f9_pipe.$proc$sb15_f9_pipe.v:653$829'.
  Set init value: \pr8_14 = 2'00
Found init rule in `\sb15_f9_pipe.$proc$sb15_f9_pipe.v:652$828'.
  Set init value: \pi8_13 = 2'00
Found init rule in `\sb15_f9_pipe.$proc$sb15_f9_pipe.v:652$827'.
  Set init value: \pr8_13 = 2'00
Found init rule in `\sb15_f9_pipe.$proc$sb15_f9_pipe.v:651$826'.
  Set init value: \pi8_12 = 2'00
Found init rule in `\sb15_f9_pipe.$proc$sb15_f9_pipe.v:651$825'.
  Set init value: \pr8_12 = 2'00
Found init rule in `\sb15_f9_pipe.$proc$sb15_f9_pipe.v:650$824'.
  Set init value: \pi8_11 = 2'00
Found init rule in `\sb15_f9_pipe.$proc$sb15_f9_pipe.v:650$823'.
  Set init value: \pr8_11 = 2'00
Found init rule in `\sb15_f9_pipe.$proc$sb15_f9_pipe.v:649$822'.
  Set init value: \pi8_10 = 2'00
Found init rule in `\sb15_f9_pipe.$proc$sb15_f9_pipe.v:649$821'.
  Set init value: \pr8_10 = 2'00
Found init rule in `\sb15_f9_pipe.$proc$sb15_f9_pipe.v:648$820'.
  Set init value: \pi8_9 = 2'00
Found init rule in `\sb15_f9_pipe.$proc$sb15_f9_pipe.v:648$819'.
  Set init value: \pr8_9 = 2'00
Found init rule in `\sb15_f9_pipe.$proc$sb15_f9_pipe.v:647$818'.
  Set init value: \pi8_8 = 2'00
Found init rule in `\sb15_f9_pipe.$proc$sb15_f9_pipe.v:647$817'.
  Set init value: \pr8_8 = 2'00
Found init rule in `\sb15_f9_pipe.$proc$sb15_f9_pipe.v:646$816'.
  Set init value: \pi8_7 = 2'00
Found init rule in `\sb15_f9_pipe.$proc$sb15_f9_pipe.v:646$815'.
  Set init value: \pr8_7 = 2'00
Found init rule in `\sb15_f9_pipe.$proc$sb15_f9_pipe.v:645$814'.
  Set init value: \pi8_6 = 2'00
Found init rule in `\sb15_f9_pipe.$proc$sb15_f9_pipe.v:645$813'.
  Set init value: \pr8_6 = 2'00
Found init rule in `\sb15_f9_pipe.$proc$sb15_f9_pipe.v:644$812'.
  Set init value: \pi8_5 = 2'00
Found init rule in `\sb15_f9_pipe.$proc$sb15_f9_pipe.v:644$811'.
  Set init value: \pr8_5 = 2'00
Found init rule in `\sb15_f9_pipe.$proc$sb15_f9_pipe.v:643$810'.
  Set init value: \pi8_4 = 2'00
Found init rule in `\sb15_f9_pipe.$proc$sb15_f9_pipe.v:643$809'.
  Set init value: \pr8_4 = 2'00
Found init rule in `\sb15_f9_pipe.$proc$sb15_f9_pipe.v:642$808'.
  Set init value: \pi8_3 = 2'00
Found init rule in `\sb15_f9_pipe.$proc$sb15_f9_pipe.v:642$807'.
  Set init value: \pr8_3 = 2'00
Found init rule in `\sb15_f9_pipe.$proc$sb15_f9_pipe.v:641$806'.
  Set init value: \pi8_2 = 2'00
Found init rule in `\sb15_f9_pipe.$proc$sb15_f9_pipe.v:641$805'.
  Set init value: \pr8_2 = 2'00
Found init rule in `\sb15_f9_pipe.$proc$sb15_f9_pipe.v:640$804'.
  Set init value: \pi8_1 = 2'00
Found init rule in `\sb15_f9_pipe.$proc$sb15_f9_pipe.v:640$803'.
  Set init value: \pr8_1 = 2'00
Found init rule in `\sb15_f9_pipe.$proc$sb15_f9_pipe.v:639$802'.
  Set init value: \pi8_0 = 2'00
Found init rule in `\sb15_f9_pipe.$proc$sb15_f9_pipe.v:639$801'.
  Set init value: \pr8_0 = 2'00
Found init rule in `\sb15_f9_pipe.$proc$sb15_f9_pipe.v:638$800'.
  Set init value: \pi7_14 = 2'00
Found init rule in `\sb15_f9_pipe.$proc$sb15_f9_pipe.v:638$799'.
  Set init value: \pr7_14 = 2'00
Found init rule in `\sb15_f9_pipe.$proc$sb15_f9_pipe.v:637$798'.
  Set init value: \pi7_13 = 2'00
Found init rule in `\sb15_f9_pipe.$proc$sb15_f9_pipe.v:637$797'.
  Set init value: \pr7_13 = 2'00
Found init rule in `\sb15_f9_pipe.$proc$sb15_f9_pipe.v:636$796'.
  Set init value: \pi7_12 = 2'00
Found init rule in `\sb15_f9_pipe.$proc$sb15_f9_pipe.v:636$795'.
  Set init value: \pr7_12 = 2'00
Found init rule in `\sb15_f9_pipe.$proc$sb15_f9_pipe.v:635$794'.
  Set init value: \pi7_11 = 2'00
Found init rule in `\sb15_f9_pipe.$proc$sb15_f9_pipe.v:635$793'.
  Set init value: \pr7_11 = 2'00
Found init rule in `\sb15_f9_pipe.$proc$sb15_f9_pipe.v:634$792'.
  Set init value: \pi7_10 = 2'00
Found init rule in `\sb15_f9_pipe.$proc$sb15_f9_pipe.v:634$791'.
  Set init value: \pr7_10 = 2'00
Found init rule in `\sb15_f9_pipe.$proc$sb15_f9_pipe.v:633$790'.
  Set init value: \pi7_9 = 2'00
Found init rule in `\sb15_f9_pipe.$proc$sb15_f9_pipe.v:633$789'.
  Set init value: \pr7_9 = 2'00
Found init rule in `\sb15_f9_pipe.$proc$sb15_f9_pipe.v:632$788'.
  Set init value: \pi7_8 = 2'00
Found init rule in `\sb15_f9_pipe.$proc$sb15_f9_pipe.v:632$787'.
  Set init value: \pr7_8 = 2'00
Found init rule in `\sb15_f9_pipe.$proc$sb15_f9_pipe.v:631$786'.
  Set init value: \pi7_7 = 2'00
Found init rule in `\sb15_f9_pipe.$proc$sb15_f9_pipe.v:631$785'.
  Set init value: \pr7_7 = 2'00
Found init rule in `\sb15_f9_pipe.$proc$sb15_f9_pipe.v:630$784'.
  Set init value: \pi7_6 = 2'00
Found init rule in `\sb15_f9_pipe.$proc$sb15_f9_pipe.v:630$783'.
  Set init value: \pr7_6 = 2'00
Found init rule in `\sb15_f9_pipe.$proc$sb15_f9_pipe.v:629$782'.
  Set init value: \pi7_5 = 2'00
Found init rule in `\sb15_f9_pipe.$proc$sb15_f9_pipe.v:629$781'.
  Set init value: \pr7_5 = 2'00
Found init rule in `\sb15_f9_pipe.$proc$sb15_f9_pipe.v:628$780'.
  Set init value: \pi7_4 = 2'00
Found init rule in `\sb15_f9_pipe.$proc$sb15_f9_pipe.v:628$779'.
  Set init value: \pr7_4 = 2'00
Found init rule in `\sb15_f9_pipe.$proc$sb15_f9_pipe.v:627$778'.
  Set init value: \pi7_3 = 2'00
Found init rule in `\sb15_f9_pipe.$proc$sb15_f9_pipe.v:627$777'.
  Set init value: \pr7_3 = 2'00
Found init rule in `\sb15_f9_pipe.$proc$sb15_f9_pipe.v:626$776'.
  Set init value: \pi7_2 = 2'00
Found init rule in `\sb15_f9_pipe.$proc$sb15_f9_pipe.v:626$775'.
  Set init value: \pr7_2 = 2'00
Found init rule in `\sb15_f9_pipe.$proc$sb15_f9_pipe.v:625$774'.
  Set init value: \pi7_1 = 2'00
Found init rule in `\sb15_f9_pipe.$proc$sb15_f9_pipe.v:625$773'.
  Set init value: \pr7_1 = 2'00
Found init rule in `\sb15_f9_pipe.$proc$sb15_f9_pipe.v:624$772'.
  Set init value: \pi7_0 = 2'00
Found init rule in `\sb15_f9_pipe.$proc$sb15_f9_pipe.v:624$771'.
  Set init value: \pr7_0 = 2'00
Found init rule in `\sb15_f9_pipe.$proc$sb15_f9_pipe.v:623$770'.
  Set init value: \pi6_14 = 2'00
Found init rule in `\sb15_f9_pipe.$proc$sb15_f9_pipe.v:623$769'.
  Set init value: \pr6_14 = 2'00
Found init rule in `\sb15_f9_pipe.$proc$sb15_f9_pipe.v:622$768'.
  Set init value: \pi6_13 = 2'00
Found init rule in `\sb15_f9_pipe.$proc$sb15_f9_pipe.v:622$767'.
  Set init value: \pr6_13 = 2'00
Found init rule in `\sb15_f9_pipe.$proc$sb15_f9_pipe.v:621$766'.
  Set init value: \pi6_12 = 2'00
Found init rule in `\sb15_f9_pipe.$proc$sb15_f9_pipe.v:621$765'.
  Set init value: \pr6_12 = 2'00
Found init rule in `\sb15_f9_pipe.$proc$sb15_f9_pipe.v:620$764'.
  Set init value: \pi6_11 = 2'00
Found init rule in `\sb15_f9_pipe.$proc$sb15_f9_pipe.v:620$763'.
  Set init value: \pr6_11 = 2'00
Found init rule in `\sb15_f9_pipe.$proc$sb15_f9_pipe.v:619$762'.
  Set init value: \pi6_10 = 2'00
Found init rule in `\sb15_f9_pipe.$proc$sb15_f9_pipe.v:619$761'.
  Set init value: \pr6_10 = 2'00
Found init rule in `\sb15_f9_pipe.$proc$sb15_f9_pipe.v:618$760'.
  Set init value: \pi6_9 = 2'00
Found init rule in `\sb15_f9_pipe.$proc$sb15_f9_pipe.v:618$759'.
  Set init value: \pr6_9 = 2'00
Found init rule in `\sb15_f9_pipe.$proc$sb15_f9_pipe.v:617$758'.
  Set init value: \pi6_8 = 2'00
Found init rule in `\sb15_f9_pipe.$proc$sb15_f9_pipe.v:617$757'.
  Set init value: \pr6_8 = 2'00
Found init rule in `\sb15_f9_pipe.$proc$sb15_f9_pipe.v:616$756'.
  Set init value: \pi6_7 = 2'00
Found init rule in `\sb15_f9_pipe.$proc$sb15_f9_pipe.v:616$755'.
  Set init value: \pr6_7 = 2'00
Found init rule in `\sb15_f9_pipe.$proc$sb15_f9_pipe.v:615$754'.
  Set init value: \pi6_6 = 2'00
Found init rule in `\sb15_f9_pipe.$proc$sb15_f9_pipe.v:615$753'.
  Set init value: \pr6_6 = 2'00
Found init rule in `\sb15_f9_pipe.$proc$sb15_f9_pipe.v:614$752'.
  Set init value: \pi6_5 = 2'00
Found init rule in `\sb15_f9_pipe.$proc$sb15_f9_pipe.v:614$751'.
  Set init value: \pr6_5 = 2'00
Found init rule in `\sb15_f9_pipe.$proc$sb15_f9_pipe.v:613$750'.
  Set init value: \pi6_4 = 2'00
Found init rule in `\sb15_f9_pipe.$proc$sb15_f9_pipe.v:613$749'.
  Set init value: \pr6_4 = 2'00
Found init rule in `\sb15_f9_pipe.$proc$sb15_f9_pipe.v:612$748'.
  Set init value: \pi6_3 = 2'00
Found init rule in `\sb15_f9_pipe.$proc$sb15_f9_pipe.v:612$747'.
  Set init value: \pr6_3 = 2'00
Found init rule in `\sb15_f9_pipe.$proc$sb15_f9_pipe.v:611$746'.
  Set init value: \pi6_2 = 2'00
Found init rule in `\sb15_f9_pipe.$proc$sb15_f9_pipe.v:611$745'.
  Set init value: \pr6_2 = 2'00
Found init rule in `\sb15_f9_pipe.$proc$sb15_f9_pipe.v:610$744'.
  Set init value: \pi6_1 = 2'00
Found init rule in `\sb15_f9_pipe.$proc$sb15_f9_pipe.v:610$743'.
  Set init value: \pr6_1 = 2'00
Found init rule in `\sb15_f9_pipe.$proc$sb15_f9_pipe.v:609$742'.
  Set init value: \pi6_0 = 2'00
Found init rule in `\sb15_f9_pipe.$proc$sb15_f9_pipe.v:609$741'.
  Set init value: \pr6_0 = 2'00
Found init rule in `\sb15_f9_pipe.$proc$sb15_f9_pipe.v:608$740'.
  Set init value: \pi5_14 = 2'00
Found init rule in `\sb15_f9_pipe.$proc$sb15_f9_pipe.v:608$739'.
  Set init value: \pr5_14 = 2'00
Found init rule in `\sb15_f9_pipe.$proc$sb15_f9_pipe.v:607$738'.
  Set init value: \pi5_13 = 2'00
Found init rule in `\sb15_f9_pipe.$proc$sb15_f9_pipe.v:607$737'.
  Set init value: \pr5_13 = 2'00
Found init rule in `\sb15_f9_pipe.$proc$sb15_f9_pipe.v:606$736'.
  Set init value: \pi5_12 = 2'00
Found init rule in `\sb15_f9_pipe.$proc$sb15_f9_pipe.v:606$735'.
  Set init value: \pr5_12 = 2'00
Found init rule in `\sb15_f9_pipe.$proc$sb15_f9_pipe.v:605$734'.
  Set init value: \pi5_11 = 2'00
Found init rule in `\sb15_f9_pipe.$proc$sb15_f9_pipe.v:605$733'.
  Set init value: \pr5_11 = 2'00
Found init rule in `\sb15_f9_pipe.$proc$sb15_f9_pipe.v:604$732'.
  Set init value: \pi5_10 = 2'00
Found init rule in `\sb15_f9_pipe.$proc$sb15_f9_pipe.v:604$731'.
  Set init value: \pr5_10 = 2'00
Found init rule in `\sb15_f9_pipe.$proc$sb15_f9_pipe.v:603$730'.
  Set init value: \pi5_9 = 2'00
Found init rule in `\sb15_f9_pipe.$proc$sb15_f9_pipe.v:603$729'.
  Set init value: \pr5_9 = 2'00
Found init rule in `\sb15_f9_pipe.$proc$sb15_f9_pipe.v:602$728'.
  Set init value: \pi5_8 = 2'00
Found init rule in `\sb15_f9_pipe.$proc$sb15_f9_pipe.v:602$727'.
  Set init value: \pr5_8 = 2'00
Found init rule in `\sb15_f9_pipe.$proc$sb15_f9_pipe.v:601$726'.
  Set init value: \pi5_7 = 2'00
Found init rule in `\sb15_f9_pipe.$proc$sb15_f9_pipe.v:601$725'.
  Set init value: \pr5_7 = 2'00
Found init rule in `\sb15_f9_pipe.$proc$sb15_f9_pipe.v:600$724'.
  Set init value: \pi5_6 = 2'00
Found init rule in `\sb15_f9_pipe.$proc$sb15_f9_pipe.v:600$723'.
  Set init value: \pr5_6 = 2'00
Found init rule in `\sb15_f9_pipe.$proc$sb15_f9_pipe.v:599$722'.
  Set init value: \pi5_5 = 2'00
Found init rule in `\sb15_f9_pipe.$proc$sb15_f9_pipe.v:599$721'.
  Set init value: \pr5_5 = 2'00
Found init rule in `\sb15_f9_pipe.$proc$sb15_f9_pipe.v:598$720'.
  Set init value: \pi5_4 = 2'00
Found init rule in `\sb15_f9_pipe.$proc$sb15_f9_pipe.v:598$719'.
  Set init value: \pr5_4 = 2'00
Found init rule in `\sb15_f9_pipe.$proc$sb15_f9_pipe.v:597$718'.
  Set init value: \pi5_3 = 2'00
Found init rule in `\sb15_f9_pipe.$proc$sb15_f9_pipe.v:597$717'.
  Set init value: \pr5_3 = 2'00
Found init rule in `\sb15_f9_pipe.$proc$sb15_f9_pipe.v:596$716'.
  Set init value: \pi5_2 = 2'00
Found init rule in `\sb15_f9_pipe.$proc$sb15_f9_pipe.v:596$715'.
  Set init value: \pr5_2 = 2'00
Found init rule in `\sb15_f9_pipe.$proc$sb15_f9_pipe.v:595$714'.
  Set init value: \pi5_1 = 2'00
Found init rule in `\sb15_f9_pipe.$proc$sb15_f9_pipe.v:595$713'.
  Set init value: \pr5_1 = 2'00
Found init rule in `\sb15_f9_pipe.$proc$sb15_f9_pipe.v:594$712'.
  Set init value: \pi5_0 = 2'00
Found init rule in `\sb15_f9_pipe.$proc$sb15_f9_pipe.v:594$711'.
  Set init value: \pr5_0 = 2'00
Found init rule in `\sb15_f9_pipe.$proc$sb15_f9_pipe.v:593$710'.
  Set init value: \pi4_14 = 2'00
Found init rule in `\sb15_f9_pipe.$proc$sb15_f9_pipe.v:593$709'.
  Set init value: \pr4_14 = 2'00
Found init rule in `\sb15_f9_pipe.$proc$sb15_f9_pipe.v:592$708'.
  Set init value: \pi4_13 = 2'00
Found init rule in `\sb15_f9_pipe.$proc$sb15_f9_pipe.v:592$707'.
  Set init value: \pr4_13 = 2'00
Found init rule in `\sb15_f9_pipe.$proc$sb15_f9_pipe.v:591$706'.
  Set init value: \pi4_12 = 2'00
Found init rule in `\sb15_f9_pipe.$proc$sb15_f9_pipe.v:591$705'.
  Set init value: \pr4_12 = 2'00
Found init rule in `\sb15_f9_pipe.$proc$sb15_f9_pipe.v:590$704'.
  Set init value: \pi4_11 = 2'00
Found init rule in `\sb15_f9_pipe.$proc$sb15_f9_pipe.v:590$703'.
  Set init value: \pr4_11 = 2'00
Found init rule in `\sb15_f9_pipe.$proc$sb15_f9_pipe.v:589$702'.
  Set init value: \pi4_10 = 2'00
Found init rule in `\sb15_f9_pipe.$proc$sb15_f9_pipe.v:589$701'.
  Set init value: \pr4_10 = 2'00
Found init rule in `\sb15_f9_pipe.$proc$sb15_f9_pipe.v:588$700'.
  Set init value: \pi4_9 = 2'00
Found init rule in `\sb15_f9_pipe.$proc$sb15_f9_pipe.v:588$699'.
  Set init value: \pr4_9 = 2'00
Found init rule in `\sb15_f9_pipe.$proc$sb15_f9_pipe.v:587$698'.
  Set init value: \pi4_8 = 2'00
Found init rule in `\sb15_f9_pipe.$proc$sb15_f9_pipe.v:587$697'.
  Set init value: \pr4_8 = 2'00
Found init rule in `\sb15_f9_pipe.$proc$sb15_f9_pipe.v:586$696'.
  Set init value: \pi4_7 = 2'00
Found init rule in `\sb15_f9_pipe.$proc$sb15_f9_pipe.v:586$695'.
  Set init value: \pr4_7 = 2'00
Found init rule in `\sb15_f9_pipe.$proc$sb15_f9_pipe.v:585$694'.
  Set init value: \pi4_6 = 2'00
Found init rule in `\sb15_f9_pipe.$proc$sb15_f9_pipe.v:585$693'.
  Set init value: \pr4_6 = 2'00
Found init rule in `\sb15_f9_pipe.$proc$sb15_f9_pipe.v:584$692'.
  Set init value: \pi4_5 = 2'00
Found init rule in `\sb15_f9_pipe.$proc$sb15_f9_pipe.v:584$691'.
  Set init value: \pr4_5 = 2'00
Found init rule in `\sb15_f9_pipe.$proc$sb15_f9_pipe.v:583$690'.
  Set init value: \pi4_4 = 2'00
Found init rule in `\sb15_f9_pipe.$proc$sb15_f9_pipe.v:583$689'.
  Set init value: \pr4_4 = 2'00
Found init rule in `\sb15_f9_pipe.$proc$sb15_f9_pipe.v:582$688'.
  Set init value: \pi4_3 = 2'00
Found init rule in `\sb15_f9_pipe.$proc$sb15_f9_pipe.v:582$687'.
  Set init value: \pr4_3 = 2'00
Found init rule in `\sb15_f9_pipe.$proc$sb15_f9_pipe.v:581$686'.
  Set init value: \pi4_2 = 2'00
Found init rule in `\sb15_f9_pipe.$proc$sb15_f9_pipe.v:581$685'.
  Set init value: \pr4_2 = 2'00
Found init rule in `\sb15_f9_pipe.$proc$sb15_f9_pipe.v:580$684'.
  Set init value: \pi4_1 = 2'00
Found init rule in `\sb15_f9_pipe.$proc$sb15_f9_pipe.v:580$683'.
  Set init value: \pr4_1 = 2'00
Found init rule in `\sb15_f9_pipe.$proc$sb15_f9_pipe.v:579$682'.
  Set init value: \pi4_0 = 2'00
Found init rule in `\sb15_f9_pipe.$proc$sb15_f9_pipe.v:579$681'.
  Set init value: \pr4_0 = 2'00
Found init rule in `\sb15_f9_pipe.$proc$sb15_f9_pipe.v:578$680'.
  Set init value: \pi3_14 = 2'00
Found init rule in `\sb15_f9_pipe.$proc$sb15_f9_pipe.v:578$679'.
  Set init value: \pr3_14 = 2'00
Found init rule in `\sb15_f9_pipe.$proc$sb15_f9_pipe.v:577$678'.
  Set init value: \pi3_13 = 2'00
Found init rule in `\sb15_f9_pipe.$proc$sb15_f9_pipe.v:577$677'.
  Set init value: \pr3_13 = 2'00
Found init rule in `\sb15_f9_pipe.$proc$sb15_f9_pipe.v:576$676'.
  Set init value: \pi3_12 = 2'00
Found init rule in `\sb15_f9_pipe.$proc$sb15_f9_pipe.v:576$675'.
  Set init value: \pr3_12 = 2'00
Found init rule in `\sb15_f9_pipe.$proc$sb15_f9_pipe.v:575$674'.
  Set init value: \pi3_11 = 2'00
Found init rule in `\sb15_f9_pipe.$proc$sb15_f9_pipe.v:575$673'.
  Set init value: \pr3_11 = 2'00
Found init rule in `\sb15_f9_pipe.$proc$sb15_f9_pipe.v:574$672'.
  Set init value: \pi3_10 = 2'00
Found init rule in `\sb15_f9_pipe.$proc$sb15_f9_pipe.v:574$671'.
  Set init value: \pr3_10 = 2'00
Found init rule in `\sb15_f9_pipe.$proc$sb15_f9_pipe.v:573$670'.
  Set init value: \pi3_9 = 2'00
Found init rule in `\sb15_f9_pipe.$proc$sb15_f9_pipe.v:573$669'.
  Set init value: \pr3_9 = 2'00
Found init rule in `\sb15_f9_pipe.$proc$sb15_f9_pipe.v:572$668'.
  Set init value: \pi3_8 = 2'00
Found init rule in `\sb15_f9_pipe.$proc$sb15_f9_pipe.v:572$667'.
  Set init value: \pr3_8 = 2'00
Found init rule in `\sb15_f9_pipe.$proc$sb15_f9_pipe.v:571$666'.
  Set init value: \pi3_7 = 2'00
Found init rule in `\sb15_f9_pipe.$proc$sb15_f9_pipe.v:571$665'.
  Set init value: \pr3_7 = 2'00
Found init rule in `\sb15_f9_pipe.$proc$sb15_f9_pipe.v:570$664'.
  Set init value: \pi3_6 = 2'00
Found init rule in `\sb15_f9_pipe.$proc$sb15_f9_pipe.v:570$663'.
  Set init value: \pr3_6 = 2'00
Found init rule in `\sb15_f9_pipe.$proc$sb15_f9_pipe.v:569$662'.
  Set init value: \pi3_5 = 2'00
Found init rule in `\sb15_f9_pipe.$proc$sb15_f9_pipe.v:569$661'.
  Set init value: \pr3_5 = 2'00
Found init rule in `\sb15_f9_pipe.$proc$sb15_f9_pipe.v:568$660'.
  Set init value: \pi3_4 = 2'00
Found init rule in `\sb15_f9_pipe.$proc$sb15_f9_pipe.v:568$659'.
  Set init value: \pr3_4 = 2'00
Found init rule in `\sb15_f9_pipe.$proc$sb15_f9_pipe.v:567$658'.
  Set init value: \pi3_3 = 2'00
Found init rule in `\sb15_f9_pipe.$proc$sb15_f9_pipe.v:567$657'.
  Set init value: \pr3_3 = 2'00
Found init rule in `\sb15_f9_pipe.$proc$sb15_f9_pipe.v:566$656'.
  Set init value: \pi3_2 = 2'00
Found init rule in `\sb15_f9_pipe.$proc$sb15_f9_pipe.v:566$655'.
  Set init value: \pr3_2 = 2'00
Found init rule in `\sb15_f9_pipe.$proc$sb15_f9_pipe.v:565$654'.
  Set init value: \pi3_1 = 2'00
Found init rule in `\sb15_f9_pipe.$proc$sb15_f9_pipe.v:565$653'.
  Set init value: \pr3_1 = 2'00
Found init rule in `\sb15_f9_pipe.$proc$sb15_f9_pipe.v:564$652'.
  Set init value: \pi3_0 = 2'00
Found init rule in `\sb15_f9_pipe.$proc$sb15_f9_pipe.v:564$651'.
  Set init value: \pr3_0 = 2'00
Found init rule in `\sb15_f9_pipe.$proc$sb15_f9_pipe.v:563$650'.
  Set init value: \pi2_14 = 2'00
Found init rule in `\sb15_f9_pipe.$proc$sb15_f9_pipe.v:563$649'.
  Set init value: \pr2_14 = 2'00
Found init rule in `\sb15_f9_pipe.$proc$sb15_f9_pipe.v:562$648'.
  Set init value: \pi2_13 = 2'00
Found init rule in `\sb15_f9_pipe.$proc$sb15_f9_pipe.v:562$647'.
  Set init value: \pr2_13 = 2'00
Found init rule in `\sb15_f9_pipe.$proc$sb15_f9_pipe.v:561$646'.
  Set init value: \pi2_12 = 2'00
Found init rule in `\sb15_f9_pipe.$proc$sb15_f9_pipe.v:561$645'.
  Set init value: \pr2_12 = 2'00
Found init rule in `\sb15_f9_pipe.$proc$sb15_f9_pipe.v:560$644'.
  Set init value: \pi2_11 = 2'00
Found init rule in `\sb15_f9_pipe.$proc$sb15_f9_pipe.v:560$643'.
  Set init value: \pr2_11 = 2'00
Found init rule in `\sb15_f9_pipe.$proc$sb15_f9_pipe.v:559$642'.
  Set init value: \pi2_10 = 2'00
Found init rule in `\sb15_f9_pipe.$proc$sb15_f9_pipe.v:559$641'.
  Set init value: \pr2_10 = 2'00
Found init rule in `\sb15_f9_pipe.$proc$sb15_f9_pipe.v:558$640'.
  Set init value: \pi2_9 = 2'00
Found init rule in `\sb15_f9_pipe.$proc$sb15_f9_pipe.v:558$639'.
  Set init value: \pr2_9 = 2'00
Found init rule in `\sb15_f9_pipe.$proc$sb15_f9_pipe.v:557$638'.
  Set init value: \pi2_8 = 2'00
Found init rule in `\sb15_f9_pipe.$proc$sb15_f9_pipe.v:557$637'.
  Set init value: \pr2_8 = 2'00
Found init rule in `\sb15_f9_pipe.$proc$sb15_f9_pipe.v:556$636'.
  Set init value: \pi2_7 = 2'00
Found init rule in `\sb15_f9_pipe.$proc$sb15_f9_pipe.v:556$635'.
  Set init value: \pr2_7 = 2'00
Found init rule in `\sb15_f9_pipe.$proc$sb15_f9_pipe.v:555$634'.
  Set init value: \pi2_6 = 2'00
Found init rule in `\sb15_f9_pipe.$proc$sb15_f9_pipe.v:555$633'.
  Set init value: \pr2_6 = 2'00
Found init rule in `\sb15_f9_pipe.$proc$sb15_f9_pipe.v:554$632'.
  Set init value: \pi2_5 = 2'00
Found init rule in `\sb15_f9_pipe.$proc$sb15_f9_pipe.v:554$631'.
  Set init value: \pr2_5 = 2'00
Found init rule in `\sb15_f9_pipe.$proc$sb15_f9_pipe.v:553$630'.
  Set init value: \pi2_4 = 2'00
Found init rule in `\sb15_f9_pipe.$proc$sb15_f9_pipe.v:553$629'.
  Set init value: \pr2_4 = 2'00
Found init rule in `\sb15_f9_pipe.$proc$sb15_f9_pipe.v:552$628'.
  Set init value: \pi2_3 = 2'00
Found init rule in `\sb15_f9_pipe.$proc$sb15_f9_pipe.v:552$627'.
  Set init value: \pr2_3 = 2'00
Found init rule in `\sb15_f9_pipe.$proc$sb15_f9_pipe.v:551$626'.
  Set init value: \pi2_2 = 2'00
Found init rule in `\sb15_f9_pipe.$proc$sb15_f9_pipe.v:551$625'.
  Set init value: \pr2_2 = 2'00
Found init rule in `\sb15_f9_pipe.$proc$sb15_f9_pipe.v:550$624'.
  Set init value: \pi2_1 = 2'00
Found init rule in `\sb15_f9_pipe.$proc$sb15_f9_pipe.v:550$623'.
  Set init value: \pr2_1 = 2'00
Found init rule in `\sb15_f9_pipe.$proc$sb15_f9_pipe.v:549$622'.
  Set init value: \pi2_0 = 2'00
Found init rule in `\sb15_f9_pipe.$proc$sb15_f9_pipe.v:549$621'.
  Set init value: \pr2_0 = 2'00
Found init rule in `\sb15_f9_pipe.$proc$sb15_f9_pipe.v:548$620'.
  Set init value: \pi1_14 = 2'00
Found init rule in `\sb15_f9_pipe.$proc$sb15_f9_pipe.v:548$619'.
  Set init value: \pr1_14 = 2'00
Found init rule in `\sb15_f9_pipe.$proc$sb15_f9_pipe.v:547$618'.
  Set init value: \pi1_13 = 2'00
Found init rule in `\sb15_f9_pipe.$proc$sb15_f9_pipe.v:547$617'.
  Set init value: \pr1_13 = 2'00
Found init rule in `\sb15_f9_pipe.$proc$sb15_f9_pipe.v:546$616'.
  Set init value: \pi1_12 = 2'00
Found init rule in `\sb15_f9_pipe.$proc$sb15_f9_pipe.v:546$615'.
  Set init value: \pr1_12 = 2'00
Found init rule in `\sb15_f9_pipe.$proc$sb15_f9_pipe.v:545$614'.
  Set init value: \pi1_11 = 2'00
Found init rule in `\sb15_f9_pipe.$proc$sb15_f9_pipe.v:545$613'.
  Set init value: \pr1_11 = 2'00
Found init rule in `\sb15_f9_pipe.$proc$sb15_f9_pipe.v:544$612'.
  Set init value: \pi1_10 = 2'00
Found init rule in `\sb15_f9_pipe.$proc$sb15_f9_pipe.v:544$611'.
  Set init value: \pr1_10 = 2'00
Found init rule in `\sb15_f9_pipe.$proc$sb15_f9_pipe.v:543$610'.
  Set init value: \pi1_9 = 2'00
Found init rule in `\sb15_f9_pipe.$proc$sb15_f9_pipe.v:543$609'.
  Set init value: \pr1_9 = 2'00
Found init rule in `\sb15_f9_pipe.$proc$sb15_f9_pipe.v:542$608'.
  Set init value: \pi1_8 = 2'00
Found init rule in `\sb15_f9_pipe.$proc$sb15_f9_pipe.v:542$607'.
  Set init value: \pr1_8 = 2'00
Found init rule in `\sb15_f9_pipe.$proc$sb15_f9_pipe.v:541$606'.
  Set init value: \pi1_7 = 2'00
Found init rule in `\sb15_f9_pipe.$proc$sb15_f9_pipe.v:541$605'.
  Set init value: \pr1_7 = 2'00
Found init rule in `\sb15_f9_pipe.$proc$sb15_f9_pipe.v:540$604'.
  Set init value: \pi1_6 = 2'00
Found init rule in `\sb15_f9_pipe.$proc$sb15_f9_pipe.v:540$603'.
  Set init value: \pr1_6 = 2'00
Found init rule in `\sb15_f9_pipe.$proc$sb15_f9_pipe.v:539$602'.
  Set init value: \pi1_5 = 2'00
Found init rule in `\sb15_f9_pipe.$proc$sb15_f9_pipe.v:539$601'.
  Set init value: \pr1_5 = 2'00
Found init rule in `\sb15_f9_pipe.$proc$sb15_f9_pipe.v:538$600'.
  Set init value: \pi1_4 = 2'00
Found init rule in `\sb15_f9_pipe.$proc$sb15_f9_pipe.v:538$599'.
  Set init value: \pr1_4 = 2'00
Found init rule in `\sb15_f9_pipe.$proc$sb15_f9_pipe.v:537$598'.
  Set init value: \pi1_3 = 2'00
Found init rule in `\sb15_f9_pipe.$proc$sb15_f9_pipe.v:537$597'.
  Set init value: \pr1_3 = 2'00
Found init rule in `\sb15_f9_pipe.$proc$sb15_f9_pipe.v:536$596'.
  Set init value: \pi1_2 = 2'00
Found init rule in `\sb15_f9_pipe.$proc$sb15_f9_pipe.v:536$595'.
  Set init value: \pr1_2 = 2'00
Found init rule in `\sb15_f9_pipe.$proc$sb15_f9_pipe.v:535$594'.
  Set init value: \pi1_1 = 2'00
Found init rule in `\sb15_f9_pipe.$proc$sb15_f9_pipe.v:535$593'.
  Set init value: \pr1_1 = 2'00
Found init rule in `\sb15_f9_pipe.$proc$sb15_f9_pipe.v:534$592'.
  Set init value: \pi1_0 = 2'00
Found init rule in `\sb15_f9_pipe.$proc$sb15_f9_pipe.v:534$591'.
  Set init value: \pr1_0 = 2'00
Found init rule in `\sb15_f9_pipe.$proc$sb15_f9_pipe.v:533$590'.
  Set init value: \pi0_14 = 2'00
Found init rule in `\sb15_f9_pipe.$proc$sb15_f9_pipe.v:533$589'.
  Set init value: \pr0_14 = 2'00
Found init rule in `\sb15_f9_pipe.$proc$sb15_f9_pipe.v:532$588'.
  Set init value: \pi0_13 = 2'00
Found init rule in `\sb15_f9_pipe.$proc$sb15_f9_pipe.v:532$587'.
  Set init value: \pr0_13 = 2'00
Found init rule in `\sb15_f9_pipe.$proc$sb15_f9_pipe.v:531$586'.
  Set init value: \pi0_12 = 2'00
Found init rule in `\sb15_f9_pipe.$proc$sb15_f9_pipe.v:531$585'.
  Set init value: \pr0_12 = 2'00
Found init rule in `\sb15_f9_pipe.$proc$sb15_f9_pipe.v:530$584'.
  Set init value: \pi0_11 = 2'00
Found init rule in `\sb15_f9_pipe.$proc$sb15_f9_pipe.v:530$583'.
  Set init value: \pr0_11 = 2'00
Found init rule in `\sb15_f9_pipe.$proc$sb15_f9_pipe.v:529$582'.
  Set init value: \pi0_10 = 2'00
Found init rule in `\sb15_f9_pipe.$proc$sb15_f9_pipe.v:529$581'.
  Set init value: \pr0_10 = 2'00
Found init rule in `\sb15_f9_pipe.$proc$sb15_f9_pipe.v:528$580'.
  Set init value: \pi0_9 = 2'00
Found init rule in `\sb15_f9_pipe.$proc$sb15_f9_pipe.v:528$579'.
  Set init value: \pr0_9 = 2'00
Found init rule in `\sb15_f9_pipe.$proc$sb15_f9_pipe.v:527$578'.
  Set init value: \pi0_8 = 2'00
Found init rule in `\sb15_f9_pipe.$proc$sb15_f9_pipe.v:527$577'.
  Set init value: \pr0_8 = 2'00
Found init rule in `\sb15_f9_pipe.$proc$sb15_f9_pipe.v:526$576'.
  Set init value: \pi0_7 = 2'00
Found init rule in `\sb15_f9_pipe.$proc$sb15_f9_pipe.v:526$575'.
  Set init value: \pr0_7 = 2'00
Found init rule in `\sb15_f9_pipe.$proc$sb15_f9_pipe.v:525$574'.
  Set init value: \pi0_6 = 2'00
Found init rule in `\sb15_f9_pipe.$proc$sb15_f9_pipe.v:525$573'.
  Set init value: \pr0_6 = 2'00
Found init rule in `\sb15_f9_pipe.$proc$sb15_f9_pipe.v:524$572'.
  Set init value: \pi0_5 = 2'00
Found init rule in `\sb15_f9_pipe.$proc$sb15_f9_pipe.v:524$571'.
  Set init value: \pr0_5 = 2'00
Found init rule in `\sb15_f9_pipe.$proc$sb15_f9_pipe.v:523$570'.
  Set init value: \pi0_4 = 2'00
Found init rule in `\sb15_f9_pipe.$proc$sb15_f9_pipe.v:523$569'.
  Set init value: \pr0_4 = 2'00
Found init rule in `\sb15_f9_pipe.$proc$sb15_f9_pipe.v:522$568'.
  Set init value: \pi0_3 = 2'00
Found init rule in `\sb15_f9_pipe.$proc$sb15_f9_pipe.v:522$567'.
  Set init value: \pr0_3 = 2'00
Found init rule in `\sb15_f9_pipe.$proc$sb15_f9_pipe.v:521$566'.
  Set init value: \pi0_2 = 2'00
Found init rule in `\sb15_f9_pipe.$proc$sb15_f9_pipe.v:521$565'.
  Set init value: \pr0_2 = 2'00
Found init rule in `\sb15_f9_pipe.$proc$sb15_f9_pipe.v:520$564'.
  Set init value: \pi0_1 = 2'00
Found init rule in `\sb15_f9_pipe.$proc$sb15_f9_pipe.v:520$563'.
  Set init value: \pr0_1 = 2'00
Found init rule in `\sb15_f9_pipe.$proc$sb15_f9_pipe.v:519$562'.
  Set init value: \pi0_0 = 2'00
Found init rule in `\sb15_f9_pipe.$proc$sb15_f9_pipe.v:519$561'.
  Set init value: \pr0_0 = 2'00
Found init rule in `\sb16_f9_pipe.$proc$sb16_f9_pipe.v:840$559'.
  Set init value: \pi15_15 = 2'00
Found init rule in `\sb16_f9_pipe.$proc$sb16_f9_pipe.v:840$558'.
  Set init value: \pr15_15 = 2'00
Found init rule in `\sb16_f9_pipe.$proc$sb16_f9_pipe.v:839$557'.
  Set init value: \pi15_14 = 2'00
Found init rule in `\sb16_f9_pipe.$proc$sb16_f9_pipe.v:839$556'.
  Set init value: \pr15_14 = 2'00
Found init rule in `\sb16_f9_pipe.$proc$sb16_f9_pipe.v:838$555'.
  Set init value: \pi15_13 = 2'00
Found init rule in `\sb16_f9_pipe.$proc$sb16_f9_pipe.v:838$554'.
  Set init value: \pr15_13 = 2'00
Found init rule in `\sb16_f9_pipe.$proc$sb16_f9_pipe.v:837$553'.
  Set init value: \pi15_12 = 2'00
Found init rule in `\sb16_f9_pipe.$proc$sb16_f9_pipe.v:837$552'.
  Set init value: \pr15_12 = 2'00
Found init rule in `\sb16_f9_pipe.$proc$sb16_f9_pipe.v:836$551'.
  Set init value: \pi15_11 = 2'00
Found init rule in `\sb16_f9_pipe.$proc$sb16_f9_pipe.v:836$550'.
  Set init value: \pr15_11 = 2'00
Found init rule in `\sb16_f9_pipe.$proc$sb16_f9_pipe.v:835$549'.
  Set init value: \pi15_10 = 2'00
Found init rule in `\sb16_f9_pipe.$proc$sb16_f9_pipe.v:835$548'.
  Set init value: \pr15_10 = 2'00
Found init rule in `\sb16_f9_pipe.$proc$sb16_f9_pipe.v:834$547'.
  Set init value: \pi15_9 = 2'00
Found init rule in `\sb16_f9_pipe.$proc$sb16_f9_pipe.v:834$546'.
  Set init value: \pr15_9 = 2'00
Found init rule in `\sb16_f9_pipe.$proc$sb16_f9_pipe.v:833$545'.
  Set init value: \pi15_8 = 2'00
Found init rule in `\sb16_f9_pipe.$proc$sb16_f9_pipe.v:833$544'.
  Set init value: \pr15_8 = 2'00
Found init rule in `\sb16_f9_pipe.$proc$sb16_f9_pipe.v:832$543'.
  Set init value: \pi15_7 = 2'00
Found init rule in `\sb16_f9_pipe.$proc$sb16_f9_pipe.v:832$542'.
  Set init value: \pr15_7 = 2'00
Found init rule in `\sb16_f9_pipe.$proc$sb16_f9_pipe.v:831$541'.
  Set init value: \pi15_6 = 2'00
Found init rule in `\sb16_f9_pipe.$proc$sb16_f9_pipe.v:831$540'.
  Set init value: \pr15_6 = 2'00
Found init rule in `\sb16_f9_pipe.$proc$sb16_f9_pipe.v:830$539'.
  Set init value: \pi15_5 = 2'00
Found init rule in `\sb16_f9_pipe.$proc$sb16_f9_pipe.v:830$538'.
  Set init value: \pr15_5 = 2'00
Found init rule in `\sb16_f9_pipe.$proc$sb16_f9_pipe.v:829$537'.
  Set init value: \pi15_4 = 2'00
Found init rule in `\sb16_f9_pipe.$proc$sb16_f9_pipe.v:829$536'.
  Set init value: \pr15_4 = 2'00
Found init rule in `\sb16_f9_pipe.$proc$sb16_f9_pipe.v:828$535'.
  Set init value: \pi15_3 = 2'00
Found init rule in `\sb16_f9_pipe.$proc$sb16_f9_pipe.v:828$534'.
  Set init value: \pr15_3 = 2'00
Found init rule in `\sb16_f9_pipe.$proc$sb16_f9_pipe.v:827$533'.
  Set init value: \pi15_2 = 2'00
Found init rule in `\sb16_f9_pipe.$proc$sb16_f9_pipe.v:827$532'.
  Set init value: \pr15_2 = 2'00
Found init rule in `\sb16_f9_pipe.$proc$sb16_f9_pipe.v:826$531'.
  Set init value: \pi15_1 = 2'00
Found init rule in `\sb16_f9_pipe.$proc$sb16_f9_pipe.v:826$530'.
  Set init value: \pr15_1 = 2'00
Found init rule in `\sb16_f9_pipe.$proc$sb16_f9_pipe.v:825$529'.
  Set init value: \pi15_0 = 2'00
Found init rule in `\sb16_f9_pipe.$proc$sb16_f9_pipe.v:825$528'.
  Set init value: \pr15_0 = 2'00
Found init rule in `\sb16_f9_pipe.$proc$sb16_f9_pipe.v:824$527'.
  Set init value: \pi14_15 = 2'00
Found init rule in `\sb16_f9_pipe.$proc$sb16_f9_pipe.v:824$526'.
  Set init value: \pr14_15 = 2'00
Found init rule in `\sb16_f9_pipe.$proc$sb16_f9_pipe.v:823$525'.
  Set init value: \pi14_14 = 2'00
Found init rule in `\sb16_f9_pipe.$proc$sb16_f9_pipe.v:823$524'.
  Set init value: \pr14_14 = 2'00
Found init rule in `\sb16_f9_pipe.$proc$sb16_f9_pipe.v:822$523'.
  Set init value: \pi14_13 = 2'00
Found init rule in `\sb16_f9_pipe.$proc$sb16_f9_pipe.v:822$522'.
  Set init value: \pr14_13 = 2'00
Found init rule in `\sb16_f9_pipe.$proc$sb16_f9_pipe.v:821$521'.
  Set init value: \pi14_12 = 2'00
Found init rule in `\sb16_f9_pipe.$proc$sb16_f9_pipe.v:821$520'.
  Set init value: \pr14_12 = 2'00
Found init rule in `\sb16_f9_pipe.$proc$sb16_f9_pipe.v:820$519'.
  Set init value: \pi14_11 = 2'00
Found init rule in `\sb16_f9_pipe.$proc$sb16_f9_pipe.v:820$518'.
  Set init value: \pr14_11 = 2'00
Found init rule in `\sb16_f9_pipe.$proc$sb16_f9_pipe.v:819$517'.
  Set init value: \pi14_10 = 2'00
Found init rule in `\sb16_f9_pipe.$proc$sb16_f9_pipe.v:819$516'.
  Set init value: \pr14_10 = 2'00
Found init rule in `\sb16_f9_pipe.$proc$sb16_f9_pipe.v:818$515'.
  Set init value: \pi14_9 = 2'00
Found init rule in `\sb16_f9_pipe.$proc$sb16_f9_pipe.v:818$514'.
  Set init value: \pr14_9 = 2'00
Found init rule in `\sb16_f9_pipe.$proc$sb16_f9_pipe.v:817$513'.
  Set init value: \pi14_8 = 2'00
Found init rule in `\sb16_f9_pipe.$proc$sb16_f9_pipe.v:817$512'.
  Set init value: \pr14_8 = 2'00
Found init rule in `\sb16_f9_pipe.$proc$sb16_f9_pipe.v:816$511'.
  Set init value: \pi14_7 = 2'00
Found init rule in `\sb16_f9_pipe.$proc$sb16_f9_pipe.v:816$510'.
  Set init value: \pr14_7 = 2'00
Found init rule in `\sb16_f9_pipe.$proc$sb16_f9_pipe.v:815$509'.
  Set init value: \pi14_6 = 2'00
Found init rule in `\sb16_f9_pipe.$proc$sb16_f9_pipe.v:815$508'.
  Set init value: \pr14_6 = 2'00
Found init rule in `\sb16_f9_pipe.$proc$sb16_f9_pipe.v:814$507'.
  Set init value: \pi14_5 = 2'00
Found init rule in `\sb16_f9_pipe.$proc$sb16_f9_pipe.v:814$506'.
  Set init value: \pr14_5 = 2'00
Found init rule in `\sb16_f9_pipe.$proc$sb16_f9_pipe.v:813$505'.
  Set init value: \pi14_4 = 2'00
Found init rule in `\sb16_f9_pipe.$proc$sb16_f9_pipe.v:813$504'.
  Set init value: \pr14_4 = 2'00
Found init rule in `\sb16_f9_pipe.$proc$sb16_f9_pipe.v:812$503'.
  Set init value: \pi14_3 = 2'00
Found init rule in `\sb16_f9_pipe.$proc$sb16_f9_pipe.v:812$502'.
  Set init value: \pr14_3 = 2'00
Found init rule in `\sb16_f9_pipe.$proc$sb16_f9_pipe.v:811$501'.
  Set init value: \pi14_2 = 2'00
Found init rule in `\sb16_f9_pipe.$proc$sb16_f9_pipe.v:811$500'.
  Set init value: \pr14_2 = 2'00
Found init rule in `\sb16_f9_pipe.$proc$sb16_f9_pipe.v:810$499'.
  Set init value: \pi14_1 = 2'00
Found init rule in `\sb16_f9_pipe.$proc$sb16_f9_pipe.v:810$498'.
  Set init value: \pr14_1 = 2'00
Found init rule in `\sb16_f9_pipe.$proc$sb16_f9_pipe.v:809$497'.
  Set init value: \pi14_0 = 2'00
Found init rule in `\sb16_f9_pipe.$proc$sb16_f9_pipe.v:809$496'.
  Set init value: \pr14_0 = 2'00
Found init rule in `\sb16_f9_pipe.$proc$sb16_f9_pipe.v:808$495'.
  Set init value: \pi13_15 = 2'00
Found init rule in `\sb16_f9_pipe.$proc$sb16_f9_pipe.v:808$494'.
  Set init value: \pr13_15 = 2'00
Found init rule in `\sb16_f9_pipe.$proc$sb16_f9_pipe.v:807$493'.
  Set init value: \pi13_14 = 2'00
Found init rule in `\sb16_f9_pipe.$proc$sb16_f9_pipe.v:807$492'.
  Set init value: \pr13_14 = 2'00
Found init rule in `\sb16_f9_pipe.$proc$sb16_f9_pipe.v:806$491'.
  Set init value: \pi13_13 = 2'00
Found init rule in `\sb16_f9_pipe.$proc$sb16_f9_pipe.v:806$490'.
  Set init value: \pr13_13 = 2'00
Found init rule in `\sb16_f9_pipe.$proc$sb16_f9_pipe.v:805$489'.
  Set init value: \pi13_12 = 2'00
Found init rule in `\sb16_f9_pipe.$proc$sb16_f9_pipe.v:805$488'.
  Set init value: \pr13_12 = 2'00
Found init rule in `\sb16_f9_pipe.$proc$sb16_f9_pipe.v:804$487'.
  Set init value: \pi13_11 = 2'00
Found init rule in `\sb16_f9_pipe.$proc$sb16_f9_pipe.v:804$486'.
  Set init value: \pr13_11 = 2'00
Found init rule in `\sb16_f9_pipe.$proc$sb16_f9_pipe.v:803$485'.
  Set init value: \pi13_10 = 2'00
Found init rule in `\sb16_f9_pipe.$proc$sb16_f9_pipe.v:803$484'.
  Set init value: \pr13_10 = 2'00
Found init rule in `\sb16_f9_pipe.$proc$sb16_f9_pipe.v:802$483'.
  Set init value: \pi13_9 = 2'00
Found init rule in `\sb16_f9_pipe.$proc$sb16_f9_pipe.v:802$482'.
  Set init value: \pr13_9 = 2'00
Found init rule in `\sb16_f9_pipe.$proc$sb16_f9_pipe.v:801$481'.
  Set init value: \pi13_8 = 2'00
Found init rule in `\sb16_f9_pipe.$proc$sb16_f9_pipe.v:801$480'.
  Set init value: \pr13_8 = 2'00
Found init rule in `\sb16_f9_pipe.$proc$sb16_f9_pipe.v:800$479'.
  Set init value: \pi13_7 = 2'00
Found init rule in `\sb16_f9_pipe.$proc$sb16_f9_pipe.v:800$478'.
  Set init value: \pr13_7 = 2'00
Found init rule in `\sb16_f9_pipe.$proc$sb16_f9_pipe.v:799$477'.
  Set init value: \pi13_6 = 2'00
Found init rule in `\sb16_f9_pipe.$proc$sb16_f9_pipe.v:799$476'.
  Set init value: \pr13_6 = 2'00
Found init rule in `\sb16_f9_pipe.$proc$sb16_f9_pipe.v:798$475'.
  Set init value: \pi13_5 = 2'00
Found init rule in `\sb16_f9_pipe.$proc$sb16_f9_pipe.v:798$474'.
  Set init value: \pr13_5 = 2'00
Found init rule in `\sb16_f9_pipe.$proc$sb16_f9_pipe.v:797$473'.
  Set init value: \pi13_4 = 2'00
Found init rule in `\sb16_f9_pipe.$proc$sb16_f9_pipe.v:797$472'.
  Set init value: \pr13_4 = 2'00
Found init rule in `\sb16_f9_pipe.$proc$sb16_f9_pipe.v:796$471'.
  Set init value: \pi13_3 = 2'00
Found init rule in `\sb16_f9_pipe.$proc$sb16_f9_pipe.v:796$470'.
  Set init value: \pr13_3 = 2'00
Found init rule in `\sb16_f9_pipe.$proc$sb16_f9_pipe.v:795$469'.
  Set init value: \pi13_2 = 2'00
Found init rule in `\sb16_f9_pipe.$proc$sb16_f9_pipe.v:795$468'.
  Set init value: \pr13_2 = 2'00
Found init rule in `\sb16_f9_pipe.$proc$sb16_f9_pipe.v:794$467'.
  Set init value: \pi13_1 = 2'00
Found init rule in `\sb16_f9_pipe.$proc$sb16_f9_pipe.v:794$466'.
  Set init value: \pr13_1 = 2'00
Found init rule in `\sb16_f9_pipe.$proc$sb16_f9_pipe.v:793$465'.
  Set init value: \pi13_0 = 2'00
Found init rule in `\sb16_f9_pipe.$proc$sb16_f9_pipe.v:793$464'.
  Set init value: \pr13_0 = 2'00
Found init rule in `\sb16_f9_pipe.$proc$sb16_f9_pipe.v:792$463'.
  Set init value: \pi12_15 = 2'00
Found init rule in `\sb16_f9_pipe.$proc$sb16_f9_pipe.v:792$462'.
  Set init value: \pr12_15 = 2'00
Found init rule in `\sb16_f9_pipe.$proc$sb16_f9_pipe.v:791$461'.
  Set init value: \pi12_14 = 2'00
Found init rule in `\sb16_f9_pipe.$proc$sb16_f9_pipe.v:791$460'.
  Set init value: \pr12_14 = 2'00
Found init rule in `\sb16_f9_pipe.$proc$sb16_f9_pipe.v:790$459'.
  Set init value: \pi12_13 = 2'00
Found init rule in `\sb16_f9_pipe.$proc$sb16_f9_pipe.v:790$458'.
  Set init value: \pr12_13 = 2'00
Found init rule in `\sb16_f9_pipe.$proc$sb16_f9_pipe.v:789$457'.
  Set init value: \pi12_12 = 2'00
Found init rule in `\sb16_f9_pipe.$proc$sb16_f9_pipe.v:789$456'.
  Set init value: \pr12_12 = 2'00
Found init rule in `\sb16_f9_pipe.$proc$sb16_f9_pipe.v:788$455'.
  Set init value: \pi12_11 = 2'00
Found init rule in `\sb16_f9_pipe.$proc$sb16_f9_pipe.v:788$454'.
  Set init value: \pr12_11 = 2'00
Found init rule in `\sb16_f9_pipe.$proc$sb16_f9_pipe.v:787$453'.
  Set init value: \pi12_10 = 2'00
Found init rule in `\sb16_f9_pipe.$proc$sb16_f9_pipe.v:787$452'.
  Set init value: \pr12_10 = 2'00
Found init rule in `\sb16_f9_pipe.$proc$sb16_f9_pipe.v:786$451'.
  Set init value: \pi12_9 = 2'00
Found init rule in `\sb16_f9_pipe.$proc$sb16_f9_pipe.v:786$450'.
  Set init value: \pr12_9 = 2'00
Found init rule in `\sb16_f9_pipe.$proc$sb16_f9_pipe.v:785$449'.
  Set init value: \pi12_8 = 2'00
Found init rule in `\sb16_f9_pipe.$proc$sb16_f9_pipe.v:785$448'.
  Set init value: \pr12_8 = 2'00
Found init rule in `\sb16_f9_pipe.$proc$sb16_f9_pipe.v:784$447'.
  Set init value: \pi12_7 = 2'00
Found init rule in `\sb16_f9_pipe.$proc$sb16_f9_pipe.v:784$446'.
  Set init value: \pr12_7 = 2'00
Found init rule in `\sb16_f9_pipe.$proc$sb16_f9_pipe.v:783$445'.
  Set init value: \pi12_6 = 2'00
Found init rule in `\sb16_f9_pipe.$proc$sb16_f9_pipe.v:783$444'.
  Set init value: \pr12_6 = 2'00
Found init rule in `\sb16_f9_pipe.$proc$sb16_f9_pipe.v:782$443'.
  Set init value: \pi12_5 = 2'00
Found init rule in `\sb16_f9_pipe.$proc$sb16_f9_pipe.v:782$442'.
  Set init value: \pr12_5 = 2'00
Found init rule in `\sb16_f9_pipe.$proc$sb16_f9_pipe.v:781$441'.
  Set init value: \pi12_4 = 2'00
Found init rule in `\sb16_f9_pipe.$proc$sb16_f9_pipe.v:781$440'.
  Set init value: \pr12_4 = 2'00
Found init rule in `\sb16_f9_pipe.$proc$sb16_f9_pipe.v:780$439'.
  Set init value: \pi12_3 = 2'00
Found init rule in `\sb16_f9_pipe.$proc$sb16_f9_pipe.v:780$438'.
  Set init value: \pr12_3 = 2'00
Found init rule in `\sb16_f9_pipe.$proc$sb16_f9_pipe.v:779$437'.
  Set init value: \pi12_2 = 2'00
Found init rule in `\sb16_f9_pipe.$proc$sb16_f9_pipe.v:779$436'.
  Set init value: \pr12_2 = 2'00
Found init rule in `\sb16_f9_pipe.$proc$sb16_f9_pipe.v:778$435'.
  Set init value: \pi12_1 = 2'00
Found init rule in `\sb16_f9_pipe.$proc$sb16_f9_pipe.v:778$434'.
  Set init value: \pr12_1 = 2'00
Found init rule in `\sb16_f9_pipe.$proc$sb16_f9_pipe.v:777$433'.
  Set init value: \pi12_0 = 2'00
Found init rule in `\sb16_f9_pipe.$proc$sb16_f9_pipe.v:777$432'.
  Set init value: \pr12_0 = 2'00
Found init rule in `\sb16_f9_pipe.$proc$sb16_f9_pipe.v:776$431'.
  Set init value: \pi11_15 = 2'00
Found init rule in `\sb16_f9_pipe.$proc$sb16_f9_pipe.v:776$430'.
  Set init value: \pr11_15 = 2'00
Found init rule in `\sb16_f9_pipe.$proc$sb16_f9_pipe.v:775$429'.
  Set init value: \pi11_14 = 2'00
Found init rule in `\sb16_f9_pipe.$proc$sb16_f9_pipe.v:775$428'.
  Set init value: \pr11_14 = 2'00
Found init rule in `\sb16_f9_pipe.$proc$sb16_f9_pipe.v:774$427'.
  Set init value: \pi11_13 = 2'00
Found init rule in `\sb16_f9_pipe.$proc$sb16_f9_pipe.v:774$426'.
  Set init value: \pr11_13 = 2'00
Found init rule in `\sb16_f9_pipe.$proc$sb16_f9_pipe.v:773$425'.
  Set init value: \pi11_12 = 2'00
Found init rule in `\sb16_f9_pipe.$proc$sb16_f9_pipe.v:773$424'.
  Set init value: \pr11_12 = 2'00
Found init rule in `\sb16_f9_pipe.$proc$sb16_f9_pipe.v:772$423'.
  Set init value: \pi11_11 = 2'00
Found init rule in `\sb16_f9_pipe.$proc$sb16_f9_pipe.v:772$422'.
  Set init value: \pr11_11 = 2'00
Found init rule in `\sb16_f9_pipe.$proc$sb16_f9_pipe.v:771$421'.
  Set init value: \pi11_10 = 2'00
Found init rule in `\sb16_f9_pipe.$proc$sb16_f9_pipe.v:771$420'.
  Set init value: \pr11_10 = 2'00
Found init rule in `\sb16_f9_pipe.$proc$sb16_f9_pipe.v:770$419'.
  Set init value: \pi11_9 = 2'00
Found init rule in `\sb16_f9_pipe.$proc$sb16_f9_pipe.v:770$418'.
  Set init value: \pr11_9 = 2'00
Found init rule in `\sb16_f9_pipe.$proc$sb16_f9_pipe.v:769$417'.
  Set init value: \pi11_8 = 2'00
Found init rule in `\sb16_f9_pipe.$proc$sb16_f9_pipe.v:769$416'.
  Set init value: \pr11_8 = 2'00
Found init rule in `\sb16_f9_pipe.$proc$sb16_f9_pipe.v:768$415'.
  Set init value: \pi11_7 = 2'00
Found init rule in `\sb16_f9_pipe.$proc$sb16_f9_pipe.v:768$414'.
  Set init value: \pr11_7 = 2'00
Found init rule in `\sb16_f9_pipe.$proc$sb16_f9_pipe.v:767$413'.
  Set init value: \pi11_6 = 2'00
Found init rule in `\sb16_f9_pipe.$proc$sb16_f9_pipe.v:767$412'.
  Set init value: \pr11_6 = 2'00
Found init rule in `\sb16_f9_pipe.$proc$sb16_f9_pipe.v:766$411'.
  Set init value: \pi11_5 = 2'00
Found init rule in `\sb16_f9_pipe.$proc$sb16_f9_pipe.v:766$410'.
  Set init value: \pr11_5 = 2'00
Found init rule in `\sb16_f9_pipe.$proc$sb16_f9_pipe.v:765$409'.
  Set init value: \pi11_4 = 2'00
Found init rule in `\sb16_f9_pipe.$proc$sb16_f9_pipe.v:765$408'.
  Set init value: \pr11_4 = 2'00
Found init rule in `\sb16_f9_pipe.$proc$sb16_f9_pipe.v:764$407'.
  Set init value: \pi11_3 = 2'00
Found init rule in `\sb16_f9_pipe.$proc$sb16_f9_pipe.v:764$406'.
  Set init value: \pr11_3 = 2'00
Found init rule in `\sb16_f9_pipe.$proc$sb16_f9_pipe.v:763$405'.
  Set init value: \pi11_2 = 2'00
Found init rule in `\sb16_f9_pipe.$proc$sb16_f9_pipe.v:763$404'.
  Set init value: \pr11_2 = 2'00
Found init rule in `\sb16_f9_pipe.$proc$sb16_f9_pipe.v:762$403'.
  Set init value: \pi11_1 = 2'00
Found init rule in `\sb16_f9_pipe.$proc$sb16_f9_pipe.v:762$402'.
  Set init value: \pr11_1 = 2'00
Found init rule in `\sb16_f9_pipe.$proc$sb16_f9_pipe.v:761$401'.
  Set init value: \pi11_0 = 2'00
Found init rule in `\sb16_f9_pipe.$proc$sb16_f9_pipe.v:761$400'.
  Set init value: \pr11_0 = 2'00
Found init rule in `\sb16_f9_pipe.$proc$sb16_f9_pipe.v:760$399'.
  Set init value: \pi10_15 = 2'00
Found init rule in `\sb16_f9_pipe.$proc$sb16_f9_pipe.v:760$398'.
  Set init value: \pr10_15 = 2'00
Found init rule in `\sb16_f9_pipe.$proc$sb16_f9_pipe.v:759$397'.
  Set init value: \pi10_14 = 2'00
Found init rule in `\sb16_f9_pipe.$proc$sb16_f9_pipe.v:759$396'.
  Set init value: \pr10_14 = 2'00
Found init rule in `\sb16_f9_pipe.$proc$sb16_f9_pipe.v:758$395'.
  Set init value: \pi10_13 = 2'00
Found init rule in `\sb16_f9_pipe.$proc$sb16_f9_pipe.v:758$394'.
  Set init value: \pr10_13 = 2'00
Found init rule in `\sb16_f9_pipe.$proc$sb16_f9_pipe.v:757$393'.
  Set init value: \pi10_12 = 2'00
Found init rule in `\sb16_f9_pipe.$proc$sb16_f9_pipe.v:757$392'.
  Set init value: \pr10_12 = 2'00
Found init rule in `\sb16_f9_pipe.$proc$sb16_f9_pipe.v:756$391'.
  Set init value: \pi10_11 = 2'00
Found init rule in `\sb16_f9_pipe.$proc$sb16_f9_pipe.v:756$390'.
  Set init value: \pr10_11 = 2'00
Found init rule in `\sb16_f9_pipe.$proc$sb16_f9_pipe.v:755$389'.
  Set init value: \pi10_10 = 2'00
Found init rule in `\sb16_f9_pipe.$proc$sb16_f9_pipe.v:755$388'.
  Set init value: \pr10_10 = 2'00
Found init rule in `\sb16_f9_pipe.$proc$sb16_f9_pipe.v:754$387'.
  Set init value: \pi10_9 = 2'00
Found init rule in `\sb16_f9_pipe.$proc$sb16_f9_pipe.v:754$386'.
  Set init value: \pr10_9 = 2'00
Found init rule in `\sb16_f9_pipe.$proc$sb16_f9_pipe.v:753$385'.
  Set init value: \pi10_8 = 2'00
Found init rule in `\sb16_f9_pipe.$proc$sb16_f9_pipe.v:753$384'.
  Set init value: \pr10_8 = 2'00
Found init rule in `\sb16_f9_pipe.$proc$sb16_f9_pipe.v:752$383'.
  Set init value: \pi10_7 = 2'00
Found init rule in `\sb16_f9_pipe.$proc$sb16_f9_pipe.v:752$382'.
  Set init value: \pr10_7 = 2'00
Found init rule in `\sb16_f9_pipe.$proc$sb16_f9_pipe.v:751$381'.
  Set init value: \pi10_6 = 2'00
Found init rule in `\sb16_f9_pipe.$proc$sb16_f9_pipe.v:751$380'.
  Set init value: \pr10_6 = 2'00
Found init rule in `\sb16_f9_pipe.$proc$sb16_f9_pipe.v:750$379'.
  Set init value: \pi10_5 = 2'00
Found init rule in `\sb16_f9_pipe.$proc$sb16_f9_pipe.v:750$378'.
  Set init value: \pr10_5 = 2'00
Found init rule in `\sb16_f9_pipe.$proc$sb16_f9_pipe.v:749$377'.
  Set init value: \pi10_4 = 2'00
Found init rule in `\sb16_f9_pipe.$proc$sb16_f9_pipe.v:749$376'.
  Set init value: \pr10_4 = 2'00
Found init rule in `\sb16_f9_pipe.$proc$sb16_f9_pipe.v:748$375'.
  Set init value: \pi10_3 = 2'00
Found init rule in `\sb16_f9_pipe.$proc$sb16_f9_pipe.v:748$374'.
  Set init value: \pr10_3 = 2'00
Found init rule in `\sb16_f9_pipe.$proc$sb16_f9_pipe.v:747$373'.
  Set init value: \pi10_2 = 2'00
Found init rule in `\sb16_f9_pipe.$proc$sb16_f9_pipe.v:747$372'.
  Set init value: \pr10_2 = 2'00
Found init rule in `\sb16_f9_pipe.$proc$sb16_f9_pipe.v:746$371'.
  Set init value: \pi10_1 = 2'00
Found init rule in `\sb16_f9_pipe.$proc$sb16_f9_pipe.v:746$370'.
  Set init value: \pr10_1 = 2'00
Found init rule in `\sb16_f9_pipe.$proc$sb16_f9_pipe.v:745$369'.
  Set init value: \pi10_0 = 2'00
Found init rule in `\sb16_f9_pipe.$proc$sb16_f9_pipe.v:745$368'.
  Set init value: \pr10_0 = 2'00
Found init rule in `\sb16_f9_pipe.$proc$sb16_f9_pipe.v:744$367'.
  Set init value: \pi9_15 = 2'00
Found init rule in `\sb16_f9_pipe.$proc$sb16_f9_pipe.v:744$366'.
  Set init value: \pr9_15 = 2'00
Found init rule in `\sb16_f9_pipe.$proc$sb16_f9_pipe.v:743$365'.
  Set init value: \pi9_14 = 2'00
Found init rule in `\sb16_f9_pipe.$proc$sb16_f9_pipe.v:743$364'.
  Set init value: \pr9_14 = 2'00
Found init rule in `\sb16_f9_pipe.$proc$sb16_f9_pipe.v:742$363'.
  Set init value: \pi9_13 = 2'00
Found init rule in `\sb16_f9_pipe.$proc$sb16_f9_pipe.v:742$362'.
  Set init value: \pr9_13 = 2'00
Found init rule in `\sb16_f9_pipe.$proc$sb16_f9_pipe.v:741$361'.
  Set init value: \pi9_12 = 2'00
Found init rule in `\sb16_f9_pipe.$proc$sb16_f9_pipe.v:741$360'.
  Set init value: \pr9_12 = 2'00
Found init rule in `\sb16_f9_pipe.$proc$sb16_f9_pipe.v:740$359'.
  Set init value: \pi9_11 = 2'00
Found init rule in `\sb16_f9_pipe.$proc$sb16_f9_pipe.v:740$358'.
  Set init value: \pr9_11 = 2'00
Found init rule in `\sb16_f9_pipe.$proc$sb16_f9_pipe.v:739$357'.
  Set init value: \pi9_10 = 2'00
Found init rule in `\sb16_f9_pipe.$proc$sb16_f9_pipe.v:739$356'.
  Set init value: \pr9_10 = 2'00
Found init rule in `\sb16_f9_pipe.$proc$sb16_f9_pipe.v:738$355'.
  Set init value: \pi9_9 = 2'00
Found init rule in `\sb16_f9_pipe.$proc$sb16_f9_pipe.v:738$354'.
  Set init value: \pr9_9 = 2'00
Found init rule in `\sb16_f9_pipe.$proc$sb16_f9_pipe.v:737$353'.
  Set init value: \pi9_8 = 2'00
Found init rule in `\sb16_f9_pipe.$proc$sb16_f9_pipe.v:737$352'.
  Set init value: \pr9_8 = 2'00
Found init rule in `\sb16_f9_pipe.$proc$sb16_f9_pipe.v:736$351'.
  Set init value: \pi9_7 = 2'00
Found init rule in `\sb16_f9_pipe.$proc$sb16_f9_pipe.v:736$350'.
  Set init value: \pr9_7 = 2'00
Found init rule in `\sb16_f9_pipe.$proc$sb16_f9_pipe.v:735$349'.
  Set init value: \pi9_6 = 2'00
Found init rule in `\sb16_f9_pipe.$proc$sb16_f9_pipe.v:735$348'.
  Set init value: \pr9_6 = 2'00
Found init rule in `\sb16_f9_pipe.$proc$sb16_f9_pipe.v:734$347'.
  Set init value: \pi9_5 = 2'00
Found init rule in `\sb16_f9_pipe.$proc$sb16_f9_pipe.v:734$346'.
  Set init value: \pr9_5 = 2'00
Found init rule in `\sb16_f9_pipe.$proc$sb16_f9_pipe.v:733$345'.
  Set init value: \pi9_4 = 2'00
Found init rule in `\sb16_f9_pipe.$proc$sb16_f9_pipe.v:733$344'.
  Set init value: \pr9_4 = 2'00
Found init rule in `\sb16_f9_pipe.$proc$sb16_f9_pipe.v:732$343'.
  Set init value: \pi9_3 = 2'00
Found init rule in `\sb16_f9_pipe.$proc$sb16_f9_pipe.v:732$342'.
  Set init value: \pr9_3 = 2'00
Found init rule in `\sb16_f9_pipe.$proc$sb16_f9_pipe.v:731$341'.
  Set init value: \pi9_2 = 2'00
Found init rule in `\sb16_f9_pipe.$proc$sb16_f9_pipe.v:731$340'.
  Set init value: \pr9_2 = 2'00
Found init rule in `\sb16_f9_pipe.$proc$sb16_f9_pipe.v:730$339'.
  Set init value: \pi9_1 = 2'00
Found init rule in `\sb16_f9_pipe.$proc$sb16_f9_pipe.v:730$338'.
  Set init value: \pr9_1 = 2'00
Found init rule in `\sb16_f9_pipe.$proc$sb16_f9_pipe.v:729$337'.
  Set init value: \pi9_0 = 2'00
Found init rule in `\sb16_f9_pipe.$proc$sb16_f9_pipe.v:729$336'.
  Set init value: \pr9_0 = 2'00
Found init rule in `\sb16_f9_pipe.$proc$sb16_f9_pipe.v:728$335'.
  Set init value: \pi8_15 = 2'00
Found init rule in `\sb16_f9_pipe.$proc$sb16_f9_pipe.v:728$334'.
  Set init value: \pr8_15 = 2'00
Found init rule in `\sb16_f9_pipe.$proc$sb16_f9_pipe.v:727$333'.
  Set init value: \pi8_14 = 2'00
Found init rule in `\sb16_f9_pipe.$proc$sb16_f9_pipe.v:727$332'.
  Set init value: \pr8_14 = 2'00
Found init rule in `\sb16_f9_pipe.$proc$sb16_f9_pipe.v:726$331'.
  Set init value: \pi8_13 = 2'00
Found init rule in `\sb16_f9_pipe.$proc$sb16_f9_pipe.v:726$330'.
  Set init value: \pr8_13 = 2'00
Found init rule in `\sb16_f9_pipe.$proc$sb16_f9_pipe.v:725$329'.
  Set init value: \pi8_12 = 2'00
Found init rule in `\sb16_f9_pipe.$proc$sb16_f9_pipe.v:725$328'.
  Set init value: \pr8_12 = 2'00
Found init rule in `\sb16_f9_pipe.$proc$sb16_f9_pipe.v:724$327'.
  Set init value: \pi8_11 = 2'00
Found init rule in `\sb16_f9_pipe.$proc$sb16_f9_pipe.v:724$326'.
  Set init value: \pr8_11 = 2'00
Found init rule in `\sb16_f9_pipe.$proc$sb16_f9_pipe.v:723$325'.
  Set init value: \pi8_10 = 2'00
Found init rule in `\sb16_f9_pipe.$proc$sb16_f9_pipe.v:723$324'.
  Set init value: \pr8_10 = 2'00
Found init rule in `\sb16_f9_pipe.$proc$sb16_f9_pipe.v:722$323'.
  Set init value: \pi8_9 = 2'00
Found init rule in `\sb16_f9_pipe.$proc$sb16_f9_pipe.v:722$322'.
  Set init value: \pr8_9 = 2'00
Found init rule in `\sb16_f9_pipe.$proc$sb16_f9_pipe.v:721$321'.
  Set init value: \pi8_8 = 2'00
Found init rule in `\sb16_f9_pipe.$proc$sb16_f9_pipe.v:721$320'.
  Set init value: \pr8_8 = 2'00
Found init rule in `\sb16_f9_pipe.$proc$sb16_f9_pipe.v:720$319'.
  Set init value: \pi8_7 = 2'00
Found init rule in `\sb16_f9_pipe.$proc$sb16_f9_pipe.v:720$318'.
  Set init value: \pr8_7 = 2'00
Found init rule in `\sb16_f9_pipe.$proc$sb16_f9_pipe.v:719$317'.
  Set init value: \pi8_6 = 2'00
Found init rule in `\sb16_f9_pipe.$proc$sb16_f9_pipe.v:719$316'.
  Set init value: \pr8_6 = 2'00
Found init rule in `\sb16_f9_pipe.$proc$sb16_f9_pipe.v:718$315'.
  Set init value: \pi8_5 = 2'00
Found init rule in `\sb16_f9_pipe.$proc$sb16_f9_pipe.v:718$314'.
  Set init value: \pr8_5 = 2'00
Found init rule in `\sb16_f9_pipe.$proc$sb16_f9_pipe.v:717$313'.
  Set init value: \pi8_4 = 2'00
Found init rule in `\sb16_f9_pipe.$proc$sb16_f9_pipe.v:717$312'.
  Set init value: \pr8_4 = 2'00
Found init rule in `\sb16_f9_pipe.$proc$sb16_f9_pipe.v:716$311'.
  Set init value: \pi8_3 = 2'00
Found init rule in `\sb16_f9_pipe.$proc$sb16_f9_pipe.v:716$310'.
  Set init value: \pr8_3 = 2'00
Found init rule in `\sb16_f9_pipe.$proc$sb16_f9_pipe.v:715$309'.
  Set init value: \pi8_2 = 2'00
Found init rule in `\sb16_f9_pipe.$proc$sb16_f9_pipe.v:715$308'.
  Set init value: \pr8_2 = 2'00
Found init rule in `\sb16_f9_pipe.$proc$sb16_f9_pipe.v:714$307'.
  Set init value: \pi8_1 = 2'00
Found init rule in `\sb16_f9_pipe.$proc$sb16_f9_pipe.v:714$306'.
  Set init value: \pr8_1 = 2'00
Found init rule in `\sb16_f9_pipe.$proc$sb16_f9_pipe.v:713$305'.
  Set init value: \pi8_0 = 2'00
Found init rule in `\sb16_f9_pipe.$proc$sb16_f9_pipe.v:713$304'.
  Set init value: \pr8_0 = 2'00
Found init rule in `\sb16_f9_pipe.$proc$sb16_f9_pipe.v:712$303'.
  Set init value: \pi7_15 = 2'00
Found init rule in `\sb16_f9_pipe.$proc$sb16_f9_pipe.v:712$302'.
  Set init value: \pr7_15 = 2'00
Found init rule in `\sb16_f9_pipe.$proc$sb16_f9_pipe.v:711$301'.
  Set init value: \pi7_14 = 2'00
Found init rule in `\sb16_f9_pipe.$proc$sb16_f9_pipe.v:711$300'.
  Set init value: \pr7_14 = 2'00
Found init rule in `\sb16_f9_pipe.$proc$sb16_f9_pipe.v:710$299'.
  Set init value: \pi7_13 = 2'00
Found init rule in `\sb16_f9_pipe.$proc$sb16_f9_pipe.v:710$298'.
  Set init value: \pr7_13 = 2'00
Found init rule in `\sb16_f9_pipe.$proc$sb16_f9_pipe.v:709$297'.
  Set init value: \pi7_12 = 2'00
Found init rule in `\sb16_f9_pipe.$proc$sb16_f9_pipe.v:709$296'.
  Set init value: \pr7_12 = 2'00
Found init rule in `\sb16_f9_pipe.$proc$sb16_f9_pipe.v:708$295'.
  Set init value: \pi7_11 = 2'00
Found init rule in `\sb16_f9_pipe.$proc$sb16_f9_pipe.v:708$294'.
  Set init value: \pr7_11 = 2'00
Found init rule in `\sb16_f9_pipe.$proc$sb16_f9_pipe.v:707$293'.
  Set init value: \pi7_10 = 2'00
Found init rule in `\sb16_f9_pipe.$proc$sb16_f9_pipe.v:707$292'.
  Set init value: \pr7_10 = 2'00
Found init rule in `\sb16_f9_pipe.$proc$sb16_f9_pipe.v:706$291'.
  Set init value: \pi7_9 = 2'00
Found init rule in `\sb16_f9_pipe.$proc$sb16_f9_pipe.v:706$290'.
  Set init value: \pr7_9 = 2'00
Found init rule in `\sb16_f9_pipe.$proc$sb16_f9_pipe.v:705$289'.
  Set init value: \pi7_8 = 2'00
Found init rule in `\sb16_f9_pipe.$proc$sb16_f9_pipe.v:705$288'.
  Set init value: \pr7_8 = 2'00
Found init rule in `\sb16_f9_pipe.$proc$sb16_f9_pipe.v:704$287'.
  Set init value: \pi7_7 = 2'00
Found init rule in `\sb16_f9_pipe.$proc$sb16_f9_pipe.v:704$286'.
  Set init value: \pr7_7 = 2'00
Found init rule in `\sb16_f9_pipe.$proc$sb16_f9_pipe.v:703$285'.
  Set init value: \pi7_6 = 2'00
Found init rule in `\sb16_f9_pipe.$proc$sb16_f9_pipe.v:703$284'.
  Set init value: \pr7_6 = 2'00
Found init rule in `\sb16_f9_pipe.$proc$sb16_f9_pipe.v:702$283'.
  Set init value: \pi7_5 = 2'00
Found init rule in `\sb16_f9_pipe.$proc$sb16_f9_pipe.v:702$282'.
  Set init value: \pr7_5 = 2'00
Found init rule in `\sb16_f9_pipe.$proc$sb16_f9_pipe.v:701$281'.
  Set init value: \pi7_4 = 2'00
Found init rule in `\sb16_f9_pipe.$proc$sb16_f9_pipe.v:701$280'.
  Set init value: \pr7_4 = 2'00
Found init rule in `\sb16_f9_pipe.$proc$sb16_f9_pipe.v:700$279'.
  Set init value: \pi7_3 = 2'00
Found init rule in `\sb16_f9_pipe.$proc$sb16_f9_pipe.v:700$278'.
  Set init value: \pr7_3 = 2'00
Found init rule in `\sb16_f9_pipe.$proc$sb16_f9_pipe.v:699$277'.
  Set init value: \pi7_2 = 2'00
Found init rule in `\sb16_f9_pipe.$proc$sb16_f9_pipe.v:699$276'.
  Set init value: \pr7_2 = 2'00
Found init rule in `\sb16_f9_pipe.$proc$sb16_f9_pipe.v:698$275'.
  Set init value: \pi7_1 = 2'00
Found init rule in `\sb16_f9_pipe.$proc$sb16_f9_pipe.v:698$274'.
  Set init value: \pr7_1 = 2'00
Found init rule in `\sb16_f9_pipe.$proc$sb16_f9_pipe.v:697$273'.
  Set init value: \pi7_0 = 2'00
Found init rule in `\sb16_f9_pipe.$proc$sb16_f9_pipe.v:697$272'.
  Set init value: \pr7_0 = 2'00
Found init rule in `\sb16_f9_pipe.$proc$sb16_f9_pipe.v:696$271'.
  Set init value: \pi6_15 = 2'00
Found init rule in `\sb16_f9_pipe.$proc$sb16_f9_pipe.v:696$270'.
  Set init value: \pr6_15 = 2'00
Found init rule in `\sb16_f9_pipe.$proc$sb16_f9_pipe.v:695$269'.
  Set init value: \pi6_14 = 2'00
Found init rule in `\sb16_f9_pipe.$proc$sb16_f9_pipe.v:695$268'.
  Set init value: \pr6_14 = 2'00
Found init rule in `\sb16_f9_pipe.$proc$sb16_f9_pipe.v:694$267'.
  Set init value: \pi6_13 = 2'00
Found init rule in `\sb16_f9_pipe.$proc$sb16_f9_pipe.v:694$266'.
  Set init value: \pr6_13 = 2'00
Found init rule in `\sb16_f9_pipe.$proc$sb16_f9_pipe.v:693$265'.
  Set init value: \pi6_12 = 2'00
Found init rule in `\sb16_f9_pipe.$proc$sb16_f9_pipe.v:693$264'.
  Set init value: \pr6_12 = 2'00
Found init rule in `\sb16_f9_pipe.$proc$sb16_f9_pipe.v:692$263'.
  Set init value: \pi6_11 = 2'00
Found init rule in `\sb16_f9_pipe.$proc$sb16_f9_pipe.v:692$262'.
  Set init value: \pr6_11 = 2'00
Found init rule in `\sb16_f9_pipe.$proc$sb16_f9_pipe.v:691$261'.
  Set init value: \pi6_10 = 2'00
Found init rule in `\sb16_f9_pipe.$proc$sb16_f9_pipe.v:691$260'.
  Set init value: \pr6_10 = 2'00
Found init rule in `\sb16_f9_pipe.$proc$sb16_f9_pipe.v:690$259'.
  Set init value: \pi6_9 = 2'00
Found init rule in `\sb16_f9_pipe.$proc$sb16_f9_pipe.v:690$258'.
  Set init value: \pr6_9 = 2'00
Found init rule in `\sb16_f9_pipe.$proc$sb16_f9_pipe.v:689$257'.
  Set init value: \pi6_8 = 2'00
Found init rule in `\sb16_f9_pipe.$proc$sb16_f9_pipe.v:689$256'.
  Set init value: \pr6_8 = 2'00
Found init rule in `\sb16_f9_pipe.$proc$sb16_f9_pipe.v:688$255'.
  Set init value: \pi6_7 = 2'00
Found init rule in `\sb16_f9_pipe.$proc$sb16_f9_pipe.v:688$254'.
  Set init value: \pr6_7 = 2'00
Found init rule in `\sb16_f9_pipe.$proc$sb16_f9_pipe.v:687$253'.
  Set init value: \pi6_6 = 2'00
Found init rule in `\sb16_f9_pipe.$proc$sb16_f9_pipe.v:687$252'.
  Set init value: \pr6_6 = 2'00
Found init rule in `\sb16_f9_pipe.$proc$sb16_f9_pipe.v:686$251'.
  Set init value: \pi6_5 = 2'00
Found init rule in `\sb16_f9_pipe.$proc$sb16_f9_pipe.v:686$250'.
  Set init value: \pr6_5 = 2'00
Found init rule in `\sb16_f9_pipe.$proc$sb16_f9_pipe.v:685$249'.
  Set init value: \pi6_4 = 2'00
Found init rule in `\sb16_f9_pipe.$proc$sb16_f9_pipe.v:685$248'.
  Set init value: \pr6_4 = 2'00
Found init rule in `\sb16_f9_pipe.$proc$sb16_f9_pipe.v:684$247'.
  Set init value: \pi6_3 = 2'00
Found init rule in `\sb16_f9_pipe.$proc$sb16_f9_pipe.v:684$246'.
  Set init value: \pr6_3 = 2'00
Found init rule in `\sb16_f9_pipe.$proc$sb16_f9_pipe.v:683$245'.
  Set init value: \pi6_2 = 2'00
Found init rule in `\sb16_f9_pipe.$proc$sb16_f9_pipe.v:683$244'.
  Set init value: \pr6_2 = 2'00
Found init rule in `\sb16_f9_pipe.$proc$sb16_f9_pipe.v:682$243'.
  Set init value: \pi6_1 = 2'00
Found init rule in `\sb16_f9_pipe.$proc$sb16_f9_pipe.v:682$242'.
  Set init value: \pr6_1 = 2'00
Found init rule in `\sb16_f9_pipe.$proc$sb16_f9_pipe.v:681$241'.
  Set init value: \pi6_0 = 2'00
Found init rule in `\sb16_f9_pipe.$proc$sb16_f9_pipe.v:681$240'.
  Set init value: \pr6_0 = 2'00
Found init rule in `\sb16_f9_pipe.$proc$sb16_f9_pipe.v:680$239'.
  Set init value: \pi5_15 = 2'00
Found init rule in `\sb16_f9_pipe.$proc$sb16_f9_pipe.v:680$238'.
  Set init value: \pr5_15 = 2'00
Found init rule in `\sb16_f9_pipe.$proc$sb16_f9_pipe.v:679$237'.
  Set init value: \pi5_14 = 2'00
Found init rule in `\sb16_f9_pipe.$proc$sb16_f9_pipe.v:679$236'.
  Set init value: \pr5_14 = 2'00
Found init rule in `\sb16_f9_pipe.$proc$sb16_f9_pipe.v:678$235'.
  Set init value: \pi5_13 = 2'00
Found init rule in `\sb16_f9_pipe.$proc$sb16_f9_pipe.v:678$234'.
  Set init value: \pr5_13 = 2'00
Found init rule in `\sb16_f9_pipe.$proc$sb16_f9_pipe.v:677$233'.
  Set init value: \pi5_12 = 2'00
Found init rule in `\sb16_f9_pipe.$proc$sb16_f9_pipe.v:677$232'.
  Set init value: \pr5_12 = 2'00
Found init rule in `\sb16_f9_pipe.$proc$sb16_f9_pipe.v:676$231'.
  Set init value: \pi5_11 = 2'00
Found init rule in `\sb16_f9_pipe.$proc$sb16_f9_pipe.v:676$230'.
  Set init value: \pr5_11 = 2'00
Found init rule in `\sb16_f9_pipe.$proc$sb16_f9_pipe.v:675$229'.
  Set init value: \pi5_10 = 2'00
Found init rule in `\sb16_f9_pipe.$proc$sb16_f9_pipe.v:675$228'.
  Set init value: \pr5_10 = 2'00
Found init rule in `\sb16_f9_pipe.$proc$sb16_f9_pipe.v:674$227'.
  Set init value: \pi5_9 = 2'00
Found init rule in `\sb16_f9_pipe.$proc$sb16_f9_pipe.v:674$226'.
  Set init value: \pr5_9 = 2'00
Found init rule in `\sb16_f9_pipe.$proc$sb16_f9_pipe.v:673$225'.
  Set init value: \pi5_8 = 2'00
Found init rule in `\sb16_f9_pipe.$proc$sb16_f9_pipe.v:673$224'.
  Set init value: \pr5_8 = 2'00
Found init rule in `\sb16_f9_pipe.$proc$sb16_f9_pipe.v:672$223'.
  Set init value: \pi5_7 = 2'00
Found init rule in `\sb16_f9_pipe.$proc$sb16_f9_pipe.v:672$222'.
  Set init value: \pr5_7 = 2'00
Found init rule in `\sb16_f9_pipe.$proc$sb16_f9_pipe.v:671$221'.
  Set init value: \pi5_6 = 2'00
Found init rule in `\sb16_f9_pipe.$proc$sb16_f9_pipe.v:671$220'.
  Set init value: \pr5_6 = 2'00
Found init rule in `\sb16_f9_pipe.$proc$sb16_f9_pipe.v:670$219'.
  Set init value: \pi5_5 = 2'00
Found init rule in `\sb16_f9_pipe.$proc$sb16_f9_pipe.v:670$218'.
  Set init value: \pr5_5 = 2'00
Found init rule in `\sb16_f9_pipe.$proc$sb16_f9_pipe.v:669$217'.
  Set init value: \pi5_4 = 2'00
Found init rule in `\sb16_f9_pipe.$proc$sb16_f9_pipe.v:669$216'.
  Set init value: \pr5_4 = 2'00
Found init rule in `\sb16_f9_pipe.$proc$sb16_f9_pipe.v:668$215'.
  Set init value: \pi5_3 = 2'00
Found init rule in `\sb16_f9_pipe.$proc$sb16_f9_pipe.v:668$214'.
  Set init value: \pr5_3 = 2'00
Found init rule in `\sb16_f9_pipe.$proc$sb16_f9_pipe.v:667$213'.
  Set init value: \pi5_2 = 2'00
Found init rule in `\sb16_f9_pipe.$proc$sb16_f9_pipe.v:667$212'.
  Set init value: \pr5_2 = 2'00
Found init rule in `\sb16_f9_pipe.$proc$sb16_f9_pipe.v:666$211'.
  Set init value: \pi5_1 = 2'00
Found init rule in `\sb16_f9_pipe.$proc$sb16_f9_pipe.v:666$210'.
  Set init value: \pr5_1 = 2'00
Found init rule in `\sb16_f9_pipe.$proc$sb16_f9_pipe.v:665$209'.
  Set init value: \pi5_0 = 2'00
Found init rule in `\sb16_f9_pipe.$proc$sb16_f9_pipe.v:665$208'.
  Set init value: \pr5_0 = 2'00
Found init rule in `\sb16_f9_pipe.$proc$sb16_f9_pipe.v:664$207'.
  Set init value: \pi4_15 = 2'00
Found init rule in `\sb16_f9_pipe.$proc$sb16_f9_pipe.v:664$206'.
  Set init value: \pr4_15 = 2'00
Found init rule in `\sb16_f9_pipe.$proc$sb16_f9_pipe.v:663$205'.
  Set init value: \pi4_14 = 2'00
Found init rule in `\sb16_f9_pipe.$proc$sb16_f9_pipe.v:663$204'.
  Set init value: \pr4_14 = 2'00
Found init rule in `\sb16_f9_pipe.$proc$sb16_f9_pipe.v:662$203'.
  Set init value: \pi4_13 = 2'00
Found init rule in `\sb16_f9_pipe.$proc$sb16_f9_pipe.v:662$202'.
  Set init value: \pr4_13 = 2'00
Found init rule in `\sb16_f9_pipe.$proc$sb16_f9_pipe.v:661$201'.
  Set init value: \pi4_12 = 2'00
Found init rule in `\sb16_f9_pipe.$proc$sb16_f9_pipe.v:661$200'.
  Set init value: \pr4_12 = 2'00
Found init rule in `\sb16_f9_pipe.$proc$sb16_f9_pipe.v:660$199'.
  Set init value: \pi4_11 = 2'00
Found init rule in `\sb16_f9_pipe.$proc$sb16_f9_pipe.v:660$198'.
  Set init value: \pr4_11 = 2'00
Found init rule in `\sb16_f9_pipe.$proc$sb16_f9_pipe.v:659$197'.
  Set init value: \pi4_10 = 2'00
Found init rule in `\sb16_f9_pipe.$proc$sb16_f9_pipe.v:659$196'.
  Set init value: \pr4_10 = 2'00
Found init rule in `\sb16_f9_pipe.$proc$sb16_f9_pipe.v:658$195'.
  Set init value: \pi4_9 = 2'00
Found init rule in `\sb16_f9_pipe.$proc$sb16_f9_pipe.v:658$194'.
  Set init value: \pr4_9 = 2'00
Found init rule in `\sb16_f9_pipe.$proc$sb16_f9_pipe.v:657$193'.
  Set init value: \pi4_8 = 2'00
Found init rule in `\sb16_f9_pipe.$proc$sb16_f9_pipe.v:657$192'.
  Set init value: \pr4_8 = 2'00
Found init rule in `\sb16_f9_pipe.$proc$sb16_f9_pipe.v:656$191'.
  Set init value: \pi4_7 = 2'00
Found init rule in `\sb16_f9_pipe.$proc$sb16_f9_pipe.v:656$190'.
  Set init value: \pr4_7 = 2'00
Found init rule in `\sb16_f9_pipe.$proc$sb16_f9_pipe.v:655$189'.
  Set init value: \pi4_6 = 2'00
Found init rule in `\sb16_f9_pipe.$proc$sb16_f9_pipe.v:655$188'.
  Set init value: \pr4_6 = 2'00
Found init rule in `\sb16_f9_pipe.$proc$sb16_f9_pipe.v:654$187'.
  Set init value: \pi4_5 = 2'00
Found init rule in `\sb16_f9_pipe.$proc$sb16_f9_pipe.v:654$186'.
  Set init value: \pr4_5 = 2'00
Found init rule in `\sb16_f9_pipe.$proc$sb16_f9_pipe.v:653$185'.
  Set init value: \pi4_4 = 2'00
Found init rule in `\sb16_f9_pipe.$proc$sb16_f9_pipe.v:653$184'.
  Set init value: \pr4_4 = 2'00
Found init rule in `\sb16_f9_pipe.$proc$sb16_f9_pipe.v:652$183'.
  Set init value: \pi4_3 = 2'00
Found init rule in `\sb16_f9_pipe.$proc$sb16_f9_pipe.v:652$182'.
  Set init value: \pr4_3 = 2'00
Found init rule in `\sb16_f9_pipe.$proc$sb16_f9_pipe.v:651$181'.
  Set init value: \pi4_2 = 2'00
Found init rule in `\sb16_f9_pipe.$proc$sb16_f9_pipe.v:651$180'.
  Set init value: \pr4_2 = 2'00
Found init rule in `\sb16_f9_pipe.$proc$sb16_f9_pipe.v:650$179'.
  Set init value: \pi4_1 = 2'00
Found init rule in `\sb16_f9_pipe.$proc$sb16_f9_pipe.v:650$178'.
  Set init value: \pr4_1 = 2'00
Found init rule in `\sb16_f9_pipe.$proc$sb16_f9_pipe.v:649$177'.
  Set init value: \pi4_0 = 2'00
Found init rule in `\sb16_f9_pipe.$proc$sb16_f9_pipe.v:649$176'.
  Set init value: \pr4_0 = 2'00
Found init rule in `\sb16_f9_pipe.$proc$sb16_f9_pipe.v:648$175'.
  Set init value: \pi3_15 = 2'00
Found init rule in `\sb16_f9_pipe.$proc$sb16_f9_pipe.v:648$174'.
  Set init value: \pr3_15 = 2'00
Found init rule in `\sb16_f9_pipe.$proc$sb16_f9_pipe.v:647$173'.
  Set init value: \pi3_14 = 2'00
Found init rule in `\sb16_f9_pipe.$proc$sb16_f9_pipe.v:647$172'.
  Set init value: \pr3_14 = 2'00
Found init rule in `\sb16_f9_pipe.$proc$sb16_f9_pipe.v:646$171'.
  Set init value: \pi3_13 = 2'00
Found init rule in `\sb16_f9_pipe.$proc$sb16_f9_pipe.v:646$170'.
  Set init value: \pr3_13 = 2'00
Found init rule in `\sb16_f9_pipe.$proc$sb16_f9_pipe.v:645$169'.
  Set init value: \pi3_12 = 2'00
Found init rule in `\sb16_f9_pipe.$proc$sb16_f9_pipe.v:645$168'.
  Set init value: \pr3_12 = 2'00
Found init rule in `\sb16_f9_pipe.$proc$sb16_f9_pipe.v:644$167'.
  Set init value: \pi3_11 = 2'00
Found init rule in `\sb16_f9_pipe.$proc$sb16_f9_pipe.v:644$166'.
  Set init value: \pr3_11 = 2'00
Found init rule in `\sb16_f9_pipe.$proc$sb16_f9_pipe.v:643$165'.
  Set init value: \pi3_10 = 2'00
Found init rule in `\sb16_f9_pipe.$proc$sb16_f9_pipe.v:643$164'.
  Set init value: \pr3_10 = 2'00
Found init rule in `\sb16_f9_pipe.$proc$sb16_f9_pipe.v:642$163'.
  Set init value: \pi3_9 = 2'00
Found init rule in `\sb16_f9_pipe.$proc$sb16_f9_pipe.v:642$162'.
  Set init value: \pr3_9 = 2'00
Found init rule in `\sb16_f9_pipe.$proc$sb16_f9_pipe.v:641$161'.
  Set init value: \pi3_8 = 2'00
Found init rule in `\sb16_f9_pipe.$proc$sb16_f9_pipe.v:641$160'.
  Set init value: \pr3_8 = 2'00
Found init rule in `\sb16_f9_pipe.$proc$sb16_f9_pipe.v:640$159'.
  Set init value: \pi3_7 = 2'00
Found init rule in `\sb16_f9_pipe.$proc$sb16_f9_pipe.v:640$158'.
  Set init value: \pr3_7 = 2'00
Found init rule in `\sb16_f9_pipe.$proc$sb16_f9_pipe.v:639$157'.
  Set init value: \pi3_6 = 2'00
Found init rule in `\sb16_f9_pipe.$proc$sb16_f9_pipe.v:639$156'.
  Set init value: \pr3_6 = 2'00
Found init rule in `\sb16_f9_pipe.$proc$sb16_f9_pipe.v:638$155'.
  Set init value: \pi3_5 = 2'00
Found init rule in `\sb16_f9_pipe.$proc$sb16_f9_pipe.v:638$154'.
  Set init value: \pr3_5 = 2'00
Found init rule in `\sb16_f9_pipe.$proc$sb16_f9_pipe.v:637$153'.
  Set init value: \pi3_4 = 2'00
Found init rule in `\sb16_f9_pipe.$proc$sb16_f9_pipe.v:637$152'.
  Set init value: \pr3_4 = 2'00
Found init rule in `\sb16_f9_pipe.$proc$sb16_f9_pipe.v:636$151'.
  Set init value: \pi3_3 = 2'00
Found init rule in `\sb16_f9_pipe.$proc$sb16_f9_pipe.v:636$150'.
  Set init value: \pr3_3 = 2'00
Found init rule in `\sb16_f9_pipe.$proc$sb16_f9_pipe.v:635$149'.
  Set init value: \pi3_2 = 2'00
Found init rule in `\sb16_f9_pipe.$proc$sb16_f9_pipe.v:635$148'.
  Set init value: \pr3_2 = 2'00
Found init rule in `\sb16_f9_pipe.$proc$sb16_f9_pipe.v:634$147'.
  Set init value: \pi3_1 = 2'00
Found init rule in `\sb16_f9_pipe.$proc$sb16_f9_pipe.v:634$146'.
  Set init value: \pr3_1 = 2'00
Found init rule in `\sb16_f9_pipe.$proc$sb16_f9_pipe.v:633$145'.
  Set init value: \pi3_0 = 2'00
Found init rule in `\sb16_f9_pipe.$proc$sb16_f9_pipe.v:633$144'.
  Set init value: \pr3_0 = 2'00
Found init rule in `\sb16_f9_pipe.$proc$sb16_f9_pipe.v:632$143'.
  Set init value: \pi2_15 = 2'00
Found init rule in `\sb16_f9_pipe.$proc$sb16_f9_pipe.v:632$142'.
  Set init value: \pr2_15 = 2'00
Found init rule in `\sb16_f9_pipe.$proc$sb16_f9_pipe.v:631$141'.
  Set init value: \pi2_14 = 2'00
Found init rule in `\sb16_f9_pipe.$proc$sb16_f9_pipe.v:631$140'.
  Set init value: \pr2_14 = 2'00
Found init rule in `\sb16_f9_pipe.$proc$sb16_f9_pipe.v:630$139'.
  Set init value: \pi2_13 = 2'00
Found init rule in `\sb16_f9_pipe.$proc$sb16_f9_pipe.v:630$138'.
  Set init value: \pr2_13 = 2'00
Found init rule in `\sb16_f9_pipe.$proc$sb16_f9_pipe.v:629$137'.
  Set init value: \pi2_12 = 2'00
Found init rule in `\sb16_f9_pipe.$proc$sb16_f9_pipe.v:629$136'.
  Set init value: \pr2_12 = 2'00
Found init rule in `\sb16_f9_pipe.$proc$sb16_f9_pipe.v:628$135'.
  Set init value: \pi2_11 = 2'00
Found init rule in `\sb16_f9_pipe.$proc$sb16_f9_pipe.v:628$134'.
  Set init value: \pr2_11 = 2'00
Found init rule in `\sb16_f9_pipe.$proc$sb16_f9_pipe.v:627$133'.
  Set init value: \pi2_10 = 2'00
Found init rule in `\sb16_f9_pipe.$proc$sb16_f9_pipe.v:627$132'.
  Set init value: \pr2_10 = 2'00
Found init rule in `\sb16_f9_pipe.$proc$sb16_f9_pipe.v:626$131'.
  Set init value: \pi2_9 = 2'00
Found init rule in `\sb16_f9_pipe.$proc$sb16_f9_pipe.v:626$130'.
  Set init value: \pr2_9 = 2'00
Found init rule in `\sb16_f9_pipe.$proc$sb16_f9_pipe.v:625$129'.
  Set init value: \pi2_8 = 2'00
Found init rule in `\sb16_f9_pipe.$proc$sb16_f9_pipe.v:625$128'.
  Set init value: \pr2_8 = 2'00
Found init rule in `\sb16_f9_pipe.$proc$sb16_f9_pipe.v:624$127'.
  Set init value: \pi2_7 = 2'00
Found init rule in `\sb16_f9_pipe.$proc$sb16_f9_pipe.v:624$126'.
  Set init value: \pr2_7 = 2'00
Found init rule in `\sb16_f9_pipe.$proc$sb16_f9_pipe.v:623$125'.
  Set init value: \pi2_6 = 2'00
Found init rule in `\sb16_f9_pipe.$proc$sb16_f9_pipe.v:623$124'.
  Set init value: \pr2_6 = 2'00
Found init rule in `\sb16_f9_pipe.$proc$sb16_f9_pipe.v:622$123'.
  Set init value: \pi2_5 = 2'00
Found init rule in `\sb16_f9_pipe.$proc$sb16_f9_pipe.v:622$122'.
  Set init value: \pr2_5 = 2'00
Found init rule in `\sb16_f9_pipe.$proc$sb16_f9_pipe.v:621$121'.
  Set init value: \pi2_4 = 2'00
Found init rule in `\sb16_f9_pipe.$proc$sb16_f9_pipe.v:621$120'.
  Set init value: \pr2_4 = 2'00
Found init rule in `\sb16_f9_pipe.$proc$sb16_f9_pipe.v:620$119'.
  Set init value: \pi2_3 = 2'00
Found init rule in `\sb16_f9_pipe.$proc$sb16_f9_pipe.v:620$118'.
  Set init value: \pr2_3 = 2'00
Found init rule in `\sb16_f9_pipe.$proc$sb16_f9_pipe.v:619$117'.
  Set init value: \pi2_2 = 2'00
Found init rule in `\sb16_f9_pipe.$proc$sb16_f9_pipe.v:619$116'.
  Set init value: \pr2_2 = 2'00
Found init rule in `\sb16_f9_pipe.$proc$sb16_f9_pipe.v:618$115'.
  Set init value: \pi2_1 = 2'00
Found init rule in `\sb16_f9_pipe.$proc$sb16_f9_pipe.v:618$114'.
  Set init value: \pr2_1 = 2'00
Found init rule in `\sb16_f9_pipe.$proc$sb16_f9_pipe.v:617$113'.
  Set init value: \pi2_0 = 2'00
Found init rule in `\sb16_f9_pipe.$proc$sb16_f9_pipe.v:617$112'.
  Set init value: \pr2_0 = 2'00
Found init rule in `\sb16_f9_pipe.$proc$sb16_f9_pipe.v:616$111'.
  Set init value: \pi1_15 = 2'00
Found init rule in `\sb16_f9_pipe.$proc$sb16_f9_pipe.v:616$110'.
  Set init value: \pr1_15 = 2'00
Found init rule in `\sb16_f9_pipe.$proc$sb16_f9_pipe.v:615$109'.
  Set init value: \pi1_14 = 2'00
Found init rule in `\sb16_f9_pipe.$proc$sb16_f9_pipe.v:615$108'.
  Set init value: \pr1_14 = 2'00
Found init rule in `\sb16_f9_pipe.$proc$sb16_f9_pipe.v:614$107'.
  Set init value: \pi1_13 = 2'00
Found init rule in `\sb16_f9_pipe.$proc$sb16_f9_pipe.v:614$106'.
  Set init value: \pr1_13 = 2'00
Found init rule in `\sb16_f9_pipe.$proc$sb16_f9_pipe.v:613$105'.
  Set init value: \pi1_12 = 2'00
Found init rule in `\sb16_f9_pipe.$proc$sb16_f9_pipe.v:613$104'.
  Set init value: \pr1_12 = 2'00
Found init rule in `\sb16_f9_pipe.$proc$sb16_f9_pipe.v:612$103'.
  Set init value: \pi1_11 = 2'00
Found init rule in `\sb16_f9_pipe.$proc$sb16_f9_pipe.v:612$102'.
  Set init value: \pr1_11 = 2'00
Found init rule in `\sb16_f9_pipe.$proc$sb16_f9_pipe.v:611$101'.
  Set init value: \pi1_10 = 2'00
Found init rule in `\sb16_f9_pipe.$proc$sb16_f9_pipe.v:611$100'.
  Set init value: \pr1_10 = 2'00
Found init rule in `\sb16_f9_pipe.$proc$sb16_f9_pipe.v:610$99'.
  Set init value: \pi1_9 = 2'00
Found init rule in `\sb16_f9_pipe.$proc$sb16_f9_pipe.v:610$98'.
  Set init value: \pr1_9 = 2'00
Found init rule in `\sb16_f9_pipe.$proc$sb16_f9_pipe.v:609$97'.
  Set init value: \pi1_8 = 2'00
Found init rule in `\sb16_f9_pipe.$proc$sb16_f9_pipe.v:609$96'.
  Set init value: \pr1_8 = 2'00
Found init rule in `\sb16_f9_pipe.$proc$sb16_f9_pipe.v:608$95'.
  Set init value: \pi1_7 = 2'00
Found init rule in `\sb16_f9_pipe.$proc$sb16_f9_pipe.v:608$94'.
  Set init value: \pr1_7 = 2'00
Found init rule in `\sb16_f9_pipe.$proc$sb16_f9_pipe.v:607$93'.
  Set init value: \pi1_6 = 2'00
Found init rule in `\sb16_f9_pipe.$proc$sb16_f9_pipe.v:607$92'.
  Set init value: \pr1_6 = 2'00
Found init rule in `\sb16_f9_pipe.$proc$sb16_f9_pipe.v:606$91'.
  Set init value: \pi1_5 = 2'00
Found init rule in `\sb16_f9_pipe.$proc$sb16_f9_pipe.v:606$90'.
  Set init value: \pr1_5 = 2'00
Found init rule in `\sb16_f9_pipe.$proc$sb16_f9_pipe.v:605$89'.
  Set init value: \pi1_4 = 2'00
Found init rule in `\sb16_f9_pipe.$proc$sb16_f9_pipe.v:605$88'.
  Set init value: \pr1_4 = 2'00
Found init rule in `\sb16_f9_pipe.$proc$sb16_f9_pipe.v:604$87'.
  Set init value: \pi1_3 = 2'00
Found init rule in `\sb16_f9_pipe.$proc$sb16_f9_pipe.v:604$86'.
  Set init value: \pr1_3 = 2'00
Found init rule in `\sb16_f9_pipe.$proc$sb16_f9_pipe.v:603$85'.
  Set init value: \pi1_2 = 2'00
Found init rule in `\sb16_f9_pipe.$proc$sb16_f9_pipe.v:603$84'.
  Set init value: \pr1_2 = 2'00
Found init rule in `\sb16_f9_pipe.$proc$sb16_f9_pipe.v:602$83'.
  Set init value: \pi1_1 = 2'00
Found init rule in `\sb16_f9_pipe.$proc$sb16_f9_pipe.v:602$82'.
  Set init value: \pr1_1 = 2'00
Found init rule in `\sb16_f9_pipe.$proc$sb16_f9_pipe.v:601$81'.
  Set init value: \pi1_0 = 2'00
Found init rule in `\sb16_f9_pipe.$proc$sb16_f9_pipe.v:601$80'.
  Set init value: \pr1_0 = 2'00
Found init rule in `\sb16_f9_pipe.$proc$sb16_f9_pipe.v:600$79'.
  Set init value: \pi0_15 = 2'00
Found init rule in `\sb16_f9_pipe.$proc$sb16_f9_pipe.v:600$78'.
  Set init value: \pr0_15 = 2'00
Found init rule in `\sb16_f9_pipe.$proc$sb16_f9_pipe.v:599$77'.
  Set init value: \pi0_14 = 2'00
Found init rule in `\sb16_f9_pipe.$proc$sb16_f9_pipe.v:599$76'.
  Set init value: \pr0_14 = 2'00
Found init rule in `\sb16_f9_pipe.$proc$sb16_f9_pipe.v:598$75'.
  Set init value: \pi0_13 = 2'00
Found init rule in `\sb16_f9_pipe.$proc$sb16_f9_pipe.v:598$74'.
  Set init value: \pr0_13 = 2'00
Found init rule in `\sb16_f9_pipe.$proc$sb16_f9_pipe.v:597$73'.
  Set init value: \pi0_12 = 2'00
Found init rule in `\sb16_f9_pipe.$proc$sb16_f9_pipe.v:597$72'.
  Set init value: \pr0_12 = 2'00
Found init rule in `\sb16_f9_pipe.$proc$sb16_f9_pipe.v:596$71'.
  Set init value: \pi0_11 = 2'00
Found init rule in `\sb16_f9_pipe.$proc$sb16_f9_pipe.v:596$70'.
  Set init value: \pr0_11 = 2'00
Found init rule in `\sb16_f9_pipe.$proc$sb16_f9_pipe.v:595$69'.
  Set init value: \pi0_10 = 2'00
Found init rule in `\sb16_f9_pipe.$proc$sb16_f9_pipe.v:595$68'.
  Set init value: \pr0_10 = 2'00
Found init rule in `\sb16_f9_pipe.$proc$sb16_f9_pipe.v:594$67'.
  Set init value: \pi0_9 = 2'00
Found init rule in `\sb16_f9_pipe.$proc$sb16_f9_pipe.v:594$66'.
  Set init value: \pr0_9 = 2'00
Found init rule in `\sb16_f9_pipe.$proc$sb16_f9_pipe.v:593$65'.
  Set init value: \pi0_8 = 2'00
Found init rule in `\sb16_f9_pipe.$proc$sb16_f9_pipe.v:593$64'.
  Set init value: \pr0_8 = 2'00
Found init rule in `\sb16_f9_pipe.$proc$sb16_f9_pipe.v:592$63'.
  Set init value: \pi0_7 = 2'00
Found init rule in `\sb16_f9_pipe.$proc$sb16_f9_pipe.v:592$62'.
  Set init value: \pr0_7 = 2'00
Found init rule in `\sb16_f9_pipe.$proc$sb16_f9_pipe.v:591$61'.
  Set init value: \pi0_6 = 2'00
Found init rule in `\sb16_f9_pipe.$proc$sb16_f9_pipe.v:591$60'.
  Set init value: \pr0_6 = 2'00
Found init rule in `\sb16_f9_pipe.$proc$sb16_f9_pipe.v:590$59'.
  Set init value: \pi0_5 = 2'00
Found init rule in `\sb16_f9_pipe.$proc$sb16_f9_pipe.v:590$58'.
  Set init value: \pr0_5 = 2'00
Found init rule in `\sb16_f9_pipe.$proc$sb16_f9_pipe.v:589$57'.
  Set init value: \pi0_4 = 2'00
Found init rule in `\sb16_f9_pipe.$proc$sb16_f9_pipe.v:589$56'.
  Set init value: \pr0_4 = 2'00
Found init rule in `\sb16_f9_pipe.$proc$sb16_f9_pipe.v:588$55'.
  Set init value: \pi0_3 = 2'00
Found init rule in `\sb16_f9_pipe.$proc$sb16_f9_pipe.v:588$54'.
  Set init value: \pr0_3 = 2'00
Found init rule in `\sb16_f9_pipe.$proc$sb16_f9_pipe.v:587$53'.
  Set init value: \pi0_2 = 2'00
Found init rule in `\sb16_f9_pipe.$proc$sb16_f9_pipe.v:587$52'.
  Set init value: \pr0_2 = 2'00
Found init rule in `\sb16_f9_pipe.$proc$sb16_f9_pipe.v:586$51'.
  Set init value: \pi0_1 = 2'00
Found init rule in `\sb16_f9_pipe.$proc$sb16_f9_pipe.v:586$50'.
  Set init value: \pr0_1 = 2'00
Found init rule in `\sb16_f9_pipe.$proc$sb16_f9_pipe.v:585$49'.
  Set init value: \pi0_0 = 2'00
Found init rule in `\sb16_f9_pipe.$proc$sb16_f9_pipe.v:585$48'.
  Set init value: \pr0_0 = 2'00
Found init rule in `\ub_complex_31_pipe4.$proc$ub_complex_31_pipe4.v:111$46'.
  Set init value: \v2 = 1'0
Found init rule in `\ub_complex_31_pipe4.$proc$ub_complex_31_pipe4.v:107$45'.
  Set init value: \vsb = 1'0
Found init rule in `\ub_complex_31_pipe4.$proc$ub_complex_31_pipe4.v:85$44'.
  Set init value: \v1 = 1'0
Found init rule in `\ub_complex_31_pipe4.$proc$ub_complex_31_pipe4.v:84$43'.
  Set init value: \B1i_1 = 30'000000000000000000000000000000
Found init rule in `\ub_complex_31_pipe4.$proc$ub_complex_31_pipe4.v:84$42'.
  Set init value: \A1i_1 = 30'000000000000000000000000000000
Found init rule in `\ub_complex_31_pipe4.$proc$ub_complex_31_pipe4.v:83$41'.
  Set init value: \B0i_1 = 0
Found init rule in `\ub_complex_31_pipe4.$proc$ub_complex_31_pipe4.v:83$40'.
  Set init value: \A0i_1 = 0
Found init rule in `\ub_complex_31_pipe4.$proc$ub_complex_31_pipe4.v:83$39'.
  Set init value: \SBi_1 = 0
Found init rule in `\ub_complex_31_pipe4.$proc$ub_complex_31_pipe4.v:83$38'.
  Set init value: \SAi_1 = 0
Found init rule in `\ub_complex_31_pipe4.$proc$ub_complex_31_pipe4.v:82$37'.
  Set init value: \B1r_1 = 30'000000000000000000000000000000
Found init rule in `\ub_complex_31_pipe4.$proc$ub_complex_31_pipe4.v:82$36'.
  Set init value: \A1r_1 = 30'000000000000000000000000000000
Found init rule in `\ub_complex_31_pipe4.$proc$ub_complex_31_pipe4.v:81$35'.
  Set init value: \B0r_1 = 0
Found init rule in `\ub_complex_31_pipe4.$proc$ub_complex_31_pipe4.v:81$34'.
  Set init value: \A0r_1 = 0
Found init rule in `\ub_complex_31_pipe4.$proc$ub_complex_31_pipe4.v:81$33'.
  Set init value: \SBr_1 = 0
Found init rule in `\ub_complex_31_pipe4.$proc$ub_complex_31_pipe4.v:81$32'.
  Set init value: \SAr_1 = 0

15.2.5. Executing PROC_ARST pass (detect async resets in processes).

15.2.6. Executing PROC_ROM pass (convert switches to ROMs).
Converted 0 switches.
<suppressed ~34 debug messages>

15.2.7. Executing PROC_MUX pass (convert decision trees to multiplexers).
Creating decoders for process `\sb15_f9_pipe.$proc$sb15_f9_pipe.v:743$1010'.
Creating decoders for process `\sb15_f9_pipe.$proc$sb15_f9_pipe.v:743$1009'.
Creating decoders for process `\sb15_f9_pipe.$proc$sb15_f9_pipe.v:742$1008'.
Creating decoders for process `\sb15_f9_pipe.$proc$sb15_f9_pipe.v:742$1007'.
Creating decoders for process `\sb15_f9_pipe.$proc$sb15_f9_pipe.v:741$1006'.
Creating decoders for process `\sb15_f9_pipe.$proc$sb15_f9_pipe.v:741$1005'.
Creating decoders for process `\sb15_f9_pipe.$proc$sb15_f9_pipe.v:740$1004'.
Creating decoders for process `\sb15_f9_pipe.$proc$sb15_f9_pipe.v:740$1003'.
Creating decoders for process `\sb15_f9_pipe.$proc$sb15_f9_pipe.v:739$1002'.
Creating decoders for process `\sb15_f9_pipe.$proc$sb15_f9_pipe.v:739$1001'.
Creating decoders for process `\sb15_f9_pipe.$proc$sb15_f9_pipe.v:738$1000'.
Creating decoders for process `\sb15_f9_pipe.$proc$sb15_f9_pipe.v:738$999'.
Creating decoders for process `\sb15_f9_pipe.$proc$sb15_f9_pipe.v:737$998'.
Creating decoders for process `\sb15_f9_pipe.$proc$sb15_f9_pipe.v:737$997'.
Creating decoders for process `\sb15_f9_pipe.$proc$sb15_f9_pipe.v:736$996'.
Creating decoders for process `\sb15_f9_pipe.$proc$sb15_f9_pipe.v:736$995'.
Creating decoders for process `\sb15_f9_pipe.$proc$sb15_f9_pipe.v:735$994'.
Creating decoders for process `\sb15_f9_pipe.$proc$sb15_f9_pipe.v:735$993'.
Creating decoders for process `\sb15_f9_pipe.$proc$sb15_f9_pipe.v:734$992'.
Creating decoders for process `\sb15_f9_pipe.$proc$sb15_f9_pipe.v:734$991'.
Creating decoders for process `\sb15_f9_pipe.$proc$sb15_f9_pipe.v:733$990'.
Creating decoders for process `\sb15_f9_pipe.$proc$sb15_f9_pipe.v:733$989'.
Creating decoders for process `\sb15_f9_pipe.$proc$sb15_f9_pipe.v:732$988'.
Creating decoders for process `\sb15_f9_pipe.$proc$sb15_f9_pipe.v:732$987'.
Creating decoders for process `\sb15_f9_pipe.$proc$sb15_f9_pipe.v:731$986'.
Creating decoders for process `\sb15_f9_pipe.$proc$sb15_f9_pipe.v:731$985'.
Creating decoders for process `\sb15_f9_pipe.$proc$sb15_f9_pipe.v:730$984'.
Creating decoders for process `\sb15_f9_pipe.$proc$sb15_f9_pipe.v:730$983'.
Creating decoders for process `\sb15_f9_pipe.$proc$sb15_f9_pipe.v:729$982'.
Creating decoders for process `\sb15_f9_pipe.$proc$sb15_f9_pipe.v:729$981'.
Creating decoders for process `\sb15_f9_pipe.$proc$sb15_f9_pipe.v:728$980'.
Creating decoders for process `\sb15_f9_pipe.$proc$sb15_f9_pipe.v:728$979'.
Creating decoders for process `\sb15_f9_pipe.$proc$sb15_f9_pipe.v:727$978'.
Creating decoders for process `\sb15_f9_pipe.$proc$sb15_f9_pipe.v:727$977'.
Creating decoders for process `\sb15_f9_pipe.$proc$sb15_f9_pipe.v:726$976'.
Creating decoders for process `\sb15_f9_pipe.$proc$sb15_f9_pipe.v:726$975'.
Creating decoders for process `\sb15_f9_pipe.$proc$sb15_f9_pipe.v:725$974'.
Creating decoders for process `\sb15_f9_pipe.$proc$sb15_f9_pipe.v:725$973'.
Creating decoders for process `\sb15_f9_pipe.$proc$sb15_f9_pipe.v:724$972'.
Creating decoders for process `\sb15_f9_pipe.$proc$sb15_f9_pipe.v:724$971'.
Creating decoders for process `\sb15_f9_pipe.$proc$sb15_f9_pipe.v:723$970'.
Creating decoders for process `\sb15_f9_pipe.$proc$sb15_f9_pipe.v:723$969'.
Creating decoders for process `\sb15_f9_pipe.$proc$sb15_f9_pipe.v:722$968'.
Creating decoders for process `\sb15_f9_pipe.$proc$sb15_f9_pipe.v:722$967'.
Creating decoders for process `\sb15_f9_pipe.$proc$sb15_f9_pipe.v:721$966'.
Creating decoders for process `\sb15_f9_pipe.$proc$sb15_f9_pipe.v:721$965'.
Creating decoders for process `\sb15_f9_pipe.$proc$sb15_f9_pipe.v:720$964'.
Creating decoders for process `\sb15_f9_pipe.$proc$sb15_f9_pipe.v:720$963'.
Creating decoders for process `\sb15_f9_pipe.$proc$sb15_f9_pipe.v:719$962'.
Creating decoders for process `\sb15_f9_pipe.$proc$sb15_f9_pipe.v:719$961'.
Creating decoders for process `\sb15_f9_pipe.$proc$sb15_f9_pipe.v:718$960'.
Creating decoders for process `\sb15_f9_pipe.$proc$sb15_f9_pipe.v:718$959'.
Creating decoders for process `\sb15_f9_pipe.$proc$sb15_f9_pipe.v:717$958'.
Creating decoders for process `\sb15_f9_pipe.$proc$sb15_f9_pipe.v:717$957'.
Creating decoders for process `\sb15_f9_pipe.$proc$sb15_f9_pipe.v:716$956'.
Creating decoders for process `\sb15_f9_pipe.$proc$sb15_f9_pipe.v:716$955'.
Creating decoders for process `\sb15_f9_pipe.$proc$sb15_f9_pipe.v:715$954'.
Creating decoders for process `\sb15_f9_pipe.$proc$sb15_f9_pipe.v:715$953'.
Creating decoders for process `\sb15_f9_pipe.$proc$sb15_f9_pipe.v:714$952'.
Creating decoders for process `\sb15_f9_pipe.$proc$sb15_f9_pipe.v:714$951'.
Creating decoders for process `\sb15_f9_pipe.$proc$sb15_f9_pipe.v:713$950'.
Creating decoders for process `\sb15_f9_pipe.$proc$sb15_f9_pipe.v:713$949'.
Creating decoders for process `\sb15_f9_pipe.$proc$sb15_f9_pipe.v:712$948'.
Creating decoders for process `\sb15_f9_pipe.$proc$sb15_f9_pipe.v:712$947'.
Creating decoders for process `\sb15_f9_pipe.$proc$sb15_f9_pipe.v:711$946'.
Creating decoders for process `\sb15_f9_pipe.$proc$sb15_f9_pipe.v:711$945'.
Creating decoders for process `\sb15_f9_pipe.$proc$sb15_f9_pipe.v:710$944'.
Creating decoders for process `\sb15_f9_pipe.$proc$sb15_f9_pipe.v:710$943'.
Creating decoders for process `\sb15_f9_pipe.$proc$sb15_f9_pipe.v:709$942'.
Creating decoders for process `\sb15_f9_pipe.$proc$sb15_f9_pipe.v:709$941'.
Creating decoders for process `\sb15_f9_pipe.$proc$sb15_f9_pipe.v:708$940'.
Creating decoders for process `\sb15_f9_pipe.$proc$sb15_f9_pipe.v:708$939'.
Creating decoders for process `\sb15_f9_pipe.$proc$sb15_f9_pipe.v:707$938'.
Creating decoders for process `\sb15_f9_pipe.$proc$sb15_f9_pipe.v:707$937'.
Creating decoders for process `\sb15_f9_pipe.$proc$sb15_f9_pipe.v:706$936'.
Creating decoders for process `\sb15_f9_pipe.$proc$sb15_f9_pipe.v:706$935'.
Creating decoders for process `\sb15_f9_pipe.$proc$sb15_f9_pipe.v:705$934'.
Creating decoders for process `\sb15_f9_pipe.$proc$sb15_f9_pipe.v:705$933'.
Creating decoders for process `\sb15_f9_pipe.$proc$sb15_f9_pipe.v:704$932'.
Creating decoders for process `\sb15_f9_pipe.$proc$sb15_f9_pipe.v:704$931'.
Creating decoders for process `\sb15_f9_pipe.$proc$sb15_f9_pipe.v:703$930'.
Creating decoders for process `\sb15_f9_pipe.$proc$sb15_f9_pipe.v:703$929'.
Creating decoders for process `\sb15_f9_pipe.$proc$sb15_f9_pipe.v:702$928'.
Creating decoders for process `\sb15_f9_pipe.$proc$sb15_f9_pipe.v:702$927'.
Creating decoders for process `\sb15_f9_pipe.$proc$sb15_f9_pipe.v:701$926'.
Creating decoders for process `\sb15_f9_pipe.$proc$sb15_f9_pipe.v:701$925'.
Creating decoders for process `\sb15_f9_pipe.$proc$sb15_f9_pipe.v:700$924'.
Creating decoders for process `\sb15_f9_pipe.$proc$sb15_f9_pipe.v:700$923'.
Creating decoders for process `\sb15_f9_pipe.$proc$sb15_f9_pipe.v:699$922'.
Creating decoders for process `\sb15_f9_pipe.$proc$sb15_f9_pipe.v:699$921'.
Creating decoders for process `\sb15_f9_pipe.$proc$sb15_f9_pipe.v:698$920'.
Creating decoders for process `\sb15_f9_pipe.$proc$sb15_f9_pipe.v:698$919'.
Creating decoders for process `\sb15_f9_pipe.$proc$sb15_f9_pipe.v:697$918'.
Creating decoders for process `\sb15_f9_pipe.$proc$sb15_f9_pipe.v:697$917'.
Creating decoders for process `\sb15_f9_pipe.$proc$sb15_f9_pipe.v:696$916'.
Creating decoders for process `\sb15_f9_pipe.$proc$sb15_f9_pipe.v:696$915'.
Creating decoders for process `\sb15_f9_pipe.$proc$sb15_f9_pipe.v:695$914'.
Creating decoders for process `\sb15_f9_pipe.$proc$sb15_f9_pipe.v:695$913'.
Creating decoders for process `\sb15_f9_pipe.$proc$sb15_f9_pipe.v:694$912'.
Creating decoders for process `\sb15_f9_pipe.$proc$sb15_f9_pipe.v:694$911'.
Creating decoders for process `\sb15_f9_pipe.$proc$sb15_f9_pipe.v:693$910'.
Creating decoders for process `\sb15_f9_pipe.$proc$sb15_f9_pipe.v:693$909'.
Creating decoders for process `\sb15_f9_pipe.$proc$sb15_f9_pipe.v:692$908'.
Creating decoders for process `\sb15_f9_pipe.$proc$sb15_f9_pipe.v:692$907'.
Creating decoders for process `\sb15_f9_pipe.$proc$sb15_f9_pipe.v:691$906'.
Creating decoders for process `\sb15_f9_pipe.$proc$sb15_f9_pipe.v:691$905'.
Creating decoders for process `\sb15_f9_pipe.$proc$sb15_f9_pipe.v:690$904'.
Creating decoders for process `\sb15_f9_pipe.$proc$sb15_f9_pipe.v:690$903'.
Creating decoders for process `\sb15_f9_pipe.$proc$sb15_f9_pipe.v:689$902'.
Creating decoders for process `\sb15_f9_pipe.$proc$sb15_f9_pipe.v:689$901'.
Creating decoders for process `\sb15_f9_pipe.$proc$sb15_f9_pipe.v:688$900'.
Creating decoders for process `\sb15_f9_pipe.$proc$sb15_f9_pipe.v:688$899'.
Creating decoders for process `\sb15_f9_pipe.$proc$sb15_f9_pipe.v:687$898'.
Creating decoders for process `\sb15_f9_pipe.$proc$sb15_f9_pipe.v:687$897'.
Creating decoders for process `\sb15_f9_pipe.$proc$sb15_f9_pipe.v:686$896'.
Creating decoders for process `\sb15_f9_pipe.$proc$sb15_f9_pipe.v:686$895'.
Creating decoders for process `\sb15_f9_pipe.$proc$sb15_f9_pipe.v:685$894'.
Creating decoders for process `\sb15_f9_pipe.$proc$sb15_f9_pipe.v:685$893'.
Creating decoders for process `\sb15_f9_pipe.$proc$sb15_f9_pipe.v:684$892'.
Creating decoders for process `\sb15_f9_pipe.$proc$sb15_f9_pipe.v:684$891'.
Creating decoders for process `\sb15_f9_pipe.$proc$sb15_f9_pipe.v:683$890'.
Creating decoders for process `\sb15_f9_pipe.$proc$sb15_f9_pipe.v:683$889'.
Creating decoders for process `\sb15_f9_pipe.$proc$sb15_f9_pipe.v:682$888'.
Creating decoders for process `\sb15_f9_pipe.$proc$sb15_f9_pipe.v:682$887'.
Creating decoders for process `\sb15_f9_pipe.$proc$sb15_f9_pipe.v:681$886'.
Creating decoders for process `\sb15_f9_pipe.$proc$sb15_f9_pipe.v:681$885'.
Creating decoders for process `\sb15_f9_pipe.$proc$sb15_f9_pipe.v:680$884'.
Creating decoders for process `\sb15_f9_pipe.$proc$sb15_f9_pipe.v:680$883'.
Creating decoders for process `\sb15_f9_pipe.$proc$sb15_f9_pipe.v:679$882'.
Creating decoders for process `\sb15_f9_pipe.$proc$sb15_f9_pipe.v:679$881'.
Creating decoders for process `\sb15_f9_pipe.$proc$sb15_f9_pipe.v:678$880'.
Creating decoders for process `\sb15_f9_pipe.$proc$sb15_f9_pipe.v:678$879'.
Creating decoders for process `\sb15_f9_pipe.$proc$sb15_f9_pipe.v:677$878'.
Creating decoders for process `\sb15_f9_pipe.$proc$sb15_f9_pipe.v:677$877'.
Creating decoders for process `\sb15_f9_pipe.$proc$sb15_f9_pipe.v:676$876'.
Creating decoders for process `\sb15_f9_pipe.$proc$sb15_f9_pipe.v:676$875'.
Creating decoders for process `\sb15_f9_pipe.$proc$sb15_f9_pipe.v:675$874'.
Creating decoders for process `\sb15_f9_pipe.$proc$sb15_f9_pipe.v:675$873'.
Creating decoders for process `\sb15_f9_pipe.$proc$sb15_f9_pipe.v:674$872'.
Creating decoders for process `\sb15_f9_pipe.$proc$sb15_f9_pipe.v:674$871'.
Creating decoders for process `\sb15_f9_pipe.$proc$sb15_f9_pipe.v:673$870'.
Creating decoders for process `\sb15_f9_pipe.$proc$sb15_f9_pipe.v:673$869'.
Creating decoders for process `\sb15_f9_pipe.$proc$sb15_f9_pipe.v:672$868'.
Creating decoders for process `\sb15_f9_pipe.$proc$sb15_f9_pipe.v:672$867'.
Creating decoders for process `\sb15_f9_pipe.$proc$sb15_f9_pipe.v:671$866'.
Creating decoders for process `\sb15_f9_pipe.$proc$sb15_f9_pipe.v:671$865'.
Creating decoders for process `\sb15_f9_pipe.$proc$sb15_f9_pipe.v:670$864'.
Creating decoders for process `\sb15_f9_pipe.$proc$sb15_f9_pipe.v:670$863'.
Creating decoders for process `\sb15_f9_pipe.$proc$sb15_f9_pipe.v:669$862'.
Creating decoders for process `\sb15_f9_pipe.$proc$sb15_f9_pipe.v:669$861'.
Creating decoders for process `\sb15_f9_pipe.$proc$sb15_f9_pipe.v:668$860'.
Creating decoders for process `\sb15_f9_pipe.$proc$sb15_f9_pipe.v:668$859'.
Creating decoders for process `\sb15_f9_pipe.$proc$sb15_f9_pipe.v:667$858'.
Creating decoders for process `\sb15_f9_pipe.$proc$sb15_f9_pipe.v:667$857'.
Creating decoders for process `\sb15_f9_pipe.$proc$sb15_f9_pipe.v:666$856'.
Creating decoders for process `\sb15_f9_pipe.$proc$sb15_f9_pipe.v:666$855'.
Creating decoders for process `\sb15_f9_pipe.$proc$sb15_f9_pipe.v:665$854'.
Creating decoders for process `\sb15_f9_pipe.$proc$sb15_f9_pipe.v:665$853'.
Creating decoders for process `\sb15_f9_pipe.$proc$sb15_f9_pipe.v:664$852'.
Creating decoders for process `\sb15_f9_pipe.$proc$sb15_f9_pipe.v:664$851'.
Creating decoders for process `\sb15_f9_pipe.$proc$sb15_f9_pipe.v:663$850'.
Creating decoders for process `\sb15_f9_pipe.$proc$sb15_f9_pipe.v:663$849'.
Creating decoders for process `\sb15_f9_pipe.$proc$sb15_f9_pipe.v:662$848'.
Creating decoders for process `\sb15_f9_pipe.$proc$sb15_f9_pipe.v:662$847'.
Creating decoders for process `\sb15_f9_pipe.$proc$sb15_f9_pipe.v:661$846'.
Creating decoders for process `\sb15_f9_pipe.$proc$sb15_f9_pipe.v:661$845'.
Creating decoders for process `\sb15_f9_pipe.$proc$sb15_f9_pipe.v:660$844'.
Creating decoders for process `\sb15_f9_pipe.$proc$sb15_f9_pipe.v:660$843'.
Creating decoders for process `\sb15_f9_pipe.$proc$sb15_f9_pipe.v:659$842'.
Creating decoders for process `\sb15_f9_pipe.$proc$sb15_f9_pipe.v:659$841'.
Creating decoders for process `\sb15_f9_pipe.$proc$sb15_f9_pipe.v:658$840'.
Creating decoders for process `\sb15_f9_pipe.$proc$sb15_f9_pipe.v:658$839'.
Creating decoders for process `\sb15_f9_pipe.$proc$sb15_f9_pipe.v:657$838'.
Creating decoders for process `\sb15_f9_pipe.$proc$sb15_f9_pipe.v:657$837'.
Creating decoders for process `\sb15_f9_pipe.$proc$sb15_f9_pipe.v:656$836'.
Creating decoders for process `\sb15_f9_pipe.$proc$sb15_f9_pipe.v:656$835'.
Creating decoders for process `\sb15_f9_pipe.$proc$sb15_f9_pipe.v:655$834'.
Creating decoders for process `\sb15_f9_pipe.$proc$sb15_f9_pipe.v:655$833'.
Creating decoders for process `\sb15_f9_pipe.$proc$sb15_f9_pipe.v:654$832'.
Creating decoders for process `\sb15_f9_pipe.$proc$sb15_f9_pipe.v:654$831'.
Creating decoders for process `\sb15_f9_pipe.$proc$sb15_f9_pipe.v:653$830'.
Creating decoders for process `\sb15_f9_pipe.$proc$sb15_f9_pipe.v:653$829'.
Creating decoders for process `\sb15_f9_pipe.$proc$sb15_f9_pipe.v:652$828'.
Creating decoders for process `\sb15_f9_pipe.$proc$sb15_f9_pipe.v:652$827'.
Creating decoders for process `\sb15_f9_pipe.$proc$sb15_f9_pipe.v:651$826'.
Creating decoders for process `\sb15_f9_pipe.$proc$sb15_f9_pipe.v:651$825'.
Creating decoders for process `\sb15_f9_pipe.$proc$sb15_f9_pipe.v:650$824'.
Creating decoders for process `\sb15_f9_pipe.$proc$sb15_f9_pipe.v:650$823'.
Creating decoders for process `\sb15_f9_pipe.$proc$sb15_f9_pipe.v:649$822'.
Creating decoders for process `\sb15_f9_pipe.$proc$sb15_f9_pipe.v:649$821'.
Creating decoders for process `\sb15_f9_pipe.$proc$sb15_f9_pipe.v:648$820'.
Creating decoders for process `\sb15_f9_pipe.$proc$sb15_f9_pipe.v:648$819'.
Creating decoders for process `\sb15_f9_pipe.$proc$sb15_f9_pipe.v:647$818'.
Creating decoders for process `\sb15_f9_pipe.$proc$sb15_f9_pipe.v:647$817'.
Creating decoders for process `\sb15_f9_pipe.$proc$sb15_f9_pipe.v:646$816'.
Creating decoders for process `\sb15_f9_pipe.$proc$sb15_f9_pipe.v:646$815'.
Creating decoders for process `\sb15_f9_pipe.$proc$sb15_f9_pipe.v:645$814'.
Creating decoders for process `\sb15_f9_pipe.$proc$sb15_f9_pipe.v:645$813'.
Creating decoders for process `\sb15_f9_pipe.$proc$sb15_f9_pipe.v:644$812'.
Creating decoders for process `\sb15_f9_pipe.$proc$sb15_f9_pipe.v:644$811'.
Creating decoders for process `\sb15_f9_pipe.$proc$sb15_f9_pipe.v:643$810'.
Creating decoders for process `\sb15_f9_pipe.$proc$sb15_f9_pipe.v:643$809'.
Creating decoders for process `\sb15_f9_pipe.$proc$sb15_f9_pipe.v:642$808'.
Creating decoders for process `\sb15_f9_pipe.$proc$sb15_f9_pipe.v:642$807'.
Creating decoders for process `\sb15_f9_pipe.$proc$sb15_f9_pipe.v:641$806'.
Creating decoders for process `\sb15_f9_pipe.$proc$sb15_f9_pipe.v:641$805'.
Creating decoders for process `\sb15_f9_pipe.$proc$sb15_f9_pipe.v:640$804'.
Creating decoders for process `\sb15_f9_pipe.$proc$sb15_f9_pipe.v:640$803'.
Creating decoders for process `\sb15_f9_pipe.$proc$sb15_f9_pipe.v:639$802'.
Creating decoders for process `\sb15_f9_pipe.$proc$sb15_f9_pipe.v:639$801'.
Creating decoders for process `\sb15_f9_pipe.$proc$sb15_f9_pipe.v:638$800'.
Creating decoders for process `\sb15_f9_pipe.$proc$sb15_f9_pipe.v:638$799'.
Creating decoders for process `\sb15_f9_pipe.$proc$sb15_f9_pipe.v:637$798'.
Creating decoders for process `\sb15_f9_pipe.$proc$sb15_f9_pipe.v:637$797'.
Creating decoders for process `\sb15_f9_pipe.$proc$sb15_f9_pipe.v:636$796'.
Creating decoders for process `\sb15_f9_pipe.$proc$sb15_f9_pipe.v:636$795'.
Creating decoders for process `\sb15_f9_pipe.$proc$sb15_f9_pipe.v:635$794'.
Creating decoders for process `\sb15_f9_pipe.$proc$sb15_f9_pipe.v:635$793'.
Creating decoders for process `\sb15_f9_pipe.$proc$sb15_f9_pipe.v:634$792'.
Creating decoders for process `\sb15_f9_pipe.$proc$sb15_f9_pipe.v:634$791'.
Creating decoders for process `\sb15_f9_pipe.$proc$sb15_f9_pipe.v:633$790'.
Creating decoders for process `\sb15_f9_pipe.$proc$sb15_f9_pipe.v:633$789'.
Creating decoders for process `\sb15_f9_pipe.$proc$sb15_f9_pipe.v:632$788'.
Creating decoders for process `\sb15_f9_pipe.$proc$sb15_f9_pipe.v:632$787'.
Creating decoders for process `\sb15_f9_pipe.$proc$sb15_f9_pipe.v:631$786'.
Creating decoders for process `\sb15_f9_pipe.$proc$sb15_f9_pipe.v:631$785'.
Creating decoders for process `\sb15_f9_pipe.$proc$sb15_f9_pipe.v:630$784'.
Creating decoders for process `\sb15_f9_pipe.$proc$sb15_f9_pipe.v:630$783'.
Creating decoders for process `\sb15_f9_pipe.$proc$sb15_f9_pipe.v:629$782'.
Creating decoders for process `\sb15_f9_pipe.$proc$sb15_f9_pipe.v:629$781'.
Creating decoders for process `\sb15_f9_pipe.$proc$sb15_f9_pipe.v:628$780'.
Creating decoders for process `\sb15_f9_pipe.$proc$sb15_f9_pipe.v:628$779'.
Creating decoders for process `\sb15_f9_pipe.$proc$sb15_f9_pipe.v:627$778'.
Creating decoders for process `\sb15_f9_pipe.$proc$sb15_f9_pipe.v:627$777'.
Creating decoders for process `\sb15_f9_pipe.$proc$sb15_f9_pipe.v:626$776'.
Creating decoders for process `\sb15_f9_pipe.$proc$sb15_f9_pipe.v:626$775'.
Creating decoders for process `\sb15_f9_pipe.$proc$sb15_f9_pipe.v:625$774'.
Creating decoders for process `\sb15_f9_pipe.$proc$sb15_f9_pipe.v:625$773'.
Creating decoders for process `\sb15_f9_pipe.$proc$sb15_f9_pipe.v:624$772'.
Creating decoders for process `\sb15_f9_pipe.$proc$sb15_f9_pipe.v:624$771'.
Creating decoders for process `\sb15_f9_pipe.$proc$sb15_f9_pipe.v:623$770'.
Creating decoders for process `\sb15_f9_pipe.$proc$sb15_f9_pipe.v:623$769'.
Creating decoders for process `\sb15_f9_pipe.$proc$sb15_f9_pipe.v:622$768'.
Creating decoders for process `\sb15_f9_pipe.$proc$sb15_f9_pipe.v:622$767'.
Creating decoders for process `\sb15_f9_pipe.$proc$sb15_f9_pipe.v:621$766'.
Creating decoders for process `\sb15_f9_pipe.$proc$sb15_f9_pipe.v:621$765'.
Creating decoders for process `\sb15_f9_pipe.$proc$sb15_f9_pipe.v:620$764'.
Creating decoders for process `\sb15_f9_pipe.$proc$sb15_f9_pipe.v:620$763'.
Creating decoders for process `\sb15_f9_pipe.$proc$sb15_f9_pipe.v:619$762'.
Creating decoders for process `\sb15_f9_pipe.$proc$sb15_f9_pipe.v:619$761'.
Creating decoders for process `\sb15_f9_pipe.$proc$sb15_f9_pipe.v:618$760'.
Creating decoders for process `\sb15_f9_pipe.$proc$sb15_f9_pipe.v:618$759'.
Creating decoders for process `\sb15_f9_pipe.$proc$sb15_f9_pipe.v:617$758'.
Creating decoders for process `\sb15_f9_pipe.$proc$sb15_f9_pipe.v:617$757'.
Creating decoders for process `\sb15_f9_pipe.$proc$sb15_f9_pipe.v:616$756'.
Creating decoders for process `\sb15_f9_pipe.$proc$sb15_f9_pipe.v:616$755'.
Creating decoders for process `\sb15_f9_pipe.$proc$sb15_f9_pipe.v:615$754'.
Creating decoders for process `\sb15_f9_pipe.$proc$sb15_f9_pipe.v:615$753'.
Creating decoders for process `\sb15_f9_pipe.$proc$sb15_f9_pipe.v:614$752'.
Creating decoders for process `\sb15_f9_pipe.$proc$sb15_f9_pipe.v:614$751'.
Creating decoders for process `\sb15_f9_pipe.$proc$sb15_f9_pipe.v:613$750'.
Creating decoders for process `\sb15_f9_pipe.$proc$sb15_f9_pipe.v:613$749'.
Creating decoders for process `\sb15_f9_pipe.$proc$sb15_f9_pipe.v:612$748'.
Creating decoders for process `\sb15_f9_pipe.$proc$sb15_f9_pipe.v:612$747'.
Creating decoders for process `\sb15_f9_pipe.$proc$sb15_f9_pipe.v:611$746'.
Creating decoders for process `\sb15_f9_pipe.$proc$sb15_f9_pipe.v:611$745'.
Creating decoders for process `\sb15_f9_pipe.$proc$sb15_f9_pipe.v:610$744'.
Creating decoders for process `\sb15_f9_pipe.$proc$sb15_f9_pipe.v:610$743'.
Creating decoders for process `\sb15_f9_pipe.$proc$sb15_f9_pipe.v:609$742'.
Creating decoders for process `\sb15_f9_pipe.$proc$sb15_f9_pipe.v:609$741'.
Creating decoders for process `\sb15_f9_pipe.$proc$sb15_f9_pipe.v:608$740'.
Creating decoders for process `\sb15_f9_pipe.$proc$sb15_f9_pipe.v:608$739'.
Creating decoders for process `\sb15_f9_pipe.$proc$sb15_f9_pipe.v:607$738'.
Creating decoders for process `\sb15_f9_pipe.$proc$sb15_f9_pipe.v:607$737'.
Creating decoders for process `\sb15_f9_pipe.$proc$sb15_f9_pipe.v:606$736'.
Creating decoders for process `\sb15_f9_pipe.$proc$sb15_f9_pipe.v:606$735'.
Creating decoders for process `\sb15_f9_pipe.$proc$sb15_f9_pipe.v:605$734'.
Creating decoders for process `\sb15_f9_pipe.$proc$sb15_f9_pipe.v:605$733'.
Creating decoders for process `\sb15_f9_pipe.$proc$sb15_f9_pipe.v:604$732'.
Creating decoders for process `\sb15_f9_pipe.$proc$sb15_f9_pipe.v:604$731'.
Creating decoders for process `\sb15_f9_pipe.$proc$sb15_f9_pipe.v:603$730'.
Creating decoders for process `\sb15_f9_pipe.$proc$sb15_f9_pipe.v:603$729'.
Creating decoders for process `\sb15_f9_pipe.$proc$sb15_f9_pipe.v:602$728'.
Creating decoders for process `\sb15_f9_pipe.$proc$sb15_f9_pipe.v:602$727'.
Creating decoders for process `\sb15_f9_pipe.$proc$sb15_f9_pipe.v:601$726'.
Creating decoders for process `\sb15_f9_pipe.$proc$sb15_f9_pipe.v:601$725'.
Creating decoders for process `\sb15_f9_pipe.$proc$sb15_f9_pipe.v:600$724'.
Creating decoders for process `\sb15_f9_pipe.$proc$sb15_f9_pipe.v:600$723'.
Creating decoders for process `\sb15_f9_pipe.$proc$sb15_f9_pipe.v:599$722'.
Creating decoders for process `\sb15_f9_pipe.$proc$sb15_f9_pipe.v:599$721'.
Creating decoders for process `\sb15_f9_pipe.$proc$sb15_f9_pipe.v:598$720'.
Creating decoders for process `\sb15_f9_pipe.$proc$sb15_f9_pipe.v:598$719'.
Creating decoders for process `\sb15_f9_pipe.$proc$sb15_f9_pipe.v:597$718'.
Creating decoders for process `\sb15_f9_pipe.$proc$sb15_f9_pipe.v:597$717'.
Creating decoders for process `\sb15_f9_pipe.$proc$sb15_f9_pipe.v:596$716'.
Creating decoders for process `\sb15_f9_pipe.$proc$sb15_f9_pipe.v:596$715'.
Creating decoders for process `\sb15_f9_pipe.$proc$sb15_f9_pipe.v:595$714'.
Creating decoders for process `\sb15_f9_pipe.$proc$sb15_f9_pipe.v:595$713'.
Creating decoders for process `\sb15_f9_pipe.$proc$sb15_f9_pipe.v:594$712'.
Creating decoders for process `\sb15_f9_pipe.$proc$sb15_f9_pipe.v:594$711'.
Creating decoders for process `\sb15_f9_pipe.$proc$sb15_f9_pipe.v:593$710'.
Creating decoders for process `\sb15_f9_pipe.$proc$sb15_f9_pipe.v:593$709'.
Creating decoders for process `\sb15_f9_pipe.$proc$sb15_f9_pipe.v:592$708'.
Creating decoders for process `\sb15_f9_pipe.$proc$sb15_f9_pipe.v:592$707'.
Creating decoders for process `\sb15_f9_pipe.$proc$sb15_f9_pipe.v:591$706'.
Creating decoders for process `\sb15_f9_pipe.$proc$sb15_f9_pipe.v:591$705'.
Creating decoders for process `\sb15_f9_pipe.$proc$sb15_f9_pipe.v:590$704'.
Creating decoders for process `\sb15_f9_pipe.$proc$sb15_f9_pipe.v:590$703'.
Creating decoders for process `\sb15_f9_pipe.$proc$sb15_f9_pipe.v:589$702'.
Creating decoders for process `\sb15_f9_pipe.$proc$sb15_f9_pipe.v:589$701'.
Creating decoders for process `\sb15_f9_pipe.$proc$sb15_f9_pipe.v:588$700'.
Creating decoders for process `\sb15_f9_pipe.$proc$sb15_f9_pipe.v:588$699'.
Creating decoders for process `\sb15_f9_pipe.$proc$sb15_f9_pipe.v:587$698'.
Creating decoders for process `\sb15_f9_pipe.$proc$sb15_f9_pipe.v:587$697'.
Creating decoders for process `\sb15_f9_pipe.$proc$sb15_f9_pipe.v:586$696'.
Creating decoders for process `\sb15_f9_pipe.$proc$sb15_f9_pipe.v:586$695'.
Creating decoders for process `\sb15_f9_pipe.$proc$sb15_f9_pipe.v:585$694'.
Creating decoders for process `\sb15_f9_pipe.$proc$sb15_f9_pipe.v:585$693'.
Creating decoders for process `\sb15_f9_pipe.$proc$sb15_f9_pipe.v:584$692'.
Creating decoders for process `\sb15_f9_pipe.$proc$sb15_f9_pipe.v:584$691'.
Creating decoders for process `\sb15_f9_pipe.$proc$sb15_f9_pipe.v:583$690'.
Creating decoders for process `\sb15_f9_pipe.$proc$sb15_f9_pipe.v:583$689'.
Creating decoders for process `\sb15_f9_pipe.$proc$sb15_f9_pipe.v:582$688'.
Creating decoders for process `\sb15_f9_pipe.$proc$sb15_f9_pipe.v:582$687'.
Creating decoders for process `\sb15_f9_pipe.$proc$sb15_f9_pipe.v:581$686'.
Creating decoders for process `\sb15_f9_pipe.$proc$sb15_f9_pipe.v:581$685'.
Creating decoders for process `\sb15_f9_pipe.$proc$sb15_f9_pipe.v:580$684'.
Creating decoders for process `\sb15_f9_pipe.$proc$sb15_f9_pipe.v:580$683'.
Creating decoders for process `\sb15_f9_pipe.$proc$sb15_f9_pipe.v:579$682'.
Creating decoders for process `\sb15_f9_pipe.$proc$sb15_f9_pipe.v:579$681'.
Creating decoders for process `\sb15_f9_pipe.$proc$sb15_f9_pipe.v:578$680'.
Creating decoders for process `\sb15_f9_pipe.$proc$sb15_f9_pipe.v:578$679'.
Creating decoders for process `\sb15_f9_pipe.$proc$sb15_f9_pipe.v:577$678'.
Creating decoders for process `\sb15_f9_pipe.$proc$sb15_f9_pipe.v:577$677'.
Creating decoders for process `\sb15_f9_pipe.$proc$sb15_f9_pipe.v:576$676'.
Creating decoders for process `\sb15_f9_pipe.$proc$sb15_f9_pipe.v:576$675'.
Creating decoders for process `\sb15_f9_pipe.$proc$sb15_f9_pipe.v:575$674'.
Creating decoders for process `\sb15_f9_pipe.$proc$sb15_f9_pipe.v:575$673'.
Creating decoders for process `\sb15_f9_pipe.$proc$sb15_f9_pipe.v:574$672'.
Creating decoders for process `\sb15_f9_pipe.$proc$sb15_f9_pipe.v:574$671'.
Creating decoders for process `\sb15_f9_pipe.$proc$sb15_f9_pipe.v:573$670'.
Creating decoders for process `\sb15_f9_pipe.$proc$sb15_f9_pipe.v:573$669'.
Creating decoders for process `\sb15_f9_pipe.$proc$sb15_f9_pipe.v:572$668'.
Creating decoders for process `\sb15_f9_pipe.$proc$sb15_f9_pipe.v:572$667'.
Creating decoders for process `\sb15_f9_pipe.$proc$sb15_f9_pipe.v:571$666'.
Creating decoders for process `\sb15_f9_pipe.$proc$sb15_f9_pipe.v:571$665'.
Creating decoders for process `\sb15_f9_pipe.$proc$sb15_f9_pipe.v:570$664'.
Creating decoders for process `\sb15_f9_pipe.$proc$sb15_f9_pipe.v:570$663'.
Creating decoders for process `\sb15_f9_pipe.$proc$sb15_f9_pipe.v:569$662'.
Creating decoders for process `\sb15_f9_pipe.$proc$sb15_f9_pipe.v:569$661'.
Creating decoders for process `\sb15_f9_pipe.$proc$sb15_f9_pipe.v:568$660'.
Creating decoders for process `\sb15_f9_pipe.$proc$sb15_f9_pipe.v:568$659'.
Creating decoders for process `\sb15_f9_pipe.$proc$sb15_f9_pipe.v:567$658'.
Creating decoders for process `\sb15_f9_pipe.$proc$sb15_f9_pipe.v:567$657'.
Creating decoders for process `\sb15_f9_pipe.$proc$sb15_f9_pipe.v:566$656'.
Creating decoders for process `\sb15_f9_pipe.$proc$sb15_f9_pipe.v:566$655'.
Creating decoders for process `\sb15_f9_pipe.$proc$sb15_f9_pipe.v:565$654'.
Creating decoders for process `\sb15_f9_pipe.$proc$sb15_f9_pipe.v:565$653'.
Creating decoders for process `\sb15_f9_pipe.$proc$sb15_f9_pipe.v:564$652'.
Creating decoders for process `\sb15_f9_pipe.$proc$sb15_f9_pipe.v:564$651'.
Creating decoders for process `\sb15_f9_pipe.$proc$sb15_f9_pipe.v:563$650'.
Creating decoders for process `\sb15_f9_pipe.$proc$sb15_f9_pipe.v:563$649'.
Creating decoders for process `\sb15_f9_pipe.$proc$sb15_f9_pipe.v:562$648'.
Creating decoders for process `\sb15_f9_pipe.$proc$sb15_f9_pipe.v:562$647'.
Creating decoders for process `\sb15_f9_pipe.$proc$sb15_f9_pipe.v:561$646'.
Creating decoders for process `\sb15_f9_pipe.$proc$sb15_f9_pipe.v:561$645'.
Creating decoders for process `\sb15_f9_pipe.$proc$sb15_f9_pipe.v:560$644'.
Creating decoders for process `\sb15_f9_pipe.$proc$sb15_f9_pipe.v:560$643'.
Creating decoders for process `\sb15_f9_pipe.$proc$sb15_f9_pipe.v:559$642'.
Creating decoders for process `\sb15_f9_pipe.$proc$sb15_f9_pipe.v:559$641'.
Creating decoders for process `\sb15_f9_pipe.$proc$sb15_f9_pipe.v:558$640'.
Creating decoders for process `\sb15_f9_pipe.$proc$sb15_f9_pipe.v:558$639'.
Creating decoders for process `\sb15_f9_pipe.$proc$sb15_f9_pipe.v:557$638'.
Creating decoders for process `\sb15_f9_pipe.$proc$sb15_f9_pipe.v:557$637'.
Creating decoders for process `\sb15_f9_pipe.$proc$sb15_f9_pipe.v:556$636'.
Creating decoders for process `\sb15_f9_pipe.$proc$sb15_f9_pipe.v:556$635'.
Creating decoders for process `\sb15_f9_pipe.$proc$sb15_f9_pipe.v:555$634'.
Creating decoders for process `\sb15_f9_pipe.$proc$sb15_f9_pipe.v:555$633'.
Creating decoders for process `\sb15_f9_pipe.$proc$sb15_f9_pipe.v:554$632'.
Creating decoders for process `\sb15_f9_pipe.$proc$sb15_f9_pipe.v:554$631'.
Creating decoders for process `\sb15_f9_pipe.$proc$sb15_f9_pipe.v:553$630'.
Creating decoders for process `\sb15_f9_pipe.$proc$sb15_f9_pipe.v:553$629'.
Creating decoders for process `\sb15_f9_pipe.$proc$sb15_f9_pipe.v:552$628'.
Creating decoders for process `\sb15_f9_pipe.$proc$sb15_f9_pipe.v:552$627'.
Creating decoders for process `\sb15_f9_pipe.$proc$sb15_f9_pipe.v:551$626'.
Creating decoders for process `\sb15_f9_pipe.$proc$sb15_f9_pipe.v:551$625'.
Creating decoders for process `\sb15_f9_pipe.$proc$sb15_f9_pipe.v:550$624'.
Creating decoders for process `\sb15_f9_pipe.$proc$sb15_f9_pipe.v:550$623'.
Creating decoders for process `\sb15_f9_pipe.$proc$sb15_f9_pipe.v:549$622'.
Creating decoders for process `\sb15_f9_pipe.$proc$sb15_f9_pipe.v:549$621'.
Creating decoders for process `\sb15_f9_pipe.$proc$sb15_f9_pipe.v:548$620'.
Creating decoders for process `\sb15_f9_pipe.$proc$sb15_f9_pipe.v:548$619'.
Creating decoders for process `\sb15_f9_pipe.$proc$sb15_f9_pipe.v:547$618'.
Creating decoders for process `\sb15_f9_pipe.$proc$sb15_f9_pipe.v:547$617'.
Creating decoders for process `\sb15_f9_pipe.$proc$sb15_f9_pipe.v:546$616'.
Creating decoders for process `\sb15_f9_pipe.$proc$sb15_f9_pipe.v:546$615'.
Creating decoders for process `\sb15_f9_pipe.$proc$sb15_f9_pipe.v:545$614'.
Creating decoders for process `\sb15_f9_pipe.$proc$sb15_f9_pipe.v:545$613'.
Creating decoders for process `\sb15_f9_pipe.$proc$sb15_f9_pipe.v:544$612'.
Creating decoders for process `\sb15_f9_pipe.$proc$sb15_f9_pipe.v:544$611'.
Creating decoders for process `\sb15_f9_pipe.$proc$sb15_f9_pipe.v:543$610'.
Creating decoders for process `\sb15_f9_pipe.$proc$sb15_f9_pipe.v:543$609'.
Creating decoders for process `\sb15_f9_pipe.$proc$sb15_f9_pipe.v:542$608'.
Creating decoders for process `\sb15_f9_pipe.$proc$sb15_f9_pipe.v:542$607'.
Creating decoders for process `\sb15_f9_pipe.$proc$sb15_f9_pipe.v:541$606'.
Creating decoders for process `\sb15_f9_pipe.$proc$sb15_f9_pipe.v:541$605'.
Creating decoders for process `\sb15_f9_pipe.$proc$sb15_f9_pipe.v:540$604'.
Creating decoders for process `\sb15_f9_pipe.$proc$sb15_f9_pipe.v:540$603'.
Creating decoders for process `\sb15_f9_pipe.$proc$sb15_f9_pipe.v:539$602'.
Creating decoders for process `\sb15_f9_pipe.$proc$sb15_f9_pipe.v:539$601'.
Creating decoders for process `\sb15_f9_pipe.$proc$sb15_f9_pipe.v:538$600'.
Creating decoders for process `\sb15_f9_pipe.$proc$sb15_f9_pipe.v:538$599'.
Creating decoders for process `\sb15_f9_pipe.$proc$sb15_f9_pipe.v:537$598'.
Creating decoders for process `\sb15_f9_pipe.$proc$sb15_f9_pipe.v:537$597'.
Creating decoders for process `\sb15_f9_pipe.$proc$sb15_f9_pipe.v:536$596'.
Creating decoders for process `\sb15_f9_pipe.$proc$sb15_f9_pipe.v:536$595'.
Creating decoders for process `\sb15_f9_pipe.$proc$sb15_f9_pipe.v:535$594'.
Creating decoders for process `\sb15_f9_pipe.$proc$sb15_f9_pipe.v:535$593'.
Creating decoders for process `\sb15_f9_pipe.$proc$sb15_f9_pipe.v:534$592'.
Creating decoders for process `\sb15_f9_pipe.$proc$sb15_f9_pipe.v:534$591'.
Creating decoders for process `\sb15_f9_pipe.$proc$sb15_f9_pipe.v:533$590'.
Creating decoders for process `\sb15_f9_pipe.$proc$sb15_f9_pipe.v:533$589'.
Creating decoders for process `\sb15_f9_pipe.$proc$sb15_f9_pipe.v:532$588'.
Creating decoders for process `\sb15_f9_pipe.$proc$sb15_f9_pipe.v:532$587'.
Creating decoders for process `\sb15_f9_pipe.$proc$sb15_f9_pipe.v:531$586'.
Creating decoders for process `\sb15_f9_pipe.$proc$sb15_f9_pipe.v:531$585'.
Creating decoders for process `\sb15_f9_pipe.$proc$sb15_f9_pipe.v:530$584'.
Creating decoders for process `\sb15_f9_pipe.$proc$sb15_f9_pipe.v:530$583'.
Creating decoders for process `\sb15_f9_pipe.$proc$sb15_f9_pipe.v:529$582'.
Creating decoders for process `\sb15_f9_pipe.$proc$sb15_f9_pipe.v:529$581'.
Creating decoders for process `\sb15_f9_pipe.$proc$sb15_f9_pipe.v:528$580'.
Creating decoders for process `\sb15_f9_pipe.$proc$sb15_f9_pipe.v:528$579'.
Creating decoders for process `\sb15_f9_pipe.$proc$sb15_f9_pipe.v:527$578'.
Creating decoders for process `\sb15_f9_pipe.$proc$sb15_f9_pipe.v:527$577'.
Creating decoders for process `\sb15_f9_pipe.$proc$sb15_f9_pipe.v:526$576'.
Creating decoders for process `\sb15_f9_pipe.$proc$sb15_f9_pipe.v:526$575'.
Creating decoders for process `\sb15_f9_pipe.$proc$sb15_f9_pipe.v:525$574'.
Creating decoders for process `\sb15_f9_pipe.$proc$sb15_f9_pipe.v:525$573'.
Creating decoders for process `\sb15_f9_pipe.$proc$sb15_f9_pipe.v:524$572'.
Creating decoders for process `\sb15_f9_pipe.$proc$sb15_f9_pipe.v:524$571'.
Creating decoders for process `\sb15_f9_pipe.$proc$sb15_f9_pipe.v:523$570'.
Creating decoders for process `\sb15_f9_pipe.$proc$sb15_f9_pipe.v:523$569'.
Creating decoders for process `\sb15_f9_pipe.$proc$sb15_f9_pipe.v:522$568'.
Creating decoders for process `\sb15_f9_pipe.$proc$sb15_f9_pipe.v:522$567'.
Creating decoders for process `\sb15_f9_pipe.$proc$sb15_f9_pipe.v:521$566'.
Creating decoders for process `\sb15_f9_pipe.$proc$sb15_f9_pipe.v:521$565'.
Creating decoders for process `\sb15_f9_pipe.$proc$sb15_f9_pipe.v:520$564'.
Creating decoders for process `\sb15_f9_pipe.$proc$sb15_f9_pipe.v:520$563'.
Creating decoders for process `\sb15_f9_pipe.$proc$sb15_f9_pipe.v:519$562'.
Creating decoders for process `\sb15_f9_pipe.$proc$sb15_f9_pipe.v:519$561'.
Creating decoders for process `\sb15_f9_pipe.$proc$sb15_f9_pipe.v:744$560'.
Creating decoders for process `\sb16_f9_pipe.$proc$sb16_f9_pipe.v:840$559'.
Creating decoders for process `\sb16_f9_pipe.$proc$sb16_f9_pipe.v:840$558'.
Creating decoders for process `\sb16_f9_pipe.$proc$sb16_f9_pipe.v:839$557'.
Creating decoders for process `\sb16_f9_pipe.$proc$sb16_f9_pipe.v:839$556'.
Creating decoders for process `\sb16_f9_pipe.$proc$sb16_f9_pipe.v:838$555'.
Creating decoders for process `\sb16_f9_pipe.$proc$sb16_f9_pipe.v:838$554'.
Creating decoders for process `\sb16_f9_pipe.$proc$sb16_f9_pipe.v:837$553'.
Creating decoders for process `\sb16_f9_pipe.$proc$sb16_f9_pipe.v:837$552'.
Creating decoders for process `\sb16_f9_pipe.$proc$sb16_f9_pipe.v:836$551'.
Creating decoders for process `\sb16_f9_pipe.$proc$sb16_f9_pipe.v:836$550'.
Creating decoders for process `\sb16_f9_pipe.$proc$sb16_f9_pipe.v:835$549'.
Creating decoders for process `\sb16_f9_pipe.$proc$sb16_f9_pipe.v:835$548'.
Creating decoders for process `\sb16_f9_pipe.$proc$sb16_f9_pipe.v:834$547'.
Creating decoders for process `\sb16_f9_pipe.$proc$sb16_f9_pipe.v:834$546'.
Creating decoders for process `\sb16_f9_pipe.$proc$sb16_f9_pipe.v:833$545'.
Creating decoders for process `\sb16_f9_pipe.$proc$sb16_f9_pipe.v:833$544'.
Creating decoders for process `\sb16_f9_pipe.$proc$sb16_f9_pipe.v:832$543'.
Creating decoders for process `\sb16_f9_pipe.$proc$sb16_f9_pipe.v:832$542'.
Creating decoders for process `\sb16_f9_pipe.$proc$sb16_f9_pipe.v:831$541'.
Creating decoders for process `\sb16_f9_pipe.$proc$sb16_f9_pipe.v:831$540'.
Creating decoders for process `\sb16_f9_pipe.$proc$sb16_f9_pipe.v:830$539'.
Creating decoders for process `\sb16_f9_pipe.$proc$sb16_f9_pipe.v:830$538'.
Creating decoders for process `\sb16_f9_pipe.$proc$sb16_f9_pipe.v:829$537'.
Creating decoders for process `\sb16_f9_pipe.$proc$sb16_f9_pipe.v:829$536'.
Creating decoders for process `\sb16_f9_pipe.$proc$sb16_f9_pipe.v:828$535'.
Creating decoders for process `\sb16_f9_pipe.$proc$sb16_f9_pipe.v:828$534'.
Creating decoders for process `\sb16_f9_pipe.$proc$sb16_f9_pipe.v:827$533'.
Creating decoders for process `\sb16_f9_pipe.$proc$sb16_f9_pipe.v:827$532'.
Creating decoders for process `\sb16_f9_pipe.$proc$sb16_f9_pipe.v:826$531'.
Creating decoders for process `\sb16_f9_pipe.$proc$sb16_f9_pipe.v:826$530'.
Creating decoders for process `\sb16_f9_pipe.$proc$sb16_f9_pipe.v:825$529'.
Creating decoders for process `\sb16_f9_pipe.$proc$sb16_f9_pipe.v:825$528'.
Creating decoders for process `\sb16_f9_pipe.$proc$sb16_f9_pipe.v:824$527'.
Creating decoders for process `\sb16_f9_pipe.$proc$sb16_f9_pipe.v:824$526'.
Creating decoders for process `\sb16_f9_pipe.$proc$sb16_f9_pipe.v:823$525'.
Creating decoders for process `\sb16_f9_pipe.$proc$sb16_f9_pipe.v:823$524'.
Creating decoders for process `\sb16_f9_pipe.$proc$sb16_f9_pipe.v:822$523'.
Creating decoders for process `\sb16_f9_pipe.$proc$sb16_f9_pipe.v:822$522'.
Creating decoders for process `\sb16_f9_pipe.$proc$sb16_f9_pipe.v:821$521'.
Creating decoders for process `\sb16_f9_pipe.$proc$sb16_f9_pipe.v:821$520'.
Creating decoders for process `\sb16_f9_pipe.$proc$sb16_f9_pipe.v:820$519'.
Creating decoders for process `\sb16_f9_pipe.$proc$sb16_f9_pipe.v:820$518'.
Creating decoders for process `\sb16_f9_pipe.$proc$sb16_f9_pipe.v:819$517'.
Creating decoders for process `\sb16_f9_pipe.$proc$sb16_f9_pipe.v:819$516'.
Creating decoders for process `\sb16_f9_pipe.$proc$sb16_f9_pipe.v:818$515'.
Creating decoders for process `\sb16_f9_pipe.$proc$sb16_f9_pipe.v:818$514'.
Creating decoders for process `\sb16_f9_pipe.$proc$sb16_f9_pipe.v:817$513'.
Creating decoders for process `\sb16_f9_pipe.$proc$sb16_f9_pipe.v:817$512'.
Creating decoders for process `\sb16_f9_pipe.$proc$sb16_f9_pipe.v:816$511'.
Creating decoders for process `\sb16_f9_pipe.$proc$sb16_f9_pipe.v:816$510'.
Creating decoders for process `\sb16_f9_pipe.$proc$sb16_f9_pipe.v:815$509'.
Creating decoders for process `\sb16_f9_pipe.$proc$sb16_f9_pipe.v:815$508'.
Creating decoders for process `\sb16_f9_pipe.$proc$sb16_f9_pipe.v:814$507'.
Creating decoders for process `\sb16_f9_pipe.$proc$sb16_f9_pipe.v:814$506'.
Creating decoders for process `\sb16_f9_pipe.$proc$sb16_f9_pipe.v:813$505'.
Creating decoders for process `\sb16_f9_pipe.$proc$sb16_f9_pipe.v:813$504'.
Creating decoders for process `\sb16_f9_pipe.$proc$sb16_f9_pipe.v:812$503'.
Creating decoders for process `\sb16_f9_pipe.$proc$sb16_f9_pipe.v:812$502'.
Creating decoders for process `\sb16_f9_pipe.$proc$sb16_f9_pipe.v:811$501'.
Creating decoders for process `\sb16_f9_pipe.$proc$sb16_f9_pipe.v:811$500'.
Creating decoders for process `\sb16_f9_pipe.$proc$sb16_f9_pipe.v:810$499'.
Creating decoders for process `\sb16_f9_pipe.$proc$sb16_f9_pipe.v:810$498'.
Creating decoders for process `\sb16_f9_pipe.$proc$sb16_f9_pipe.v:809$497'.
Creating decoders for process `\sb16_f9_pipe.$proc$sb16_f9_pipe.v:809$496'.
Creating decoders for process `\sb16_f9_pipe.$proc$sb16_f9_pipe.v:808$495'.
Creating decoders for process `\sb16_f9_pipe.$proc$sb16_f9_pipe.v:808$494'.
Creating decoders for process `\sb16_f9_pipe.$proc$sb16_f9_pipe.v:807$493'.
Creating decoders for process `\sb16_f9_pipe.$proc$sb16_f9_pipe.v:807$492'.
Creating decoders for process `\sb16_f9_pipe.$proc$sb16_f9_pipe.v:806$491'.
Creating decoders for process `\sb16_f9_pipe.$proc$sb16_f9_pipe.v:806$490'.
Creating decoders for process `\sb16_f9_pipe.$proc$sb16_f9_pipe.v:805$489'.
Creating decoders for process `\sb16_f9_pipe.$proc$sb16_f9_pipe.v:805$488'.
Creating decoders for process `\sb16_f9_pipe.$proc$sb16_f9_pipe.v:804$487'.
Creating decoders for process `\sb16_f9_pipe.$proc$sb16_f9_pipe.v:804$486'.
Creating decoders for process `\sb16_f9_pipe.$proc$sb16_f9_pipe.v:803$485'.
Creating decoders for process `\sb16_f9_pipe.$proc$sb16_f9_pipe.v:803$484'.
Creating decoders for process `\sb16_f9_pipe.$proc$sb16_f9_pipe.v:802$483'.
Creating decoders for process `\sb16_f9_pipe.$proc$sb16_f9_pipe.v:802$482'.
Creating decoders for process `\sb16_f9_pipe.$proc$sb16_f9_pipe.v:801$481'.
Creating decoders for process `\sb16_f9_pipe.$proc$sb16_f9_pipe.v:801$480'.
Creating decoders for process `\sb16_f9_pipe.$proc$sb16_f9_pipe.v:800$479'.
Creating decoders for process `\sb16_f9_pipe.$proc$sb16_f9_pipe.v:800$478'.
Creating decoders for process `\sb16_f9_pipe.$proc$sb16_f9_pipe.v:799$477'.
Creating decoders for process `\sb16_f9_pipe.$proc$sb16_f9_pipe.v:799$476'.
Creating decoders for process `\sb16_f9_pipe.$proc$sb16_f9_pipe.v:798$475'.
Creating decoders for process `\sb16_f9_pipe.$proc$sb16_f9_pipe.v:798$474'.
Creating decoders for process `\sb16_f9_pipe.$proc$sb16_f9_pipe.v:797$473'.
Creating decoders for process `\sb16_f9_pipe.$proc$sb16_f9_pipe.v:797$472'.
Creating decoders for process `\sb16_f9_pipe.$proc$sb16_f9_pipe.v:796$471'.
Creating decoders for process `\sb16_f9_pipe.$proc$sb16_f9_pipe.v:796$470'.
Creating decoders for process `\sb16_f9_pipe.$proc$sb16_f9_pipe.v:795$469'.
Creating decoders for process `\sb16_f9_pipe.$proc$sb16_f9_pipe.v:795$468'.
Creating decoders for process `\sb16_f9_pipe.$proc$sb16_f9_pipe.v:794$467'.
Creating decoders for process `\sb16_f9_pipe.$proc$sb16_f9_pipe.v:794$466'.
Creating decoders for process `\sb16_f9_pipe.$proc$sb16_f9_pipe.v:793$465'.
Creating decoders for process `\sb16_f9_pipe.$proc$sb16_f9_pipe.v:793$464'.
Creating decoders for process `\sb16_f9_pipe.$proc$sb16_f9_pipe.v:792$463'.
Creating decoders for process `\sb16_f9_pipe.$proc$sb16_f9_pipe.v:792$462'.
Creating decoders for process `\sb16_f9_pipe.$proc$sb16_f9_pipe.v:791$461'.
Creating decoders for process `\sb16_f9_pipe.$proc$sb16_f9_pipe.v:791$460'.
Creating decoders for process `\sb16_f9_pipe.$proc$sb16_f9_pipe.v:790$459'.
Creating decoders for process `\sb16_f9_pipe.$proc$sb16_f9_pipe.v:790$458'.
Creating decoders for process `\sb16_f9_pipe.$proc$sb16_f9_pipe.v:789$457'.
Creating decoders for process `\sb16_f9_pipe.$proc$sb16_f9_pipe.v:789$456'.
Creating decoders for process `\sb16_f9_pipe.$proc$sb16_f9_pipe.v:788$455'.
Creating decoders for process `\sb16_f9_pipe.$proc$sb16_f9_pipe.v:788$454'.
Creating decoders for process `\sb16_f9_pipe.$proc$sb16_f9_pipe.v:787$453'.
Creating decoders for process `\sb16_f9_pipe.$proc$sb16_f9_pipe.v:787$452'.
Creating decoders for process `\sb16_f9_pipe.$proc$sb16_f9_pipe.v:786$451'.
Creating decoders for process `\sb16_f9_pipe.$proc$sb16_f9_pipe.v:786$450'.
Creating decoders for process `\sb16_f9_pipe.$proc$sb16_f9_pipe.v:785$449'.
Creating decoders for process `\sb16_f9_pipe.$proc$sb16_f9_pipe.v:785$448'.
Creating decoders for process `\sb16_f9_pipe.$proc$sb16_f9_pipe.v:784$447'.
Creating decoders for process `\sb16_f9_pipe.$proc$sb16_f9_pipe.v:784$446'.
Creating decoders for process `\sb16_f9_pipe.$proc$sb16_f9_pipe.v:783$445'.
Creating decoders for process `\sb16_f9_pipe.$proc$sb16_f9_pipe.v:783$444'.
Creating decoders for process `\sb16_f9_pipe.$proc$sb16_f9_pipe.v:782$443'.
Creating decoders for process `\sb16_f9_pipe.$proc$sb16_f9_pipe.v:782$442'.
Creating decoders for process `\sb16_f9_pipe.$proc$sb16_f9_pipe.v:781$441'.
Creating decoders for process `\sb16_f9_pipe.$proc$sb16_f9_pipe.v:781$440'.
Creating decoders for process `\sb16_f9_pipe.$proc$sb16_f9_pipe.v:780$439'.
Creating decoders for process `\sb16_f9_pipe.$proc$sb16_f9_pipe.v:780$438'.
Creating decoders for process `\sb16_f9_pipe.$proc$sb16_f9_pipe.v:779$437'.
Creating decoders for process `\sb16_f9_pipe.$proc$sb16_f9_pipe.v:779$436'.
Creating decoders for process `\sb16_f9_pipe.$proc$sb16_f9_pipe.v:778$435'.
Creating decoders for process `\sb16_f9_pipe.$proc$sb16_f9_pipe.v:778$434'.
Creating decoders for process `\sb16_f9_pipe.$proc$sb16_f9_pipe.v:777$433'.
Creating decoders for process `\sb16_f9_pipe.$proc$sb16_f9_pipe.v:777$432'.
Creating decoders for process `\sb16_f9_pipe.$proc$sb16_f9_pipe.v:776$431'.
Creating decoders for process `\sb16_f9_pipe.$proc$sb16_f9_pipe.v:776$430'.
Creating decoders for process `\sb16_f9_pipe.$proc$sb16_f9_pipe.v:775$429'.
Creating decoders for process `\sb16_f9_pipe.$proc$sb16_f9_pipe.v:775$428'.
Creating decoders for process `\sb16_f9_pipe.$proc$sb16_f9_pipe.v:774$427'.
Creating decoders for process `\sb16_f9_pipe.$proc$sb16_f9_pipe.v:774$426'.
Creating decoders for process `\sb16_f9_pipe.$proc$sb16_f9_pipe.v:773$425'.
Creating decoders for process `\sb16_f9_pipe.$proc$sb16_f9_pipe.v:773$424'.
Creating decoders for process `\sb16_f9_pipe.$proc$sb16_f9_pipe.v:772$423'.
Creating decoders for process `\sb16_f9_pipe.$proc$sb16_f9_pipe.v:772$422'.
Creating decoders for process `\sb16_f9_pipe.$proc$sb16_f9_pipe.v:771$421'.
Creating decoders for process `\sb16_f9_pipe.$proc$sb16_f9_pipe.v:771$420'.
Creating decoders for process `\sb16_f9_pipe.$proc$sb16_f9_pipe.v:770$419'.
Creating decoders for process `\sb16_f9_pipe.$proc$sb16_f9_pipe.v:770$418'.
Creating decoders for process `\sb16_f9_pipe.$proc$sb16_f9_pipe.v:769$417'.
Creating decoders for process `\sb16_f9_pipe.$proc$sb16_f9_pipe.v:769$416'.
Creating decoders for process `\sb16_f9_pipe.$proc$sb16_f9_pipe.v:768$415'.
Creating decoders for process `\sb16_f9_pipe.$proc$sb16_f9_pipe.v:768$414'.
Creating decoders for process `\sb16_f9_pipe.$proc$sb16_f9_pipe.v:767$413'.
Creating decoders for process `\sb16_f9_pipe.$proc$sb16_f9_pipe.v:767$412'.
Creating decoders for process `\sb16_f9_pipe.$proc$sb16_f9_pipe.v:766$411'.
Creating decoders for process `\sb16_f9_pipe.$proc$sb16_f9_pipe.v:766$410'.
Creating decoders for process `\sb16_f9_pipe.$proc$sb16_f9_pipe.v:765$409'.
Creating decoders for process `\sb16_f9_pipe.$proc$sb16_f9_pipe.v:765$408'.
Creating decoders for process `\sb16_f9_pipe.$proc$sb16_f9_pipe.v:764$407'.
Creating decoders for process `\sb16_f9_pipe.$proc$sb16_f9_pipe.v:764$406'.
Creating decoders for process `\sb16_f9_pipe.$proc$sb16_f9_pipe.v:763$405'.
Creating decoders for process `\sb16_f9_pipe.$proc$sb16_f9_pipe.v:763$404'.
Creating decoders for process `\sb16_f9_pipe.$proc$sb16_f9_pipe.v:762$403'.
Creating decoders for process `\sb16_f9_pipe.$proc$sb16_f9_pipe.v:762$402'.
Creating decoders for process `\sb16_f9_pipe.$proc$sb16_f9_pipe.v:761$401'.
Creating decoders for process `\sb16_f9_pipe.$proc$sb16_f9_pipe.v:761$400'.
Creating decoders for process `\sb16_f9_pipe.$proc$sb16_f9_pipe.v:760$399'.
Creating decoders for process `\sb16_f9_pipe.$proc$sb16_f9_pipe.v:760$398'.
Creating decoders for process `\sb16_f9_pipe.$proc$sb16_f9_pipe.v:759$397'.
Creating decoders for process `\sb16_f9_pipe.$proc$sb16_f9_pipe.v:759$396'.
Creating decoders for process `\sb16_f9_pipe.$proc$sb16_f9_pipe.v:758$395'.
Creating decoders for process `\sb16_f9_pipe.$proc$sb16_f9_pipe.v:758$394'.
Creating decoders for process `\sb16_f9_pipe.$proc$sb16_f9_pipe.v:757$393'.
Creating decoders for process `\sb16_f9_pipe.$proc$sb16_f9_pipe.v:757$392'.
Creating decoders for process `\sb16_f9_pipe.$proc$sb16_f9_pipe.v:756$391'.
Creating decoders for process `\sb16_f9_pipe.$proc$sb16_f9_pipe.v:756$390'.
Creating decoders for process `\sb16_f9_pipe.$proc$sb16_f9_pipe.v:755$389'.
Creating decoders for process `\sb16_f9_pipe.$proc$sb16_f9_pipe.v:755$388'.
Creating decoders for process `\sb16_f9_pipe.$proc$sb16_f9_pipe.v:754$387'.
Creating decoders for process `\sb16_f9_pipe.$proc$sb16_f9_pipe.v:754$386'.
Creating decoders for process `\sb16_f9_pipe.$proc$sb16_f9_pipe.v:753$385'.
Creating decoders for process `\sb16_f9_pipe.$proc$sb16_f9_pipe.v:753$384'.
Creating decoders for process `\sb16_f9_pipe.$proc$sb16_f9_pipe.v:752$383'.
Creating decoders for process `\sb16_f9_pipe.$proc$sb16_f9_pipe.v:752$382'.
Creating decoders for process `\sb16_f9_pipe.$proc$sb16_f9_pipe.v:751$381'.
Creating decoders for process `\sb16_f9_pipe.$proc$sb16_f9_pipe.v:751$380'.
Creating decoders for process `\sb16_f9_pipe.$proc$sb16_f9_pipe.v:750$379'.
Creating decoders for process `\sb16_f9_pipe.$proc$sb16_f9_pipe.v:750$378'.
Creating decoders for process `\sb16_f9_pipe.$proc$sb16_f9_pipe.v:749$377'.
Creating decoders for process `\sb16_f9_pipe.$proc$sb16_f9_pipe.v:749$376'.
Creating decoders for process `\sb16_f9_pipe.$proc$sb16_f9_pipe.v:748$375'.
Creating decoders for process `\sb16_f9_pipe.$proc$sb16_f9_pipe.v:748$374'.
Creating decoders for process `\sb16_f9_pipe.$proc$sb16_f9_pipe.v:747$373'.
Creating decoders for process `\sb16_f9_pipe.$proc$sb16_f9_pipe.v:747$372'.
Creating decoders for process `\sb16_f9_pipe.$proc$sb16_f9_pipe.v:746$371'.
Creating decoders for process `\sb16_f9_pipe.$proc$sb16_f9_pipe.v:746$370'.
Creating decoders for process `\sb16_f9_pipe.$proc$sb16_f9_pipe.v:745$369'.
Creating decoders for process `\sb16_f9_pipe.$proc$sb16_f9_pipe.v:745$368'.
Creating decoders for process `\sb16_f9_pipe.$proc$sb16_f9_pipe.v:744$367'.
Creating decoders for process `\sb16_f9_pipe.$proc$sb16_f9_pipe.v:744$366'.
Creating decoders for process `\sb16_f9_pipe.$proc$sb16_f9_pipe.v:743$365'.
Creating decoders for process `\sb16_f9_pipe.$proc$sb16_f9_pipe.v:743$364'.
Creating decoders for process `\sb16_f9_pipe.$proc$sb16_f9_pipe.v:742$363'.
Creating decoders for process `\sb16_f9_pipe.$proc$sb16_f9_pipe.v:742$362'.
Creating decoders for process `\sb16_f9_pipe.$proc$sb16_f9_pipe.v:741$361'.
Creating decoders for process `\sb16_f9_pipe.$proc$sb16_f9_pipe.v:741$360'.
Creating decoders for process `\sb16_f9_pipe.$proc$sb16_f9_pipe.v:740$359'.
Creating decoders for process `\sb16_f9_pipe.$proc$sb16_f9_pipe.v:740$358'.
Creating decoders for process `\sb16_f9_pipe.$proc$sb16_f9_pipe.v:739$357'.
Creating decoders for process `\sb16_f9_pipe.$proc$sb16_f9_pipe.v:739$356'.
Creating decoders for process `\sb16_f9_pipe.$proc$sb16_f9_pipe.v:738$355'.
Creating decoders for process `\sb16_f9_pipe.$proc$sb16_f9_pipe.v:738$354'.
Creating decoders for process `\sb16_f9_pipe.$proc$sb16_f9_pipe.v:737$353'.
Creating decoders for process `\sb16_f9_pipe.$proc$sb16_f9_pipe.v:737$352'.
Creating decoders for process `\sb16_f9_pipe.$proc$sb16_f9_pipe.v:736$351'.
Creating decoders for process `\sb16_f9_pipe.$proc$sb16_f9_pipe.v:736$350'.
Creating decoders for process `\sb16_f9_pipe.$proc$sb16_f9_pipe.v:735$349'.
Creating decoders for process `\sb16_f9_pipe.$proc$sb16_f9_pipe.v:735$348'.
Creating decoders for process `\sb16_f9_pipe.$proc$sb16_f9_pipe.v:734$347'.
Creating decoders for process `\sb16_f9_pipe.$proc$sb16_f9_pipe.v:734$346'.
Creating decoders for process `\sb16_f9_pipe.$proc$sb16_f9_pipe.v:733$345'.
Creating decoders for process `\sb16_f9_pipe.$proc$sb16_f9_pipe.v:733$344'.
Creating decoders for process `\sb16_f9_pipe.$proc$sb16_f9_pipe.v:732$343'.
Creating decoders for process `\sb16_f9_pipe.$proc$sb16_f9_pipe.v:732$342'.
Creating decoders for process `\sb16_f9_pipe.$proc$sb16_f9_pipe.v:731$341'.
Creating decoders for process `\sb16_f9_pipe.$proc$sb16_f9_pipe.v:731$340'.
Creating decoders for process `\sb16_f9_pipe.$proc$sb16_f9_pipe.v:730$339'.
Creating decoders for process `\sb16_f9_pipe.$proc$sb16_f9_pipe.v:730$338'.
Creating decoders for process `\sb16_f9_pipe.$proc$sb16_f9_pipe.v:729$337'.
Creating decoders for process `\sb16_f9_pipe.$proc$sb16_f9_pipe.v:729$336'.
Creating decoders for process `\sb16_f9_pipe.$proc$sb16_f9_pipe.v:728$335'.
Creating decoders for process `\sb16_f9_pipe.$proc$sb16_f9_pipe.v:728$334'.
Creating decoders for process `\sb16_f9_pipe.$proc$sb16_f9_pipe.v:727$333'.
Creating decoders for process `\sb16_f9_pipe.$proc$sb16_f9_pipe.v:727$332'.
Creating decoders for process `\sb16_f9_pipe.$proc$sb16_f9_pipe.v:726$331'.
Creating decoders for process `\sb16_f9_pipe.$proc$sb16_f9_pipe.v:726$330'.
Creating decoders for process `\sb16_f9_pipe.$proc$sb16_f9_pipe.v:725$329'.
Creating decoders for process `\sb16_f9_pipe.$proc$sb16_f9_pipe.v:725$328'.
Creating decoders for process `\sb16_f9_pipe.$proc$sb16_f9_pipe.v:724$327'.
Creating decoders for process `\sb16_f9_pipe.$proc$sb16_f9_pipe.v:724$326'.
Creating decoders for process `\sb16_f9_pipe.$proc$sb16_f9_pipe.v:723$325'.
Creating decoders for process `\sb16_f9_pipe.$proc$sb16_f9_pipe.v:723$324'.
Creating decoders for process `\sb16_f9_pipe.$proc$sb16_f9_pipe.v:722$323'.
Creating decoders for process `\sb16_f9_pipe.$proc$sb16_f9_pipe.v:722$322'.
Creating decoders for process `\sb16_f9_pipe.$proc$sb16_f9_pipe.v:721$321'.
Creating decoders for process `\sb16_f9_pipe.$proc$sb16_f9_pipe.v:721$320'.
Creating decoders for process `\sb16_f9_pipe.$proc$sb16_f9_pipe.v:720$319'.
Creating decoders for process `\sb16_f9_pipe.$proc$sb16_f9_pipe.v:720$318'.
Creating decoders for process `\sb16_f9_pipe.$proc$sb16_f9_pipe.v:719$317'.
Creating decoders for process `\sb16_f9_pipe.$proc$sb16_f9_pipe.v:719$316'.
Creating decoders for process `\sb16_f9_pipe.$proc$sb16_f9_pipe.v:718$315'.
Creating decoders for process `\sb16_f9_pipe.$proc$sb16_f9_pipe.v:718$314'.
Creating decoders for process `\sb16_f9_pipe.$proc$sb16_f9_pipe.v:717$313'.
Creating decoders for process `\sb16_f9_pipe.$proc$sb16_f9_pipe.v:717$312'.
Creating decoders for process `\sb16_f9_pipe.$proc$sb16_f9_pipe.v:716$311'.
Creating decoders for process `\sb16_f9_pipe.$proc$sb16_f9_pipe.v:716$310'.
Creating decoders for process `\sb16_f9_pipe.$proc$sb16_f9_pipe.v:715$309'.
Creating decoders for process `\sb16_f9_pipe.$proc$sb16_f9_pipe.v:715$308'.
Creating decoders for process `\sb16_f9_pipe.$proc$sb16_f9_pipe.v:714$307'.
Creating decoders for process `\sb16_f9_pipe.$proc$sb16_f9_pipe.v:714$306'.
Creating decoders for process `\sb16_f9_pipe.$proc$sb16_f9_pipe.v:713$305'.
Creating decoders for process `\sb16_f9_pipe.$proc$sb16_f9_pipe.v:713$304'.
Creating decoders for process `\sb16_f9_pipe.$proc$sb16_f9_pipe.v:712$303'.
Creating decoders for process `\sb16_f9_pipe.$proc$sb16_f9_pipe.v:712$302'.
Creating decoders for process `\sb16_f9_pipe.$proc$sb16_f9_pipe.v:711$301'.
Creating decoders for process `\sb16_f9_pipe.$proc$sb16_f9_pipe.v:711$300'.
Creating decoders for process `\sb16_f9_pipe.$proc$sb16_f9_pipe.v:710$299'.
Creating decoders for process `\sb16_f9_pipe.$proc$sb16_f9_pipe.v:710$298'.
Creating decoders for process `\sb16_f9_pipe.$proc$sb16_f9_pipe.v:709$297'.
Creating decoders for process `\sb16_f9_pipe.$proc$sb16_f9_pipe.v:709$296'.
Creating decoders for process `\sb16_f9_pipe.$proc$sb16_f9_pipe.v:708$295'.
Creating decoders for process `\sb16_f9_pipe.$proc$sb16_f9_pipe.v:708$294'.
Creating decoders for process `\sb16_f9_pipe.$proc$sb16_f9_pipe.v:707$293'.
Creating decoders for process `\sb16_f9_pipe.$proc$sb16_f9_pipe.v:707$292'.
Creating decoders for process `\sb16_f9_pipe.$proc$sb16_f9_pipe.v:706$291'.
Creating decoders for process `\sb16_f9_pipe.$proc$sb16_f9_pipe.v:706$290'.
Creating decoders for process `\sb16_f9_pipe.$proc$sb16_f9_pipe.v:705$289'.
Creating decoders for process `\sb16_f9_pipe.$proc$sb16_f9_pipe.v:705$288'.
Creating decoders for process `\sb16_f9_pipe.$proc$sb16_f9_pipe.v:704$287'.
Creating decoders for process `\sb16_f9_pipe.$proc$sb16_f9_pipe.v:704$286'.
Creating decoders for process `\sb16_f9_pipe.$proc$sb16_f9_pipe.v:703$285'.
Creating decoders for process `\sb16_f9_pipe.$proc$sb16_f9_pipe.v:703$284'.
Creating decoders for process `\sb16_f9_pipe.$proc$sb16_f9_pipe.v:702$283'.
Creating decoders for process `\sb16_f9_pipe.$proc$sb16_f9_pipe.v:702$282'.
Creating decoders for process `\sb16_f9_pipe.$proc$sb16_f9_pipe.v:701$281'.
Creating decoders for process `\sb16_f9_pipe.$proc$sb16_f9_pipe.v:701$280'.
Creating decoders for process `\sb16_f9_pipe.$proc$sb16_f9_pipe.v:700$279'.
Creating decoders for process `\sb16_f9_pipe.$proc$sb16_f9_pipe.v:700$278'.
Creating decoders for process `\sb16_f9_pipe.$proc$sb16_f9_pipe.v:699$277'.
Creating decoders for process `\sb16_f9_pipe.$proc$sb16_f9_pipe.v:699$276'.
Creating decoders for process `\sb16_f9_pipe.$proc$sb16_f9_pipe.v:698$275'.
Creating decoders for process `\sb16_f9_pipe.$proc$sb16_f9_pipe.v:698$274'.
Creating decoders for process `\sb16_f9_pipe.$proc$sb16_f9_pipe.v:697$273'.
Creating decoders for process `\sb16_f9_pipe.$proc$sb16_f9_pipe.v:697$272'.
Creating decoders for process `\sb16_f9_pipe.$proc$sb16_f9_pipe.v:696$271'.
Creating decoders for process `\sb16_f9_pipe.$proc$sb16_f9_pipe.v:696$270'.
Creating decoders for process `\sb16_f9_pipe.$proc$sb16_f9_pipe.v:695$269'.
Creating decoders for process `\sb16_f9_pipe.$proc$sb16_f9_pipe.v:695$268'.
Creating decoders for process `\sb16_f9_pipe.$proc$sb16_f9_pipe.v:694$267'.
Creating decoders for process `\sb16_f9_pipe.$proc$sb16_f9_pipe.v:694$266'.
Creating decoders for process `\sb16_f9_pipe.$proc$sb16_f9_pipe.v:693$265'.
Creating decoders for process `\sb16_f9_pipe.$proc$sb16_f9_pipe.v:693$264'.
Creating decoders for process `\sb16_f9_pipe.$proc$sb16_f9_pipe.v:692$263'.
Creating decoders for process `\sb16_f9_pipe.$proc$sb16_f9_pipe.v:692$262'.
Creating decoders for process `\sb16_f9_pipe.$proc$sb16_f9_pipe.v:691$261'.
Creating decoders for process `\sb16_f9_pipe.$proc$sb16_f9_pipe.v:691$260'.
Creating decoders for process `\sb16_f9_pipe.$proc$sb16_f9_pipe.v:690$259'.
Creating decoders for process `\sb16_f9_pipe.$proc$sb16_f9_pipe.v:690$258'.
Creating decoders for process `\sb16_f9_pipe.$proc$sb16_f9_pipe.v:689$257'.
Creating decoders for process `\sb16_f9_pipe.$proc$sb16_f9_pipe.v:689$256'.
Creating decoders for process `\sb16_f9_pipe.$proc$sb16_f9_pipe.v:688$255'.
Creating decoders for process `\sb16_f9_pipe.$proc$sb16_f9_pipe.v:688$254'.
Creating decoders for process `\sb16_f9_pipe.$proc$sb16_f9_pipe.v:687$253'.
Creating decoders for process `\sb16_f9_pipe.$proc$sb16_f9_pipe.v:687$252'.
Creating decoders for process `\sb16_f9_pipe.$proc$sb16_f9_pipe.v:686$251'.
Creating decoders for process `\sb16_f9_pipe.$proc$sb16_f9_pipe.v:686$250'.
Creating decoders for process `\sb16_f9_pipe.$proc$sb16_f9_pipe.v:685$249'.
Creating decoders for process `\sb16_f9_pipe.$proc$sb16_f9_pipe.v:685$248'.
Creating decoders for process `\sb16_f9_pipe.$proc$sb16_f9_pipe.v:684$247'.
Creating decoders for process `\sb16_f9_pipe.$proc$sb16_f9_pipe.v:684$246'.
Creating decoders for process `\sb16_f9_pipe.$proc$sb16_f9_pipe.v:683$245'.
Creating decoders for process `\sb16_f9_pipe.$proc$sb16_f9_pipe.v:683$244'.
Creating decoders for process `\sb16_f9_pipe.$proc$sb16_f9_pipe.v:682$243'.
Creating decoders for process `\sb16_f9_pipe.$proc$sb16_f9_pipe.v:682$242'.
Creating decoders for process `\sb16_f9_pipe.$proc$sb16_f9_pipe.v:681$241'.
Creating decoders for process `\sb16_f9_pipe.$proc$sb16_f9_pipe.v:681$240'.
Creating decoders for process `\sb16_f9_pipe.$proc$sb16_f9_pipe.v:680$239'.
Creating decoders for process `\sb16_f9_pipe.$proc$sb16_f9_pipe.v:680$238'.
Creating decoders for process `\sb16_f9_pipe.$proc$sb16_f9_pipe.v:679$237'.
Creating decoders for process `\sb16_f9_pipe.$proc$sb16_f9_pipe.v:679$236'.
Creating decoders for process `\sb16_f9_pipe.$proc$sb16_f9_pipe.v:678$235'.
Creating decoders for process `\sb16_f9_pipe.$proc$sb16_f9_pipe.v:678$234'.
Creating decoders for process `\sb16_f9_pipe.$proc$sb16_f9_pipe.v:677$233'.
Creating decoders for process `\sb16_f9_pipe.$proc$sb16_f9_pipe.v:677$232'.
Creating decoders for process `\sb16_f9_pipe.$proc$sb16_f9_pipe.v:676$231'.
Creating decoders for process `\sb16_f9_pipe.$proc$sb16_f9_pipe.v:676$230'.
Creating decoders for process `\sb16_f9_pipe.$proc$sb16_f9_pipe.v:675$229'.
Creating decoders for process `\sb16_f9_pipe.$proc$sb16_f9_pipe.v:675$228'.
Creating decoders for process `\sb16_f9_pipe.$proc$sb16_f9_pipe.v:674$227'.
Creating decoders for process `\sb16_f9_pipe.$proc$sb16_f9_pipe.v:674$226'.
Creating decoders for process `\sb16_f9_pipe.$proc$sb16_f9_pipe.v:673$225'.
Creating decoders for process `\sb16_f9_pipe.$proc$sb16_f9_pipe.v:673$224'.
Creating decoders for process `\sb16_f9_pipe.$proc$sb16_f9_pipe.v:672$223'.
Creating decoders for process `\sb16_f9_pipe.$proc$sb16_f9_pipe.v:672$222'.
Creating decoders for process `\sb16_f9_pipe.$proc$sb16_f9_pipe.v:671$221'.
Creating decoders for process `\sb16_f9_pipe.$proc$sb16_f9_pipe.v:671$220'.
Creating decoders for process `\sb16_f9_pipe.$proc$sb16_f9_pipe.v:670$219'.
Creating decoders for process `\sb16_f9_pipe.$proc$sb16_f9_pipe.v:670$218'.
Creating decoders for process `\sb16_f9_pipe.$proc$sb16_f9_pipe.v:669$217'.
Creating decoders for process `\sb16_f9_pipe.$proc$sb16_f9_pipe.v:669$216'.
Creating decoders for process `\sb16_f9_pipe.$proc$sb16_f9_pipe.v:668$215'.
Creating decoders for process `\sb16_f9_pipe.$proc$sb16_f9_pipe.v:668$214'.
Creating decoders for process `\sb16_f9_pipe.$proc$sb16_f9_pipe.v:667$213'.
Creating decoders for process `\sb16_f9_pipe.$proc$sb16_f9_pipe.v:667$212'.
Creating decoders for process `\sb16_f9_pipe.$proc$sb16_f9_pipe.v:666$211'.
Creating decoders for process `\sb16_f9_pipe.$proc$sb16_f9_pipe.v:666$210'.
Creating decoders for process `\sb16_f9_pipe.$proc$sb16_f9_pipe.v:665$209'.
Creating decoders for process `\sb16_f9_pipe.$proc$sb16_f9_pipe.v:665$208'.
Creating decoders for process `\sb16_f9_pipe.$proc$sb16_f9_pipe.v:664$207'.
Creating decoders for process `\sb16_f9_pipe.$proc$sb16_f9_pipe.v:664$206'.
Creating decoders for process `\sb16_f9_pipe.$proc$sb16_f9_pipe.v:663$205'.
Creating decoders for process `\sb16_f9_pipe.$proc$sb16_f9_pipe.v:663$204'.
Creating decoders for process `\sb16_f9_pipe.$proc$sb16_f9_pipe.v:662$203'.
Creating decoders for process `\sb16_f9_pipe.$proc$sb16_f9_pipe.v:662$202'.
Creating decoders for process `\sb16_f9_pipe.$proc$sb16_f9_pipe.v:661$201'.
Creating decoders for process `\sb16_f9_pipe.$proc$sb16_f9_pipe.v:661$200'.
Creating decoders for process `\sb16_f9_pipe.$proc$sb16_f9_pipe.v:660$199'.
Creating decoders for process `\sb16_f9_pipe.$proc$sb16_f9_pipe.v:660$198'.
Creating decoders for process `\sb16_f9_pipe.$proc$sb16_f9_pipe.v:659$197'.
Creating decoders for process `\sb16_f9_pipe.$proc$sb16_f9_pipe.v:659$196'.
Creating decoders for process `\sb16_f9_pipe.$proc$sb16_f9_pipe.v:658$195'.
Creating decoders for process `\sb16_f9_pipe.$proc$sb16_f9_pipe.v:658$194'.
Creating decoders for process `\sb16_f9_pipe.$proc$sb16_f9_pipe.v:657$193'.
Creating decoders for process `\sb16_f9_pipe.$proc$sb16_f9_pipe.v:657$192'.
Creating decoders for process `\sb16_f9_pipe.$proc$sb16_f9_pipe.v:656$191'.
Creating decoders for process `\sb16_f9_pipe.$proc$sb16_f9_pipe.v:656$190'.
Creating decoders for process `\sb16_f9_pipe.$proc$sb16_f9_pipe.v:655$189'.
Creating decoders for process `\sb16_f9_pipe.$proc$sb16_f9_pipe.v:655$188'.
Creating decoders for process `\sb16_f9_pipe.$proc$sb16_f9_pipe.v:654$187'.
Creating decoders for process `\sb16_f9_pipe.$proc$sb16_f9_pipe.v:654$186'.
Creating decoders for process `\sb16_f9_pipe.$proc$sb16_f9_pipe.v:653$185'.
Creating decoders for process `\sb16_f9_pipe.$proc$sb16_f9_pipe.v:653$184'.
Creating decoders for process `\sb16_f9_pipe.$proc$sb16_f9_pipe.v:652$183'.
Creating decoders for process `\sb16_f9_pipe.$proc$sb16_f9_pipe.v:652$182'.
Creating decoders for process `\sb16_f9_pipe.$proc$sb16_f9_pipe.v:651$181'.
Creating decoders for process `\sb16_f9_pipe.$proc$sb16_f9_pipe.v:651$180'.
Creating decoders for process `\sb16_f9_pipe.$proc$sb16_f9_pipe.v:650$179'.
Creating decoders for process `\sb16_f9_pipe.$proc$sb16_f9_pipe.v:650$178'.
Creating decoders for process `\sb16_f9_pipe.$proc$sb16_f9_pipe.v:649$177'.
Creating decoders for process `\sb16_f9_pipe.$proc$sb16_f9_pipe.v:649$176'.
Creating decoders for process `\sb16_f9_pipe.$proc$sb16_f9_pipe.v:648$175'.
Creating decoders for process `\sb16_f9_pipe.$proc$sb16_f9_pipe.v:648$174'.
Creating decoders for process `\sb16_f9_pipe.$proc$sb16_f9_pipe.v:647$173'.
Creating decoders for process `\sb16_f9_pipe.$proc$sb16_f9_pipe.v:647$172'.
Creating decoders for process `\sb16_f9_pipe.$proc$sb16_f9_pipe.v:646$171'.
Creating decoders for process `\sb16_f9_pipe.$proc$sb16_f9_pipe.v:646$170'.
Creating decoders for process `\sb16_f9_pipe.$proc$sb16_f9_pipe.v:645$169'.
Creating decoders for process `\sb16_f9_pipe.$proc$sb16_f9_pipe.v:645$168'.
Creating decoders for process `\sb16_f9_pipe.$proc$sb16_f9_pipe.v:644$167'.
Creating decoders for process `\sb16_f9_pipe.$proc$sb16_f9_pipe.v:644$166'.
Creating decoders for process `\sb16_f9_pipe.$proc$sb16_f9_pipe.v:643$165'.
Creating decoders for process `\sb16_f9_pipe.$proc$sb16_f9_pipe.v:643$164'.
Creating decoders for process `\sb16_f9_pipe.$proc$sb16_f9_pipe.v:642$163'.
Creating decoders for process `\sb16_f9_pipe.$proc$sb16_f9_pipe.v:642$162'.
Creating decoders for process `\sb16_f9_pipe.$proc$sb16_f9_pipe.v:641$161'.
Creating decoders for process `\sb16_f9_pipe.$proc$sb16_f9_pipe.v:641$160'.
Creating decoders for process `\sb16_f9_pipe.$proc$sb16_f9_pipe.v:640$159'.
Creating decoders for process `\sb16_f9_pipe.$proc$sb16_f9_pipe.v:640$158'.
Creating decoders for process `\sb16_f9_pipe.$proc$sb16_f9_pipe.v:639$157'.
Creating decoders for process `\sb16_f9_pipe.$proc$sb16_f9_pipe.v:639$156'.
Creating decoders for process `\sb16_f9_pipe.$proc$sb16_f9_pipe.v:638$155'.
Creating decoders for process `\sb16_f9_pipe.$proc$sb16_f9_pipe.v:638$154'.
Creating decoders for process `\sb16_f9_pipe.$proc$sb16_f9_pipe.v:637$153'.
Creating decoders for process `\sb16_f9_pipe.$proc$sb16_f9_pipe.v:637$152'.
Creating decoders for process `\sb16_f9_pipe.$proc$sb16_f9_pipe.v:636$151'.
Creating decoders for process `\sb16_f9_pipe.$proc$sb16_f9_pipe.v:636$150'.
Creating decoders for process `\sb16_f9_pipe.$proc$sb16_f9_pipe.v:635$149'.
Creating decoders for process `\sb16_f9_pipe.$proc$sb16_f9_pipe.v:635$148'.
Creating decoders for process `\sb16_f9_pipe.$proc$sb16_f9_pipe.v:634$147'.
Creating decoders for process `\sb16_f9_pipe.$proc$sb16_f9_pipe.v:634$146'.
Creating decoders for process `\sb16_f9_pipe.$proc$sb16_f9_pipe.v:633$145'.
Creating decoders for process `\sb16_f9_pipe.$proc$sb16_f9_pipe.v:633$144'.
Creating decoders for process `\sb16_f9_pipe.$proc$sb16_f9_pipe.v:632$143'.
Creating decoders for process `\sb16_f9_pipe.$proc$sb16_f9_pipe.v:632$142'.
Creating decoders for process `\sb16_f9_pipe.$proc$sb16_f9_pipe.v:631$141'.
Creating decoders for process `\sb16_f9_pipe.$proc$sb16_f9_pipe.v:631$140'.
Creating decoders for process `\sb16_f9_pipe.$proc$sb16_f9_pipe.v:630$139'.
Creating decoders for process `\sb16_f9_pipe.$proc$sb16_f9_pipe.v:630$138'.
Creating decoders for process `\sb16_f9_pipe.$proc$sb16_f9_pipe.v:629$137'.
Creating decoders for process `\sb16_f9_pipe.$proc$sb16_f9_pipe.v:629$136'.
Creating decoders for process `\sb16_f9_pipe.$proc$sb16_f9_pipe.v:628$135'.
Creating decoders for process `\sb16_f9_pipe.$proc$sb16_f9_pipe.v:628$134'.
Creating decoders for process `\sb16_f9_pipe.$proc$sb16_f9_pipe.v:627$133'.
Creating decoders for process `\sb16_f9_pipe.$proc$sb16_f9_pipe.v:627$132'.
Creating decoders for process `\sb16_f9_pipe.$proc$sb16_f9_pipe.v:626$131'.
Creating decoders for process `\sb16_f9_pipe.$proc$sb16_f9_pipe.v:626$130'.
Creating decoders for process `\sb16_f9_pipe.$proc$sb16_f9_pipe.v:625$129'.
Creating decoders for process `\sb16_f9_pipe.$proc$sb16_f9_pipe.v:625$128'.
Creating decoders for process `\sb16_f9_pipe.$proc$sb16_f9_pipe.v:624$127'.
Creating decoders for process `\sb16_f9_pipe.$proc$sb16_f9_pipe.v:624$126'.
Creating decoders for process `\sb16_f9_pipe.$proc$sb16_f9_pipe.v:623$125'.
Creating decoders for process `\sb16_f9_pipe.$proc$sb16_f9_pipe.v:623$124'.
Creating decoders for process `\sb16_f9_pipe.$proc$sb16_f9_pipe.v:622$123'.
Creating decoders for process `\sb16_f9_pipe.$proc$sb16_f9_pipe.v:622$122'.
Creating decoders for process `\sb16_f9_pipe.$proc$sb16_f9_pipe.v:621$121'.
Creating decoders for process `\sb16_f9_pipe.$proc$sb16_f9_pipe.v:621$120'.
Creating decoders for process `\sb16_f9_pipe.$proc$sb16_f9_pipe.v:620$119'.
Creating decoders for process `\sb16_f9_pipe.$proc$sb16_f9_pipe.v:620$118'.
Creating decoders for process `\sb16_f9_pipe.$proc$sb16_f9_pipe.v:619$117'.
Creating decoders for process `\sb16_f9_pipe.$proc$sb16_f9_pipe.v:619$116'.
Creating decoders for process `\sb16_f9_pipe.$proc$sb16_f9_pipe.v:618$115'.
Creating decoders for process `\sb16_f9_pipe.$proc$sb16_f9_pipe.v:618$114'.
Creating decoders for process `\sb16_f9_pipe.$proc$sb16_f9_pipe.v:617$113'.
Creating decoders for process `\sb16_f9_pipe.$proc$sb16_f9_pipe.v:617$112'.
Creating decoders for process `\sb16_f9_pipe.$proc$sb16_f9_pipe.v:616$111'.
Creating decoders for process `\sb16_f9_pipe.$proc$sb16_f9_pipe.v:616$110'.
Creating decoders for process `\sb16_f9_pipe.$proc$sb16_f9_pipe.v:615$109'.
Creating decoders for process `\sb16_f9_pipe.$proc$sb16_f9_pipe.v:615$108'.
Creating decoders for process `\sb16_f9_pipe.$proc$sb16_f9_pipe.v:614$107'.
Creating decoders for process `\sb16_f9_pipe.$proc$sb16_f9_pipe.v:614$106'.
Creating decoders for process `\sb16_f9_pipe.$proc$sb16_f9_pipe.v:613$105'.
Creating decoders for process `\sb16_f9_pipe.$proc$sb16_f9_pipe.v:613$104'.
Creating decoders for process `\sb16_f9_pipe.$proc$sb16_f9_pipe.v:612$103'.
Creating decoders for process `\sb16_f9_pipe.$proc$sb16_f9_pipe.v:612$102'.
Creating decoders for process `\sb16_f9_pipe.$proc$sb16_f9_pipe.v:611$101'.
Creating decoders for process `\sb16_f9_pipe.$proc$sb16_f9_pipe.v:611$100'.
Creating decoders for process `\sb16_f9_pipe.$proc$sb16_f9_pipe.v:610$99'.
Creating decoders for process `\sb16_f9_pipe.$proc$sb16_f9_pipe.v:610$98'.
Creating decoders for process `\sb16_f9_pipe.$proc$sb16_f9_pipe.v:609$97'.
Creating decoders for process `\sb16_f9_pipe.$proc$sb16_f9_pipe.v:609$96'.
Creating decoders for process `\sb16_f9_pipe.$proc$sb16_f9_pipe.v:608$95'.
Creating decoders for process `\sb16_f9_pipe.$proc$sb16_f9_pipe.v:608$94'.
Creating decoders for process `\sb16_f9_pipe.$proc$sb16_f9_pipe.v:607$93'.
Creating decoders for process `\sb16_f9_pipe.$proc$sb16_f9_pipe.v:607$92'.
Creating decoders for process `\sb16_f9_pipe.$proc$sb16_f9_pipe.v:606$91'.
Creating decoders for process `\sb16_f9_pipe.$proc$sb16_f9_pipe.v:606$90'.
Creating decoders for process `\sb16_f9_pipe.$proc$sb16_f9_pipe.v:605$89'.
Creating decoders for process `\sb16_f9_pipe.$proc$sb16_f9_pipe.v:605$88'.
Creating decoders for process `\sb16_f9_pipe.$proc$sb16_f9_pipe.v:604$87'.
Creating decoders for process `\sb16_f9_pipe.$proc$sb16_f9_pipe.v:604$86'.
Creating decoders for process `\sb16_f9_pipe.$proc$sb16_f9_pipe.v:603$85'.
Creating decoders for process `\sb16_f9_pipe.$proc$sb16_f9_pipe.v:603$84'.
Creating decoders for process `\sb16_f9_pipe.$proc$sb16_f9_pipe.v:602$83'.
Creating decoders for process `\sb16_f9_pipe.$proc$sb16_f9_pipe.v:602$82'.
Creating decoders for process `\sb16_f9_pipe.$proc$sb16_f9_pipe.v:601$81'.
Creating decoders for process `\sb16_f9_pipe.$proc$sb16_f9_pipe.v:601$80'.
Creating decoders for process `\sb16_f9_pipe.$proc$sb16_f9_pipe.v:600$79'.
Creating decoders for process `\sb16_f9_pipe.$proc$sb16_f9_pipe.v:600$78'.
Creating decoders for process `\sb16_f9_pipe.$proc$sb16_f9_pipe.v:599$77'.
Creating decoders for process `\sb16_f9_pipe.$proc$sb16_f9_pipe.v:599$76'.
Creating decoders for process `\sb16_f9_pipe.$proc$sb16_f9_pipe.v:598$75'.
Creating decoders for process `\sb16_f9_pipe.$proc$sb16_f9_pipe.v:598$74'.
Creating decoders for process `\sb16_f9_pipe.$proc$sb16_f9_pipe.v:597$73'.
Creating decoders for process `\sb16_f9_pipe.$proc$sb16_f9_pipe.v:597$72'.
Creating decoders for process `\sb16_f9_pipe.$proc$sb16_f9_pipe.v:596$71'.
Creating decoders for process `\sb16_f9_pipe.$proc$sb16_f9_pipe.v:596$70'.
Creating decoders for process `\sb16_f9_pipe.$proc$sb16_f9_pipe.v:595$69'.
Creating decoders for process `\sb16_f9_pipe.$proc$sb16_f9_pipe.v:595$68'.
Creating decoders for process `\sb16_f9_pipe.$proc$sb16_f9_pipe.v:594$67'.
Creating decoders for process `\sb16_f9_pipe.$proc$sb16_f9_pipe.v:594$66'.
Creating decoders for process `\sb16_f9_pipe.$proc$sb16_f9_pipe.v:593$65'.
Creating decoders for process `\sb16_f9_pipe.$proc$sb16_f9_pipe.v:593$64'.
Creating decoders for process `\sb16_f9_pipe.$proc$sb16_f9_pipe.v:592$63'.
Creating decoders for process `\sb16_f9_pipe.$proc$sb16_f9_pipe.v:592$62'.
Creating decoders for process `\sb16_f9_pipe.$proc$sb16_f9_pipe.v:591$61'.
Creating decoders for process `\sb16_f9_pipe.$proc$sb16_f9_pipe.v:591$60'.
Creating decoders for process `\sb16_f9_pipe.$proc$sb16_f9_pipe.v:590$59'.
Creating decoders for process `\sb16_f9_pipe.$proc$sb16_f9_pipe.v:590$58'.
Creating decoders for process `\sb16_f9_pipe.$proc$sb16_f9_pipe.v:589$57'.
Creating decoders for process `\sb16_f9_pipe.$proc$sb16_f9_pipe.v:589$56'.
Creating decoders for process `\sb16_f9_pipe.$proc$sb16_f9_pipe.v:588$55'.
Creating decoders for process `\sb16_f9_pipe.$proc$sb16_f9_pipe.v:588$54'.
Creating decoders for process `\sb16_f9_pipe.$proc$sb16_f9_pipe.v:587$53'.
Creating decoders for process `\sb16_f9_pipe.$proc$sb16_f9_pipe.v:587$52'.
Creating decoders for process `\sb16_f9_pipe.$proc$sb16_f9_pipe.v:586$51'.
Creating decoders for process `\sb16_f9_pipe.$proc$sb16_f9_pipe.v:586$50'.
Creating decoders for process `\sb16_f9_pipe.$proc$sb16_f9_pipe.v:585$49'.
Creating decoders for process `\sb16_f9_pipe.$proc$sb16_f9_pipe.v:585$48'.
Creating decoders for process `\sb16_f9_pipe.$proc$sb16_f9_pipe.v:841$47'.
Creating decoders for process `\ub_complex_31_pipe4.$proc$ub_complex_31_pipe4.v:111$46'.
Creating decoders for process `\ub_complex_31_pipe4.$proc$ub_complex_31_pipe4.v:107$45'.
Creating decoders for process `\ub_complex_31_pipe4.$proc$ub_complex_31_pipe4.v:85$44'.
Creating decoders for process `\ub_complex_31_pipe4.$proc$ub_complex_31_pipe4.v:84$43'.
Creating decoders for process `\ub_complex_31_pipe4.$proc$ub_complex_31_pipe4.v:84$42'.
Creating decoders for process `\ub_complex_31_pipe4.$proc$ub_complex_31_pipe4.v:83$41'.
Creating decoders for process `\ub_complex_31_pipe4.$proc$ub_complex_31_pipe4.v:83$40'.
Creating decoders for process `\ub_complex_31_pipe4.$proc$ub_complex_31_pipe4.v:83$39'.
Creating decoders for process `\ub_complex_31_pipe4.$proc$ub_complex_31_pipe4.v:83$38'.
Creating decoders for process `\ub_complex_31_pipe4.$proc$ub_complex_31_pipe4.v:82$37'.
Creating decoders for process `\ub_complex_31_pipe4.$proc$ub_complex_31_pipe4.v:82$36'.
Creating decoders for process `\ub_complex_31_pipe4.$proc$ub_complex_31_pipe4.v:81$35'.
Creating decoders for process `\ub_complex_31_pipe4.$proc$ub_complex_31_pipe4.v:81$34'.
Creating decoders for process `\ub_complex_31_pipe4.$proc$ub_complex_31_pipe4.v:81$33'.
Creating decoders for process `\ub_complex_31_pipe4.$proc$ub_complex_31_pipe4.v:81$32'.
Creating decoders for process `\ub_complex_31_pipe4.$proc$ub_complex_31_pipe4.v:461$31'.
     1/3: $0\valid_out[0:0]
     2/3: $0\ci[121:0]
     3/3: $0\cr[121:0]
Creating decoders for process `\ub_complex_31_pipe4.$proc$ub_complex_31_pipe4.v:112$30'.
     1/7: $0\v2[0:0]
     2/7: $0\P3i_2[57:0]
     3/7: $0\P3r_2[57:0]
     4/7: $0\P2i_2[61:0]
     5/7: $0\P2r_2[61:0]
     6/7: $0\P1i_2[61:0]
     7/7: $0\P1r_2[61:0]
Creating decoders for process `\ub_complex_31_pipe4.$proc$ub_complex_31_pipe4.v:108$29'.
     1/1: $0\vsb[0:0]
Creating decoders for process `\ub_complex_31_pipe4.$proc$ub_complex_31_pipe4.v:86$28'.
     1/13: $0\v1[0:0]
     2/13: $0\B1i_1[29:0]
     3/13: $0\A1i_1[29:0]
     4/13: $0\B0i_1[31:0]
     5/13: $0\A0i_1[31:0]
     6/13: $0\SBi_1[31:0]
     7/13: $0\SAi_1[31:0]
     8/13: $0\B1r_1[29:0]
     9/13: $0\A1r_1[29:0]
    10/13: $0\B0r_1[31:0]
    11/13: $0\A0r_1[31:0]
    12/13: $0\SBr_1[31:0]
    13/13: $0\SAr_1[31:0]
Creating decoders for process `\ue_v12_complex_pipe.$proc$ue_v12_complex_pipe_0610.v:2303$21'.
     1/24: $0\state[1:0]
     2/24: $0\out_idx[3:0]
     3/24: $0\p8i_reg[121:0]
     4/24: $0\p8r_reg[121:0]
     5/24: $0\p7i_reg[121:0]
     6/24: $0\p7r_reg[121:0]
     7/24: $0\p6i_reg[121:0]
     8/24: $0\p6r_reg[121:0]
     9/24: $0\p5i_reg[121:0]
    10/24: $0\p5r_reg[121:0]
    11/24: $0\p4i_reg[121:0]
    12/24: $0\p4r_reg[121:0]
    13/24: $0\p3i_reg[121:0]
    14/24: $0\p3r_reg[121:0]
    15/24: $0\p2i_reg[121:0]
    16/24: $0\p2r_reg[121:0]
    17/24: $0\p1i_reg[121:0]
    18/24: $0\p1r_reg[121:0]
    19/24: $0\p0i_reg[121:0]
    20/24: $0\p0r_reg[121:0]
    21/24: $0\eng_vin[0:0]
    22/24: $0\job_idx[3:0]
    23/24: $0\cycle_count[15:0]
    24/24: $0\done[0:0]
Creating decoders for process `\ue_v12_complex_pipe.$proc$ue_v12_complex_pipe_0610.v:2282$20'.
     1/5: $0\rx_bi[61:0]
     2/5: $0\rx_br[61:0]
     3/5: $0\rx_ai[61:0]
     4/5: $0\rx_ar[61:0]
     5/5: $0\rx_vin[0:0]
Creating decoders for process `\ue_v12_complex_pipe.$proc$ue_v12_complex_pipe_0610.v:2263$19'.
     1/4: $1\mux_bi[61:0]
     2/4: $1\mux_br[61:0]
     3/4: $1\mux_ai[61:0]
     4/4: $1\mux_ar[61:0]
Creating decoders for process `\ue_v14_real_1engine.$proc$ue_v14_real_1engine_0610.v:9225$11'.
     1/2: $0\counting[0:0]
     2/2: $0\cycle_count[15:0]
Creating decoders for process `\ue_v14_real_1engine.$proc$ue_v14_real_1engine_0610.v:9194$4'.
     1/15: $0\jdone[0:0]
     2/15: $0\jst[2:0]
     3/15: $0\p8r_full[609:0]
     4/15: $0\p6i[609:0]
     5/15: $0\p6r[609:0]
     6/15: $0\p4i[609:0]
     7/15: $0\p4r[609:0]
     8/15: $0\p2i[609:0]
     9/15: $0\p2r[609:0]
    10/15: $0\p1r[609:0]
    11/15: $0\p0r[609:0]
    12/15: $0\mrst_cnt[2:0]
    13/15: $0\mtr_rst[0:0]
    14/15: $0\mstart[0:0]
    15/15: $0\mjob[2:0]
Creating decoders for process `\ue_v14_real_1engine.$proc$ue_v14_real_1engine_0610.v:9181$2'.
     1/5: $0\mr_start[0:0]
     2/5: $0\mr_bi[305:0]
     3/5: $0\mr_br[305:0]
     4/5: $0\mr_ai[305:0]
     5/5: $0\mr_ar[305:0]
Creating decoders for process `\ue_v14_real_1engine.$proc$ue_v14_real_1engine_0610.v:9167$1'.
     1/4: $1\m_bi[305:0]
     2/4: $1\m_br[305:0]
     3/4: $1\m_ai[305:0]
     4/4: $1\m_ar[305:0]

15.2.8. Executing PROC_DLATCH pass (convert process syncs to latches).
No latch inferred for signal `\ue_v12_complex_pipe.\mux_ar' from process `\ue_v12_complex_pipe.$proc$ue_v12_complex_pipe_0610.v:2263$19'.
No latch inferred for signal `\ue_v12_complex_pipe.\mux_ai' from process `\ue_v12_complex_pipe.$proc$ue_v12_complex_pipe_0610.v:2263$19'.
No latch inferred for signal `\ue_v12_complex_pipe.\mux_br' from process `\ue_v12_complex_pipe.$proc$ue_v12_complex_pipe_0610.v:2263$19'.
No latch inferred for signal `\ue_v12_complex_pipe.\mux_bi' from process `\ue_v12_complex_pipe.$proc$ue_v12_complex_pipe_0610.v:2263$19'.
No latch inferred for signal `\ue_v14_real_1engine.\m_ar' from process `\ue_v14_real_1engine.$proc$ue_v14_real_1engine_0610.v:9167$1'.
No latch inferred for signal `\ue_v14_real_1engine.\m_ai' from process `\ue_v14_real_1engine.$proc$ue_v14_real_1engine_0610.v:9167$1'.
No latch inferred for signal `\ue_v14_real_1engine.\m_br' from process `\ue_v14_real_1engine.$proc$ue_v14_real_1engine_0610.v:9167$1'.
No latch inferred for signal `\ue_v14_real_1engine.\m_bi' from process `\ue_v14_real_1engine.$proc$ue_v14_real_1engine_0610.v:9167$1'.

15.2.9. Executing PROC_DFF pass (convert process syncs to FFs).
Creating register for signal `\sb15_f9_pipe.\pr0_0' using process `\sb15_f9_pipe.$proc$sb15_f9_pipe.v:744$560'.
  created $dff cell `$procdff$1837' with positive edge clock.
Creating register for signal `\sb15_f9_pipe.\pi0_0' using process `\sb15_f9_pipe.$proc$sb15_f9_pipe.v:744$560'.
  created $dff cell `$procdff$1838' with positive edge clock.
Creating register for signal `\sb15_f9_pipe.\pr0_1' using process `\sb15_f9_pipe.$proc$sb15_f9_pipe.v:744$560'.
  created $dff cell `$procdff$1839' with positive edge clock.
Creating register for signal `\sb15_f9_pipe.\pi0_1' using process `\sb15_f9_pipe.$proc$sb15_f9_pipe.v:744$560'.
  created $dff cell `$procdff$1840' with positive edge clock.
Creating register for signal `\sb15_f9_pipe.\pr0_2' using process `\sb15_f9_pipe.$proc$sb15_f9_pipe.v:744$560'.
  created $dff cell `$procdff$1841' with positive edge clock.
Creating register for signal `\sb15_f9_pipe.\pi0_2' using process `\sb15_f9_pipe.$proc$sb15_f9_pipe.v:744$560'.
  created $dff cell `$procdff$1842' with positive edge clock.
Creating register for signal `\sb15_f9_pipe.\pr0_3' using process `\sb15_f9_pipe.$proc$sb15_f9_pipe.v:744$560'.
  created $dff cell `$procdff$1843' with positive edge clock.
Creating register for signal `\sb15_f9_pipe.\pi0_3' using process `\sb15_f9_pipe.$proc$sb15_f9_pipe.v:744$560'.
  created $dff cell `$procdff$1844' with positive edge clock.
Creating register for signal `\sb15_f9_pipe.\pr0_4' using process `\sb15_f9_pipe.$proc$sb15_f9_pipe.v:744$560'.
  created $dff cell `$procdff$1845' with positive edge clock.
Creating register for signal `\sb15_f9_pipe.\pi0_4' using process `\sb15_f9_pipe.$proc$sb15_f9_pipe.v:744$560'.
  created $dff cell `$procdff$1846' with positive edge clock.
Creating register for signal `\sb15_f9_pipe.\pr0_5' using process `\sb15_f9_pipe.$proc$sb15_f9_pipe.v:744$560'.
  created $dff cell `$procdff$1847' with positive edge clock.
Creating register for signal `\sb15_f9_pipe.\pi0_5' using process `\sb15_f9_pipe.$proc$sb15_f9_pipe.v:744$560'.
  created $dff cell `$procdff$1848' with positive edge clock.
Creating register for signal `\sb15_f9_pipe.\pr0_6' using process `\sb15_f9_pipe.$proc$sb15_f9_pipe.v:744$560'.
  created $dff cell `$procdff$1849' with positive edge clock.
Creating register for signal `\sb15_f9_pipe.\pi0_6' using process `\sb15_f9_pipe.$proc$sb15_f9_pipe.v:744$560'.
  created $dff cell `$procdff$1850' with positive edge clock.
Creating register for signal `\sb15_f9_pipe.\pr0_7' using process `\sb15_f9_pipe.$proc$sb15_f9_pipe.v:744$560'.
  created $dff cell `$procdff$1851' with positive edge clock.
Creating register for signal `\sb15_f9_pipe.\pi0_7' using process `\sb15_f9_pipe.$proc$sb15_f9_pipe.v:744$560'.
  created $dff cell `$procdff$1852' with positive edge clock.
Creating register for signal `\sb15_f9_pipe.\pr0_8' using process `\sb15_f9_pipe.$proc$sb15_f9_pipe.v:744$560'.
  created $dff cell `$procdff$1853' with positive edge clock.
Creating register for signal `\sb15_f9_pipe.\pi0_8' using process `\sb15_f9_pipe.$proc$sb15_f9_pipe.v:744$560'.
  created $dff cell `$procdff$1854' with positive edge clock.
Creating register for signal `\sb15_f9_pipe.\pr0_9' using process `\sb15_f9_pipe.$proc$sb15_f9_pipe.v:744$560'.
  created $dff cell `$procdff$1855' with positive edge clock.
Creating register for signal `\sb15_f9_pipe.\pi0_9' using process `\sb15_f9_pipe.$proc$sb15_f9_pipe.v:744$560'.
  created $dff cell `$procdff$1856' with positive edge clock.
Creating register for signal `\sb15_f9_pipe.\pr0_10' using process `\sb15_f9_pipe.$proc$sb15_f9_pipe.v:744$560'.
  created $dff cell `$procdff$1857' with positive edge clock.
Creating register for signal `\sb15_f9_pipe.\pi0_10' using process `\sb15_f9_pipe.$proc$sb15_f9_pipe.v:744$560'.
  created $dff cell `$procdff$1858' with positive edge clock.
Creating register for signal `\sb15_f9_pipe.\pr0_11' using process `\sb15_f9_pipe.$proc$sb15_f9_pipe.v:744$560'.
  created $dff cell `$procdff$1859' with positive edge clock.
Creating register for signal `\sb15_f9_pipe.\pi0_11' using process `\sb15_f9_pipe.$proc$sb15_f9_pipe.v:744$560'.
  created $dff cell `$procdff$1860' with positive edge clock.
Creating register for signal `\sb15_f9_pipe.\pr0_12' using process `\sb15_f9_pipe.$proc$sb15_f9_pipe.v:744$560'.
  created $dff cell `$procdff$1861' with positive edge clock.
Creating register for signal `\sb15_f9_pipe.\pi0_12' using process `\sb15_f9_pipe.$proc$sb15_f9_pipe.v:744$560'.
  created $dff cell `$procdff$1862' with positive edge clock.
Creating register for signal `\sb15_f9_pipe.\pr0_13' using process `\sb15_f9_pipe.$proc$sb15_f9_pipe.v:744$560'.
  created $dff cell `$procdff$1863' with positive edge clock.
Creating register for signal `\sb15_f9_pipe.\pi0_13' using process `\sb15_f9_pipe.$proc$sb15_f9_pipe.v:744$560'.
  created $dff cell `$procdff$1864' with positive edge clock.
Creating register for signal `\sb15_f9_pipe.\pr0_14' using process `\sb15_f9_pipe.$proc$sb15_f9_pipe.v:744$560'.
  created $dff cell `$procdff$1865' with positive edge clock.
Creating register for signal `\sb15_f9_pipe.\pi0_14' using process `\sb15_f9_pipe.$proc$sb15_f9_pipe.v:744$560'.
  created $dff cell `$procdff$1866' with positive edge clock.
Creating register for signal `\sb15_f9_pipe.\pr1_0' using process `\sb15_f9_pipe.$proc$sb15_f9_pipe.v:744$560'.
  created $dff cell `$procdff$1867' with positive edge clock.
Creating register for signal `\sb15_f9_pipe.\pi1_0' using process `\sb15_f9_pipe.$proc$sb15_f9_pipe.v:744$560'.
  created $dff cell `$procdff$1868' with positive edge clock.
Creating register for signal `\sb15_f9_pipe.\pr1_1' using process `\sb15_f9_pipe.$proc$sb15_f9_pipe.v:744$560'.
  created $dff cell `$procdff$1869' with positive edge clock.
Creating register for signal `\sb15_f9_pipe.\pi1_1' using process `\sb15_f9_pipe.$proc$sb15_f9_pipe.v:744$560'.
  created $dff cell `$procdff$1870' with positive edge clock.
Creating register for signal `\sb15_f9_pipe.\pr1_2' using process `\sb15_f9_pipe.$proc$sb15_f9_pipe.v:744$560'.
  created $dff cell `$procdff$1871' with positive edge clock.
Creating register for signal `\sb15_f9_pipe.\pi1_2' using process `\sb15_f9_pipe.$proc$sb15_f9_pipe.v:744$560'.
  created $dff cell `$procdff$1872' with positive edge clock.
Creating register for signal `\sb15_f9_pipe.\pr1_3' using process `\sb15_f9_pipe.$proc$sb15_f9_pipe.v:744$560'.
  created $dff cell `$procdff$1873' with positive edge clock.
Creating register for signal `\sb15_f9_pipe.\pi1_3' using process `\sb15_f9_pipe.$proc$sb15_f9_pipe.v:744$560'.
  created $dff cell `$procdff$1874' with positive edge clock.
Creating register for signal `\sb15_f9_pipe.\pr1_4' using process `\sb15_f9_pipe.$proc$sb15_f9_pipe.v:744$560'.
  created $dff cell `$procdff$1875' with positive edge clock.
Creating register for signal `\sb15_f9_pipe.\pi1_4' using process `\sb15_f9_pipe.$proc$sb15_f9_pipe.v:744$560'.
  created $dff cell `$procdff$1876' with positive edge clock.
Creating register for signal `\sb15_f9_pipe.\pr1_5' using process `\sb15_f9_pipe.$proc$sb15_f9_pipe.v:744$560'.
  created $dff cell `$procdff$1877' with positive edge clock.
Creating register for signal `\sb15_f9_pipe.\pi1_5' using process `\sb15_f9_pipe.$proc$sb15_f9_pipe.v:744$560'.
  created $dff cell `$procdff$1878' with positive edge clock.
Creating register for signal `\sb15_f9_pipe.\pr1_6' using process `\sb15_f9_pipe.$proc$sb15_f9_pipe.v:744$560'.
  created $dff cell `$procdff$1879' with positive edge clock.
Creating register for signal `\sb15_f9_pipe.\pi1_6' using process `\sb15_f9_pipe.$proc$sb15_f9_pipe.v:744$560'.
  created $dff cell `$procdff$1880' with positive edge clock.
Creating register for signal `\sb15_f9_pipe.\pr1_7' using process `\sb15_f9_pipe.$proc$sb15_f9_pipe.v:744$560'.
  created $dff cell `$procdff$1881' with positive edge clock.
Creating register for signal `\sb15_f9_pipe.\pi1_7' using process `\sb15_f9_pipe.$proc$sb15_f9_pipe.v:744$560'.
  created $dff cell `$procdff$1882' with positive edge clock.
Creating register for signal `\sb15_f9_pipe.\pr1_8' using process `\sb15_f9_pipe.$proc$sb15_f9_pipe.v:744$560'.
  created $dff cell `$procdff$1883' with positive edge clock.
Creating register for signal `\sb15_f9_pipe.\pi1_8' using process `\sb15_f9_pipe.$proc$sb15_f9_pipe.v:744$560'.
  created $dff cell `$procdff$1884' with positive edge clock.
Creating register for signal `\sb15_f9_pipe.\pr1_9' using process `\sb15_f9_pipe.$proc$sb15_f9_pipe.v:744$560'.
  created $dff cell `$procdff$1885' with positive edge clock.
Creating register for signal `\sb15_f9_pipe.\pi1_9' using process `\sb15_f9_pipe.$proc$sb15_f9_pipe.v:744$560'.
  created $dff cell `$procdff$1886' with positive edge clock.
Creating register for signal `\sb15_f9_pipe.\pr1_10' using process `\sb15_f9_pipe.$proc$sb15_f9_pipe.v:744$560'.
  created $dff cell `$procdff$1887' with positive edge clock.
Creating register for signal `\sb15_f9_pipe.\pi1_10' using process `\sb15_f9_pipe.$proc$sb15_f9_pipe.v:744$560'.
  created $dff cell `$procdff$1888' with positive edge clock.
Creating register for signal `\sb15_f9_pipe.\pr1_11' using process `\sb15_f9_pipe.$proc$sb15_f9_pipe.v:744$560'.
  created $dff cell `$procdff$1889' with positive edge clock.
Creating register for signal `\sb15_f9_pipe.\pi1_11' using process `\sb15_f9_pipe.$proc$sb15_f9_pipe.v:744$560'.
  created $dff cell `$procdff$1890' with positive edge clock.
Creating register for signal `\sb15_f9_pipe.\pr1_12' using process `\sb15_f9_pipe.$proc$sb15_f9_pipe.v:744$560'.
  created $dff cell `$procdff$1891' with positive edge clock.
Creating register for signal `\sb15_f9_pipe.\pi1_12' using process `\sb15_f9_pipe.$proc$sb15_f9_pipe.v:744$560'.
  created $dff cell `$procdff$1892' with positive edge clock.
Creating register for signal `\sb15_f9_pipe.\pr1_13' using process `\sb15_f9_pipe.$proc$sb15_f9_pipe.v:744$560'.
  created $dff cell `$procdff$1893' with positive edge clock.
Creating register for signal `\sb15_f9_pipe.\pi1_13' using process `\sb15_f9_pipe.$proc$sb15_f9_pipe.v:744$560'.
  created $dff cell `$procdff$1894' with positive edge clock.
Creating register for signal `\sb15_f9_pipe.\pr1_14' using process `\sb15_f9_pipe.$proc$sb15_f9_pipe.v:744$560'.
  created $dff cell `$procdff$1895' with positive edge clock.
Creating register for signal `\sb15_f9_pipe.\pi1_14' using process `\sb15_f9_pipe.$proc$sb15_f9_pipe.v:744$560'.
  created $dff cell `$procdff$1896' with positive edge clock.
Creating register for signal `\sb15_f9_pipe.\pr2_0' using process `\sb15_f9_pipe.$proc$sb15_f9_pipe.v:744$560'.
  created $dff cell `$procdff$1897' with positive edge clock.
Creating register for signal `\sb15_f9_pipe.\pi2_0' using process `\sb15_f9_pipe.$proc$sb15_f9_pipe.v:744$560'.
  created $dff cell `$procdff$1898' with positive edge clock.
Creating register for signal `\sb15_f9_pipe.\pr2_1' using process `\sb15_f9_pipe.$proc$sb15_f9_pipe.v:744$560'.
  created $dff cell `$procdff$1899' with positive edge clock.
Creating register for signal `\sb15_f9_pipe.\pi2_1' using process `\sb15_f9_pipe.$proc$sb15_f9_pipe.v:744$560'.
  created $dff cell `$procdff$1900' with positive edge clock.
Creating register for signal `\sb15_f9_pipe.\pr2_2' using process `\sb15_f9_pipe.$proc$sb15_f9_pipe.v:744$560'.
  created $dff cell `$procdff$1901' with positive edge clock.
Creating register for signal `\sb15_f9_pipe.\pi2_2' using process `\sb15_f9_pipe.$proc$sb15_f9_pipe.v:744$560'.
  created $dff cell `$procdff$1902' with positive edge clock.
Creating register for signal `\sb15_f9_pipe.\pr2_3' using process `\sb15_f9_pipe.$proc$sb15_f9_pipe.v:744$560'.
  created $dff cell `$procdff$1903' with positive edge clock.
Creating register for signal `\sb15_f9_pipe.\pi2_3' using process `\sb15_f9_pipe.$proc$sb15_f9_pipe.v:744$560'.
  created $dff cell `$procdff$1904' with positive edge clock.
Creating register for signal `\sb15_f9_pipe.\pr2_4' using process `\sb15_f9_pipe.$proc$sb15_f9_pipe.v:744$560'.
  created $dff cell `$procdff$1905' with positive edge clock.
Creating register for signal `\sb15_f9_pipe.\pi2_4' using process `\sb15_f9_pipe.$proc$sb15_f9_pipe.v:744$560'.
  created $dff cell `$procdff$1906' with positive edge clock.
Creating register for signal `\sb15_f9_pipe.\pr2_5' using process `\sb15_f9_pipe.$proc$sb15_f9_pipe.v:744$560'.
  created $dff cell `$procdff$1907' with positive edge clock.
Creating register for signal `\sb15_f9_pipe.\pi2_5' using process `\sb15_f9_pipe.$proc$sb15_f9_pipe.v:744$560'.
  created $dff cell `$procdff$1908' with positive edge clock.
Creating register for signal `\sb15_f9_pipe.\pr2_6' using process `\sb15_f9_pipe.$proc$sb15_f9_pipe.v:744$560'.
  created $dff cell `$procdff$1909' with positive edge clock.
Creating register for signal `\sb15_f9_pipe.\pi2_6' using process `\sb15_f9_pipe.$proc$sb15_f9_pipe.v:744$560'.
  created $dff cell `$procdff$1910' with positive edge clock.
Creating register for signal `\sb15_f9_pipe.\pr2_7' using process `\sb15_f9_pipe.$proc$sb15_f9_pipe.v:744$560'.
  created $dff cell `$procdff$1911' with positive edge clock.
Creating register for signal `\sb15_f9_pipe.\pi2_7' using process `\sb15_f9_pipe.$proc$sb15_f9_pipe.v:744$560'.
  created $dff cell `$procdff$1912' with positive edge clock.
Creating register for signal `\sb15_f9_pipe.\pr2_8' using process `\sb15_f9_pipe.$proc$sb15_f9_pipe.v:744$560'.
  created $dff cell `$procdff$1913' with positive edge clock.
Creating register for signal `\sb15_f9_pipe.\pi2_8' using process `\sb15_f9_pipe.$proc$sb15_f9_pipe.v:744$560'.
  created $dff cell `$procdff$1914' with positive edge clock.
Creating register for signal `\sb15_f9_pipe.\pr2_9' using process `\sb15_f9_pipe.$proc$sb15_f9_pipe.v:744$560'.
  created $dff cell `$procdff$1915' with positive edge clock.
Creating register for signal `\sb15_f9_pipe.\pi2_9' using process `\sb15_f9_pipe.$proc$sb15_f9_pipe.v:744$560'.
  created $dff cell `$procdff$1916' with positive edge clock.
Creating register for signal `\sb15_f9_pipe.\pr2_10' using process `\sb15_f9_pipe.$proc$sb15_f9_pipe.v:744$560'.
  created $dff cell `$procdff$1917' with positive edge clock.
Creating register for signal `\sb15_f9_pipe.\pi2_10' using process `\sb15_f9_pipe.$proc$sb15_f9_pipe.v:744$560'.
  created $dff cell `$procdff$1918' with positive edge clock.
Creating register for signal `\sb15_f9_pipe.\pr2_11' using process `\sb15_f9_pipe.$proc$sb15_f9_pipe.v:744$560'.
  created $dff cell `$procdff$1919' with positive edge clock.
Creating register for signal `\sb15_f9_pipe.\pi2_11' using process `\sb15_f9_pipe.$proc$sb15_f9_pipe.v:744$560'.
  created $dff cell `$procdff$1920' with positive edge clock.
Creating register for signal `\sb15_f9_pipe.\pr2_12' using process `\sb15_f9_pipe.$proc$sb15_f9_pipe.v:744$560'.
  created $dff cell `$procdff$1921' with positive edge clock.
Creating register for signal `\sb15_f9_pipe.\pi2_12' using process `\sb15_f9_pipe.$proc$sb15_f9_pipe.v:744$560'.
  created $dff cell `$procdff$1922' with positive edge clock.
Creating register for signal `\sb15_f9_pipe.\pr2_13' using process `\sb15_f9_pipe.$proc$sb15_f9_pipe.v:744$560'.
  created $dff cell `$procdff$1923' with positive edge clock.
Creating register for signal `\sb15_f9_pipe.\pi2_13' using process `\sb15_f9_pipe.$proc$sb15_f9_pipe.v:744$560'.
  created $dff cell `$procdff$1924' with positive edge clock.
Creating register for signal `\sb15_f9_pipe.\pr2_14' using process `\sb15_f9_pipe.$proc$sb15_f9_pipe.v:744$560'.
  created $dff cell `$procdff$1925' with positive edge clock.
Creating register for signal `\sb15_f9_pipe.\pi2_14' using process `\sb15_f9_pipe.$proc$sb15_f9_pipe.v:744$560'.
  created $dff cell `$procdff$1926' with positive edge clock.
Creating register for signal `\sb15_f9_pipe.\pr3_0' using process `\sb15_f9_pipe.$proc$sb15_f9_pipe.v:744$560'.
  created $dff cell `$procdff$1927' with positive edge clock.
Creating register for signal `\sb15_f9_pipe.\pi3_0' using process `\sb15_f9_pipe.$proc$sb15_f9_pipe.v:744$560'.
  created $dff cell `$procdff$1928' with positive edge clock.
Creating register for signal `\sb15_f9_pipe.\pr3_1' using process `\sb15_f9_pipe.$proc$sb15_f9_pipe.v:744$560'.
  created $dff cell `$procdff$1929' with positive edge clock.
Creating register for signal `\sb15_f9_pipe.\pi3_1' using process `\sb15_f9_pipe.$proc$sb15_f9_pipe.v:744$560'.
  created $dff cell `$procdff$1930' with positive edge clock.
Creating register for signal `\sb15_f9_pipe.\pr3_2' using process `\sb15_f9_pipe.$proc$sb15_f9_pipe.v:744$560'.
  created $dff cell `$procdff$1931' with positive edge clock.
Creating register for signal `\sb15_f9_pipe.\pi3_2' using process `\sb15_f9_pipe.$proc$sb15_f9_pipe.v:744$560'.
  created $dff cell `$procdff$1932' with positive edge clock.
Creating register for signal `\sb15_f9_pipe.\pr3_3' using process `\sb15_f9_pipe.$proc$sb15_f9_pipe.v:744$560'.
  created $dff cell `$procdff$1933' with positive edge clock.
Creating register for signal `\sb15_f9_pipe.\pi3_3' using process `\sb15_f9_pipe.$proc$sb15_f9_pipe.v:744$560'.
  created $dff cell `$procdff$1934' with positive edge clock.
Creating register for signal `\sb15_f9_pipe.\pr3_4' using process `\sb15_f9_pipe.$proc$sb15_f9_pipe.v:744$560'.
  created $dff cell `$procdff$1935' with positive edge clock.
Creating register for signal `\sb15_f9_pipe.\pi3_4' using process `\sb15_f9_pipe.$proc$sb15_f9_pipe.v:744$560'.
  created $dff cell `$procdff$1936' with positive edge clock.
Creating register for signal `\sb15_f9_pipe.\pr3_5' using process `\sb15_f9_pipe.$proc$sb15_f9_pipe.v:744$560'.
  created $dff cell `$procdff$1937' with positive edge clock.
Creating register for signal `\sb15_f9_pipe.\pi3_5' using process `\sb15_f9_pipe.$proc$sb15_f9_pipe.v:744$560'.
  created $dff cell `$procdff$1938' with positive edge clock.
Creating register for signal `\sb15_f9_pipe.\pr3_6' using process `\sb15_f9_pipe.$proc$sb15_f9_pipe.v:744$560'.
  created $dff cell `$procdff$1939' with positive edge clock.
Creating register for signal `\sb15_f9_pipe.\pi3_6' using process `\sb15_f9_pipe.$proc$sb15_f9_pipe.v:744$560'.
  created $dff cell `$procdff$1940' with positive edge clock.
Creating register for signal `\sb15_f9_pipe.\pr3_7' using process `\sb15_f9_pipe.$proc$sb15_f9_pipe.v:744$560'.
  created $dff cell `$procdff$1941' with positive edge clock.
Creating register for signal `\sb15_f9_pipe.\pi3_7' using process `\sb15_f9_pipe.$proc$sb15_f9_pipe.v:744$560'.
  created $dff cell `$procdff$1942' with positive edge clock.
Creating register for signal `\sb15_f9_pipe.\pr3_8' using process `\sb15_f9_pipe.$proc$sb15_f9_pipe.v:744$560'.
  created $dff cell `$procdff$1943' with positive edge clock.
Creating register for signal `\sb15_f9_pipe.\pi3_8' using process `\sb15_f9_pipe.$proc$sb15_f9_pipe.v:744$560'.
  created $dff cell `$procdff$1944' with positive edge clock.
Creating register for signal `\sb15_f9_pipe.\pr3_9' using process `\sb15_f9_pipe.$proc$sb15_f9_pipe.v:744$560'.
  created $dff cell `$procdff$1945' with positive edge clock.
Creating register for signal `\sb15_f9_pipe.\pi3_9' using process `\sb15_f9_pipe.$proc$sb15_f9_pipe.v:744$560'.
  created $dff cell `$procdff$1946' with positive edge clock.
Creating register for signal `\sb15_f9_pipe.\pr3_10' using process `\sb15_f9_pipe.$proc$sb15_f9_pipe.v:744$560'.
  created $dff cell `$procdff$1947' with positive edge clock.
Creating register for signal `\sb15_f9_pipe.\pi3_10' using process `\sb15_f9_pipe.$proc$sb15_f9_pipe.v:744$560'.
  created $dff cell `$procdff$1948' with positive edge clock.
Creating register for signal `\sb15_f9_pipe.\pr3_11' using process `\sb15_f9_pipe.$proc$sb15_f9_pipe.v:744$560'.
  created $dff cell `$procdff$1949' with positive edge clock.
Creating register for signal `\sb15_f9_pipe.\pi3_11' using process `\sb15_f9_pipe.$proc$sb15_f9_pipe.v:744$560'.
  created $dff cell `$procdff$1950' with positive edge clock.
Creating register for signal `\sb15_f9_pipe.\pr3_12' using process `\sb15_f9_pipe.$proc$sb15_f9_pipe.v:744$560'.
  created $dff cell `$procdff$1951' with positive edge clock.
Creating register for signal `\sb15_f9_pipe.\pi3_12' using process `\sb15_f9_pipe.$proc$sb15_f9_pipe.v:744$560'.
  created $dff cell `$procdff$1952' with positive edge clock.
Creating register for signal `\sb15_f9_pipe.\pr3_13' using process `\sb15_f9_pipe.$proc$sb15_f9_pipe.v:744$560'.
  created $dff cell `$procdff$1953' with positive edge clock.
Creating register for signal `\sb15_f9_pipe.\pi3_13' using process `\sb15_f9_pipe.$proc$sb15_f9_pipe.v:744$560'.
  created $dff cell `$procdff$1954' with positive edge clock.
Creating register for signal `\sb15_f9_pipe.\pr3_14' using process `\sb15_f9_pipe.$proc$sb15_f9_pipe.v:744$560'.
  created $dff cell `$procdff$1955' with positive edge clock.
Creating register for signal `\sb15_f9_pipe.\pi3_14' using process `\sb15_f9_pipe.$proc$sb15_f9_pipe.v:744$560'.
  created $dff cell `$procdff$1956' with positive edge clock.
Creating register for signal `\sb15_f9_pipe.\pr4_0' using process `\sb15_f9_pipe.$proc$sb15_f9_pipe.v:744$560'.
  created $dff cell `$procdff$1957' with positive edge clock.
Creating register for signal `\sb15_f9_pipe.\pi4_0' using process `\sb15_f9_pipe.$proc$sb15_f9_pipe.v:744$560'.
  created $dff cell `$procdff$1958' with positive edge clock.
Creating register for signal `\sb15_f9_pipe.\pr4_1' using process `\sb15_f9_pipe.$proc$sb15_f9_pipe.v:744$560'.
  created $dff cell `$procdff$1959' with positive edge clock.
Creating register for signal `\sb15_f9_pipe.\pi4_1' using process `\sb15_f9_pipe.$proc$sb15_f9_pipe.v:744$560'.
  created $dff cell `$procdff$1960' with positive edge clock.
Creating register for signal `\sb15_f9_pipe.\pr4_2' using process `\sb15_f9_pipe.$proc$sb15_f9_pipe.v:744$560'.
  created $dff cell `$procdff$1961' with positive edge clock.
Creating register for signal `\sb15_f9_pipe.\pi4_2' using process `\sb15_f9_pipe.$proc$sb15_f9_pipe.v:744$560'.
  created $dff cell `$procdff$1962' with positive edge clock.
Creating register for signal `\sb15_f9_pipe.\pr4_3' using process `\sb15_f9_pipe.$proc$sb15_f9_pipe.v:744$560'.
  created $dff cell `$procdff$1963' with positive edge clock.
Creating register for signal `\sb15_f9_pipe.\pi4_3' using process `\sb15_f9_pipe.$proc$sb15_f9_pipe.v:744$560'.
  created $dff cell `$procdff$1964' with positive edge clock.
Creating register for signal `\sb15_f9_pipe.\pr4_4' using process `\sb15_f9_pipe.$proc$sb15_f9_pipe.v:744$560'.
  created $dff cell `$procdff$1965' with positive edge clock.
Creating register for signal `\sb15_f9_pipe.\pi4_4' using process `\sb15_f9_pipe.$proc$sb15_f9_pipe.v:744$560'.
  created $dff cell `$procdff$1966' with positive edge clock.
Creating register for signal `\sb15_f9_pipe.\pr4_5' using process `\sb15_f9_pipe.$proc$sb15_f9_pipe.v:744$560'.
  created $dff cell `$procdff$1967' with positive edge clock.
Creating register for signal `\sb15_f9_pipe.\pi4_5' using process `\sb15_f9_pipe.$proc$sb15_f9_pipe.v:744$560'.
  created $dff cell `$procdff$1968' with positive edge clock.
Creating register for signal `\sb15_f9_pipe.\pr4_6' using process `\sb15_f9_pipe.$proc$sb15_f9_pipe.v:744$560'.
  created $dff cell `$procdff$1969' with positive edge clock.
Creating register for signal `\sb15_f9_pipe.\pi4_6' using process `\sb15_f9_pipe.$proc$sb15_f9_pipe.v:744$560'.
  created $dff cell `$procdff$1970' with positive edge clock.
Creating register for signal `\sb15_f9_pipe.\pr4_7' using process `\sb15_f9_pipe.$proc$sb15_f9_pipe.v:744$560'.
  created $dff cell `$procdff$1971' with positive edge clock.
Creating register for signal `\sb15_f9_pipe.\pi4_7' using process `\sb15_f9_pipe.$proc$sb15_f9_pipe.v:744$560'.
  created $dff cell `$procdff$1972' with positive edge clock.
Creating register for signal `\sb15_f9_pipe.\pr4_8' using process `\sb15_f9_pipe.$proc$sb15_f9_pipe.v:744$560'.
  created $dff cell `$procdff$1973' with positive edge clock.
Creating register for signal `\sb15_f9_pipe.\pi4_8' using process `\sb15_f9_pipe.$proc$sb15_f9_pipe.v:744$560'.
  created $dff cell `$procdff$1974' with positive edge clock.
Creating register for signal `\sb15_f9_pipe.\pr4_9' using process `\sb15_f9_pipe.$proc$sb15_f9_pipe.v:744$560'.
  created $dff cell `$procdff$1975' with positive edge clock.
Creating register for signal `\sb15_f9_pipe.\pi4_9' using process `\sb15_f9_pipe.$proc$sb15_f9_pipe.v:744$560'.
  created $dff cell `$procdff$1976' with positive edge clock.
Creating register for signal `\sb15_f9_pipe.\pr4_10' using process `\sb15_f9_pipe.$proc$sb15_f9_pipe.v:744$560'.
  created $dff cell `$procdff$1977' with positive edge clock.
Creating register for signal `\sb15_f9_pipe.\pi4_10' using process `\sb15_f9_pipe.$proc$sb15_f9_pipe.v:744$560'.
  created $dff cell `$procdff$1978' with positive edge clock.
Creating register for signal `\sb15_f9_pipe.\pr4_11' using process `\sb15_f9_pipe.$proc$sb15_f9_pipe.v:744$560'.
  created $dff cell `$procdff$1979' with positive edge clock.
Creating register for signal `\sb15_f9_pipe.\pi4_11' using process `\sb15_f9_pipe.$proc$sb15_f9_pipe.v:744$560'.
  created $dff cell `$procdff$1980' with positive edge clock.
Creating register for signal `\sb15_f9_pipe.\pr4_12' using process `\sb15_f9_pipe.$proc$sb15_f9_pipe.v:744$560'.
  created $dff cell `$procdff$1981' with positive edge clock.
Creating register for signal `\sb15_f9_pipe.\pi4_12' using process `\sb15_f9_pipe.$proc$sb15_f9_pipe.v:744$560'.
  created $dff cell `$procdff$1982' with positive edge clock.
Creating register for signal `\sb15_f9_pipe.\pr4_13' using process `\sb15_f9_pipe.$proc$sb15_f9_pipe.v:744$560'.
  created $dff cell `$procdff$1983' with positive edge clock.
Creating register for signal `\sb15_f9_pipe.\pi4_13' using process `\sb15_f9_pipe.$proc$sb15_f9_pipe.v:744$560'.
  created $dff cell `$procdff$1984' with positive edge clock.
Creating register for signal `\sb15_f9_pipe.\pr4_14' using process `\sb15_f9_pipe.$proc$sb15_f9_pipe.v:744$560'.
  created $dff cell `$procdff$1985' with positive edge clock.
Creating register for signal `\sb15_f9_pipe.\pi4_14' using process `\sb15_f9_pipe.$proc$sb15_f9_pipe.v:744$560'.
  created $dff cell `$procdff$1986' with positive edge clock.
Creating register for signal `\sb15_f9_pipe.\pr5_0' using process `\sb15_f9_pipe.$proc$sb15_f9_pipe.v:744$560'.
  created $dff cell `$procdff$1987' with positive edge clock.
Creating register for signal `\sb15_f9_pipe.\pi5_0' using process `\sb15_f9_pipe.$proc$sb15_f9_pipe.v:744$560'.
  created $dff cell `$procdff$1988' with positive edge clock.
Creating register for signal `\sb15_f9_pipe.\pr5_1' using process `\sb15_f9_pipe.$proc$sb15_f9_pipe.v:744$560'.
  created $dff cell `$procdff$1989' with positive edge clock.
Creating register for signal `\sb15_f9_pipe.\pi5_1' using process `\sb15_f9_pipe.$proc$sb15_f9_pipe.v:744$560'.
  created $dff cell `$procdff$1990' with positive edge clock.
Creating register for signal `\sb15_f9_pipe.\pr5_2' using process `\sb15_f9_pipe.$proc$sb15_f9_pipe.v:744$560'.
  created $dff cell `$procdff$1991' with positive edge clock.
Creating register for signal `\sb15_f9_pipe.\pi5_2' using process `\sb15_f9_pipe.$proc$sb15_f9_pipe.v:744$560'.
  created $dff cell `$procdff$1992' with positive edge clock.
Creating register for signal `\sb15_f9_pipe.\pr5_3' using process `\sb15_f9_pipe.$proc$sb15_f9_pipe.v:744$560'.
  created $dff cell `$procdff$1993' with positive edge clock.
Creating register for signal `\sb15_f9_pipe.\pi5_3' using process `\sb15_f9_pipe.$proc$sb15_f9_pipe.v:744$560'.
  created $dff cell `$procdff$1994' with positive edge clock.
Creating register for signal `\sb15_f9_pipe.\pr5_4' using process `\sb15_f9_pipe.$proc$sb15_f9_pipe.v:744$560'.
  created $dff cell `$procdff$1995' with positive edge clock.
Creating register for signal `\sb15_f9_pipe.\pi5_4' using process `\sb15_f9_pipe.$proc$sb15_f9_pipe.v:744$560'.
  created $dff cell `$procdff$1996' with positive edge clock.
Creating register for signal `\sb15_f9_pipe.\pr5_5' using process `\sb15_f9_pipe.$proc$sb15_f9_pipe.v:744$560'.
  created $dff cell `$procdff$1997' with positive edge clock.
Creating register for signal `\sb15_f9_pipe.\pi5_5' using process `\sb15_f9_pipe.$proc$sb15_f9_pipe.v:744$560'.
  created $dff cell `$procdff$1998' with positive edge clock.
Creating register for signal `\sb15_f9_pipe.\pr5_6' using process `\sb15_f9_pipe.$proc$sb15_f9_pipe.v:744$560'.
  created $dff cell `$procdff$1999' with positive edge clock.
Creating register for signal `\sb15_f9_pipe.\pi5_6' using process `\sb15_f9_pipe.$proc$sb15_f9_pipe.v:744$560'.
  created $dff cell `$procdff$2000' with positive edge clock.
Creating register for signal `\sb15_f9_pipe.\pr5_7' using process `\sb15_f9_pipe.$proc$sb15_f9_pipe.v:744$560'.
  created $dff cell `$procdff$2001' with positive edge clock.
Creating register for signal `\sb15_f9_pipe.\pi5_7' using process `\sb15_f9_pipe.$proc$sb15_f9_pipe.v:744$560'.
  created $dff cell `$procdff$2002' with positive edge clock.
Creating register for signal `\sb15_f9_pipe.\pr5_8' using process `\sb15_f9_pipe.$proc$sb15_f9_pipe.v:744$560'.
  created $dff cell `$procdff$2003' with positive edge clock.
Creating register for signal `\sb15_f9_pipe.\pi5_8' using process `\sb15_f9_pipe.$proc$sb15_f9_pipe.v:744$560'.
  created $dff cell `$procdff$2004' with positive edge clock.
Creating register for signal `\sb15_f9_pipe.\pr5_9' using process `\sb15_f9_pipe.$proc$sb15_f9_pipe.v:744$560'.
  created $dff cell `$procdff$2005' with positive edge clock.
Creating register for signal `\sb15_f9_pipe.\pi5_9' using process `\sb15_f9_pipe.$proc$sb15_f9_pipe.v:744$560'.
  created $dff cell `$procdff$2006' with positive edge clock.
Creating register for signal `\sb15_f9_pipe.\pr5_10' using process `\sb15_f9_pipe.$proc$sb15_f9_pipe.v:744$560'.
  created $dff cell `$procdff$2007' with positive edge clock.
Creating register for signal `\sb15_f9_pipe.\pi5_10' using process `\sb15_f9_pipe.$proc$sb15_f9_pipe.v:744$560'.
  created $dff cell `$procdff$2008' with positive edge clock.
Creating register for signal `\sb15_f9_pipe.\pr5_11' using process `\sb15_f9_pipe.$proc$sb15_f9_pipe.v:744$560'.
  created $dff cell `$procdff$2009' with positive edge clock.
Creating register for signal `\sb15_f9_pipe.\pi5_11' using process `\sb15_f9_pipe.$proc$sb15_f9_pipe.v:744$560'.
  created $dff cell `$procdff$2010' with positive edge clock.
Creating register for signal `\sb15_f9_pipe.\pr5_12' using process `\sb15_f9_pipe.$proc$sb15_f9_pipe.v:744$560'.
  created $dff cell `$procdff$2011' with positive edge clock.
Creating register for signal `\sb15_f9_pipe.\pi5_12' using process `\sb15_f9_pipe.$proc$sb15_f9_pipe.v:744$560'.
  created $dff cell `$procdff$2012' with positive edge clock.
Creating register for signal `\sb15_f9_pipe.\pr5_13' using process `\sb15_f9_pipe.$proc$sb15_f9_pipe.v:744$560'.
  created $dff cell `$procdff$2013' with positive edge clock.
Creating register for signal `\sb15_f9_pipe.\pi5_13' using process `\sb15_f9_pipe.$proc$sb15_f9_pipe.v:744$560'.
  created $dff cell `$procdff$2014' with positive edge clock.
Creating register for signal `\sb15_f9_pipe.\pr5_14' using process `\sb15_f9_pipe.$proc$sb15_f9_pipe.v:744$560'.
  created $dff cell `$procdff$2015' with positive edge clock.
Creating register for signal `\sb15_f9_pipe.\pi5_14' using process `\sb15_f9_pipe.$proc$sb15_f9_pipe.v:744$560'.
  created $dff cell `$procdff$2016' with positive edge clock.
Creating register for signal `\sb15_f9_pipe.\pr6_0' using process `\sb15_f9_pipe.$proc$sb15_f9_pipe.v:744$560'.
  created $dff cell `$procdff$2017' with positive edge clock.
Creating register for signal `\sb15_f9_pipe.\pi6_0' using process `\sb15_f9_pipe.$proc$sb15_f9_pipe.v:744$560'.
  created $dff cell `$procdff$2018' with positive edge clock.
Creating register for signal `\sb15_f9_pipe.\pr6_1' using process `\sb15_f9_pipe.$proc$sb15_f9_pipe.v:744$560'.
  created $dff cell `$procdff$2019' with positive edge clock.
Creating register for signal `\sb15_f9_pipe.\pi6_1' using process `\sb15_f9_pipe.$proc$sb15_f9_pipe.v:744$560'.
  created $dff cell `$procdff$2020' with positive edge clock.
Creating register for signal `\sb15_f9_pipe.\pr6_2' using process `\sb15_f9_pipe.$proc$sb15_f9_pipe.v:744$560'.
  created $dff cell `$procdff$2021' with positive edge clock.
Creating register for signal `\sb15_f9_pipe.\pi6_2' using process `\sb15_f9_pipe.$proc$sb15_f9_pipe.v:744$560'.
  created $dff cell `$procdff$2022' with positive edge clock.
Creating register for signal `\sb15_f9_pipe.\pr6_3' using process `\sb15_f9_pipe.$proc$sb15_f9_pipe.v:744$560'.
  created $dff cell `$procdff$2023' with positive edge clock.
Creating register for signal `\sb15_f9_pipe.\pi6_3' using process `\sb15_f9_pipe.$proc$sb15_f9_pipe.v:744$560'.
  created $dff cell `$procdff$2024' with positive edge clock.
Creating register for signal `\sb15_f9_pipe.\pr6_4' using process `\sb15_f9_pipe.$proc$sb15_f9_pipe.v:744$560'.
  created $dff cell `$procdff$2025' with positive edge clock.
Creating register for signal `\sb15_f9_pipe.\pi6_4' using process `\sb15_f9_pipe.$proc$sb15_f9_pipe.v:744$560'.
  created $dff cell `$procdff$2026' with positive edge clock.
Creating register for signal `\sb15_f9_pipe.\pr6_5' using process `\sb15_f9_pipe.$proc$sb15_f9_pipe.v:744$560'.
  created $dff cell `$procdff$2027' with positive edge clock.
Creating register for signal `\sb15_f9_pipe.\pi6_5' using process `\sb15_f9_pipe.$proc$sb15_f9_pipe.v:744$560'.
  created $dff cell `$procdff$2028' with positive edge clock.
Creating register for signal `\sb15_f9_pipe.\pr6_6' using process `\sb15_f9_pipe.$proc$sb15_f9_pipe.v:744$560'.
  created $dff cell `$procdff$2029' with positive edge clock.
Creating register for signal `\sb15_f9_pipe.\pi6_6' using process `\sb15_f9_pipe.$proc$sb15_f9_pipe.v:744$560'.
  created $dff cell `$procdff$2030' with positive edge clock.
Creating register for signal `\sb15_f9_pipe.\pr6_7' using process `\sb15_f9_pipe.$proc$sb15_f9_pipe.v:744$560'.
  created $dff cell `$procdff$2031' with positive edge clock.
Creating register for signal `\sb15_f9_pipe.\pi6_7' using process `\sb15_f9_pipe.$proc$sb15_f9_pipe.v:744$560'.
  created $dff cell `$procdff$2032' with positive edge clock.
Creating register for signal `\sb15_f9_pipe.\pr6_8' using process `\sb15_f9_pipe.$proc$sb15_f9_pipe.v:744$560'.
  created $dff cell `$procdff$2033' with positive edge clock.
Creating register for signal `\sb15_f9_pipe.\pi6_8' using process `\sb15_f9_pipe.$proc$sb15_f9_pipe.v:744$560'.
  created $dff cell `$procdff$2034' with positive edge clock.
Creating register for signal `\sb15_f9_pipe.\pr6_9' using process `\sb15_f9_pipe.$proc$sb15_f9_pipe.v:744$560'.
  created $dff cell `$procdff$2035' with positive edge clock.
Creating register for signal `\sb15_f9_pipe.\pi6_9' using process `\sb15_f9_pipe.$proc$sb15_f9_pipe.v:744$560'.
  created $dff cell `$procdff$2036' with positive edge clock.
Creating register for signal `\sb15_f9_pipe.\pr6_10' using process `\sb15_f9_pipe.$proc$sb15_f9_pipe.v:744$560'.
  created $dff cell `$procdff$2037' with positive edge clock.
Creating register for signal `\sb15_f9_pipe.\pi6_10' using process `\sb15_f9_pipe.$proc$sb15_f9_pipe.v:744$560'.
  created $dff cell `$procdff$2038' with positive edge clock.
Creating register for signal `\sb15_f9_pipe.\pr6_11' using process `\sb15_f9_pipe.$proc$sb15_f9_pipe.v:744$560'.
  created $dff cell `$procdff$2039' with positive edge clock.
Creating register for signal `\sb15_f9_pipe.\pi6_11' using process `\sb15_f9_pipe.$proc$sb15_f9_pipe.v:744$560'.
  created $dff cell `$procdff$2040' with positive edge clock.
Creating register for signal `\sb15_f9_pipe.\pr6_12' using process `\sb15_f9_pipe.$proc$sb15_f9_pipe.v:744$560'.
  created $dff cell `$procdff$2041' with positive edge clock.
Creating register for signal `\sb15_f9_pipe.\pi6_12' using process `\sb15_f9_pipe.$proc$sb15_f9_pipe.v:744$560'.
  created $dff cell `$procdff$2042' with positive edge clock.
Creating register for signal `\sb15_f9_pipe.\pr6_13' using process `\sb15_f9_pipe.$proc$sb15_f9_pipe.v:744$560'.
  created $dff cell `$procdff$2043' with positive edge clock.
Creating register for signal `\sb15_f9_pipe.\pi6_13' using process `\sb15_f9_pipe.$proc$sb15_f9_pipe.v:744$560'.
  created $dff cell `$procdff$2044' with positive edge clock.
Creating register for signal `\sb15_f9_pipe.\pr6_14' using process `\sb15_f9_pipe.$proc$sb15_f9_pipe.v:744$560'.
  created $dff cell `$procdff$2045' with positive edge clock.
Creating register for signal `\sb15_f9_pipe.\pi6_14' using process `\sb15_f9_pipe.$proc$sb15_f9_pipe.v:744$560'.
  created $dff cell `$procdff$2046' with positive edge clock.
Creating register for signal `\sb15_f9_pipe.\pr7_0' using process `\sb15_f9_pipe.$proc$sb15_f9_pipe.v:744$560'.
  created $dff cell `$procdff$2047' with positive edge clock.
Creating register for signal `\sb15_f9_pipe.\pi7_0' using process `\sb15_f9_pipe.$proc$sb15_f9_pipe.v:744$560'.
  created $dff cell `$procdff$2048' with positive edge clock.
Creating register for signal `\sb15_f9_pipe.\pr7_1' using process `\sb15_f9_pipe.$proc$sb15_f9_pipe.v:744$560'.
  created $dff cell `$procdff$2049' with positive edge clock.
Creating register for signal `\sb15_f9_pipe.\pi7_1' using process `\sb15_f9_pipe.$proc$sb15_f9_pipe.v:744$560'.
  created $dff cell `$procdff$2050' with positive edge clock.
Creating register for signal `\sb15_f9_pipe.\pr7_2' using process `\sb15_f9_pipe.$proc$sb15_f9_pipe.v:744$560'.
  created $dff cell `$procdff$2051' with positive edge clock.
Creating register for signal `\sb15_f9_pipe.\pi7_2' using process `\sb15_f9_pipe.$proc$sb15_f9_pipe.v:744$560'.
  created $dff cell `$procdff$2052' with positive edge clock.
Creating register for signal `\sb15_f9_pipe.\pr7_3' using process `\sb15_f9_pipe.$proc$sb15_f9_pipe.v:744$560'.
  created $dff cell `$procdff$2053' with positive edge clock.
Creating register for signal `\sb15_f9_pipe.\pi7_3' using process `\sb15_f9_pipe.$proc$sb15_f9_pipe.v:744$560'.
  created $dff cell `$procdff$2054' with positive edge clock.
Creating register for signal `\sb15_f9_pipe.\pr7_4' using process `\sb15_f9_pipe.$proc$sb15_f9_pipe.v:744$560'.
  created $dff cell `$procdff$2055' with positive edge clock.
Creating register for signal `\sb15_f9_pipe.\pi7_4' using process `\sb15_f9_pipe.$proc$sb15_f9_pipe.v:744$560'.
  created $dff cell `$procdff$2056' with positive edge clock.
Creating register for signal `\sb15_f9_pipe.\pr7_5' using process `\sb15_f9_pipe.$proc$sb15_f9_pipe.v:744$560'.
  created $dff cell `$procdff$2057' with positive edge clock.
Creating register for signal `\sb15_f9_pipe.\pi7_5' using process `\sb15_f9_pipe.$proc$sb15_f9_pipe.v:744$560'.
  created $dff cell `$procdff$2058' with positive edge clock.
Creating register for signal `\sb15_f9_pipe.\pr7_6' using process `\sb15_f9_pipe.$proc$sb15_f9_pipe.v:744$560'.
  created $dff cell `$procdff$2059' with positive edge clock.
Creating register for signal `\sb15_f9_pipe.\pi7_6' using process `\sb15_f9_pipe.$proc$sb15_f9_pipe.v:744$560'.
  created $dff cell `$procdff$2060' with positive edge clock.
Creating register for signal `\sb15_f9_pipe.\pr7_7' using process `\sb15_f9_pipe.$proc$sb15_f9_pipe.v:744$560'.
  created $dff cell `$procdff$2061' with positive edge clock.
Creating register for signal `\sb15_f9_pipe.\pi7_7' using process `\sb15_f9_pipe.$proc$sb15_f9_pipe.v:744$560'.
  created $dff cell `$procdff$2062' with positive edge clock.
Creating register for signal `\sb15_f9_pipe.\pr7_8' using process `\sb15_f9_pipe.$proc$sb15_f9_pipe.v:744$560'.
  created $dff cell `$procdff$2063' with positive edge clock.
Creating register for signal `\sb15_f9_pipe.\pi7_8' using process `\sb15_f9_pipe.$proc$sb15_f9_pipe.v:744$560'.
  created $dff cell `$procdff$2064' with positive edge clock.
Creating register for signal `\sb15_f9_pipe.\pr7_9' using process `\sb15_f9_pipe.$proc$sb15_f9_pipe.v:744$560'.
  created $dff cell `$procdff$2065' with positive edge clock.
Creating register for signal `\sb15_f9_pipe.\pi7_9' using process `\sb15_f9_pipe.$proc$sb15_f9_pipe.v:744$560'.
  created $dff cell `$procdff$2066' with positive edge clock.
Creating register for signal `\sb15_f9_pipe.\pr7_10' using process `\sb15_f9_pipe.$proc$sb15_f9_pipe.v:744$560'.
  created $dff cell `$procdff$2067' with positive edge clock.
Creating register for signal `\sb15_f9_pipe.\pi7_10' using process `\sb15_f9_pipe.$proc$sb15_f9_pipe.v:744$560'.
  created $dff cell `$procdff$2068' with positive edge clock.
Creating register for signal `\sb15_f9_pipe.\pr7_11' using process `\sb15_f9_pipe.$proc$sb15_f9_pipe.v:744$560'.
  created $dff cell `$procdff$2069' with positive edge clock.
Creating register for signal `\sb15_f9_pipe.\pi7_11' using process `\sb15_f9_pipe.$proc$sb15_f9_pipe.v:744$560'.
  created $dff cell `$procdff$2070' with positive edge clock.
Creating register for signal `\sb15_f9_pipe.\pr7_12' using process `\sb15_f9_pipe.$proc$sb15_f9_pipe.v:744$560'.
  created $dff cell `$procdff$2071' with positive edge clock.
Creating register for signal `\sb15_f9_pipe.\pi7_12' using process `\sb15_f9_pipe.$proc$sb15_f9_pipe.v:744$560'.
  created $dff cell `$procdff$2072' with positive edge clock.
Creating register for signal `\sb15_f9_pipe.\pr7_13' using process `\sb15_f9_pipe.$proc$sb15_f9_pipe.v:744$560'.
  created $dff cell `$procdff$2073' with positive edge clock.
Creating register for signal `\sb15_f9_pipe.\pi7_13' using process `\sb15_f9_pipe.$proc$sb15_f9_pipe.v:744$560'.
  created $dff cell `$procdff$2074' with positive edge clock.
Creating register for signal `\sb15_f9_pipe.\pr7_14' using process `\sb15_f9_pipe.$proc$sb15_f9_pipe.v:744$560'.
  created $dff cell `$procdff$2075' with positive edge clock.
Creating register for signal `\sb15_f9_pipe.\pi7_14' using process `\sb15_f9_pipe.$proc$sb15_f9_pipe.v:744$560'.
  created $dff cell `$procdff$2076' with positive edge clock.
Creating register for signal `\sb15_f9_pipe.\pr8_0' using process `\sb15_f9_pipe.$proc$sb15_f9_pipe.v:744$560'.
  created $dff cell `$procdff$2077' with positive edge clock.
Creating register for signal `\sb15_f9_pipe.\pi8_0' using process `\sb15_f9_pipe.$proc$sb15_f9_pipe.v:744$560'.
  created $dff cell `$procdff$2078' with positive edge clock.
Creating register for signal `\sb15_f9_pipe.\pr8_1' using process `\sb15_f9_pipe.$proc$sb15_f9_pipe.v:744$560'.
  created $dff cell `$procdff$2079' with positive edge clock.
Creating register for signal `\sb15_f9_pipe.\pi8_1' using process `\sb15_f9_pipe.$proc$sb15_f9_pipe.v:744$560'.
  created $dff cell `$procdff$2080' with positive edge clock.
Creating register for signal `\sb15_f9_pipe.\pr8_2' using process `\sb15_f9_pipe.$proc$sb15_f9_pipe.v:744$560'.
  created $dff cell `$procdff$2081' with positive edge clock.
Creating register for signal `\sb15_f9_pipe.\pi8_2' using process `\sb15_f9_pipe.$proc$sb15_f9_pipe.v:744$560'.
  created $dff cell `$procdff$2082' with positive edge clock.
Creating register for signal `\sb15_f9_pipe.\pr8_3' using process `\sb15_f9_pipe.$proc$sb15_f9_pipe.v:744$560'.
  created $dff cell `$procdff$2083' with positive edge clock.
Creating register for signal `\sb15_f9_pipe.\pi8_3' using process `\sb15_f9_pipe.$proc$sb15_f9_pipe.v:744$560'.
  created $dff cell `$procdff$2084' with positive edge clock.
Creating register for signal `\sb15_f9_pipe.\pr8_4' using process `\sb15_f9_pipe.$proc$sb15_f9_pipe.v:744$560'.
  created $dff cell `$procdff$2085' with positive edge clock.
Creating register for signal `\sb15_f9_pipe.\pi8_4' using process `\sb15_f9_pipe.$proc$sb15_f9_pipe.v:744$560'.
  created $dff cell `$procdff$2086' with positive edge clock.
Creating register for signal `\sb15_f9_pipe.\pr8_5' using process `\sb15_f9_pipe.$proc$sb15_f9_pipe.v:744$560'.
  created $dff cell `$procdff$2087' with positive edge clock.
Creating register for signal `\sb15_f9_pipe.\pi8_5' using process `\sb15_f9_pipe.$proc$sb15_f9_pipe.v:744$560'.
  created $dff cell `$procdff$2088' with positive edge clock.
Creating register for signal `\sb15_f9_pipe.\pr8_6' using process `\sb15_f9_pipe.$proc$sb15_f9_pipe.v:744$560'.
  created $dff cell `$procdff$2089' with positive edge clock.
Creating register for signal `\sb15_f9_pipe.\pi8_6' using process `\sb15_f9_pipe.$proc$sb15_f9_pipe.v:744$560'.
  created $dff cell `$procdff$2090' with positive edge clock.
Creating register for signal `\sb15_f9_pipe.\pr8_7' using process `\sb15_f9_pipe.$proc$sb15_f9_pipe.v:744$560'.
  created $dff cell `$procdff$2091' with positive edge clock.
Creating register for signal `\sb15_f9_pipe.\pi8_7' using process `\sb15_f9_pipe.$proc$sb15_f9_pipe.v:744$560'.
  created $dff cell `$procdff$2092' with positive edge clock.
Creating register for signal `\sb15_f9_pipe.\pr8_8' using process `\sb15_f9_pipe.$proc$sb15_f9_pipe.v:744$560'.
  created $dff cell `$procdff$2093' with positive edge clock.
Creating register for signal `\sb15_f9_pipe.\pi8_8' using process `\sb15_f9_pipe.$proc$sb15_f9_pipe.v:744$560'.
  created $dff cell `$procdff$2094' with positive edge clock.
Creating register for signal `\sb15_f9_pipe.\pr8_9' using process `\sb15_f9_pipe.$proc$sb15_f9_pipe.v:744$560'.
  created $dff cell `$procdff$2095' with positive edge clock.
Creating register for signal `\sb15_f9_pipe.\pi8_9' using process `\sb15_f9_pipe.$proc$sb15_f9_pipe.v:744$560'.
  created $dff cell `$procdff$2096' with positive edge clock.
Creating register for signal `\sb15_f9_pipe.\pr8_10' using process `\sb15_f9_pipe.$proc$sb15_f9_pipe.v:744$560'.
  created $dff cell `$procdff$2097' with positive edge clock.
Creating register for signal `\sb15_f9_pipe.\pi8_10' using process `\sb15_f9_pipe.$proc$sb15_f9_pipe.v:744$560'.
  created $dff cell `$procdff$2098' with positive edge clock.
Creating register for signal `\sb15_f9_pipe.\pr8_11' using process `\sb15_f9_pipe.$proc$sb15_f9_pipe.v:744$560'.
  created $dff cell `$procdff$2099' with positive edge clock.
Creating register for signal `\sb15_f9_pipe.\pi8_11' using process `\sb15_f9_pipe.$proc$sb15_f9_pipe.v:744$560'.
  created $dff cell `$procdff$2100' with positive edge clock.
Creating register for signal `\sb15_f9_pipe.\pr8_12' using process `\sb15_f9_pipe.$proc$sb15_f9_pipe.v:744$560'.
  created $dff cell `$procdff$2101' with positive edge clock.
Creating register for signal `\sb15_f9_pipe.\pi8_12' using process `\sb15_f9_pipe.$proc$sb15_f9_pipe.v:744$560'.
  created $dff cell `$procdff$2102' with positive edge clock.
Creating register for signal `\sb15_f9_pipe.\pr8_13' using process `\sb15_f9_pipe.$proc$sb15_f9_pipe.v:744$560'.
  created $dff cell `$procdff$2103' with positive edge clock.
Creating register for signal `\sb15_f9_pipe.\pi8_13' using process `\sb15_f9_pipe.$proc$sb15_f9_pipe.v:744$560'.
  created $dff cell `$procdff$2104' with positive edge clock.
Creating register for signal `\sb15_f9_pipe.\pr8_14' using process `\sb15_f9_pipe.$proc$sb15_f9_pipe.v:744$560'.
  created $dff cell `$procdff$2105' with positive edge clock.
Creating register for signal `\sb15_f9_pipe.\pi8_14' using process `\sb15_f9_pipe.$proc$sb15_f9_pipe.v:744$560'.
  created $dff cell `$procdff$2106' with positive edge clock.
Creating register for signal `\sb15_f9_pipe.\pr9_0' using process `\sb15_f9_pipe.$proc$sb15_f9_pipe.v:744$560'.
  created $dff cell `$procdff$2107' with positive edge clock.
Creating register for signal `\sb15_f9_pipe.\pi9_0' using process `\sb15_f9_pipe.$proc$sb15_f9_pipe.v:744$560'.
  created $dff cell `$procdff$2108' with positive edge clock.
Creating register for signal `\sb15_f9_pipe.\pr9_1' using process `\sb15_f9_pipe.$proc$sb15_f9_pipe.v:744$560'.
  created $dff cell `$procdff$2109' with positive edge clock.
Creating register for signal `\sb15_f9_pipe.\pi9_1' using process `\sb15_f9_pipe.$proc$sb15_f9_pipe.v:744$560'.
  created $dff cell `$procdff$2110' with positive edge clock.
Creating register for signal `\sb15_f9_pipe.\pr9_2' using process `\sb15_f9_pipe.$proc$sb15_f9_pipe.v:744$560'.
  created $dff cell `$procdff$2111' with positive edge clock.
Creating register for signal `\sb15_f9_pipe.\pi9_2' using process `\sb15_f9_pipe.$proc$sb15_f9_pipe.v:744$560'.
  created $dff cell `$procdff$2112' with positive edge clock.
Creating register for signal `\sb15_f9_pipe.\pr9_3' using process `\sb15_f9_pipe.$proc$sb15_f9_pipe.v:744$560'.
  created $dff cell `$procdff$2113' with positive edge clock.
Creating register for signal `\sb15_f9_pipe.\pi9_3' using process `\sb15_f9_pipe.$proc$sb15_f9_pipe.v:744$560'.
  created $dff cell `$procdff$2114' with positive edge clock.
Creating register for signal `\sb15_f9_pipe.\pr9_4' using process `\sb15_f9_pipe.$proc$sb15_f9_pipe.v:744$560'.
  created $dff cell `$procdff$2115' with positive edge clock.
Creating register for signal `\sb15_f9_pipe.\pi9_4' using process `\sb15_f9_pipe.$proc$sb15_f9_pipe.v:744$560'.
  created $dff cell `$procdff$2116' with positive edge clock.
Creating register for signal `\sb15_f9_pipe.\pr9_5' using process `\sb15_f9_pipe.$proc$sb15_f9_pipe.v:744$560'.
  created $dff cell `$procdff$2117' with positive edge clock.
Creating register for signal `\sb15_f9_pipe.\pi9_5' using process `\sb15_f9_pipe.$proc$sb15_f9_pipe.v:744$560'.
  created $dff cell `$procdff$2118' with positive edge clock.
Creating register for signal `\sb15_f9_pipe.\pr9_6' using process `\sb15_f9_pipe.$proc$sb15_f9_pipe.v:744$560'.
  created $dff cell `$procdff$2119' with positive edge clock.
Creating register for signal `\sb15_f9_pipe.\pi9_6' using process `\sb15_f9_pipe.$proc$sb15_f9_pipe.v:744$560'.
  created $dff cell `$procdff$2120' with positive edge clock.
Creating register for signal `\sb15_f9_pipe.\pr9_7' using process `\sb15_f9_pipe.$proc$sb15_f9_pipe.v:744$560'.
  created $dff cell `$procdff$2121' with positive edge clock.
Creating register for signal `\sb15_f9_pipe.\pi9_7' using process `\sb15_f9_pipe.$proc$sb15_f9_pipe.v:744$560'.
  created $dff cell `$procdff$2122' with positive edge clock.
Creating register for signal `\sb15_f9_pipe.\pr9_8' using process `\sb15_f9_pipe.$proc$sb15_f9_pipe.v:744$560'.
  created $dff cell `$procdff$2123' with positive edge clock.
Creating register for signal `\sb15_f9_pipe.\pi9_8' using process `\sb15_f9_pipe.$proc$sb15_f9_pipe.v:744$560'.
  created $dff cell `$procdff$2124' with positive edge clock.
Creating register for signal `\sb15_f9_pipe.\pr9_9' using process `\sb15_f9_pipe.$proc$sb15_f9_pipe.v:744$560'.
  created $dff cell `$procdff$2125' with positive edge clock.
Creating register for signal `\sb15_f9_pipe.\pi9_9' using process `\sb15_f9_pipe.$proc$sb15_f9_pipe.v:744$560'.
  created $dff cell `$procdff$2126' with positive edge clock.
Creating register for signal `\sb15_f9_pipe.\pr9_10' using process `\sb15_f9_pipe.$proc$sb15_f9_pipe.v:744$560'.
  created $dff cell `$procdff$2127' with positive edge clock.
Creating register for signal `\sb15_f9_pipe.\pi9_10' using process `\sb15_f9_pipe.$proc$sb15_f9_pipe.v:744$560'.
  created $dff cell `$procdff$2128' with positive edge clock.
Creating register for signal `\sb15_f9_pipe.\pr9_11' using process `\sb15_f9_pipe.$proc$sb15_f9_pipe.v:744$560'.
  created $dff cell `$procdff$2129' with positive edge clock.
Creating register for signal `\sb15_f9_pipe.\pi9_11' using process `\sb15_f9_pipe.$proc$sb15_f9_pipe.v:744$560'.
  created $dff cell `$procdff$2130' with positive edge clock.
Creating register for signal `\sb15_f9_pipe.\pr9_12' using process `\sb15_f9_pipe.$proc$sb15_f9_pipe.v:744$560'.
  created $dff cell `$procdff$2131' with positive edge clock.
Creating register for signal `\sb15_f9_pipe.\pi9_12' using process `\sb15_f9_pipe.$proc$sb15_f9_pipe.v:744$560'.
  created $dff cell `$procdff$2132' with positive edge clock.
Creating register for signal `\sb15_f9_pipe.\pr9_13' using process `\sb15_f9_pipe.$proc$sb15_f9_pipe.v:744$560'.
  created $dff cell `$procdff$2133' with positive edge clock.
Creating register for signal `\sb15_f9_pipe.\pi9_13' using process `\sb15_f9_pipe.$proc$sb15_f9_pipe.v:744$560'.
  created $dff cell `$procdff$2134' with positive edge clock.
Creating register for signal `\sb15_f9_pipe.\pr9_14' using process `\sb15_f9_pipe.$proc$sb15_f9_pipe.v:744$560'.
  created $dff cell `$procdff$2135' with positive edge clock.
Creating register for signal `\sb15_f9_pipe.\pi9_14' using process `\sb15_f9_pipe.$proc$sb15_f9_pipe.v:744$560'.
  created $dff cell `$procdff$2136' with positive edge clock.
Creating register for signal `\sb15_f9_pipe.\pr10_0' using process `\sb15_f9_pipe.$proc$sb15_f9_pipe.v:744$560'.
  created $dff cell `$procdff$2137' with positive edge clock.
Creating register for signal `\sb15_f9_pipe.\pi10_0' using process `\sb15_f9_pipe.$proc$sb15_f9_pipe.v:744$560'.
  created $dff cell `$procdff$2138' with positive edge clock.
Creating register for signal `\sb15_f9_pipe.\pr10_1' using process `\sb15_f9_pipe.$proc$sb15_f9_pipe.v:744$560'.
  created $dff cell `$procdff$2139' with positive edge clock.
Creating register for signal `\sb15_f9_pipe.\pi10_1' using process `\sb15_f9_pipe.$proc$sb15_f9_pipe.v:744$560'.
  created $dff cell `$procdff$2140' with positive edge clock.
Creating register for signal `\sb15_f9_pipe.\pr10_2' using process `\sb15_f9_pipe.$proc$sb15_f9_pipe.v:744$560'.
  created $dff cell `$procdff$2141' with positive edge clock.
Creating register for signal `\sb15_f9_pipe.\pi10_2' using process `\sb15_f9_pipe.$proc$sb15_f9_pipe.v:744$560'.
  created $dff cell `$procdff$2142' with positive edge clock.
Creating register for signal `\sb15_f9_pipe.\pr10_3' using process `\sb15_f9_pipe.$proc$sb15_f9_pipe.v:744$560'.
  created $dff cell `$procdff$2143' with positive edge clock.
Creating register for signal `\sb15_f9_pipe.\pi10_3' using process `\sb15_f9_pipe.$proc$sb15_f9_pipe.v:744$560'.
  created $dff cell `$procdff$2144' with positive edge clock.
Creating register for signal `\sb15_f9_pipe.\pr10_4' using process `\sb15_f9_pipe.$proc$sb15_f9_pipe.v:744$560'.
  created $dff cell `$procdff$2145' with positive edge clock.
Creating register for signal `\sb15_f9_pipe.\pi10_4' using process `\sb15_f9_pipe.$proc$sb15_f9_pipe.v:744$560'.
  created $dff cell `$procdff$2146' with positive edge clock.
Creating register for signal `\sb15_f9_pipe.\pr10_5' using process `\sb15_f9_pipe.$proc$sb15_f9_pipe.v:744$560'.
  created $dff cell `$procdff$2147' with positive edge clock.
Creating register for signal `\sb15_f9_pipe.\pi10_5' using process `\sb15_f9_pipe.$proc$sb15_f9_pipe.v:744$560'.
  created $dff cell `$procdff$2148' with positive edge clock.
Creating register for signal `\sb15_f9_pipe.\pr10_6' using process `\sb15_f9_pipe.$proc$sb15_f9_pipe.v:744$560'.
  created $dff cell `$procdff$2149' with positive edge clock.
Creating register for signal `\sb15_f9_pipe.\pi10_6' using process `\sb15_f9_pipe.$proc$sb15_f9_pipe.v:744$560'.
  created $dff cell `$procdff$2150' with positive edge clock.
Creating register for signal `\sb15_f9_pipe.\pr10_7' using process `\sb15_f9_pipe.$proc$sb15_f9_pipe.v:744$560'.
  created $dff cell `$procdff$2151' with positive edge clock.
Creating register for signal `\sb15_f9_pipe.\pi10_7' using process `\sb15_f9_pipe.$proc$sb15_f9_pipe.v:744$560'.
  created $dff cell `$procdff$2152' with positive edge clock.
Creating register for signal `\sb15_f9_pipe.\pr10_8' using process `\sb15_f9_pipe.$proc$sb15_f9_pipe.v:744$560'.
  created $dff cell `$procdff$2153' with positive edge clock.
Creating register for signal `\sb15_f9_pipe.\pi10_8' using process `\sb15_f9_pipe.$proc$sb15_f9_pipe.v:744$560'.
  created $dff cell `$procdff$2154' with positive edge clock.
Creating register for signal `\sb15_f9_pipe.\pr10_9' using process `\sb15_f9_pipe.$proc$sb15_f9_pipe.v:744$560'.
  created $dff cell `$procdff$2155' with positive edge clock.
Creating register for signal `\sb15_f9_pipe.\pi10_9' using process `\sb15_f9_pipe.$proc$sb15_f9_pipe.v:744$560'.
  created $dff cell `$procdff$2156' with positive edge clock.
Creating register for signal `\sb15_f9_pipe.\pr10_10' using process `\sb15_f9_pipe.$proc$sb15_f9_pipe.v:744$560'.
  created $dff cell `$procdff$2157' with positive edge clock.
Creating register for signal `\sb15_f9_pipe.\pi10_10' using process `\sb15_f9_pipe.$proc$sb15_f9_pipe.v:744$560'.
  created $dff cell `$procdff$2158' with positive edge clock.
Creating register for signal `\sb15_f9_pipe.\pr10_11' using process `\sb15_f9_pipe.$proc$sb15_f9_pipe.v:744$560'.
  created $dff cell `$procdff$2159' with positive edge clock.
Creating register for signal `\sb15_f9_pipe.\pi10_11' using process `\sb15_f9_pipe.$proc$sb15_f9_pipe.v:744$560'.
  created $dff cell `$procdff$2160' with positive edge clock.
Creating register for signal `\sb15_f9_pipe.\pr10_12' using process `\sb15_f9_pipe.$proc$sb15_f9_pipe.v:744$560'.
  created $dff cell `$procdff$2161' with positive edge clock.
Creating register for signal `\sb15_f9_pipe.\pi10_12' using process `\sb15_f9_pipe.$proc$sb15_f9_pipe.v:744$560'.
  created $dff cell `$procdff$2162' with positive edge clock.
Creating register for signal `\sb15_f9_pipe.\pr10_13' using process `\sb15_f9_pipe.$proc$sb15_f9_pipe.v:744$560'.
  created $dff cell `$procdff$2163' with positive edge clock.
Creating register for signal `\sb15_f9_pipe.\pi10_13' using process `\sb15_f9_pipe.$proc$sb15_f9_pipe.v:744$560'.
  created $dff cell `$procdff$2164' with positive edge clock.
Creating register for signal `\sb15_f9_pipe.\pr10_14' using process `\sb15_f9_pipe.$proc$sb15_f9_pipe.v:744$560'.
  created $dff cell `$procdff$2165' with positive edge clock.
Creating register for signal `\sb15_f9_pipe.\pi10_14' using process `\sb15_f9_pipe.$proc$sb15_f9_pipe.v:744$560'.
  created $dff cell `$procdff$2166' with positive edge clock.
Creating register for signal `\sb15_f9_pipe.\pr11_0' using process `\sb15_f9_pipe.$proc$sb15_f9_pipe.v:744$560'.
  created $dff cell `$procdff$2167' with positive edge clock.
Creating register for signal `\sb15_f9_pipe.\pi11_0' using process `\sb15_f9_pipe.$proc$sb15_f9_pipe.v:744$560'.
  created $dff cell `$procdff$2168' with positive edge clock.
Creating register for signal `\sb15_f9_pipe.\pr11_1' using process `\sb15_f9_pipe.$proc$sb15_f9_pipe.v:744$560'.
  created $dff cell `$procdff$2169' with positive edge clock.
Creating register for signal `\sb15_f9_pipe.\pi11_1' using process `\sb15_f9_pipe.$proc$sb15_f9_pipe.v:744$560'.
  created $dff cell `$procdff$2170' with positive edge clock.
Creating register for signal `\sb15_f9_pipe.\pr11_2' using process `\sb15_f9_pipe.$proc$sb15_f9_pipe.v:744$560'.
  created $dff cell `$procdff$2171' with positive edge clock.
Creating register for signal `\sb15_f9_pipe.\pi11_2' using process `\sb15_f9_pipe.$proc$sb15_f9_pipe.v:744$560'.
  created $dff cell `$procdff$2172' with positive edge clock.
Creating register for signal `\sb15_f9_pipe.\pr11_3' using process `\sb15_f9_pipe.$proc$sb15_f9_pipe.v:744$560'.
  created $dff cell `$procdff$2173' with positive edge clock.
Creating register for signal `\sb15_f9_pipe.\pi11_3' using process `\sb15_f9_pipe.$proc$sb15_f9_pipe.v:744$560'.
  created $dff cell `$procdff$2174' with positive edge clock.
Creating register for signal `\sb15_f9_pipe.\pr11_4' using process `\sb15_f9_pipe.$proc$sb15_f9_pipe.v:744$560'.
  created $dff cell `$procdff$2175' with positive edge clock.
Creating register for signal `\sb15_f9_pipe.\pi11_4' using process `\sb15_f9_pipe.$proc$sb15_f9_pipe.v:744$560'.
  created $dff cell `$procdff$2176' with positive edge clock.
Creating register for signal `\sb15_f9_pipe.\pr11_5' using process `\sb15_f9_pipe.$proc$sb15_f9_pipe.v:744$560'.
  created $dff cell `$procdff$2177' with positive edge clock.
Creating register for signal `\sb15_f9_pipe.\pi11_5' using process `\sb15_f9_pipe.$proc$sb15_f9_pipe.v:744$560'.
  created $dff cell `$procdff$2178' with positive edge clock.
Creating register for signal `\sb15_f9_pipe.\pr11_6' using process `\sb15_f9_pipe.$proc$sb15_f9_pipe.v:744$560'.
  created $dff cell `$procdff$2179' with positive edge clock.
Creating register for signal `\sb15_f9_pipe.\pi11_6' using process `\sb15_f9_pipe.$proc$sb15_f9_pipe.v:744$560'.
  created $dff cell `$procdff$2180' with positive edge clock.
Creating register for signal `\sb15_f9_pipe.\pr11_7' using process `\sb15_f9_pipe.$proc$sb15_f9_pipe.v:744$560'.
  created $dff cell `$procdff$2181' with positive edge clock.
Creating register for signal `\sb15_f9_pipe.\pi11_7' using process `\sb15_f9_pipe.$proc$sb15_f9_pipe.v:744$560'.
  created $dff cell `$procdff$2182' with positive edge clock.
Creating register for signal `\sb15_f9_pipe.\pr11_8' using process `\sb15_f9_pipe.$proc$sb15_f9_pipe.v:744$560'.
  created $dff cell `$procdff$2183' with positive edge clock.
Creating register for signal `\sb15_f9_pipe.\pi11_8' using process `\sb15_f9_pipe.$proc$sb15_f9_pipe.v:744$560'.
  created $dff cell `$procdff$2184' with positive edge clock.
Creating register for signal `\sb15_f9_pipe.\pr11_9' using process `\sb15_f9_pipe.$proc$sb15_f9_pipe.v:744$560'.
  created $dff cell `$procdff$2185' with positive edge clock.
Creating register for signal `\sb15_f9_pipe.\pi11_9' using process `\sb15_f9_pipe.$proc$sb15_f9_pipe.v:744$560'.
  created $dff cell `$procdff$2186' with positive edge clock.
Creating register for signal `\sb15_f9_pipe.\pr11_10' using process `\sb15_f9_pipe.$proc$sb15_f9_pipe.v:744$560'.
  created $dff cell `$procdff$2187' with positive edge clock.
Creating register for signal `\sb15_f9_pipe.\pi11_10' using process `\sb15_f9_pipe.$proc$sb15_f9_pipe.v:744$560'.
  created $dff cell `$procdff$2188' with positive edge clock.
Creating register for signal `\sb15_f9_pipe.\pr11_11' using process `\sb15_f9_pipe.$proc$sb15_f9_pipe.v:744$560'.
  created $dff cell `$procdff$2189' with positive edge clock.
Creating register for signal `\sb15_f9_pipe.\pi11_11' using process `\sb15_f9_pipe.$proc$sb15_f9_pipe.v:744$560'.
  created $dff cell `$procdff$2190' with positive edge clock.
Creating register for signal `\sb15_f9_pipe.\pr11_12' using process `\sb15_f9_pipe.$proc$sb15_f9_pipe.v:744$560'.
  created $dff cell `$procdff$2191' with positive edge clock.
Creating register for signal `\sb15_f9_pipe.\pi11_12' using process `\sb15_f9_pipe.$proc$sb15_f9_pipe.v:744$560'.
  created $dff cell `$procdff$2192' with positive edge clock.
Creating register for signal `\sb15_f9_pipe.\pr11_13' using process `\sb15_f9_pipe.$proc$sb15_f9_pipe.v:744$560'.
  created $dff cell `$procdff$2193' with positive edge clock.
Creating register for signal `\sb15_f9_pipe.\pi11_13' using process `\sb15_f9_pipe.$proc$sb15_f9_pipe.v:744$560'.
  created $dff cell `$procdff$2194' with positive edge clock.
Creating register for signal `\sb15_f9_pipe.\pr11_14' using process `\sb15_f9_pipe.$proc$sb15_f9_pipe.v:744$560'.
  created $dff cell `$procdff$2195' with positive edge clock.
Creating register for signal `\sb15_f9_pipe.\pi11_14' using process `\sb15_f9_pipe.$proc$sb15_f9_pipe.v:744$560'.
  created $dff cell `$procdff$2196' with positive edge clock.
Creating register for signal `\sb15_f9_pipe.\pr12_0' using process `\sb15_f9_pipe.$proc$sb15_f9_pipe.v:744$560'.
  created $dff cell `$procdff$2197' with positive edge clock.
Creating register for signal `\sb15_f9_pipe.\pi12_0' using process `\sb15_f9_pipe.$proc$sb15_f9_pipe.v:744$560'.
  created $dff cell `$procdff$2198' with positive edge clock.
Creating register for signal `\sb15_f9_pipe.\pr12_1' using process `\sb15_f9_pipe.$proc$sb15_f9_pipe.v:744$560'.
  created $dff cell `$procdff$2199' with positive edge clock.
Creating register for signal `\sb15_f9_pipe.\pi12_1' using process `\sb15_f9_pipe.$proc$sb15_f9_pipe.v:744$560'.
  created $dff cell `$procdff$2200' with positive edge clock.
Creating register for signal `\sb15_f9_pipe.\pr12_2' using process `\sb15_f9_pipe.$proc$sb15_f9_pipe.v:744$560'.
  created $dff cell `$procdff$2201' with positive edge clock.
Creating register for signal `\sb15_f9_pipe.\pi12_2' using process `\sb15_f9_pipe.$proc$sb15_f9_pipe.v:744$560'.
  created $dff cell `$procdff$2202' with positive edge clock.
Creating register for signal `\sb15_f9_pipe.\pr12_3' using process `\sb15_f9_pipe.$proc$sb15_f9_pipe.v:744$560'.
  created $dff cell `$procdff$2203' with positive edge clock.
Creating register for signal `\sb15_f9_pipe.\pi12_3' using process `\sb15_f9_pipe.$proc$sb15_f9_pipe.v:744$560'.
  created $dff cell `$procdff$2204' with positive edge clock.
Creating register for signal `\sb15_f9_pipe.\pr12_4' using process `\sb15_f9_pipe.$proc$sb15_f9_pipe.v:744$560'.
  created $dff cell `$procdff$2205' with positive edge clock.
Creating register for signal `\sb15_f9_pipe.\pi12_4' using process `\sb15_f9_pipe.$proc$sb15_f9_pipe.v:744$560'.
  created $dff cell `$procdff$2206' with positive edge clock.
Creating register for signal `\sb15_f9_pipe.\pr12_5' using process `\sb15_f9_pipe.$proc$sb15_f9_pipe.v:744$560'.
  created $dff cell `$procdff$2207' with positive edge clock.
Creating register for signal `\sb15_f9_pipe.\pi12_5' using process `\sb15_f9_pipe.$proc$sb15_f9_pipe.v:744$560'.
  created $dff cell `$procdff$2208' with positive edge clock.
Creating register for signal `\sb15_f9_pipe.\pr12_6' using process `\sb15_f9_pipe.$proc$sb15_f9_pipe.v:744$560'.
  created $dff cell `$procdff$2209' with positive edge clock.
Creating register for signal `\sb15_f9_pipe.\pi12_6' using process `\sb15_f9_pipe.$proc$sb15_f9_pipe.v:744$560'.
  created $dff cell `$procdff$2210' with positive edge clock.
Creating register for signal `\sb15_f9_pipe.\pr12_7' using process `\sb15_f9_pipe.$proc$sb15_f9_pipe.v:744$560'.
  created $dff cell `$procdff$2211' with positive edge clock.
Creating register for signal `\sb15_f9_pipe.\pi12_7' using process `\sb15_f9_pipe.$proc$sb15_f9_pipe.v:744$560'.
  created $dff cell `$procdff$2212' with positive edge clock.
Creating register for signal `\sb15_f9_pipe.\pr12_8' using process `\sb15_f9_pipe.$proc$sb15_f9_pipe.v:744$560'.
  created $dff cell `$procdff$2213' with positive edge clock.
Creating register for signal `\sb15_f9_pipe.\pi12_8' using process `\sb15_f9_pipe.$proc$sb15_f9_pipe.v:744$560'.
  created $dff cell `$procdff$2214' with positive edge clock.
Creating register for signal `\sb15_f9_pipe.\pr12_9' using process `\sb15_f9_pipe.$proc$sb15_f9_pipe.v:744$560'.
  created $dff cell `$procdff$2215' with positive edge clock.
Creating register for signal `\sb15_f9_pipe.\pi12_9' using process `\sb15_f9_pipe.$proc$sb15_f9_pipe.v:744$560'.
  created $dff cell `$procdff$2216' with positive edge clock.
Creating register for signal `\sb15_f9_pipe.\pr12_10' using process `\sb15_f9_pipe.$proc$sb15_f9_pipe.v:744$560'.
  created $dff cell `$procdff$2217' with positive edge clock.
Creating register for signal `\sb15_f9_pipe.\pi12_10' using process `\sb15_f9_pipe.$proc$sb15_f9_pipe.v:744$560'.
  created $dff cell `$procdff$2218' with positive edge clock.
Creating register for signal `\sb15_f9_pipe.\pr12_11' using process `\sb15_f9_pipe.$proc$sb15_f9_pipe.v:744$560'.
  created $dff cell `$procdff$2219' with positive edge clock.
Creating register for signal `\sb15_f9_pipe.\pi12_11' using process `\sb15_f9_pipe.$proc$sb15_f9_pipe.v:744$560'.
  created $dff cell `$procdff$2220' with positive edge clock.
Creating register for signal `\sb15_f9_pipe.\pr12_12' using process `\sb15_f9_pipe.$proc$sb15_f9_pipe.v:744$560'.
  created $dff cell `$procdff$2221' with positive edge clock.
Creating register for signal `\sb15_f9_pipe.\pi12_12' using process `\sb15_f9_pipe.$proc$sb15_f9_pipe.v:744$560'.
  created $dff cell `$procdff$2222' with positive edge clock.
Creating register for signal `\sb15_f9_pipe.\pr12_13' using process `\sb15_f9_pipe.$proc$sb15_f9_pipe.v:744$560'.
  created $dff cell `$procdff$2223' with positive edge clock.
Creating register for signal `\sb15_f9_pipe.\pi12_13' using process `\sb15_f9_pipe.$proc$sb15_f9_pipe.v:744$560'.
  created $dff cell `$procdff$2224' with positive edge clock.
Creating register for signal `\sb15_f9_pipe.\pr12_14' using process `\sb15_f9_pipe.$proc$sb15_f9_pipe.v:744$560'.
  created $dff cell `$procdff$2225' with positive edge clock.
Creating register for signal `\sb15_f9_pipe.\pi12_14' using process `\sb15_f9_pipe.$proc$sb15_f9_pipe.v:744$560'.
  created $dff cell `$procdff$2226' with positive edge clock.
Creating register for signal `\sb15_f9_pipe.\pr13_0' using process `\sb15_f9_pipe.$proc$sb15_f9_pipe.v:744$560'.
  created $dff cell `$procdff$2227' with positive edge clock.
Creating register for signal `\sb15_f9_pipe.\pi13_0' using process `\sb15_f9_pipe.$proc$sb15_f9_pipe.v:744$560'.
  created $dff cell `$procdff$2228' with positive edge clock.
Creating register for signal `\sb15_f9_pipe.\pr13_1' using process `\sb15_f9_pipe.$proc$sb15_f9_pipe.v:744$560'.
  created $dff cell `$procdff$2229' with positive edge clock.
Creating register for signal `\sb15_f9_pipe.\pi13_1' using process `\sb15_f9_pipe.$proc$sb15_f9_pipe.v:744$560'.
  created $dff cell `$procdff$2230' with positive edge clock.
Creating register for signal `\sb15_f9_pipe.\pr13_2' using process `\sb15_f9_pipe.$proc$sb15_f9_pipe.v:744$560'.
  created $dff cell `$procdff$2231' with positive edge clock.
Creating register for signal `\sb15_f9_pipe.\pi13_2' using process `\sb15_f9_pipe.$proc$sb15_f9_pipe.v:744$560'.
  created $dff cell `$procdff$2232' with positive edge clock.
Creating register for signal `\sb15_f9_pipe.\pr13_3' using process `\sb15_f9_pipe.$proc$sb15_f9_pipe.v:744$560'.
  created $dff cell `$procdff$2233' with positive edge clock.
Creating register for signal `\sb15_f9_pipe.\pi13_3' using process `\sb15_f9_pipe.$proc$sb15_f9_pipe.v:744$560'.
  created $dff cell `$procdff$2234' with positive edge clock.
Creating register for signal `\sb15_f9_pipe.\pr13_4' using process `\sb15_f9_pipe.$proc$sb15_f9_pipe.v:744$560'.
  created $dff cell `$procdff$2235' with positive edge clock.
Creating register for signal `\sb15_f9_pipe.\pi13_4' using process `\sb15_f9_pipe.$proc$sb15_f9_pipe.v:744$560'.
  created $dff cell `$procdff$2236' with positive edge clock.
Creating register for signal `\sb15_f9_pipe.\pr13_5' using process `\sb15_f9_pipe.$proc$sb15_f9_pipe.v:744$560'.
  created $dff cell `$procdff$2237' with positive edge clock.
Creating register for signal `\sb15_f9_pipe.\pi13_5' using process `\sb15_f9_pipe.$proc$sb15_f9_pipe.v:744$560'.
  created $dff cell `$procdff$2238' with positive edge clock.
Creating register for signal `\sb15_f9_pipe.\pr13_6' using process `\sb15_f9_pipe.$proc$sb15_f9_pipe.v:744$560'.
  created $dff cell `$procdff$2239' with positive edge clock.
Creating register for signal `\sb15_f9_pipe.\pi13_6' using process `\sb15_f9_pipe.$proc$sb15_f9_pipe.v:744$560'.
  created $dff cell `$procdff$2240' with positive edge clock.
Creating register for signal `\sb15_f9_pipe.\pr13_7' using process `\sb15_f9_pipe.$proc$sb15_f9_pipe.v:744$560'.
  created $dff cell `$procdff$2241' with positive edge clock.
Creating register for signal `\sb15_f9_pipe.\pi13_7' using process `\sb15_f9_pipe.$proc$sb15_f9_pipe.v:744$560'.
  created $dff cell `$procdff$2242' with positive edge clock.
Creating register for signal `\sb15_f9_pipe.\pr13_8' using process `\sb15_f9_pipe.$proc$sb15_f9_pipe.v:744$560'.
  created $dff cell `$procdff$2243' with positive edge clock.
Creating register for signal `\sb15_f9_pipe.\pi13_8' using process `\sb15_f9_pipe.$proc$sb15_f9_pipe.v:744$560'.
  created $dff cell `$procdff$2244' with positive edge clock.
Creating register for signal `\sb15_f9_pipe.\pr13_9' using process `\sb15_f9_pipe.$proc$sb15_f9_pipe.v:744$560'.
  created $dff cell `$procdff$2245' with positive edge clock.
Creating register for signal `\sb15_f9_pipe.\pi13_9' using process `\sb15_f9_pipe.$proc$sb15_f9_pipe.v:744$560'.
  created $dff cell `$procdff$2246' with positive edge clock.
Creating register for signal `\sb15_f9_pipe.\pr13_10' using process `\sb15_f9_pipe.$proc$sb15_f9_pipe.v:744$560'.
  created $dff cell `$procdff$2247' with positive edge clock.
Creating register for signal `\sb15_f9_pipe.\pi13_10' using process `\sb15_f9_pipe.$proc$sb15_f9_pipe.v:744$560'.
  created $dff cell `$procdff$2248' with positive edge clock.
Creating register for signal `\sb15_f9_pipe.\pr13_11' using process `\sb15_f9_pipe.$proc$sb15_f9_pipe.v:744$560'.
  created $dff cell `$procdff$2249' with positive edge clock.
Creating register for signal `\sb15_f9_pipe.\pi13_11' using process `\sb15_f9_pipe.$proc$sb15_f9_pipe.v:744$560'.
  created $dff cell `$procdff$2250' with positive edge clock.
Creating register for signal `\sb15_f9_pipe.\pr13_12' using process `\sb15_f9_pipe.$proc$sb15_f9_pipe.v:744$560'.
  created $dff cell `$procdff$2251' with positive edge clock.
Creating register for signal `\sb15_f9_pipe.\pi13_12' using process `\sb15_f9_pipe.$proc$sb15_f9_pipe.v:744$560'.
  created $dff cell `$procdff$2252' with positive edge clock.
Creating register for signal `\sb15_f9_pipe.\pr13_13' using process `\sb15_f9_pipe.$proc$sb15_f9_pipe.v:744$560'.
  created $dff cell `$procdff$2253' with positive edge clock.
Creating register for signal `\sb15_f9_pipe.\pi13_13' using process `\sb15_f9_pipe.$proc$sb15_f9_pipe.v:744$560'.
  created $dff cell `$procdff$2254' with positive edge clock.
Creating register for signal `\sb15_f9_pipe.\pr13_14' using process `\sb15_f9_pipe.$proc$sb15_f9_pipe.v:744$560'.
  created $dff cell `$procdff$2255' with positive edge clock.
Creating register for signal `\sb15_f9_pipe.\pi13_14' using process `\sb15_f9_pipe.$proc$sb15_f9_pipe.v:744$560'.
  created $dff cell `$procdff$2256' with positive edge clock.
Creating register for signal `\sb15_f9_pipe.\pr14_0' using process `\sb15_f9_pipe.$proc$sb15_f9_pipe.v:744$560'.
  created $dff cell `$procdff$2257' with positive edge clock.
Creating register for signal `\sb15_f9_pipe.\pi14_0' using process `\sb15_f9_pipe.$proc$sb15_f9_pipe.v:744$560'.
  created $dff cell `$procdff$2258' with positive edge clock.
Creating register for signal `\sb15_f9_pipe.\pr14_1' using process `\sb15_f9_pipe.$proc$sb15_f9_pipe.v:744$560'.
  created $dff cell `$procdff$2259' with positive edge clock.
Creating register for signal `\sb15_f9_pipe.\pi14_1' using process `\sb15_f9_pipe.$proc$sb15_f9_pipe.v:744$560'.
  created $dff cell `$procdff$2260' with positive edge clock.
Creating register for signal `\sb15_f9_pipe.\pr14_2' using process `\sb15_f9_pipe.$proc$sb15_f9_pipe.v:744$560'.
  created $dff cell `$procdff$2261' with positive edge clock.
Creating register for signal `\sb15_f9_pipe.\pi14_2' using process `\sb15_f9_pipe.$proc$sb15_f9_pipe.v:744$560'.
  created $dff cell `$procdff$2262' with positive edge clock.
Creating register for signal `\sb15_f9_pipe.\pr14_3' using process `\sb15_f9_pipe.$proc$sb15_f9_pipe.v:744$560'.
  created $dff cell `$procdff$2263' with positive edge clock.
Creating register for signal `\sb15_f9_pipe.\pi14_3' using process `\sb15_f9_pipe.$proc$sb15_f9_pipe.v:744$560'.
  created $dff cell `$procdff$2264' with positive edge clock.
Creating register for signal `\sb15_f9_pipe.\pr14_4' using process `\sb15_f9_pipe.$proc$sb15_f9_pipe.v:744$560'.
  created $dff cell `$procdff$2265' with positive edge clock.
Creating register for signal `\sb15_f9_pipe.\pi14_4' using process `\sb15_f9_pipe.$proc$sb15_f9_pipe.v:744$560'.
  created $dff cell `$procdff$2266' with positive edge clock.
Creating register for signal `\sb15_f9_pipe.\pr14_5' using process `\sb15_f9_pipe.$proc$sb15_f9_pipe.v:744$560'.
  created $dff cell `$procdff$2267' with positive edge clock.
Creating register for signal `\sb15_f9_pipe.\pi14_5' using process `\sb15_f9_pipe.$proc$sb15_f9_pipe.v:744$560'.
  created $dff cell `$procdff$2268' with positive edge clock.
Creating register for signal `\sb15_f9_pipe.\pr14_6' using process `\sb15_f9_pipe.$proc$sb15_f9_pipe.v:744$560'.
  created $dff cell `$procdff$2269' with positive edge clock.
Creating register for signal `\sb15_f9_pipe.\pi14_6' using process `\sb15_f9_pipe.$proc$sb15_f9_pipe.v:744$560'.
  created $dff cell `$procdff$2270' with positive edge clock.
Creating register for signal `\sb15_f9_pipe.\pr14_7' using process `\sb15_f9_pipe.$proc$sb15_f9_pipe.v:744$560'.
  created $dff cell `$procdff$2271' with positive edge clock.
Creating register for signal `\sb15_f9_pipe.\pi14_7' using process `\sb15_f9_pipe.$proc$sb15_f9_pipe.v:744$560'.
  created $dff cell `$procdff$2272' with positive edge clock.
Creating register for signal `\sb15_f9_pipe.\pr14_8' using process `\sb15_f9_pipe.$proc$sb15_f9_pipe.v:744$560'.
  created $dff cell `$procdff$2273' with positive edge clock.
Creating register for signal `\sb15_f9_pipe.\pi14_8' using process `\sb15_f9_pipe.$proc$sb15_f9_pipe.v:744$560'.
  created $dff cell `$procdff$2274' with positive edge clock.
Creating register for signal `\sb15_f9_pipe.\pr14_9' using process `\sb15_f9_pipe.$proc$sb15_f9_pipe.v:744$560'.
  created $dff cell `$procdff$2275' with positive edge clock.
Creating register for signal `\sb15_f9_pipe.\pi14_9' using process `\sb15_f9_pipe.$proc$sb15_f9_pipe.v:744$560'.
  created $dff cell `$procdff$2276' with positive edge clock.
Creating register for signal `\sb15_f9_pipe.\pr14_10' using process `\sb15_f9_pipe.$proc$sb15_f9_pipe.v:744$560'.
  created $dff cell `$procdff$2277' with positive edge clock.
Creating register for signal `\sb15_f9_pipe.\pi14_10' using process `\sb15_f9_pipe.$proc$sb15_f9_pipe.v:744$560'.
  created $dff cell `$procdff$2278' with positive edge clock.
Creating register for signal `\sb15_f9_pipe.\pr14_11' using process `\sb15_f9_pipe.$proc$sb15_f9_pipe.v:744$560'.
  created $dff cell `$procdff$2279' with positive edge clock.
Creating register for signal `\sb15_f9_pipe.\pi14_11' using process `\sb15_f9_pipe.$proc$sb15_f9_pipe.v:744$560'.
  created $dff cell `$procdff$2280' with positive edge clock.
Creating register for signal `\sb15_f9_pipe.\pr14_12' using process `\sb15_f9_pipe.$proc$sb15_f9_pipe.v:744$560'.
  created $dff cell `$procdff$2281' with positive edge clock.
Creating register for signal `\sb15_f9_pipe.\pi14_12' using process `\sb15_f9_pipe.$proc$sb15_f9_pipe.v:744$560'.
  created $dff cell `$procdff$2282' with positive edge clock.
Creating register for signal `\sb15_f9_pipe.\pr14_13' using process `\sb15_f9_pipe.$proc$sb15_f9_pipe.v:744$560'.
  created $dff cell `$procdff$2283' with positive edge clock.
Creating register for signal `\sb15_f9_pipe.\pi14_13' using process `\sb15_f9_pipe.$proc$sb15_f9_pipe.v:744$560'.
  created $dff cell `$procdff$2284' with positive edge clock.
Creating register for signal `\sb15_f9_pipe.\pr14_14' using process `\sb15_f9_pipe.$proc$sb15_f9_pipe.v:744$560'.
  created $dff cell `$procdff$2285' with positive edge clock.
Creating register for signal `\sb15_f9_pipe.\pi14_14' using process `\sb15_f9_pipe.$proc$sb15_f9_pipe.v:744$560'.
  created $dff cell `$procdff$2286' with positive edge clock.
Creating register for signal `\sb16_f9_pipe.\pr0_0' using process `\sb16_f9_pipe.$proc$sb16_f9_pipe.v:841$47'.
  created $dff cell `$procdff$2287' with positive edge clock.
Creating register for signal `\sb16_f9_pipe.\pi0_0' using process `\sb16_f9_pipe.$proc$sb16_f9_pipe.v:841$47'.
  created $dff cell `$procdff$2288' with positive edge clock.
Creating register for signal `\sb16_f9_pipe.\pr0_1' using process `\sb16_f9_pipe.$proc$sb16_f9_pipe.v:841$47'.
  created $dff cell `$procdff$2289' with positive edge clock.
Creating register for signal `\sb16_f9_pipe.\pi0_1' using process `\sb16_f9_pipe.$proc$sb16_f9_pipe.v:841$47'.
  created $dff cell `$procdff$2290' with positive edge clock.
Creating register for signal `\sb16_f9_pipe.\pr0_2' using process `\sb16_f9_pipe.$proc$sb16_f9_pipe.v:841$47'.
  created $dff cell `$procdff$2291' with positive edge clock.
Creating register for signal `\sb16_f9_pipe.\pi0_2' using process `\sb16_f9_pipe.$proc$sb16_f9_pipe.v:841$47'.
  created $dff cell `$procdff$2292' with positive edge clock.
Creating register for signal `\sb16_f9_pipe.\pr0_3' using process `\sb16_f9_pipe.$proc$sb16_f9_pipe.v:841$47'.
  created $dff cell `$procdff$2293' with positive edge clock.
Creating register for signal `\sb16_f9_pipe.\pi0_3' using process `\sb16_f9_pipe.$proc$sb16_f9_pipe.v:841$47'.
  created $dff cell `$procdff$2294' with positive edge clock.
Creating register for signal `\sb16_f9_pipe.\pr0_4' using process `\sb16_f9_pipe.$proc$sb16_f9_pipe.v:841$47'.
  created $dff cell `$procdff$2295' with positive edge clock.
Creating register for signal `\sb16_f9_pipe.\pi0_4' using process `\sb16_f9_pipe.$proc$sb16_f9_pipe.v:841$47'.
  created $dff cell `$procdff$2296' with positive edge clock.
Creating register for signal `\sb16_f9_pipe.\pr0_5' using process `\sb16_f9_pipe.$proc$sb16_f9_pipe.v:841$47'.
  created $dff cell `$procdff$2297' with positive edge clock.
Creating register for signal `\sb16_f9_pipe.\pi0_5' using process `\sb16_f9_pipe.$proc$sb16_f9_pipe.v:841$47'.
  created $dff cell `$procdff$2298' with positive edge clock.
Creating register for signal `\sb16_f9_pipe.\pr0_6' using process `\sb16_f9_pipe.$proc$sb16_f9_pipe.v:841$47'.
  created $dff cell `$procdff$2299' with positive edge clock.
Creating register for signal `\sb16_f9_pipe.\pi0_6' using process `\sb16_f9_pipe.$proc$sb16_f9_pipe.v:841$47'.
  created $dff cell `$procdff$2300' with positive edge clock.
Creating register for signal `\sb16_f9_pipe.\pr0_7' using process `\sb16_f9_pipe.$proc$sb16_f9_pipe.v:841$47'.
  created $dff cell `$procdff$2301' with positive edge clock.
Creating register for signal `\sb16_f9_pipe.\pi0_7' using process `\sb16_f9_pipe.$proc$sb16_f9_pipe.v:841$47'.
  created $dff cell `$procdff$2302' with positive edge clock.
Creating register for signal `\sb16_f9_pipe.\pr0_8' using process `\sb16_f9_pipe.$proc$sb16_f9_pipe.v:841$47'.
  created $dff cell `$procdff$2303' with positive edge clock.
Creating register for signal `\sb16_f9_pipe.\pi0_8' using process `\sb16_f9_pipe.$proc$sb16_f9_pipe.v:841$47'.
  created $dff cell `$procdff$2304' with positive edge clock.
Creating register for signal `\sb16_f9_pipe.\pr0_9' using process `\sb16_f9_pipe.$proc$sb16_f9_pipe.v:841$47'.
  created $dff cell `$procdff$2305' with positive edge clock.
Creating register for signal `\sb16_f9_pipe.\pi0_9' using process `\sb16_f9_pipe.$proc$sb16_f9_pipe.v:841$47'.
  created $dff cell `$procdff$2306' with positive edge clock.
Creating register for signal `\sb16_f9_pipe.\pr0_10' using process `\sb16_f9_pipe.$proc$sb16_f9_pipe.v:841$47'.
  created $dff cell `$procdff$2307' with positive edge clock.
Creating register for signal `\sb16_f9_pipe.\pi0_10' using process `\sb16_f9_pipe.$proc$sb16_f9_pipe.v:841$47'.
  created $dff cell `$procdff$2308' with positive edge clock.
Creating register for signal `\sb16_f9_pipe.\pr0_11' using process `\sb16_f9_pipe.$proc$sb16_f9_pipe.v:841$47'.
  created $dff cell `$procdff$2309' with positive edge clock.
Creating register for signal `\sb16_f9_pipe.\pi0_11' using process `\sb16_f9_pipe.$proc$sb16_f9_pipe.v:841$47'.
  created $dff cell `$procdff$2310' with positive edge clock.
Creating register for signal `\sb16_f9_pipe.\pr0_12' using process `\sb16_f9_pipe.$proc$sb16_f9_pipe.v:841$47'.
  created $dff cell `$procdff$2311' with positive edge clock.
Creating register for signal `\sb16_f9_pipe.\pi0_12' using process `\sb16_f9_pipe.$proc$sb16_f9_pipe.v:841$47'.
  created $dff cell `$procdff$2312' with positive edge clock.
Creating register for signal `\sb16_f9_pipe.\pr0_13' using process `\sb16_f9_pipe.$proc$sb16_f9_pipe.v:841$47'.
  created $dff cell `$procdff$2313' with positive edge clock.
Creating register for signal `\sb16_f9_pipe.\pi0_13' using process `\sb16_f9_pipe.$proc$sb16_f9_pipe.v:841$47'.
  created $dff cell `$procdff$2314' with positive edge clock.
Creating register for signal `\sb16_f9_pipe.\pr0_14' using process `\sb16_f9_pipe.$proc$sb16_f9_pipe.v:841$47'.
  created $dff cell `$procdff$2315' with positive edge clock.
Creating register for signal `\sb16_f9_pipe.\pi0_14' using process `\sb16_f9_pipe.$proc$sb16_f9_pipe.v:841$47'.
  created $dff cell `$procdff$2316' with positive edge clock.
Creating register for signal `\sb16_f9_pipe.\pr0_15' using process `\sb16_f9_pipe.$proc$sb16_f9_pipe.v:841$47'.
  created $dff cell `$procdff$2317' with positive edge clock.
Creating register for signal `\sb16_f9_pipe.\pi0_15' using process `\sb16_f9_pipe.$proc$sb16_f9_pipe.v:841$47'.
  created $dff cell `$procdff$2318' with positive edge clock.
Creating register for signal `\sb16_f9_pipe.\pr1_0' using process `\sb16_f9_pipe.$proc$sb16_f9_pipe.v:841$47'.
  created $dff cell `$procdff$2319' with positive edge clock.
Creating register for signal `\sb16_f9_pipe.\pi1_0' using process `\sb16_f9_pipe.$proc$sb16_f9_pipe.v:841$47'.
  created $dff cell `$procdff$2320' with positive edge clock.
Creating register for signal `\sb16_f9_pipe.\pr1_1' using process `\sb16_f9_pipe.$proc$sb16_f9_pipe.v:841$47'.
  created $dff cell `$procdff$2321' with positive edge clock.
Creating register for signal `\sb16_f9_pipe.\pi1_1' using process `\sb16_f9_pipe.$proc$sb16_f9_pipe.v:841$47'.
  created $dff cell `$procdff$2322' with positive edge clock.
Creating register for signal `\sb16_f9_pipe.\pr1_2' using process `\sb16_f9_pipe.$proc$sb16_f9_pipe.v:841$47'.
  created $dff cell `$procdff$2323' with positive edge clock.
Creating register for signal `\sb16_f9_pipe.\pi1_2' using process `\sb16_f9_pipe.$proc$sb16_f9_pipe.v:841$47'.
  created $dff cell `$procdff$2324' with positive edge clock.
Creating register for signal `\sb16_f9_pipe.\pr1_3' using process `\sb16_f9_pipe.$proc$sb16_f9_pipe.v:841$47'.
  created $dff cell `$procdff$2325' with positive edge clock.
Creating register for signal `\sb16_f9_pipe.\pi1_3' using process `\sb16_f9_pipe.$proc$sb16_f9_pipe.v:841$47'.
  created $dff cell `$procdff$2326' with positive edge clock.
Creating register for signal `\sb16_f9_pipe.\pr1_4' using process `\sb16_f9_pipe.$proc$sb16_f9_pipe.v:841$47'.
  created $dff cell `$procdff$2327' with positive edge clock.
Creating register for signal `\sb16_f9_pipe.\pi1_4' using process `\sb16_f9_pipe.$proc$sb16_f9_pipe.v:841$47'.
  created $dff cell `$procdff$2328' with positive edge clock.
Creating register for signal `\sb16_f9_pipe.\pr1_5' using process `\sb16_f9_pipe.$proc$sb16_f9_pipe.v:841$47'.
  created $dff cell `$procdff$2329' with positive edge clock.
Creating register for signal `\sb16_f9_pipe.\pi1_5' using process `\sb16_f9_pipe.$proc$sb16_f9_pipe.v:841$47'.
  created $dff cell `$procdff$2330' with positive edge clock.
Creating register for signal `\sb16_f9_pipe.\pr1_6' using process `\sb16_f9_pipe.$proc$sb16_f9_pipe.v:841$47'.
  created $dff cell `$procdff$2331' with positive edge clock.
Creating register for signal `\sb16_f9_pipe.\pi1_6' using process `\sb16_f9_pipe.$proc$sb16_f9_pipe.v:841$47'.
  created $dff cell `$procdff$2332' with positive edge clock.
Creating register for signal `\sb16_f9_pipe.\pr1_7' using process `\sb16_f9_pipe.$proc$sb16_f9_pipe.v:841$47'.
  created $dff cell `$procdff$2333' with positive edge clock.
Creating register for signal `\sb16_f9_pipe.\pi1_7' using process `\sb16_f9_pipe.$proc$sb16_f9_pipe.v:841$47'.
  created $dff cell `$procdff$2334' with positive edge clock.
Creating register for signal `\sb16_f9_pipe.\pr1_8' using process `\sb16_f9_pipe.$proc$sb16_f9_pipe.v:841$47'.
  created $dff cell `$procdff$2335' with positive edge clock.
Creating register for signal `\sb16_f9_pipe.\pi1_8' using process `\sb16_f9_pipe.$proc$sb16_f9_pipe.v:841$47'.
  created $dff cell `$procdff$2336' with positive edge clock.
Creating register for signal `\sb16_f9_pipe.\pr1_9' using process `\sb16_f9_pipe.$proc$sb16_f9_pipe.v:841$47'.
  created $dff cell `$procdff$2337' with positive edge clock.
Creating register for signal `\sb16_f9_pipe.\pi1_9' using process `\sb16_f9_pipe.$proc$sb16_f9_pipe.v:841$47'.
  created $dff cell `$procdff$2338' with positive edge clock.
Creating register for signal `\sb16_f9_pipe.\pr1_10' using process `\sb16_f9_pipe.$proc$sb16_f9_pipe.v:841$47'.
  created $dff cell `$procdff$2339' with positive edge clock.
Creating register for signal `\sb16_f9_pipe.\pi1_10' using process `\sb16_f9_pipe.$proc$sb16_f9_pipe.v:841$47'.
  created $dff cell `$procdff$2340' with positive edge clock.
Creating register for signal `\sb16_f9_pipe.\pr1_11' using process `\sb16_f9_pipe.$proc$sb16_f9_pipe.v:841$47'.
  created $dff cell `$procdff$2341' with positive edge clock.
Creating register for signal `\sb16_f9_pipe.\pi1_11' using process `\sb16_f9_pipe.$proc$sb16_f9_pipe.v:841$47'.
  created $dff cell `$procdff$2342' with positive edge clock.
Creating register for signal `\sb16_f9_pipe.\pr1_12' using process `\sb16_f9_pipe.$proc$sb16_f9_pipe.v:841$47'.
  created $dff cell `$procdff$2343' with positive edge clock.
Creating register for signal `\sb16_f9_pipe.\pi1_12' using process `\sb16_f9_pipe.$proc$sb16_f9_pipe.v:841$47'.
  created $dff cell `$procdff$2344' with positive edge clock.
Creating register for signal `\sb16_f9_pipe.\pr1_13' using process `\sb16_f9_pipe.$proc$sb16_f9_pipe.v:841$47'.
  created $dff cell `$procdff$2345' with positive edge clock.
Creating register for signal `\sb16_f9_pipe.\pi1_13' using process `\sb16_f9_pipe.$proc$sb16_f9_pipe.v:841$47'.
  created $dff cell `$procdff$2346' with positive edge clock.
Creating register for signal `\sb16_f9_pipe.\pr1_14' using process `\sb16_f9_pipe.$proc$sb16_f9_pipe.v:841$47'.
  created $dff cell `$procdff$2347' with positive edge clock.
Creating register for signal `\sb16_f9_pipe.\pi1_14' using process `\sb16_f9_pipe.$proc$sb16_f9_pipe.v:841$47'.
  created $dff cell `$procdff$2348' with positive edge clock.
Creating register for signal `\sb16_f9_pipe.\pr1_15' using process `\sb16_f9_pipe.$proc$sb16_f9_pipe.v:841$47'.
  created $dff cell `$procdff$2349' with positive edge clock.
Creating register for signal `\sb16_f9_pipe.\pi1_15' using process `\sb16_f9_pipe.$proc$sb16_f9_pipe.v:841$47'.
  created $dff cell `$procdff$2350' with positive edge clock.
Creating register for signal `\sb16_f9_pipe.\pr2_0' using process `\sb16_f9_pipe.$proc$sb16_f9_pipe.v:841$47'.
  created $dff cell `$procdff$2351' with positive edge clock.
Creating register for signal `\sb16_f9_pipe.\pi2_0' using process `\sb16_f9_pipe.$proc$sb16_f9_pipe.v:841$47'.
  created $dff cell `$procdff$2352' with positive edge clock.
Creating register for signal `\sb16_f9_pipe.\pr2_1' using process `\sb16_f9_pipe.$proc$sb16_f9_pipe.v:841$47'.
  created $dff cell `$procdff$2353' with positive edge clock.
Creating register for signal `\sb16_f9_pipe.\pi2_1' using process `\sb16_f9_pipe.$proc$sb16_f9_pipe.v:841$47'.
  created $dff cell `$procdff$2354' with positive edge clock.
Creating register for signal `\sb16_f9_pipe.\pr2_2' using process `\sb16_f9_pipe.$proc$sb16_f9_pipe.v:841$47'.
  created $dff cell `$procdff$2355' with positive edge clock.
Creating register for signal `\sb16_f9_pipe.\pi2_2' using process `\sb16_f9_pipe.$proc$sb16_f9_pipe.v:841$47'.
  created $dff cell `$procdff$2356' with positive edge clock.
Creating register for signal `\sb16_f9_pipe.\pr2_3' using process `\sb16_f9_pipe.$proc$sb16_f9_pipe.v:841$47'.
  created $dff cell `$procdff$2357' with positive edge clock.
Creating register for signal `\sb16_f9_pipe.\pi2_3' using process `\sb16_f9_pipe.$proc$sb16_f9_pipe.v:841$47'.
  created $dff cell `$procdff$2358' with positive edge clock.
Creating register for signal `\sb16_f9_pipe.\pr2_4' using process `\sb16_f9_pipe.$proc$sb16_f9_pipe.v:841$47'.
  created $dff cell `$procdff$2359' with positive edge clock.
Creating register for signal `\sb16_f9_pipe.\pi2_4' using process `\sb16_f9_pipe.$proc$sb16_f9_pipe.v:841$47'.
  created $dff cell `$procdff$2360' with positive edge clock.
Creating register for signal `\sb16_f9_pipe.\pr2_5' using process `\sb16_f9_pipe.$proc$sb16_f9_pipe.v:841$47'.
  created $dff cell `$procdff$2361' with positive edge clock.
Creating register for signal `\sb16_f9_pipe.\pi2_5' using process `\sb16_f9_pipe.$proc$sb16_f9_pipe.v:841$47'.
  created $dff cell `$procdff$2362' with positive edge clock.
Creating register for signal `\sb16_f9_pipe.\pr2_6' using process `\sb16_f9_pipe.$proc$sb16_f9_pipe.v:841$47'.
  created $dff cell `$procdff$2363' with positive edge clock.
Creating register for signal `\sb16_f9_pipe.\pi2_6' using process `\sb16_f9_pipe.$proc$sb16_f9_pipe.v:841$47'.
  created $dff cell `$procdff$2364' with positive edge clock.
Creating register for signal `\sb16_f9_pipe.\pr2_7' using process `\sb16_f9_pipe.$proc$sb16_f9_pipe.v:841$47'.
  created $dff cell `$procdff$2365' with positive edge clock.
Creating register for signal `\sb16_f9_pipe.\pi2_7' using process `\sb16_f9_pipe.$proc$sb16_f9_pipe.v:841$47'.
  created $dff cell `$procdff$2366' with positive edge clock.
Creating register for signal `\sb16_f9_pipe.\pr2_8' using process `\sb16_f9_pipe.$proc$sb16_f9_pipe.v:841$47'.
  created $dff cell `$procdff$2367' with positive edge clock.
Creating register for signal `\sb16_f9_pipe.\pi2_8' using process `\sb16_f9_pipe.$proc$sb16_f9_pipe.v:841$47'.
  created $dff cell `$procdff$2368' with positive edge clock.
Creating register for signal `\sb16_f9_pipe.\pr2_9' using process `\sb16_f9_pipe.$proc$sb16_f9_pipe.v:841$47'.
  created $dff cell `$procdff$2369' with positive edge clock.
Creating register for signal `\sb16_f9_pipe.\pi2_9' using process `\sb16_f9_pipe.$proc$sb16_f9_pipe.v:841$47'.
  created $dff cell `$procdff$2370' with positive edge clock.
Creating register for signal `\sb16_f9_pipe.\pr2_10' using process `\sb16_f9_pipe.$proc$sb16_f9_pipe.v:841$47'.
  created $dff cell `$procdff$2371' with positive edge clock.
Creating register for signal `\sb16_f9_pipe.\pi2_10' using process `\sb16_f9_pipe.$proc$sb16_f9_pipe.v:841$47'.
  created $dff cell `$procdff$2372' with positive edge clock.
Creating register for signal `\sb16_f9_pipe.\pr2_11' using process `\sb16_f9_pipe.$proc$sb16_f9_pipe.v:841$47'.
  created $dff cell `$procdff$2373' with positive edge clock.
Creating register for signal `\sb16_f9_pipe.\pi2_11' using process `\sb16_f9_pipe.$proc$sb16_f9_pipe.v:841$47'.
  created $dff cell `$procdff$2374' with positive edge clock.
Creating register for signal `\sb16_f9_pipe.\pr2_12' using process `\sb16_f9_pipe.$proc$sb16_f9_pipe.v:841$47'.
  created $dff cell `$procdff$2375' with positive edge clock.
Creating register for signal `\sb16_f9_pipe.\pi2_12' using process `\sb16_f9_pipe.$proc$sb16_f9_pipe.v:841$47'.
  created $dff cell `$procdff$2376' with positive edge clock.
Creating register for signal `\sb16_f9_pipe.\pr2_13' using process `\sb16_f9_pipe.$proc$sb16_f9_pipe.v:841$47'.
  created $dff cell `$procdff$2377' with positive edge clock.
Creating register for signal `\sb16_f9_pipe.\pi2_13' using process `\sb16_f9_pipe.$proc$sb16_f9_pipe.v:841$47'.
  created $dff cell `$procdff$2378' with positive edge clock.
Creating register for signal `\sb16_f9_pipe.\pr2_14' using process `\sb16_f9_pipe.$proc$sb16_f9_pipe.v:841$47'.
  created $dff cell `$procdff$2379' with positive edge clock.
Creating register for signal `\sb16_f9_pipe.\pi2_14' using process `\sb16_f9_pipe.$proc$sb16_f9_pipe.v:841$47'.
  created $dff cell `$procdff$2380' with positive edge clock.
Creating register for signal `\sb16_f9_pipe.\pr2_15' using process `\sb16_f9_pipe.$proc$sb16_f9_pipe.v:841$47'.
  created $dff cell `$procdff$2381' with positive edge clock.
Creating register for signal `\sb16_f9_pipe.\pi2_15' using process `\sb16_f9_pipe.$proc$sb16_f9_pipe.v:841$47'.
  created $dff cell `$procdff$2382' with positive edge clock.
Creating register for signal `\sb16_f9_pipe.\pr3_0' using process `\sb16_f9_pipe.$proc$sb16_f9_pipe.v:841$47'.
  created $dff cell `$procdff$2383' with positive edge clock.
Creating register for signal `\sb16_f9_pipe.\pi3_0' using process `\sb16_f9_pipe.$proc$sb16_f9_pipe.v:841$47'.
  created $dff cell `$procdff$2384' with positive edge clock.
Creating register for signal `\sb16_f9_pipe.\pr3_1' using process `\sb16_f9_pipe.$proc$sb16_f9_pipe.v:841$47'.
  created $dff cell `$procdff$2385' with positive edge clock.
Creating register for signal `\sb16_f9_pipe.\pi3_1' using process `\sb16_f9_pipe.$proc$sb16_f9_pipe.v:841$47'.
  created $dff cell `$procdff$2386' with positive edge clock.
Creating register for signal `\sb16_f9_pipe.\pr3_2' using process `\sb16_f9_pipe.$proc$sb16_f9_pipe.v:841$47'.
  created $dff cell `$procdff$2387' with positive edge clock.
Creating register for signal `\sb16_f9_pipe.\pi3_2' using process `\sb16_f9_pipe.$proc$sb16_f9_pipe.v:841$47'.
  created $dff cell `$procdff$2388' with positive edge clock.
Creating register for signal `\sb16_f9_pipe.\pr3_3' using process `\sb16_f9_pipe.$proc$sb16_f9_pipe.v:841$47'.
  created $dff cell `$procdff$2389' with positive edge clock.
Creating register for signal `\sb16_f9_pipe.\pi3_3' using process `\sb16_f9_pipe.$proc$sb16_f9_pipe.v:841$47'.
  created $dff cell `$procdff$2390' with positive edge clock.
Creating register for signal `\sb16_f9_pipe.\pr3_4' using process `\sb16_f9_pipe.$proc$sb16_f9_pipe.v:841$47'.
  created $dff cell `$procdff$2391' with positive edge clock.
Creating register for signal `\sb16_f9_pipe.\pi3_4' using process `\sb16_f9_pipe.$proc$sb16_f9_pipe.v:841$47'.
  created $dff cell `$procdff$2392' with positive edge clock.
Creating register for signal `\sb16_f9_pipe.\pr3_5' using process `\sb16_f9_pipe.$proc$sb16_f9_pipe.v:841$47'.
  created $dff cell `$procdff$2393' with positive edge clock.
Creating register for signal `\sb16_f9_pipe.\pi3_5' using process `\sb16_f9_pipe.$proc$sb16_f9_pipe.v:841$47'.
  created $dff cell `$procdff$2394' with positive edge clock.
Creating register for signal `\sb16_f9_pipe.\pr3_6' using process `\sb16_f9_pipe.$proc$sb16_f9_pipe.v:841$47'.
  created $dff cell `$procdff$2395' with positive edge clock.
Creating register for signal `\sb16_f9_pipe.\pi3_6' using process `\sb16_f9_pipe.$proc$sb16_f9_pipe.v:841$47'.
  created $dff cell `$procdff$2396' with positive edge clock.
Creating register for signal `\sb16_f9_pipe.\pr3_7' using process `\sb16_f9_pipe.$proc$sb16_f9_pipe.v:841$47'.
  created $dff cell `$procdff$2397' with positive edge clock.
Creating register for signal `\sb16_f9_pipe.\pi3_7' using process `\sb16_f9_pipe.$proc$sb16_f9_pipe.v:841$47'.
  created $dff cell `$procdff$2398' with positive edge clock.
Creating register for signal `\sb16_f9_pipe.\pr3_8' using process `\sb16_f9_pipe.$proc$sb16_f9_pipe.v:841$47'.
  created $dff cell `$procdff$2399' with positive edge clock.
Creating register for signal `\sb16_f9_pipe.\pi3_8' using process `\sb16_f9_pipe.$proc$sb16_f9_pipe.v:841$47'.
  created $dff cell `$procdff$2400' with positive edge clock.
Creating register for signal `\sb16_f9_pipe.\pr3_9' using process `\sb16_f9_pipe.$proc$sb16_f9_pipe.v:841$47'.
  created $dff cell `$procdff$2401' with positive edge clock.
Creating register for signal `\sb16_f9_pipe.\pi3_9' using process `\sb16_f9_pipe.$proc$sb16_f9_pipe.v:841$47'.
  created $dff cell `$procdff$2402' with positive edge clock.
Creating register for signal `\sb16_f9_pipe.\pr3_10' using process `\sb16_f9_pipe.$proc$sb16_f9_pipe.v:841$47'.
  created $dff cell `$procdff$2403' with positive edge clock.
Creating register for signal `\sb16_f9_pipe.\pi3_10' using process `\sb16_f9_pipe.$proc$sb16_f9_pipe.v:841$47'.
  created $dff cell `$procdff$2404' with positive edge clock.
Creating register for signal `\sb16_f9_pipe.\pr3_11' using process `\sb16_f9_pipe.$proc$sb16_f9_pipe.v:841$47'.
  created $dff cell `$procdff$2405' with positive edge clock.
Creating register for signal `\sb16_f9_pipe.\pi3_11' using process `\sb16_f9_pipe.$proc$sb16_f9_pipe.v:841$47'.
  created $dff cell `$procdff$2406' with positive edge clock.
Creating register for signal `\sb16_f9_pipe.\pr3_12' using process `\sb16_f9_pipe.$proc$sb16_f9_pipe.v:841$47'.
  created $dff cell `$procdff$2407' with positive edge clock.
Creating register for signal `\sb16_f9_pipe.\pi3_12' using process `\sb16_f9_pipe.$proc$sb16_f9_pipe.v:841$47'.
  created $dff cell `$procdff$2408' with positive edge clock.
Creating register for signal `\sb16_f9_pipe.\pr3_13' using process `\sb16_f9_pipe.$proc$sb16_f9_pipe.v:841$47'.
  created $dff cell `$procdff$2409' with positive edge clock.
Creating register for signal `\sb16_f9_pipe.\pi3_13' using process `\sb16_f9_pipe.$proc$sb16_f9_pipe.v:841$47'.
  created $dff cell `$procdff$2410' with positive edge clock.
Creating register for signal `\sb16_f9_pipe.\pr3_14' using process `\sb16_f9_pipe.$proc$sb16_f9_pipe.v:841$47'.
  created $dff cell `$procdff$2411' with positive edge clock.
Creating register for signal `\sb16_f9_pipe.\pi3_14' using process `\sb16_f9_pipe.$proc$sb16_f9_pipe.v:841$47'.
  created $dff cell `$procdff$2412' with positive edge clock.
Creating register for signal `\sb16_f9_pipe.\pr3_15' using process `\sb16_f9_pipe.$proc$sb16_f9_pipe.v:841$47'.
  created $dff cell `$procdff$2413' with positive edge clock.
Creating register for signal `\sb16_f9_pipe.\pi3_15' using process `\sb16_f9_pipe.$proc$sb16_f9_pipe.v:841$47'.
  created $dff cell `$procdff$2414' with positive edge clock.
Creating register for signal `\sb16_f9_pipe.\pr4_0' using process `\sb16_f9_pipe.$proc$sb16_f9_pipe.v:841$47'.
  created $dff cell `$procdff$2415' with positive edge clock.
Creating register for signal `\sb16_f9_pipe.\pi4_0' using process `\sb16_f9_pipe.$proc$sb16_f9_pipe.v:841$47'.
  created $dff cell `$procdff$2416' with positive edge clock.
Creating register for signal `\sb16_f9_pipe.\pr4_1' using process `\sb16_f9_pipe.$proc$sb16_f9_pipe.v:841$47'.
  created $dff cell `$procdff$2417' with positive edge clock.
Creating register for signal `\sb16_f9_pipe.\pi4_1' using process `\sb16_f9_pipe.$proc$sb16_f9_pipe.v:841$47'.
  created $dff cell `$procdff$2418' with positive edge clock.
Creating register for signal `\sb16_f9_pipe.\pr4_2' using process `\sb16_f9_pipe.$proc$sb16_f9_pipe.v:841$47'.
  created $dff cell `$procdff$2419' with positive edge clock.
Creating register for signal `\sb16_f9_pipe.\pi4_2' using process `\sb16_f9_pipe.$proc$sb16_f9_pipe.v:841$47'.
  created $dff cell `$procdff$2420' with positive edge clock.
Creating register for signal `\sb16_f9_pipe.\pr4_3' using process `\sb16_f9_pipe.$proc$sb16_f9_pipe.v:841$47'.
  created $dff cell `$procdff$2421' with positive edge clock.
Creating register for signal `\sb16_f9_pipe.\pi4_3' using process `\sb16_f9_pipe.$proc$sb16_f9_pipe.v:841$47'.
  created $dff cell `$procdff$2422' with positive edge clock.
Creating register for signal `\sb16_f9_pipe.\pr4_4' using process `\sb16_f9_pipe.$proc$sb16_f9_pipe.v:841$47'.
  created $dff cell `$procdff$2423' with positive edge clock.
Creating register for signal `\sb16_f9_pipe.\pi4_4' using process `\sb16_f9_pipe.$proc$sb16_f9_pipe.v:841$47'.
  created $dff cell `$procdff$2424' with positive edge clock.
Creating register for signal `\sb16_f9_pipe.\pr4_5' using process `\sb16_f9_pipe.$proc$sb16_f9_pipe.v:841$47'.
  created $dff cell `$procdff$2425' with positive edge clock.
Creating register for signal `\sb16_f9_pipe.\pi4_5' using process `\sb16_f9_pipe.$proc$sb16_f9_pipe.v:841$47'.
  created $dff cell `$procdff$2426' with positive edge clock.
Creating register for signal `\sb16_f9_pipe.\pr4_6' using process `\sb16_f9_pipe.$proc$sb16_f9_pipe.v:841$47'.
  created $dff cell `$procdff$2427' with positive edge clock.
Creating register for signal `\sb16_f9_pipe.\pi4_6' using process `\sb16_f9_pipe.$proc$sb16_f9_pipe.v:841$47'.
  created $dff cell `$procdff$2428' with positive edge clock.
Creating register for signal `\sb16_f9_pipe.\pr4_7' using process `\sb16_f9_pipe.$proc$sb16_f9_pipe.v:841$47'.
  created $dff cell `$procdff$2429' with positive edge clock.
Creating register for signal `\sb16_f9_pipe.\pi4_7' using process `\sb16_f9_pipe.$proc$sb16_f9_pipe.v:841$47'.
  created $dff cell `$procdff$2430' with positive edge clock.
Creating register for signal `\sb16_f9_pipe.\pr4_8' using process `\sb16_f9_pipe.$proc$sb16_f9_pipe.v:841$47'.
  created $dff cell `$procdff$2431' with positive edge clock.
Creating register for signal `\sb16_f9_pipe.\pi4_8' using process `\sb16_f9_pipe.$proc$sb16_f9_pipe.v:841$47'.
  created $dff cell `$procdff$2432' with positive edge clock.
Creating register for signal `\sb16_f9_pipe.\pr4_9' using process `\sb16_f9_pipe.$proc$sb16_f9_pipe.v:841$47'.
  created $dff cell `$procdff$2433' with positive edge clock.
Creating register for signal `\sb16_f9_pipe.\pi4_9' using process `\sb16_f9_pipe.$proc$sb16_f9_pipe.v:841$47'.
  created $dff cell `$procdff$2434' with positive edge clock.
Creating register for signal `\sb16_f9_pipe.\pr4_10' using process `\sb16_f9_pipe.$proc$sb16_f9_pipe.v:841$47'.
  created $dff cell `$procdff$2435' with positive edge clock.
Creating register for signal `\sb16_f9_pipe.\pi4_10' using process `\sb16_f9_pipe.$proc$sb16_f9_pipe.v:841$47'.
  created $dff cell `$procdff$2436' with positive edge clock.
Creating register for signal `\sb16_f9_pipe.\pr4_11' using process `\sb16_f9_pipe.$proc$sb16_f9_pipe.v:841$47'.
  created $dff cell `$procdff$2437' with positive edge clock.
Creating register for signal `\sb16_f9_pipe.\pi4_11' using process `\sb16_f9_pipe.$proc$sb16_f9_pipe.v:841$47'.
  created $dff cell `$procdff$2438' with positive edge clock.
Creating register for signal `\sb16_f9_pipe.\pr4_12' using process `\sb16_f9_pipe.$proc$sb16_f9_pipe.v:841$47'.
  created $dff cell `$procdff$2439' with positive edge clock.
Creating register for signal `\sb16_f9_pipe.\pi4_12' using process `\sb16_f9_pipe.$proc$sb16_f9_pipe.v:841$47'.
  created $dff cell `$procdff$2440' with positive edge clock.
Creating register for signal `\sb16_f9_pipe.\pr4_13' using process `\sb16_f9_pipe.$proc$sb16_f9_pipe.v:841$47'.
  created $dff cell `$procdff$2441' with positive edge clock.
Creating register for signal `\sb16_f9_pipe.\pi4_13' using process `\sb16_f9_pipe.$proc$sb16_f9_pipe.v:841$47'.
  created $dff cell `$procdff$2442' with positive edge clock.
Creating register for signal `\sb16_f9_pipe.\pr4_14' using process `\sb16_f9_pipe.$proc$sb16_f9_pipe.v:841$47'.
  created $dff cell `$procdff$2443' with positive edge clock.
Creating register for signal `\sb16_f9_pipe.\pi4_14' using process `\sb16_f9_pipe.$proc$sb16_f9_pipe.v:841$47'.
  created $dff cell `$procdff$2444' with positive edge clock.
Creating register for signal `\sb16_f9_pipe.\pr4_15' using process `\sb16_f9_pipe.$proc$sb16_f9_pipe.v:841$47'.
  created $dff cell `$procdff$2445' with positive edge clock.
Creating register for signal `\sb16_f9_pipe.\pi4_15' using process `\sb16_f9_pipe.$proc$sb16_f9_pipe.v:841$47'.
  created $dff cell `$procdff$2446' with positive edge clock.
Creating register for signal `\sb16_f9_pipe.\pr5_0' using process `\sb16_f9_pipe.$proc$sb16_f9_pipe.v:841$47'.
  created $dff cell `$procdff$2447' with positive edge clock.
Creating register for signal `\sb16_f9_pipe.\pi5_0' using process `\sb16_f9_pipe.$proc$sb16_f9_pipe.v:841$47'.
  created $dff cell `$procdff$2448' with positive edge clock.
Creating register for signal `\sb16_f9_pipe.\pr5_1' using process `\sb16_f9_pipe.$proc$sb16_f9_pipe.v:841$47'.
  created $dff cell `$procdff$2449' with positive edge clock.
Creating register for signal `\sb16_f9_pipe.\pi5_1' using process `\sb16_f9_pipe.$proc$sb16_f9_pipe.v:841$47'.
  created $dff cell `$procdff$2450' with positive edge clock.
Creating register for signal `\sb16_f9_pipe.\pr5_2' using process `\sb16_f9_pipe.$proc$sb16_f9_pipe.v:841$47'.
  created $dff cell `$procdff$2451' with positive edge clock.
Creating register for signal `\sb16_f9_pipe.\pi5_2' using process `\sb16_f9_pipe.$proc$sb16_f9_pipe.v:841$47'.
  created $dff cell `$procdff$2452' with positive edge clock.
Creating register for signal `\sb16_f9_pipe.\pr5_3' using process `\sb16_f9_pipe.$proc$sb16_f9_pipe.v:841$47'.
  created $dff cell `$procdff$2453' with positive edge clock.
Creating register for signal `\sb16_f9_pipe.\pi5_3' using process `\sb16_f9_pipe.$proc$sb16_f9_pipe.v:841$47'.
  created $dff cell `$procdff$2454' with positive edge clock.
Creating register for signal `\sb16_f9_pipe.\pr5_4' using process `\sb16_f9_pipe.$proc$sb16_f9_pipe.v:841$47'.
  created $dff cell `$procdff$2455' with positive edge clock.
Creating register for signal `\sb16_f9_pipe.\pi5_4' using process `\sb16_f9_pipe.$proc$sb16_f9_pipe.v:841$47'.
  created $dff cell `$procdff$2456' with positive edge clock.
Creating register for signal `\sb16_f9_pipe.\pr5_5' using process `\sb16_f9_pipe.$proc$sb16_f9_pipe.v:841$47'.
  created $dff cell `$procdff$2457' with positive edge clock.
Creating register for signal `\sb16_f9_pipe.\pi5_5' using process `\sb16_f9_pipe.$proc$sb16_f9_pipe.v:841$47'.
  created $dff cell `$procdff$2458' with positive edge clock.
Creating register for signal `\sb16_f9_pipe.\pr5_6' using process `\sb16_f9_pipe.$proc$sb16_f9_pipe.v:841$47'.
  created $dff cell `$procdff$2459' with positive edge clock.
Creating register for signal `\sb16_f9_pipe.\pi5_6' using process `\sb16_f9_pipe.$proc$sb16_f9_pipe.v:841$47'.
  created $dff cell `$procdff$2460' with positive edge clock.
Creating register for signal `\sb16_f9_pipe.\pr5_7' using process `\sb16_f9_pipe.$proc$sb16_f9_pipe.v:841$47'.
  created $dff cell `$procdff$2461' with positive edge clock.
Creating register for signal `\sb16_f9_pipe.\pi5_7' using process `\sb16_f9_pipe.$proc$sb16_f9_pipe.v:841$47'.
  created $dff cell `$procdff$2462' with positive edge clock.
Creating register for signal `\sb16_f9_pipe.\pr5_8' using process `\sb16_f9_pipe.$proc$sb16_f9_pipe.v:841$47'.
  created $dff cell `$procdff$2463' with positive edge clock.
Creating register for signal `\sb16_f9_pipe.\pi5_8' using process `\sb16_f9_pipe.$proc$sb16_f9_pipe.v:841$47'.
  created $dff cell `$procdff$2464' with positive edge clock.
Creating register for signal `\sb16_f9_pipe.\pr5_9' using process `\sb16_f9_pipe.$proc$sb16_f9_pipe.v:841$47'.
  created $dff cell `$procdff$2465' with positive edge clock.
Creating register for signal `\sb16_f9_pipe.\pi5_9' using process `\sb16_f9_pipe.$proc$sb16_f9_pipe.v:841$47'.
  created $dff cell `$procdff$2466' with positive edge clock.
Creating register for signal `\sb16_f9_pipe.\pr5_10' using process `\sb16_f9_pipe.$proc$sb16_f9_pipe.v:841$47'.
  created $dff cell `$procdff$2467' with positive edge clock.
Creating register for signal `\sb16_f9_pipe.\pi5_10' using process `\sb16_f9_pipe.$proc$sb16_f9_pipe.v:841$47'.
  created $dff cell `$procdff$2468' with positive edge clock.
Creating register for signal `\sb16_f9_pipe.\pr5_11' using process `\sb16_f9_pipe.$proc$sb16_f9_pipe.v:841$47'.
  created $dff cell `$procdff$2469' with positive edge clock.
Creating register for signal `\sb16_f9_pipe.\pi5_11' using process `\sb16_f9_pipe.$proc$sb16_f9_pipe.v:841$47'.
  created $dff cell `$procdff$2470' with positive edge clock.
Creating register for signal `\sb16_f9_pipe.\pr5_12' using process `\sb16_f9_pipe.$proc$sb16_f9_pipe.v:841$47'.
  created $dff cell `$procdff$2471' with positive edge clock.
Creating register for signal `\sb16_f9_pipe.\pi5_12' using process `\sb16_f9_pipe.$proc$sb16_f9_pipe.v:841$47'.
  created $dff cell `$procdff$2472' with positive edge clock.
Creating register for signal `\sb16_f9_pipe.\pr5_13' using process `\sb16_f9_pipe.$proc$sb16_f9_pipe.v:841$47'.
  created $dff cell `$procdff$2473' with positive edge clock.
Creating register for signal `\sb16_f9_pipe.\pi5_13' using process `\sb16_f9_pipe.$proc$sb16_f9_pipe.v:841$47'.
  created $dff cell `$procdff$2474' with positive edge clock.
Creating register for signal `\sb16_f9_pipe.\pr5_14' using process `\sb16_f9_pipe.$proc$sb16_f9_pipe.v:841$47'.
  created $dff cell `$procdff$2475' with positive edge clock.
Creating register for signal `\sb16_f9_pipe.\pi5_14' using process `\sb16_f9_pipe.$proc$sb16_f9_pipe.v:841$47'.
  created $dff cell `$procdff$2476' with positive edge clock.
Creating register for signal `\sb16_f9_pipe.\pr5_15' using process `\sb16_f9_pipe.$proc$sb16_f9_pipe.v:841$47'.
  created $dff cell `$procdff$2477' with positive edge clock.
Creating register for signal `\sb16_f9_pipe.\pi5_15' using process `\sb16_f9_pipe.$proc$sb16_f9_pipe.v:841$47'.
  created $dff cell `$procdff$2478' with positive edge clock.
Creating register for signal `\sb16_f9_pipe.\pr6_0' using process `\sb16_f9_pipe.$proc$sb16_f9_pipe.v:841$47'.
  created $dff cell `$procdff$2479' with positive edge clock.
Creating register for signal `\sb16_f9_pipe.\pi6_0' using process `\sb16_f9_pipe.$proc$sb16_f9_pipe.v:841$47'.
  created $dff cell `$procdff$2480' with positive edge clock.
Creating register for signal `\sb16_f9_pipe.\pr6_1' using process `\sb16_f9_pipe.$proc$sb16_f9_pipe.v:841$47'.
  created $dff cell `$procdff$2481' with positive edge clock.
Creating register for signal `\sb16_f9_pipe.\pi6_1' using process `\sb16_f9_pipe.$proc$sb16_f9_pipe.v:841$47'.
  created $dff cell `$procdff$2482' with positive edge clock.
Creating register for signal `\sb16_f9_pipe.\pr6_2' using process `\sb16_f9_pipe.$proc$sb16_f9_pipe.v:841$47'.
  created $dff cell `$procdff$2483' with positive edge clock.
Creating register for signal `\sb16_f9_pipe.\pi6_2' using process `\sb16_f9_pipe.$proc$sb16_f9_pipe.v:841$47'.
  created $dff cell `$procdff$2484' with positive edge clock.
Creating register for signal `\sb16_f9_pipe.\pr6_3' using process `\sb16_f9_pipe.$proc$sb16_f9_pipe.v:841$47'.
  created $dff cell `$procdff$2485' with positive edge clock.
Creating register for signal `\sb16_f9_pipe.\pi6_3' using process `\sb16_f9_pipe.$proc$sb16_f9_pipe.v:841$47'.
  created $dff cell `$procdff$2486' with positive edge clock.
Creating register for signal `\sb16_f9_pipe.\pr6_4' using process `\sb16_f9_pipe.$proc$sb16_f9_pipe.v:841$47'.
  created $dff cell `$procdff$2487' with positive edge clock.
Creating register for signal `\sb16_f9_pipe.\pi6_4' using process `\sb16_f9_pipe.$proc$sb16_f9_pipe.v:841$47'.
  created $dff cell `$procdff$2488' with positive edge clock.
Creating register for signal `\sb16_f9_pipe.\pr6_5' using process `\sb16_f9_pipe.$proc$sb16_f9_pipe.v:841$47'.
  created $dff cell `$procdff$2489' with positive edge clock.
Creating register for signal `\sb16_f9_pipe.\pi6_5' using process `\sb16_f9_pipe.$proc$sb16_f9_pipe.v:841$47'.
  created $dff cell `$procdff$2490' with positive edge clock.
Creating register for signal `\sb16_f9_pipe.\pr6_6' using process `\sb16_f9_pipe.$proc$sb16_f9_pipe.v:841$47'.
  created $dff cell `$procdff$2491' with positive edge clock.
Creating register for signal `\sb16_f9_pipe.\pi6_6' using process `\sb16_f9_pipe.$proc$sb16_f9_pipe.v:841$47'.
  created $dff cell `$procdff$2492' with positive edge clock.
Creating register for signal `\sb16_f9_pipe.\pr6_7' using process `\sb16_f9_pipe.$proc$sb16_f9_pipe.v:841$47'.
  created $dff cell `$procdff$2493' with positive edge clock.
Creating register for signal `\sb16_f9_pipe.\pi6_7' using process `\sb16_f9_pipe.$proc$sb16_f9_pipe.v:841$47'.
  created $dff cell `$procdff$2494' with positive edge clock.
Creating register for signal `\sb16_f9_pipe.\pr6_8' using process `\sb16_f9_pipe.$proc$sb16_f9_pipe.v:841$47'.
  created $dff cell `$procdff$2495' with positive edge clock.
Creating register for signal `\sb16_f9_pipe.\pi6_8' using process `\sb16_f9_pipe.$proc$sb16_f9_pipe.v:841$47'.
  created $dff cell `$procdff$2496' with positive edge clock.
Creating register for signal `\sb16_f9_pipe.\pr6_9' using process `\sb16_f9_pipe.$proc$sb16_f9_pipe.v:841$47'.
  created $dff cell `$procdff$2497' with positive edge clock.
Creating register for signal `\sb16_f9_pipe.\pi6_9' using process `\sb16_f9_pipe.$proc$sb16_f9_pipe.v:841$47'.
  created $dff cell `$procdff$2498' with positive edge clock.
Creating register for signal `\sb16_f9_pipe.\pr6_10' using process `\sb16_f9_pipe.$proc$sb16_f9_pipe.v:841$47'.
  created $dff cell `$procdff$2499' with positive edge clock.
Creating register for signal `\sb16_f9_pipe.\pi6_10' using process `\sb16_f9_pipe.$proc$sb16_f9_pipe.v:841$47'.
  created $dff cell `$procdff$2500' with positive edge clock.
Creating register for signal `\sb16_f9_pipe.\pr6_11' using process `\sb16_f9_pipe.$proc$sb16_f9_pipe.v:841$47'.
  created $dff cell `$procdff$2501' with positive edge clock.
Creating register for signal `\sb16_f9_pipe.\pi6_11' using process `\sb16_f9_pipe.$proc$sb16_f9_pipe.v:841$47'.
  created $dff cell `$procdff$2502' with positive edge clock.
Creating register for signal `\sb16_f9_pipe.\pr6_12' using process `\sb16_f9_pipe.$proc$sb16_f9_pipe.v:841$47'.
  created $dff cell `$procdff$2503' with positive edge clock.
Creating register for signal `\sb16_f9_pipe.\pi6_12' using process `\sb16_f9_pipe.$proc$sb16_f9_pipe.v:841$47'.
  created $dff cell `$procdff$2504' with positive edge clock.
Creating register for signal `\sb16_f9_pipe.\pr6_13' using process `\sb16_f9_pipe.$proc$sb16_f9_pipe.v:841$47'.
  created $dff cell `$procdff$2505' with positive edge clock.
Creating register for signal `\sb16_f9_pipe.\pi6_13' using process `\sb16_f9_pipe.$proc$sb16_f9_pipe.v:841$47'.
  created $dff cell `$procdff$2506' with positive edge clock.
Creating register for signal `\sb16_f9_pipe.\pr6_14' using process `\sb16_f9_pipe.$proc$sb16_f9_pipe.v:841$47'.
  created $dff cell `$procdff$2507' with positive edge clock.
Creating register for signal `\sb16_f9_pipe.\pi6_14' using process `\sb16_f9_pipe.$proc$sb16_f9_pipe.v:841$47'.
  created $dff cell `$procdff$2508' with positive edge clock.
Creating register for signal `\sb16_f9_pipe.\pr6_15' using process `\sb16_f9_pipe.$proc$sb16_f9_pipe.v:841$47'.
  created $dff cell `$procdff$2509' with positive edge clock.
Creating register for signal `\sb16_f9_pipe.\pi6_15' using process `\sb16_f9_pipe.$proc$sb16_f9_pipe.v:841$47'.
  created $dff cell `$procdff$2510' with positive edge clock.
Creating register for signal `\sb16_f9_pipe.\pr7_0' using process `\sb16_f9_pipe.$proc$sb16_f9_pipe.v:841$47'.
  created $dff cell `$procdff$2511' with positive edge clock.
Creating register for signal `\sb16_f9_pipe.\pi7_0' using process `\sb16_f9_pipe.$proc$sb16_f9_pipe.v:841$47'.
  created $dff cell `$procdff$2512' with positive edge clock.
Creating register for signal `\sb16_f9_pipe.\pr7_1' using process `\sb16_f9_pipe.$proc$sb16_f9_pipe.v:841$47'.
  created $dff cell `$procdff$2513' with positive edge clock.
Creating register for signal `\sb16_f9_pipe.\pi7_1' using process `\sb16_f9_pipe.$proc$sb16_f9_pipe.v:841$47'.
  created $dff cell `$procdff$2514' with positive edge clock.
Creating register for signal `\sb16_f9_pipe.\pr7_2' using process `\sb16_f9_pipe.$proc$sb16_f9_pipe.v:841$47'.
  created $dff cell `$procdff$2515' with positive edge clock.
Creating register for signal `\sb16_f9_pipe.\pi7_2' using process `\sb16_f9_pipe.$proc$sb16_f9_pipe.v:841$47'.
  created $dff cell `$procdff$2516' with positive edge clock.
Creating register for signal `\sb16_f9_pipe.\pr7_3' using process `\sb16_f9_pipe.$proc$sb16_f9_pipe.v:841$47'.
  created $dff cell `$procdff$2517' with positive edge clock.
Creating register for signal `\sb16_f9_pipe.\pi7_3' using process `\sb16_f9_pipe.$proc$sb16_f9_pipe.v:841$47'.
  created $dff cell `$procdff$2518' with positive edge clock.
Creating register for signal `\sb16_f9_pipe.\pr7_4' using process `\sb16_f9_pipe.$proc$sb16_f9_pipe.v:841$47'.
  created $dff cell `$procdff$2519' with positive edge clock.
Creating register for signal `\sb16_f9_pipe.\pi7_4' using process `\sb16_f9_pipe.$proc$sb16_f9_pipe.v:841$47'.
  created $dff cell `$procdff$2520' with positive edge clock.
Creating register for signal `\sb16_f9_pipe.\pr7_5' using process `\sb16_f9_pipe.$proc$sb16_f9_pipe.v:841$47'.
  created $dff cell `$procdff$2521' with positive edge clock.
Creating register for signal `\sb16_f9_pipe.\pi7_5' using process `\sb16_f9_pipe.$proc$sb16_f9_pipe.v:841$47'.
  created $dff cell `$procdff$2522' with positive edge clock.
Creating register for signal `\sb16_f9_pipe.\pr7_6' using process `\sb16_f9_pipe.$proc$sb16_f9_pipe.v:841$47'.
  created $dff cell `$procdff$2523' with positive edge clock.
Creating register for signal `\sb16_f9_pipe.\pi7_6' using process `\sb16_f9_pipe.$proc$sb16_f9_pipe.v:841$47'.
  created $dff cell `$procdff$2524' with positive edge clock.
Creating register for signal `\sb16_f9_pipe.\pr7_7' using process `\sb16_f9_pipe.$proc$sb16_f9_pipe.v:841$47'.
  created $dff cell `$procdff$2525' with positive edge clock.
Creating register for signal `\sb16_f9_pipe.\pi7_7' using process `\sb16_f9_pipe.$proc$sb16_f9_pipe.v:841$47'.
  created $dff cell `$procdff$2526' with positive edge clock.
Creating register for signal `\sb16_f9_pipe.\pr7_8' using process `\sb16_f9_pipe.$proc$sb16_f9_pipe.v:841$47'.
  created $dff cell `$procdff$2527' with positive edge clock.
Creating register for signal `\sb16_f9_pipe.\pi7_8' using process `\sb16_f9_pipe.$proc$sb16_f9_pipe.v:841$47'.
  created $dff cell `$procdff$2528' with positive edge clock.
Creating register for signal `\sb16_f9_pipe.\pr7_9' using process `\sb16_f9_pipe.$proc$sb16_f9_pipe.v:841$47'.
  created $dff cell `$procdff$2529' with positive edge clock.
Creating register for signal `\sb16_f9_pipe.\pi7_9' using process `\sb16_f9_pipe.$proc$sb16_f9_pipe.v:841$47'.
  created $dff cell `$procdff$2530' with positive edge clock.
Creating register for signal `\sb16_f9_pipe.\pr7_10' using process `\sb16_f9_pipe.$proc$sb16_f9_pipe.v:841$47'.
  created $dff cell `$procdff$2531' with positive edge clock.
Creating register for signal `\sb16_f9_pipe.\pi7_10' using process `\sb16_f9_pipe.$proc$sb16_f9_pipe.v:841$47'.
  created $dff cell `$procdff$2532' with positive edge clock.
Creating register for signal `\sb16_f9_pipe.\pr7_11' using process `\sb16_f9_pipe.$proc$sb16_f9_pipe.v:841$47'.
  created $dff cell `$procdff$2533' with positive edge clock.
Creating register for signal `\sb16_f9_pipe.\pi7_11' using process `\sb16_f9_pipe.$proc$sb16_f9_pipe.v:841$47'.
  created $dff cell `$procdff$2534' with positive edge clock.
Creating register for signal `\sb16_f9_pipe.\pr7_12' using process `\sb16_f9_pipe.$proc$sb16_f9_pipe.v:841$47'.
  created $dff cell `$procdff$2535' with positive edge clock.
Creating register for signal `\sb16_f9_pipe.\pi7_12' using process `\sb16_f9_pipe.$proc$sb16_f9_pipe.v:841$47'.
  created $dff cell `$procdff$2536' with positive edge clock.
Creating register for signal `\sb16_f9_pipe.\pr7_13' using process `\sb16_f9_pipe.$proc$sb16_f9_pipe.v:841$47'.
  created $dff cell `$procdff$2537' with positive edge clock.
Creating register for signal `\sb16_f9_pipe.\pi7_13' using process `\sb16_f9_pipe.$proc$sb16_f9_pipe.v:841$47'.
  created $dff cell `$procdff$2538' with positive edge clock.
Creating register for signal `\sb16_f9_pipe.\pr7_14' using process `\sb16_f9_pipe.$proc$sb16_f9_pipe.v:841$47'.
  created $dff cell `$procdff$2539' with positive edge clock.
Creating register for signal `\sb16_f9_pipe.\pi7_14' using process `\sb16_f9_pipe.$proc$sb16_f9_pipe.v:841$47'.
  created $dff cell `$procdff$2540' with positive edge clock.
Creating register for signal `\sb16_f9_pipe.\pr7_15' using process `\sb16_f9_pipe.$proc$sb16_f9_pipe.v:841$47'.
  created $dff cell `$procdff$2541' with positive edge clock.
Creating register for signal `\sb16_f9_pipe.\pi7_15' using process `\sb16_f9_pipe.$proc$sb16_f9_pipe.v:841$47'.
  created $dff cell `$procdff$2542' with positive edge clock.
Creating register for signal `\sb16_f9_pipe.\pr8_0' using process `\sb16_f9_pipe.$proc$sb16_f9_pipe.v:841$47'.
  created $dff cell `$procdff$2543' with positive edge clock.
Creating register for signal `\sb16_f9_pipe.\pi8_0' using process `\sb16_f9_pipe.$proc$sb16_f9_pipe.v:841$47'.
  created $dff cell `$procdff$2544' with positive edge clock.
Creating register for signal `\sb16_f9_pipe.\pr8_1' using process `\sb16_f9_pipe.$proc$sb16_f9_pipe.v:841$47'.
  created $dff cell `$procdff$2545' with positive edge clock.
Creating register for signal `\sb16_f9_pipe.\pi8_1' using process `\sb16_f9_pipe.$proc$sb16_f9_pipe.v:841$47'.
  created $dff cell `$procdff$2546' with positive edge clock.
Creating register for signal `\sb16_f9_pipe.\pr8_2' using process `\sb16_f9_pipe.$proc$sb16_f9_pipe.v:841$47'.
  created $dff cell `$procdff$2547' with positive edge clock.
Creating register for signal `\sb16_f9_pipe.\pi8_2' using process `\sb16_f9_pipe.$proc$sb16_f9_pipe.v:841$47'.
  created $dff cell `$procdff$2548' with positive edge clock.
Creating register for signal `\sb16_f9_pipe.\pr8_3' using process `\sb16_f9_pipe.$proc$sb16_f9_pipe.v:841$47'.
  created $dff cell `$procdff$2549' with positive edge clock.
Creating register for signal `\sb16_f9_pipe.\pi8_3' using process `\sb16_f9_pipe.$proc$sb16_f9_pipe.v:841$47'.
  created $dff cell `$procdff$2550' with positive edge clock.
Creating register for signal `\sb16_f9_pipe.\pr8_4' using process `\sb16_f9_pipe.$proc$sb16_f9_pipe.v:841$47'.
  created $dff cell `$procdff$2551' with positive edge clock.
Creating register for signal `\sb16_f9_pipe.\pi8_4' using process `\sb16_f9_pipe.$proc$sb16_f9_pipe.v:841$47'.
  created $dff cell `$procdff$2552' with positive edge clock.
Creating register for signal `\sb16_f9_pipe.\pr8_5' using process `\sb16_f9_pipe.$proc$sb16_f9_pipe.v:841$47'.
  created $dff cell `$procdff$2553' with positive edge clock.
Creating register for signal `\sb16_f9_pipe.\pi8_5' using process `\sb16_f9_pipe.$proc$sb16_f9_pipe.v:841$47'.
  created $dff cell `$procdff$2554' with positive edge clock.
Creating register for signal `\sb16_f9_pipe.\pr8_6' using process `\sb16_f9_pipe.$proc$sb16_f9_pipe.v:841$47'.
  created $dff cell `$procdff$2555' with positive edge clock.
Creating register for signal `\sb16_f9_pipe.\pi8_6' using process `\sb16_f9_pipe.$proc$sb16_f9_pipe.v:841$47'.
  created $dff cell `$procdff$2556' with positive edge clock.
Creating register for signal `\sb16_f9_pipe.\pr8_7' using process `\sb16_f9_pipe.$proc$sb16_f9_pipe.v:841$47'.
  created $dff cell `$procdff$2557' with positive edge clock.
Creating register for signal `\sb16_f9_pipe.\pi8_7' using process `\sb16_f9_pipe.$proc$sb16_f9_pipe.v:841$47'.
  created $dff cell `$procdff$2558' with positive edge clock.
Creating register for signal `\sb16_f9_pipe.\pr8_8' using process `\sb16_f9_pipe.$proc$sb16_f9_pipe.v:841$47'.
  created $dff cell `$procdff$2559' with positive edge clock.
Creating register for signal `\sb16_f9_pipe.\pi8_8' using process `\sb16_f9_pipe.$proc$sb16_f9_pipe.v:841$47'.
  created $dff cell `$procdff$2560' with positive edge clock.
Creating register for signal `\sb16_f9_pipe.\pr8_9' using process `\sb16_f9_pipe.$proc$sb16_f9_pipe.v:841$47'.
  created $dff cell `$procdff$2561' with positive edge clock.
Creating register for signal `\sb16_f9_pipe.\pi8_9' using process `\sb16_f9_pipe.$proc$sb16_f9_pipe.v:841$47'.
  created $dff cell `$procdff$2562' with positive edge clock.
Creating register for signal `\sb16_f9_pipe.\pr8_10' using process `\sb16_f9_pipe.$proc$sb16_f9_pipe.v:841$47'.
  created $dff cell `$procdff$2563' with positive edge clock.
Creating register for signal `\sb16_f9_pipe.\pi8_10' using process `\sb16_f9_pipe.$proc$sb16_f9_pipe.v:841$47'.
  created $dff cell `$procdff$2564' with positive edge clock.
Creating register for signal `\sb16_f9_pipe.\pr8_11' using process `\sb16_f9_pipe.$proc$sb16_f9_pipe.v:841$47'.
  created $dff cell `$procdff$2565' with positive edge clock.
Creating register for signal `\sb16_f9_pipe.\pi8_11' using process `\sb16_f9_pipe.$proc$sb16_f9_pipe.v:841$47'.
  created $dff cell `$procdff$2566' with positive edge clock.
Creating register for signal `\sb16_f9_pipe.\pr8_12' using process `\sb16_f9_pipe.$proc$sb16_f9_pipe.v:841$47'.
  created $dff cell `$procdff$2567' with positive edge clock.
Creating register for signal `\sb16_f9_pipe.\pi8_12' using process `\sb16_f9_pipe.$proc$sb16_f9_pipe.v:841$47'.
  created $dff cell `$procdff$2568' with positive edge clock.
Creating register for signal `\sb16_f9_pipe.\pr8_13' using process `\sb16_f9_pipe.$proc$sb16_f9_pipe.v:841$47'.
  created $dff cell `$procdff$2569' with positive edge clock.
Creating register for signal `\sb16_f9_pipe.\pi8_13' using process `\sb16_f9_pipe.$proc$sb16_f9_pipe.v:841$47'.
  created $dff cell `$procdff$2570' with positive edge clock.
Creating register for signal `\sb16_f9_pipe.\pr8_14' using process `\sb16_f9_pipe.$proc$sb16_f9_pipe.v:841$47'.
  created $dff cell `$procdff$2571' with positive edge clock.
Creating register for signal `\sb16_f9_pipe.\pi8_14' using process `\sb16_f9_pipe.$proc$sb16_f9_pipe.v:841$47'.
  created $dff cell `$procdff$2572' with positive edge clock.
Creating register for signal `\sb16_f9_pipe.\pr8_15' using process `\sb16_f9_pipe.$proc$sb16_f9_pipe.v:841$47'.
  created $dff cell `$procdff$2573' with positive edge clock.
Creating register for signal `\sb16_f9_pipe.\pi8_15' using process `\sb16_f9_pipe.$proc$sb16_f9_pipe.v:841$47'.
  created $dff cell `$procdff$2574' with positive edge clock.
Creating register for signal `\sb16_f9_pipe.\pr9_0' using process `\sb16_f9_pipe.$proc$sb16_f9_pipe.v:841$47'.
  created $dff cell `$procdff$2575' with positive edge clock.
Creating register for signal `\sb16_f9_pipe.\pi9_0' using process `\sb16_f9_pipe.$proc$sb16_f9_pipe.v:841$47'.
  created $dff cell `$procdff$2576' with positive edge clock.
Creating register for signal `\sb16_f9_pipe.\pr9_1' using process `\sb16_f9_pipe.$proc$sb16_f9_pipe.v:841$47'.
  created $dff cell `$procdff$2577' with positive edge clock.
Creating register for signal `\sb16_f9_pipe.\pi9_1' using process `\sb16_f9_pipe.$proc$sb16_f9_pipe.v:841$47'.
  created $dff cell `$procdff$2578' with positive edge clock.
Creating register for signal `\sb16_f9_pipe.\pr9_2' using process `\sb16_f9_pipe.$proc$sb16_f9_pipe.v:841$47'.
  created $dff cell `$procdff$2579' with positive edge clock.
Creating register for signal `\sb16_f9_pipe.\pi9_2' using process `\sb16_f9_pipe.$proc$sb16_f9_pipe.v:841$47'.
  created $dff cell `$procdff$2580' with positive edge clock.
Creating register for signal `\sb16_f9_pipe.\pr9_3' using process `\sb16_f9_pipe.$proc$sb16_f9_pipe.v:841$47'.
  created $dff cell `$procdff$2581' with positive edge clock.
Creating register for signal `\sb16_f9_pipe.\pi9_3' using process `\sb16_f9_pipe.$proc$sb16_f9_pipe.v:841$47'.
  created $dff cell `$procdff$2582' with positive edge clock.
Creating register for signal `\sb16_f9_pipe.\pr9_4' using process `\sb16_f9_pipe.$proc$sb16_f9_pipe.v:841$47'.
  created $dff cell `$procdff$2583' with positive edge clock.
Creating register for signal `\sb16_f9_pipe.\pi9_4' using process `\sb16_f9_pipe.$proc$sb16_f9_pipe.v:841$47'.
  created $dff cell `$procdff$2584' with positive edge clock.
Creating register for signal `\sb16_f9_pipe.\pr9_5' using process `\sb16_f9_pipe.$proc$sb16_f9_pipe.v:841$47'.
  created $dff cell `$procdff$2585' with positive edge clock.
Creating register for signal `\sb16_f9_pipe.\pi9_5' using process `\sb16_f9_pipe.$proc$sb16_f9_pipe.v:841$47'.
  created $dff cell `$procdff$2586' with positive edge clock.
Creating register for signal `\sb16_f9_pipe.\pr9_6' using process `\sb16_f9_pipe.$proc$sb16_f9_pipe.v:841$47'.
  created $dff cell `$procdff$2587' with positive edge clock.
Creating register for signal `\sb16_f9_pipe.\pi9_6' using process `\sb16_f9_pipe.$proc$sb16_f9_pipe.v:841$47'.
  created $dff cell `$procdff$2588' with positive edge clock.
Creating register for signal `\sb16_f9_pipe.\pr9_7' using process `\sb16_f9_pipe.$proc$sb16_f9_pipe.v:841$47'.
  created $dff cell `$procdff$2589' with positive edge clock.
Creating register for signal `\sb16_f9_pipe.\pi9_7' using process `\sb16_f9_pipe.$proc$sb16_f9_pipe.v:841$47'.
  created $dff cell `$procdff$2590' with positive edge clock.
Creating register for signal `\sb16_f9_pipe.\pr9_8' using process `\sb16_f9_pipe.$proc$sb16_f9_pipe.v:841$47'.
  created $dff cell `$procdff$2591' with positive edge clock.
Creating register for signal `\sb16_f9_pipe.\pi9_8' using process `\sb16_f9_pipe.$proc$sb16_f9_pipe.v:841$47'.
  created $dff cell `$procdff$2592' with positive edge clock.
Creating register for signal `\sb16_f9_pipe.\pr9_9' using process `\sb16_f9_pipe.$proc$sb16_f9_pipe.v:841$47'.
  created $dff cell `$procdff$2593' with positive edge clock.
Creating register for signal `\sb16_f9_pipe.\pi9_9' using process `\sb16_f9_pipe.$proc$sb16_f9_pipe.v:841$47'.
  created $dff cell `$procdff$2594' with positive edge clock.
Creating register for signal `\sb16_f9_pipe.\pr9_10' using process `\sb16_f9_pipe.$proc$sb16_f9_pipe.v:841$47'.
  created $dff cell `$procdff$2595' with positive edge clock.
Creating register for signal `\sb16_f9_pipe.\pi9_10' using process `\sb16_f9_pipe.$proc$sb16_f9_pipe.v:841$47'.
  created $dff cell `$procdff$2596' with positive edge clock.
Creating register for signal `\sb16_f9_pipe.\pr9_11' using process `\sb16_f9_pipe.$proc$sb16_f9_pipe.v:841$47'.
  created $dff cell `$procdff$2597' with positive edge clock.
Creating register for signal `\sb16_f9_pipe.\pi9_11' using process `\sb16_f9_pipe.$proc$sb16_f9_pipe.v:841$47'.
  created $dff cell `$procdff$2598' with positive edge clock.
Creating register for signal `\sb16_f9_pipe.\pr9_12' using process `\sb16_f9_pipe.$proc$sb16_f9_pipe.v:841$47'.
  created $dff cell `$procdff$2599' with positive edge clock.
Creating register for signal `\sb16_f9_pipe.\pi9_12' using process `\sb16_f9_pipe.$proc$sb16_f9_pipe.v:841$47'.
  created $dff cell `$procdff$2600' with positive edge clock.
Creating register for signal `\sb16_f9_pipe.\pr9_13' using process `\sb16_f9_pipe.$proc$sb16_f9_pipe.v:841$47'.
  created $dff cell `$procdff$2601' with positive edge clock.
Creating register for signal `\sb16_f9_pipe.\pi9_13' using process `\sb16_f9_pipe.$proc$sb16_f9_pipe.v:841$47'.
  created $dff cell `$procdff$2602' with positive edge clock.
Creating register for signal `\sb16_f9_pipe.\pr9_14' using process `\sb16_f9_pipe.$proc$sb16_f9_pipe.v:841$47'.
  created $dff cell `$procdff$2603' with positive edge clock.
Creating register for signal `\sb16_f9_pipe.\pi9_14' using process `\sb16_f9_pipe.$proc$sb16_f9_pipe.v:841$47'.
  created $dff cell `$procdff$2604' with positive edge clock.
Creating register for signal `\sb16_f9_pipe.\pr9_15' using process `\sb16_f9_pipe.$proc$sb16_f9_pipe.v:841$47'.
  created $dff cell `$procdff$2605' with positive edge clock.
Creating register for signal `\sb16_f9_pipe.\pi9_15' using process `\sb16_f9_pipe.$proc$sb16_f9_pipe.v:841$47'.
  created $dff cell `$procdff$2606' with positive edge clock.
Creating register for signal `\sb16_f9_pipe.\pr10_0' using process `\sb16_f9_pipe.$proc$sb16_f9_pipe.v:841$47'.
  created $dff cell `$procdff$2607' with positive edge clock.
Creating register for signal `\sb16_f9_pipe.\pi10_0' using process `\sb16_f9_pipe.$proc$sb16_f9_pipe.v:841$47'.
  created $dff cell `$procdff$2608' with positive edge clock.
Creating register for signal `\sb16_f9_pipe.\pr10_1' using process `\sb16_f9_pipe.$proc$sb16_f9_pipe.v:841$47'.
  created $dff cell `$procdff$2609' with positive edge clock.
Creating register for signal `\sb16_f9_pipe.\pi10_1' using process `\sb16_f9_pipe.$proc$sb16_f9_pipe.v:841$47'.
  created $dff cell `$procdff$2610' with positive edge clock.
Creating register for signal `\sb16_f9_pipe.\pr10_2' using process `\sb16_f9_pipe.$proc$sb16_f9_pipe.v:841$47'.
  created $dff cell `$procdff$2611' with positive edge clock.
Creating register for signal `\sb16_f9_pipe.\pi10_2' using process `\sb16_f9_pipe.$proc$sb16_f9_pipe.v:841$47'.
  created $dff cell `$procdff$2612' with positive edge clock.
Creating register for signal `\sb16_f9_pipe.\pr10_3' using process `\sb16_f9_pipe.$proc$sb16_f9_pipe.v:841$47'.
  created $dff cell `$procdff$2613' with positive edge clock.
Creating register for signal `\sb16_f9_pipe.\pi10_3' using process `\sb16_f9_pipe.$proc$sb16_f9_pipe.v:841$47'.
  created $dff cell `$procdff$2614' with positive edge clock.
Creating register for signal `\sb16_f9_pipe.\pr10_4' using process `\sb16_f9_pipe.$proc$sb16_f9_pipe.v:841$47'.
  created $dff cell `$procdff$2615' with positive edge clock.
Creating register for signal `\sb16_f9_pipe.\pi10_4' using process `\sb16_f9_pipe.$proc$sb16_f9_pipe.v:841$47'.
  created $dff cell `$procdff$2616' with positive edge clock.
Creating register for signal `\sb16_f9_pipe.\pr10_5' using process `\sb16_f9_pipe.$proc$sb16_f9_pipe.v:841$47'.
  created $dff cell `$procdff$2617' with positive edge clock.
Creating register for signal `\sb16_f9_pipe.\pi10_5' using process `\sb16_f9_pipe.$proc$sb16_f9_pipe.v:841$47'.
  created $dff cell `$procdff$2618' with positive edge clock.
Creating register for signal `\sb16_f9_pipe.\pr10_6' using process `\sb16_f9_pipe.$proc$sb16_f9_pipe.v:841$47'.
  created $dff cell `$procdff$2619' with positive edge clock.
Creating register for signal `\sb16_f9_pipe.\pi10_6' using process `\sb16_f9_pipe.$proc$sb16_f9_pipe.v:841$47'.
  created $dff cell `$procdff$2620' with positive edge clock.
Creating register for signal `\sb16_f9_pipe.\pr10_7' using process `\sb16_f9_pipe.$proc$sb16_f9_pipe.v:841$47'.
  created $dff cell `$procdff$2621' with positive edge clock.
Creating register for signal `\sb16_f9_pipe.\pi10_7' using process `\sb16_f9_pipe.$proc$sb16_f9_pipe.v:841$47'.
  created $dff cell `$procdff$2622' with positive edge clock.
Creating register for signal `\sb16_f9_pipe.\pr10_8' using process `\sb16_f9_pipe.$proc$sb16_f9_pipe.v:841$47'.
  created $dff cell `$procdff$2623' with positive edge clock.
Creating register for signal `\sb16_f9_pipe.\pi10_8' using process `\sb16_f9_pipe.$proc$sb16_f9_pipe.v:841$47'.
  created $dff cell `$procdff$2624' with positive edge clock.
Creating register for signal `\sb16_f9_pipe.\pr10_9' using process `\sb16_f9_pipe.$proc$sb16_f9_pipe.v:841$47'.
  created $dff cell `$procdff$2625' with positive edge clock.
Creating register for signal `\sb16_f9_pipe.\pi10_9' using process `\sb16_f9_pipe.$proc$sb16_f9_pipe.v:841$47'.
  created $dff cell `$procdff$2626' with positive edge clock.
Creating register for signal `\sb16_f9_pipe.\pr10_10' using process `\sb16_f9_pipe.$proc$sb16_f9_pipe.v:841$47'.
  created $dff cell `$procdff$2627' with positive edge clock.
Creating register for signal `\sb16_f9_pipe.\pi10_10' using process `\sb16_f9_pipe.$proc$sb16_f9_pipe.v:841$47'.
  created $dff cell `$procdff$2628' with positive edge clock.
Creating register for signal `\sb16_f9_pipe.\pr10_11' using process `\sb16_f9_pipe.$proc$sb16_f9_pipe.v:841$47'.
  created $dff cell `$procdff$2629' with positive edge clock.
Creating register for signal `\sb16_f9_pipe.\pi10_11' using process `\sb16_f9_pipe.$proc$sb16_f9_pipe.v:841$47'.
  created $dff cell `$procdff$2630' with positive edge clock.
Creating register for signal `\sb16_f9_pipe.\pr10_12' using process `\sb16_f9_pipe.$proc$sb16_f9_pipe.v:841$47'.
  created $dff cell `$procdff$2631' with positive edge clock.
Creating register for signal `\sb16_f9_pipe.\pi10_12' using process `\sb16_f9_pipe.$proc$sb16_f9_pipe.v:841$47'.
  created $dff cell `$procdff$2632' with positive edge clock.
Creating register for signal `\sb16_f9_pipe.\pr10_13' using process `\sb16_f9_pipe.$proc$sb16_f9_pipe.v:841$47'.
  created $dff cell `$procdff$2633' with positive edge clock.
Creating register for signal `\sb16_f9_pipe.\pi10_13' using process `\sb16_f9_pipe.$proc$sb16_f9_pipe.v:841$47'.
  created $dff cell `$procdff$2634' with positive edge clock.
Creating register for signal `\sb16_f9_pipe.\pr10_14' using process `\sb16_f9_pipe.$proc$sb16_f9_pipe.v:841$47'.
  created $dff cell `$procdff$2635' with positive edge clock.
Creating register for signal `\sb16_f9_pipe.\pi10_14' using process `\sb16_f9_pipe.$proc$sb16_f9_pipe.v:841$47'.
  created $dff cell `$procdff$2636' with positive edge clock.
Creating register for signal `\sb16_f9_pipe.\pr10_15' using process `\sb16_f9_pipe.$proc$sb16_f9_pipe.v:841$47'.
  created $dff cell `$procdff$2637' with positive edge clock.
Creating register for signal `\sb16_f9_pipe.\pi10_15' using process `\sb16_f9_pipe.$proc$sb16_f9_pipe.v:841$47'.
  created $dff cell `$procdff$2638' with positive edge clock.
Creating register for signal `\sb16_f9_pipe.\pr11_0' using process `\sb16_f9_pipe.$proc$sb16_f9_pipe.v:841$47'.
  created $dff cell `$procdff$2639' with positive edge clock.
Creating register for signal `\sb16_f9_pipe.\pi11_0' using process `\sb16_f9_pipe.$proc$sb16_f9_pipe.v:841$47'.
  created $dff cell `$procdff$2640' with positive edge clock.
Creating register for signal `\sb16_f9_pipe.\pr11_1' using process `\sb16_f9_pipe.$proc$sb16_f9_pipe.v:841$47'.
  created $dff cell `$procdff$2641' with positive edge clock.
Creating register for signal `\sb16_f9_pipe.\pi11_1' using process `\sb16_f9_pipe.$proc$sb16_f9_pipe.v:841$47'.
  created $dff cell `$procdff$2642' with positive edge clock.
Creating register for signal `\sb16_f9_pipe.\pr11_2' using process `\sb16_f9_pipe.$proc$sb16_f9_pipe.v:841$47'.
  created $dff cell `$procdff$2643' with positive edge clock.
Creating register for signal `\sb16_f9_pipe.\pi11_2' using process `\sb16_f9_pipe.$proc$sb16_f9_pipe.v:841$47'.
  created $dff cell `$procdff$2644' with positive edge clock.
Creating register for signal `\sb16_f9_pipe.\pr11_3' using process `\sb16_f9_pipe.$proc$sb16_f9_pipe.v:841$47'.
  created $dff cell `$procdff$2645' with positive edge clock.
Creating register for signal `\sb16_f9_pipe.\pi11_3' using process `\sb16_f9_pipe.$proc$sb16_f9_pipe.v:841$47'.
  created $dff cell `$procdff$2646' with positive edge clock.
Creating register for signal `\sb16_f9_pipe.\pr11_4' using process `\sb16_f9_pipe.$proc$sb16_f9_pipe.v:841$47'.
  created $dff cell `$procdff$2647' with positive edge clock.
Creating register for signal `\sb16_f9_pipe.\pi11_4' using process `\sb16_f9_pipe.$proc$sb16_f9_pipe.v:841$47'.
  created $dff cell `$procdff$2648' with positive edge clock.
Creating register for signal `\sb16_f9_pipe.\pr11_5' using process `\sb16_f9_pipe.$proc$sb16_f9_pipe.v:841$47'.
  created $dff cell `$procdff$2649' with positive edge clock.
Creating register for signal `\sb16_f9_pipe.\pi11_5' using process `\sb16_f9_pipe.$proc$sb16_f9_pipe.v:841$47'.
  created $dff cell `$procdff$2650' with positive edge clock.
Creating register for signal `\sb16_f9_pipe.\pr11_6' using process `\sb16_f9_pipe.$proc$sb16_f9_pipe.v:841$47'.
  created $dff cell `$procdff$2651' with positive edge clock.
Creating register for signal `\sb16_f9_pipe.\pi11_6' using process `\sb16_f9_pipe.$proc$sb16_f9_pipe.v:841$47'.
  created $dff cell `$procdff$2652' with positive edge clock.
Creating register for signal `\sb16_f9_pipe.\pr11_7' using process `\sb16_f9_pipe.$proc$sb16_f9_pipe.v:841$47'.
  created $dff cell `$procdff$2653' with positive edge clock.
Creating register for signal `\sb16_f9_pipe.\pi11_7' using process `\sb16_f9_pipe.$proc$sb16_f9_pipe.v:841$47'.
  created $dff cell `$procdff$2654' with positive edge clock.
Creating register for signal `\sb16_f9_pipe.\pr11_8' using process `\sb16_f9_pipe.$proc$sb16_f9_pipe.v:841$47'.
  created $dff cell `$procdff$2655' with positive edge clock.
Creating register for signal `\sb16_f9_pipe.\pi11_8' using process `\sb16_f9_pipe.$proc$sb16_f9_pipe.v:841$47'.
  created $dff cell `$procdff$2656' with positive edge clock.
Creating register for signal `\sb16_f9_pipe.\pr11_9' using process `\sb16_f9_pipe.$proc$sb16_f9_pipe.v:841$47'.
  created $dff cell `$procdff$2657' with positive edge clock.
Creating register for signal `\sb16_f9_pipe.\pi11_9' using process `\sb16_f9_pipe.$proc$sb16_f9_pipe.v:841$47'.
  created $dff cell `$procdff$2658' with positive edge clock.
Creating register for signal `\sb16_f9_pipe.\pr11_10' using process `\sb16_f9_pipe.$proc$sb16_f9_pipe.v:841$47'.
  created $dff cell `$procdff$2659' with positive edge clock.
Creating register for signal `\sb16_f9_pipe.\pi11_10' using process `\sb16_f9_pipe.$proc$sb16_f9_pipe.v:841$47'.
  created $dff cell `$procdff$2660' with positive edge clock.
Creating register for signal `\sb16_f9_pipe.\pr11_11' using process `\sb16_f9_pipe.$proc$sb16_f9_pipe.v:841$47'.
  created $dff cell `$procdff$2661' with positive edge clock.
Creating register for signal `\sb16_f9_pipe.\pi11_11' using process `\sb16_f9_pipe.$proc$sb16_f9_pipe.v:841$47'.
  created $dff cell `$procdff$2662' with positive edge clock.
Creating register for signal `\sb16_f9_pipe.\pr11_12' using process `\sb16_f9_pipe.$proc$sb16_f9_pipe.v:841$47'.
  created $dff cell `$procdff$2663' with positive edge clock.
Creating register for signal `\sb16_f9_pipe.\pi11_12' using process `\sb16_f9_pipe.$proc$sb16_f9_pipe.v:841$47'.
  created $dff cell `$procdff$2664' with positive edge clock.
Creating register for signal `\sb16_f9_pipe.\pr11_13' using process `\sb16_f9_pipe.$proc$sb16_f9_pipe.v:841$47'.
  created $dff cell `$procdff$2665' with positive edge clock.
Creating register for signal `\sb16_f9_pipe.\pi11_13' using process `\sb16_f9_pipe.$proc$sb16_f9_pipe.v:841$47'.
  created $dff cell `$procdff$2666' with positive edge clock.
Creating register for signal `\sb16_f9_pipe.\pr11_14' using process `\sb16_f9_pipe.$proc$sb16_f9_pipe.v:841$47'.
  created $dff cell `$procdff$2667' with positive edge clock.
Creating register for signal `\sb16_f9_pipe.\pi11_14' using process `\sb16_f9_pipe.$proc$sb16_f9_pipe.v:841$47'.
  created $dff cell `$procdff$2668' with positive edge clock.
Creating register for signal `\sb16_f9_pipe.\pr11_15' using process `\sb16_f9_pipe.$proc$sb16_f9_pipe.v:841$47'.
  created $dff cell `$procdff$2669' with positive edge clock.
Creating register for signal `\sb16_f9_pipe.\pi11_15' using process `\sb16_f9_pipe.$proc$sb16_f9_pipe.v:841$47'.
  created $dff cell `$procdff$2670' with positive edge clock.
Creating register for signal `\sb16_f9_pipe.\pr12_0' using process `\sb16_f9_pipe.$proc$sb16_f9_pipe.v:841$47'.
  created $dff cell `$procdff$2671' with positive edge clock.
Creating register for signal `\sb16_f9_pipe.\pi12_0' using process `\sb16_f9_pipe.$proc$sb16_f9_pipe.v:841$47'.
  created $dff cell `$procdff$2672' with positive edge clock.
Creating register for signal `\sb16_f9_pipe.\pr12_1' using process `\sb16_f9_pipe.$proc$sb16_f9_pipe.v:841$47'.
  created $dff cell `$procdff$2673' with positive edge clock.
Creating register for signal `\sb16_f9_pipe.\pi12_1' using process `\sb16_f9_pipe.$proc$sb16_f9_pipe.v:841$47'.
  created $dff cell `$procdff$2674' with positive edge clock.
Creating register for signal `\sb16_f9_pipe.\pr12_2' using process `\sb16_f9_pipe.$proc$sb16_f9_pipe.v:841$47'.
  created $dff cell `$procdff$2675' with positive edge clock.
Creating register for signal `\sb16_f9_pipe.\pi12_2' using process `\sb16_f9_pipe.$proc$sb16_f9_pipe.v:841$47'.
  created $dff cell `$procdff$2676' with positive edge clock.
Creating register for signal `\sb16_f9_pipe.\pr12_3' using process `\sb16_f9_pipe.$proc$sb16_f9_pipe.v:841$47'.
  created $dff cell `$procdff$2677' with positive edge clock.
Creating register for signal `\sb16_f9_pipe.\pi12_3' using process `\sb16_f9_pipe.$proc$sb16_f9_pipe.v:841$47'.
  created $dff cell `$procdff$2678' with positive edge clock.
Creating register for signal `\sb16_f9_pipe.\pr12_4' using process `\sb16_f9_pipe.$proc$sb16_f9_pipe.v:841$47'.
  created $dff cell `$procdff$2679' with positive edge clock.
Creating register for signal `\sb16_f9_pipe.\pi12_4' using process `\sb16_f9_pipe.$proc$sb16_f9_pipe.v:841$47'.
  created $dff cell `$procdff$2680' with positive edge clock.
Creating register for signal `\sb16_f9_pipe.\pr12_5' using process `\sb16_f9_pipe.$proc$sb16_f9_pipe.v:841$47'.
  created $dff cell `$procdff$2681' with positive edge clock.
Creating register for signal `\sb16_f9_pipe.\pi12_5' using process `\sb16_f9_pipe.$proc$sb16_f9_pipe.v:841$47'.
  created $dff cell `$procdff$2682' with positive edge clock.
Creating register for signal `\sb16_f9_pipe.\pr12_6' using process `\sb16_f9_pipe.$proc$sb16_f9_pipe.v:841$47'.
  created $dff cell `$procdff$2683' with positive edge clock.
Creating register for signal `\sb16_f9_pipe.\pi12_6' using process `\sb16_f9_pipe.$proc$sb16_f9_pipe.v:841$47'.
  created $dff cell `$procdff$2684' with positive edge clock.
Creating register for signal `\sb16_f9_pipe.\pr12_7' using process `\sb16_f9_pipe.$proc$sb16_f9_pipe.v:841$47'.
  created $dff cell `$procdff$2685' with positive edge clock.
Creating register for signal `\sb16_f9_pipe.\pi12_7' using process `\sb16_f9_pipe.$proc$sb16_f9_pipe.v:841$47'.
  created $dff cell `$procdff$2686' with positive edge clock.
Creating register for signal `\sb16_f9_pipe.\pr12_8' using process `\sb16_f9_pipe.$proc$sb16_f9_pipe.v:841$47'.
  created $dff cell `$procdff$2687' with positive edge clock.
Creating register for signal `\sb16_f9_pipe.\pi12_8' using process `\sb16_f9_pipe.$proc$sb16_f9_pipe.v:841$47'.
  created $dff cell `$procdff$2688' with positive edge clock.
Creating register for signal `\sb16_f9_pipe.\pr12_9' using process `\sb16_f9_pipe.$proc$sb16_f9_pipe.v:841$47'.
  created $dff cell `$procdff$2689' with positive edge clock.
Creating register for signal `\sb16_f9_pipe.\pi12_9' using process `\sb16_f9_pipe.$proc$sb16_f9_pipe.v:841$47'.
  created $dff cell `$procdff$2690' with positive edge clock.
Creating register for signal `\sb16_f9_pipe.\pr12_10' using process `\sb16_f9_pipe.$proc$sb16_f9_pipe.v:841$47'.
  created $dff cell `$procdff$2691' with positive edge clock.
Creating register for signal `\sb16_f9_pipe.\pi12_10' using process `\sb16_f9_pipe.$proc$sb16_f9_pipe.v:841$47'.
  created $dff cell `$procdff$2692' with positive edge clock.
Creating register for signal `\sb16_f9_pipe.\pr12_11' using process `\sb16_f9_pipe.$proc$sb16_f9_pipe.v:841$47'.
  created $dff cell `$procdff$2693' with positive edge clock.
Creating register for signal `\sb16_f9_pipe.\pi12_11' using process `\sb16_f9_pipe.$proc$sb16_f9_pipe.v:841$47'.
  created $dff cell `$procdff$2694' with positive edge clock.
Creating register for signal `\sb16_f9_pipe.\pr12_12' using process `\sb16_f9_pipe.$proc$sb16_f9_pipe.v:841$47'.
  created $dff cell `$procdff$2695' with positive edge clock.
Creating register for signal `\sb16_f9_pipe.\pi12_12' using process `\sb16_f9_pipe.$proc$sb16_f9_pipe.v:841$47'.
  created $dff cell `$procdff$2696' with positive edge clock.
Creating register for signal `\sb16_f9_pipe.\pr12_13' using process `\sb16_f9_pipe.$proc$sb16_f9_pipe.v:841$47'.
  created $dff cell `$procdff$2697' with positive edge clock.
Creating register for signal `\sb16_f9_pipe.\pi12_13' using process `\sb16_f9_pipe.$proc$sb16_f9_pipe.v:841$47'.
  created $dff cell `$procdff$2698' with positive edge clock.
Creating register for signal `\sb16_f9_pipe.\pr12_14' using process `\sb16_f9_pipe.$proc$sb16_f9_pipe.v:841$47'.
  created $dff cell `$procdff$2699' with positive edge clock.
Creating register for signal `\sb16_f9_pipe.\pi12_14' using process `\sb16_f9_pipe.$proc$sb16_f9_pipe.v:841$47'.
  created $dff cell `$procdff$2700' with positive edge clock.
Creating register for signal `\sb16_f9_pipe.\pr12_15' using process `\sb16_f9_pipe.$proc$sb16_f9_pipe.v:841$47'.
  created $dff cell `$procdff$2701' with positive edge clock.
Creating register for signal `\sb16_f9_pipe.\pi12_15' using process `\sb16_f9_pipe.$proc$sb16_f9_pipe.v:841$47'.
  created $dff cell `$procdff$2702' with positive edge clock.
Creating register for signal `\sb16_f9_pipe.\pr13_0' using process `\sb16_f9_pipe.$proc$sb16_f9_pipe.v:841$47'.
  created $dff cell `$procdff$2703' with positive edge clock.
Creating register for signal `\sb16_f9_pipe.\pi13_0' using process `\sb16_f9_pipe.$proc$sb16_f9_pipe.v:841$47'.
  created $dff cell `$procdff$2704' with positive edge clock.
Creating register for signal `\sb16_f9_pipe.\pr13_1' using process `\sb16_f9_pipe.$proc$sb16_f9_pipe.v:841$47'.
  created $dff cell `$procdff$2705' with positive edge clock.
Creating register for signal `\sb16_f9_pipe.\pi13_1' using process `\sb16_f9_pipe.$proc$sb16_f9_pipe.v:841$47'.
  created $dff cell `$procdff$2706' with positive edge clock.
Creating register for signal `\sb16_f9_pipe.\pr13_2' using process `\sb16_f9_pipe.$proc$sb16_f9_pipe.v:841$47'.
  created $dff cell `$procdff$2707' with positive edge clock.
Creating register for signal `\sb16_f9_pipe.\pi13_2' using process `\sb16_f9_pipe.$proc$sb16_f9_pipe.v:841$47'.
  created $dff cell `$procdff$2708' with positive edge clock.
Creating register for signal `\sb16_f9_pipe.\pr13_3' using process `\sb16_f9_pipe.$proc$sb16_f9_pipe.v:841$47'.
  created $dff cell `$procdff$2709' with positive edge clock.
Creating register for signal `\sb16_f9_pipe.\pi13_3' using process `\sb16_f9_pipe.$proc$sb16_f9_pipe.v:841$47'.
  created $dff cell `$procdff$2710' with positive edge clock.
Creating register for signal `\sb16_f9_pipe.\pr13_4' using process `\sb16_f9_pipe.$proc$sb16_f9_pipe.v:841$47'.
  created $dff cell `$procdff$2711' with positive edge clock.
Creating register for signal `\sb16_f9_pipe.\pi13_4' using process `\sb16_f9_pipe.$proc$sb16_f9_pipe.v:841$47'.
  created $dff cell `$procdff$2712' with positive edge clock.
Creating register for signal `\sb16_f9_pipe.\pr13_5' using process `\sb16_f9_pipe.$proc$sb16_f9_pipe.v:841$47'.
  created $dff cell `$procdff$2713' with positive edge clock.
Creating register for signal `\sb16_f9_pipe.\pi13_5' using process `\sb16_f9_pipe.$proc$sb16_f9_pipe.v:841$47'.
  created $dff cell `$procdff$2714' with positive edge clock.
Creating register for signal `\sb16_f9_pipe.\pr13_6' using process `\sb16_f9_pipe.$proc$sb16_f9_pipe.v:841$47'.
  created $dff cell `$procdff$2715' with positive edge clock.
Creating register for signal `\sb16_f9_pipe.\pi13_6' using process `\sb16_f9_pipe.$proc$sb16_f9_pipe.v:841$47'.
  created $dff cell `$procdff$2716' with positive edge clock.
Creating register for signal `\sb16_f9_pipe.\pr13_7' using process `\sb16_f9_pipe.$proc$sb16_f9_pipe.v:841$47'.
  created $dff cell `$procdff$2717' with positive edge clock.
Creating register for signal `\sb16_f9_pipe.\pi13_7' using process `\sb16_f9_pipe.$proc$sb16_f9_pipe.v:841$47'.
  created $dff cell `$procdff$2718' with positive edge clock.
Creating register for signal `\sb16_f9_pipe.\pr13_8' using process `\sb16_f9_pipe.$proc$sb16_f9_pipe.v:841$47'.
  created $dff cell `$procdff$2719' with positive edge clock.
Creating register for signal `\sb16_f9_pipe.\pi13_8' using process `\sb16_f9_pipe.$proc$sb16_f9_pipe.v:841$47'.
  created $dff cell `$procdff$2720' with positive edge clock.
Creating register for signal `\sb16_f9_pipe.\pr13_9' using process `\sb16_f9_pipe.$proc$sb16_f9_pipe.v:841$47'.
  created $dff cell `$procdff$2721' with positive edge clock.
Creating register for signal `\sb16_f9_pipe.\pi13_9' using process `\sb16_f9_pipe.$proc$sb16_f9_pipe.v:841$47'.
  created $dff cell `$procdff$2722' with positive edge clock.
Creating register for signal `\sb16_f9_pipe.\pr13_10' using process `\sb16_f9_pipe.$proc$sb16_f9_pipe.v:841$47'.
  created $dff cell `$procdff$2723' with positive edge clock.
Creating register for signal `\sb16_f9_pipe.\pi13_10' using process `\sb16_f9_pipe.$proc$sb16_f9_pipe.v:841$47'.
  created $dff cell `$procdff$2724' with positive edge clock.
Creating register for signal `\sb16_f9_pipe.\pr13_11' using process `\sb16_f9_pipe.$proc$sb16_f9_pipe.v:841$47'.
  created $dff cell `$procdff$2725' with positive edge clock.
Creating register for signal `\sb16_f9_pipe.\pi13_11' using process `\sb16_f9_pipe.$proc$sb16_f9_pipe.v:841$47'.
  created $dff cell `$procdff$2726' with positive edge clock.
Creating register for signal `\sb16_f9_pipe.\pr13_12' using process `\sb16_f9_pipe.$proc$sb16_f9_pipe.v:841$47'.
  created $dff cell `$procdff$2727' with positive edge clock.
Creating register for signal `\sb16_f9_pipe.\pi13_12' using process `\sb16_f9_pipe.$proc$sb16_f9_pipe.v:841$47'.
  created $dff cell `$procdff$2728' with positive edge clock.
Creating register for signal `\sb16_f9_pipe.\pr13_13' using process `\sb16_f9_pipe.$proc$sb16_f9_pipe.v:841$47'.
  created $dff cell `$procdff$2729' with positive edge clock.
Creating register for signal `\sb16_f9_pipe.\pi13_13' using process `\sb16_f9_pipe.$proc$sb16_f9_pipe.v:841$47'.
  created $dff cell `$procdff$2730' with positive edge clock.
Creating register for signal `\sb16_f9_pipe.\pr13_14' using process `\sb16_f9_pipe.$proc$sb16_f9_pipe.v:841$47'.
  created $dff cell `$procdff$2731' with positive edge clock.
Creating register for signal `\sb16_f9_pipe.\pi13_14' using process `\sb16_f9_pipe.$proc$sb16_f9_pipe.v:841$47'.
  created $dff cell `$procdff$2732' with positive edge clock.
Creating register for signal `\sb16_f9_pipe.\pr13_15' using process `\sb16_f9_pipe.$proc$sb16_f9_pipe.v:841$47'.
  created $dff cell `$procdff$2733' with positive edge clock.
Creating register for signal `\sb16_f9_pipe.\pi13_15' using process `\sb16_f9_pipe.$proc$sb16_f9_pipe.v:841$47'.
  created $dff cell `$procdff$2734' with positive edge clock.
Creating register for signal `\sb16_f9_pipe.\pr14_0' using process `\sb16_f9_pipe.$proc$sb16_f9_pipe.v:841$47'.
  created $dff cell `$procdff$2735' with positive edge clock.
Creating register for signal `\sb16_f9_pipe.\pi14_0' using process `\sb16_f9_pipe.$proc$sb16_f9_pipe.v:841$47'.
  created $dff cell `$procdff$2736' with positive edge clock.
Creating register for signal `\sb16_f9_pipe.\pr14_1' using process `\sb16_f9_pipe.$proc$sb16_f9_pipe.v:841$47'.
  created $dff cell `$procdff$2737' with positive edge clock.
Creating register for signal `\sb16_f9_pipe.\pi14_1' using process `\sb16_f9_pipe.$proc$sb16_f9_pipe.v:841$47'.
  created $dff cell `$procdff$2738' with positive edge clock.
Creating register for signal `\sb16_f9_pipe.\pr14_2' using process `\sb16_f9_pipe.$proc$sb16_f9_pipe.v:841$47'.
  created $dff cell `$procdff$2739' with positive edge clock.
Creating register for signal `\sb16_f9_pipe.\pi14_2' using process `\sb16_f9_pipe.$proc$sb16_f9_pipe.v:841$47'.
  created $dff cell `$procdff$2740' with positive edge clock.
Creating register for signal `\sb16_f9_pipe.\pr14_3' using process `\sb16_f9_pipe.$proc$sb16_f9_pipe.v:841$47'.
  created $dff cell `$procdff$2741' with positive edge clock.
Creating register for signal `\sb16_f9_pipe.\pi14_3' using process `\sb16_f9_pipe.$proc$sb16_f9_pipe.v:841$47'.
  created $dff cell `$procdff$2742' with positive edge clock.
Creating register for signal `\sb16_f9_pipe.\pr14_4' using process `\sb16_f9_pipe.$proc$sb16_f9_pipe.v:841$47'.
  created $dff cell `$procdff$2743' with positive edge clock.
Creating register for signal `\sb16_f9_pipe.\pi14_4' using process `\sb16_f9_pipe.$proc$sb16_f9_pipe.v:841$47'.
  created $dff cell `$procdff$2744' with positive edge clock.
Creating register for signal `\sb16_f9_pipe.\pr14_5' using process `\sb16_f9_pipe.$proc$sb16_f9_pipe.v:841$47'.
  created $dff cell `$procdff$2745' with positive edge clock.
Creating register for signal `\sb16_f9_pipe.\pi14_5' using process `\sb16_f9_pipe.$proc$sb16_f9_pipe.v:841$47'.
  created $dff cell `$procdff$2746' with positive edge clock.
Creating register for signal `\sb16_f9_pipe.\pr14_6' using process `\sb16_f9_pipe.$proc$sb16_f9_pipe.v:841$47'.
  created $dff cell `$procdff$2747' with positive edge clock.
Creating register for signal `\sb16_f9_pipe.\pi14_6' using process `\sb16_f9_pipe.$proc$sb16_f9_pipe.v:841$47'.
  created $dff cell `$procdff$2748' with positive edge clock.
Creating register for signal `\sb16_f9_pipe.\pr14_7' using process `\sb16_f9_pipe.$proc$sb16_f9_pipe.v:841$47'.
  created $dff cell `$procdff$2749' with positive edge clock.
Creating register for signal `\sb16_f9_pipe.\pi14_7' using process `\sb16_f9_pipe.$proc$sb16_f9_pipe.v:841$47'.
  created $dff cell `$procdff$2750' with positive edge clock.
Creating register for signal `\sb16_f9_pipe.\pr14_8' using process `\sb16_f9_pipe.$proc$sb16_f9_pipe.v:841$47'.
  created $dff cell `$procdff$2751' with positive edge clock.
Creating register for signal `\sb16_f9_pipe.\pi14_8' using process `\sb16_f9_pipe.$proc$sb16_f9_pipe.v:841$47'.
  created $dff cell `$procdff$2752' with positive edge clock.
Creating register for signal `\sb16_f9_pipe.\pr14_9' using process `\sb16_f9_pipe.$proc$sb16_f9_pipe.v:841$47'.
  created $dff cell `$procdff$2753' with positive edge clock.
Creating register for signal `\sb16_f9_pipe.\pi14_9' using process `\sb16_f9_pipe.$proc$sb16_f9_pipe.v:841$47'.
  created $dff cell `$procdff$2754' with positive edge clock.
Creating register for signal `\sb16_f9_pipe.\pr14_10' using process `\sb16_f9_pipe.$proc$sb16_f9_pipe.v:841$47'.
  created $dff cell `$procdff$2755' with positive edge clock.
Creating register for signal `\sb16_f9_pipe.\pi14_10' using process `\sb16_f9_pipe.$proc$sb16_f9_pipe.v:841$47'.
  created $dff cell `$procdff$2756' with positive edge clock.
Creating register for signal `\sb16_f9_pipe.\pr14_11' using process `\sb16_f9_pipe.$proc$sb16_f9_pipe.v:841$47'.
  created $dff cell `$procdff$2757' with positive edge clock.
Creating register for signal `\sb16_f9_pipe.\pi14_11' using process `\sb16_f9_pipe.$proc$sb16_f9_pipe.v:841$47'.
  created $dff cell `$procdff$2758' with positive edge clock.
Creating register for signal `\sb16_f9_pipe.\pr14_12' using process `\sb16_f9_pipe.$proc$sb16_f9_pipe.v:841$47'.
  created $dff cell `$procdff$2759' with positive edge clock.
Creating register for signal `\sb16_f9_pipe.\pi14_12' using process `\sb16_f9_pipe.$proc$sb16_f9_pipe.v:841$47'.
  created $dff cell `$procdff$2760' with positive edge clock.
Creating register for signal `\sb16_f9_pipe.\pr14_13' using process `\sb16_f9_pipe.$proc$sb16_f9_pipe.v:841$47'.
  created $dff cell `$procdff$2761' with positive edge clock.
Creating register for signal `\sb16_f9_pipe.\pi14_13' using process `\sb16_f9_pipe.$proc$sb16_f9_pipe.v:841$47'.
  created $dff cell `$procdff$2762' with positive edge clock.
Creating register for signal `\sb16_f9_pipe.\pr14_14' using process `\sb16_f9_pipe.$proc$sb16_f9_pipe.v:841$47'.
  created $dff cell `$procdff$2763' with positive edge clock.
Creating register for signal `\sb16_f9_pipe.\pi14_14' using process `\sb16_f9_pipe.$proc$sb16_f9_pipe.v:841$47'.
  created $dff cell `$procdff$2764' with positive edge clock.
Creating register for signal `\sb16_f9_pipe.\pr14_15' using process `\sb16_f9_pipe.$proc$sb16_f9_pipe.v:841$47'.
  created $dff cell `$procdff$2765' with positive edge clock.
Creating register for signal `\sb16_f9_pipe.\pi14_15' using process `\sb16_f9_pipe.$proc$sb16_f9_pipe.v:841$47'.
  created $dff cell `$procdff$2766' with positive edge clock.
Creating register for signal `\sb16_f9_pipe.\pr15_0' using process `\sb16_f9_pipe.$proc$sb16_f9_pipe.v:841$47'.
  created $dff cell `$procdff$2767' with positive edge clock.
Creating register for signal `\sb16_f9_pipe.\pi15_0' using process `\sb16_f9_pipe.$proc$sb16_f9_pipe.v:841$47'.
  created $dff cell `$procdff$2768' with positive edge clock.
Creating register for signal `\sb16_f9_pipe.\pr15_1' using process `\sb16_f9_pipe.$proc$sb16_f9_pipe.v:841$47'.
  created $dff cell `$procdff$2769' with positive edge clock.
Creating register for signal `\sb16_f9_pipe.\pi15_1' using process `\sb16_f9_pipe.$proc$sb16_f9_pipe.v:841$47'.
  created $dff cell `$procdff$2770' with positive edge clock.
Creating register for signal `\sb16_f9_pipe.\pr15_2' using process `\sb16_f9_pipe.$proc$sb16_f9_pipe.v:841$47'.
  created $dff cell `$procdff$2771' with positive edge clock.
Creating register for signal `\sb16_f9_pipe.\pi15_2' using process `\sb16_f9_pipe.$proc$sb16_f9_pipe.v:841$47'.
  created $dff cell `$procdff$2772' with positive edge clock.
Creating register for signal `\sb16_f9_pipe.\pr15_3' using process `\sb16_f9_pipe.$proc$sb16_f9_pipe.v:841$47'.
  created $dff cell `$procdff$2773' with positive edge clock.
Creating register for signal `\sb16_f9_pipe.\pi15_3' using process `\sb16_f9_pipe.$proc$sb16_f9_pipe.v:841$47'.
  created $dff cell `$procdff$2774' with positive edge clock.
Creating register for signal `\sb16_f9_pipe.\pr15_4' using process `\sb16_f9_pipe.$proc$sb16_f9_pipe.v:841$47'.
  created $dff cell `$procdff$2775' with positive edge clock.
Creating register for signal `\sb16_f9_pipe.\pi15_4' using process `\sb16_f9_pipe.$proc$sb16_f9_pipe.v:841$47'.
  created $dff cell `$procdff$2776' with positive edge clock.
Creating register for signal `\sb16_f9_pipe.\pr15_5' using process `\sb16_f9_pipe.$proc$sb16_f9_pipe.v:841$47'.
  created $dff cell `$procdff$2777' with positive edge clock.
Creating register for signal `\sb16_f9_pipe.\pi15_5' using process `\sb16_f9_pipe.$proc$sb16_f9_pipe.v:841$47'.
  created $dff cell `$procdff$2778' with positive edge clock.
Creating register for signal `\sb16_f9_pipe.\pr15_6' using process `\sb16_f9_pipe.$proc$sb16_f9_pipe.v:841$47'.
  created $dff cell `$procdff$2779' with positive edge clock.
Creating register for signal `\sb16_f9_pipe.\pi15_6' using process `\sb16_f9_pipe.$proc$sb16_f9_pipe.v:841$47'.
  created $dff cell `$procdff$2780' with positive edge clock.
Creating register for signal `\sb16_f9_pipe.\pr15_7' using process `\sb16_f9_pipe.$proc$sb16_f9_pipe.v:841$47'.
  created $dff cell `$procdff$2781' with positive edge clock.
Creating register for signal `\sb16_f9_pipe.\pi15_7' using process `\sb16_f9_pipe.$proc$sb16_f9_pipe.v:841$47'.
  created $dff cell `$procdff$2782' with positive edge clock.
Creating register for signal `\sb16_f9_pipe.\pr15_8' using process `\sb16_f9_pipe.$proc$sb16_f9_pipe.v:841$47'.
  created $dff cell `$procdff$2783' with positive edge clock.
Creating register for signal `\sb16_f9_pipe.\pi15_8' using process `\sb16_f9_pipe.$proc$sb16_f9_pipe.v:841$47'.
  created $dff cell `$procdff$2784' with positive edge clock.
Creating register for signal `\sb16_f9_pipe.\pr15_9' using process `\sb16_f9_pipe.$proc$sb16_f9_pipe.v:841$47'.
  created $dff cell `$procdff$2785' with positive edge clock.
Creating register for signal `\sb16_f9_pipe.\pi15_9' using process `\sb16_f9_pipe.$proc$sb16_f9_pipe.v:841$47'.
  created $dff cell `$procdff$2786' with positive edge clock.
Creating register for signal `\sb16_f9_pipe.\pr15_10' using process `\sb16_f9_pipe.$proc$sb16_f9_pipe.v:841$47'.
  created $dff cell `$procdff$2787' with positive edge clock.
Creating register for signal `\sb16_f9_pipe.\pi15_10' using process `\sb16_f9_pipe.$proc$sb16_f9_pipe.v:841$47'.
  created $dff cell `$procdff$2788' with positive edge clock.
Creating register for signal `\sb16_f9_pipe.\pr15_11' using process `\sb16_f9_pipe.$proc$sb16_f9_pipe.v:841$47'.
  created $dff cell `$procdff$2789' with positive edge clock.
Creating register for signal `\sb16_f9_pipe.\pi15_11' using process `\sb16_f9_pipe.$proc$sb16_f9_pipe.v:841$47'.
  created $dff cell `$procdff$2790' with positive edge clock.
Creating register for signal `\sb16_f9_pipe.\pr15_12' using process `\sb16_f9_pipe.$proc$sb16_f9_pipe.v:841$47'.
  created $dff cell `$procdff$2791' with positive edge clock.
Creating register for signal `\sb16_f9_pipe.\pi15_12' using process `\sb16_f9_pipe.$proc$sb16_f9_pipe.v:841$47'.
  created $dff cell `$procdff$2792' with positive edge clock.
Creating register for signal `\sb16_f9_pipe.\pr15_13' using process `\sb16_f9_pipe.$proc$sb16_f9_pipe.v:841$47'.
  created $dff cell `$procdff$2793' with positive edge clock.
Creating register for signal `\sb16_f9_pipe.\pi15_13' using process `\sb16_f9_pipe.$proc$sb16_f9_pipe.v:841$47'.
  created $dff cell `$procdff$2794' with positive edge clock.
Creating register for signal `\sb16_f9_pipe.\pr15_14' using process `\sb16_f9_pipe.$proc$sb16_f9_pipe.v:841$47'.
  created $dff cell `$procdff$2795' with positive edge clock.
Creating register for signal `\sb16_f9_pipe.\pi15_14' using process `\sb16_f9_pipe.$proc$sb16_f9_pipe.v:841$47'.
  created $dff cell `$procdff$2796' with positive edge clock.
Creating register for signal `\sb16_f9_pipe.\pr15_15' using process `\sb16_f9_pipe.$proc$sb16_f9_pipe.v:841$47'.
  created $dff cell `$procdff$2797' with positive edge clock.
Creating register for signal `\sb16_f9_pipe.\pi15_15' using process `\sb16_f9_pipe.$proc$sb16_f9_pipe.v:841$47'.
  created $dff cell `$procdff$2798' with positive edge clock.
Creating register for signal `\ub_complex_31_pipe4.\cr' using process `\ub_complex_31_pipe4.$proc$ub_complex_31_pipe4.v:461$31'.
  created $dff cell `$procdff$2799' with positive edge clock.
Creating register for signal `\ub_complex_31_pipe4.\ci' using process `\ub_complex_31_pipe4.$proc$ub_complex_31_pipe4.v:461$31'.
  created $dff cell `$procdff$2800' with positive edge clock.
Creating register for signal `\ub_complex_31_pipe4.\valid_out' using process `\ub_complex_31_pipe4.$proc$ub_complex_31_pipe4.v:461$31'.
  created $dff cell `$procdff$2801' with positive edge clock.
Creating register for signal `\ub_complex_31_pipe4.\P1r_2' using process `\ub_complex_31_pipe4.$proc$ub_complex_31_pipe4.v:112$30'.
  created $dff cell `$procdff$2802' with positive edge clock.
Creating register for signal `\ub_complex_31_pipe4.\P1i_2' using process `\ub_complex_31_pipe4.$proc$ub_complex_31_pipe4.v:112$30'.
  created $dff cell `$procdff$2803' with positive edge clock.
Creating register for signal `\ub_complex_31_pipe4.\P2r_2' using process `\ub_complex_31_pipe4.$proc$ub_complex_31_pipe4.v:112$30'.
  created $dff cell `$procdff$2804' with positive edge clock.
Creating register for signal `\ub_complex_31_pipe4.\P2i_2' using process `\ub_complex_31_pipe4.$proc$ub_complex_31_pipe4.v:112$30'.
  created $dff cell `$procdff$2805' with positive edge clock.
Creating register for signal `\ub_complex_31_pipe4.\P3r_2' using process `\ub_complex_31_pipe4.$proc$ub_complex_31_pipe4.v:112$30'.
  created $dff cell `$procdff$2806' with positive edge clock.
Creating register for signal `\ub_complex_31_pipe4.\P3i_2' using process `\ub_complex_31_pipe4.$proc$ub_complex_31_pipe4.v:112$30'.
  created $dff cell `$procdff$2807' with positive edge clock.
Creating register for signal `\ub_complex_31_pipe4.\v2' using process `\ub_complex_31_pipe4.$proc$ub_complex_31_pipe4.v:112$30'.
  created $dff cell `$procdff$2808' with positive edge clock.
Creating register for signal `\ub_complex_31_pipe4.\vsb' using process `\ub_complex_31_pipe4.$proc$ub_complex_31_pipe4.v:108$29'.
  created $dff cell `$procdff$2809' with positive edge clock.
Creating register for signal `\ub_complex_31_pipe4.\SAr_1' using process `\ub_complex_31_pipe4.$proc$ub_complex_31_pipe4.v:86$28'.
  created $dff cell `$procdff$2810' with positive edge clock.
Creating register for signal `\ub_complex_31_pipe4.\SBr_1' using process `\ub_complex_31_pipe4.$proc$ub_complex_31_pipe4.v:86$28'.
  created $dff cell `$procdff$2811' with positive edge clock.
Creating register for signal `\ub_complex_31_pipe4.\A0r_1' using process `\ub_complex_31_pipe4.$proc$ub_complex_31_pipe4.v:86$28'.
  created $dff cell `$procdff$2812' with positive edge clock.
Creating register for signal `\ub_complex_31_pipe4.\B0r_1' using process `\ub_complex_31_pipe4.$proc$ub_complex_31_pipe4.v:86$28'.
  created $dff cell `$procdff$2813' with positive edge clock.
Creating register for signal `\ub_complex_31_pipe4.\A1r_1' using process `\ub_complex_31_pipe4.$proc$ub_complex_31_pipe4.v:86$28'.
  created $dff cell `$procdff$2814' with positive edge clock.
Creating register for signal `\ub_complex_31_pipe4.\B1r_1' using process `\ub_complex_31_pipe4.$proc$ub_complex_31_pipe4.v:86$28'.
  created $dff cell `$procdff$2815' with positive edge clock.
Creating register for signal `\ub_complex_31_pipe4.\SAi_1' using process `\ub_complex_31_pipe4.$proc$ub_complex_31_pipe4.v:86$28'.
  created $dff cell `$procdff$2816' with positive edge clock.
Creating register for signal `\ub_complex_31_pipe4.\SBi_1' using process `\ub_complex_31_pipe4.$proc$ub_complex_31_pipe4.v:86$28'.
  created $dff cell `$procdff$2817' with positive edge clock.
Creating register for signal `\ub_complex_31_pipe4.\A0i_1' using process `\ub_complex_31_pipe4.$proc$ub_complex_31_pipe4.v:86$28'.
  created $dff cell `$procdff$2818' with positive edge clock.
Creating register for signal `\ub_complex_31_pipe4.\B0i_1' using process `\ub_complex_31_pipe4.$proc$ub_complex_31_pipe4.v:86$28'.
  created $dff cell `$procdff$2819' with positive edge clock.
Creating register for signal `\ub_complex_31_pipe4.\A1i_1' using process `\ub_complex_31_pipe4.$proc$ub_complex_31_pipe4.v:86$28'.
  created $dff cell `$procdff$2820' with positive edge clock.
Creating register for signal `\ub_complex_31_pipe4.\B1i_1' using process `\ub_complex_31_pipe4.$proc$ub_complex_31_pipe4.v:86$28'.
  created $dff cell `$procdff$2821' with positive edge clock.
Creating register for signal `\ub_complex_31_pipe4.\v1' using process `\ub_complex_31_pipe4.$proc$ub_complex_31_pipe4.v:86$28'.
  created $dff cell `$procdff$2822' with positive edge clock.
Creating register for signal `\ue_v12_complex_pipe.\done' using process `\ue_v12_complex_pipe.$proc$ue_v12_complex_pipe_0610.v:2303$21'.
  created $dff cell `$procdff$2823' with positive edge clock.
Creating register for signal `\ue_v12_complex_pipe.\cycle_count' using process `\ue_v12_complex_pipe.$proc$ue_v12_complex_pipe_0610.v:2303$21'.
  created $dff cell `$procdff$2824' with positive edge clock.
Creating register for signal `\ue_v12_complex_pipe.\job_idx' using process `\ue_v12_complex_pipe.$proc$ue_v12_complex_pipe_0610.v:2303$21'.
  created $dff cell `$procdff$2825' with positive edge clock.
Creating register for signal `\ue_v12_complex_pipe.\eng_vin' using process `\ue_v12_complex_pipe.$proc$ue_v12_complex_pipe_0610.v:2303$21'.
  created $dff cell `$procdff$2826' with positive edge clock.
Creating register for signal `\ue_v12_complex_pipe.\p0r_reg' using process `\ue_v12_complex_pipe.$proc$ue_v12_complex_pipe_0610.v:2303$21'.
  created $dff cell `$procdff$2827' with positive edge clock.
Creating register for signal `\ue_v12_complex_pipe.\p0i_reg' using process `\ue_v12_complex_pipe.$proc$ue_v12_complex_pipe_0610.v:2303$21'.
  created $dff cell `$procdff$2828' with positive edge clock.
Creating register for signal `\ue_v12_complex_pipe.\p1r_reg' using process `\ue_v12_complex_pipe.$proc$ue_v12_complex_pipe_0610.v:2303$21'.
  created $dff cell `$procdff$2829' with positive edge clock.
Creating register for signal `\ue_v12_complex_pipe.\p1i_reg' using process `\ue_v12_complex_pipe.$proc$ue_v12_complex_pipe_0610.v:2303$21'.
  created $dff cell `$procdff$2830' with positive edge clock.
Creating register for signal `\ue_v12_complex_pipe.\p2r_reg' using process `\ue_v12_complex_pipe.$proc$ue_v12_complex_pipe_0610.v:2303$21'.
  created $dff cell `$procdff$2831' with positive edge clock.
Creating register for signal `\ue_v12_complex_pipe.\p2i_reg' using process `\ue_v12_complex_pipe.$proc$ue_v12_complex_pipe_0610.v:2303$21'.
  created $dff cell `$procdff$2832' with positive edge clock.
Creating register for signal `\ue_v12_complex_pipe.\p3r_reg' using process `\ue_v12_complex_pipe.$proc$ue_v12_complex_pipe_0610.v:2303$21'.
  created $dff cell `$procdff$2833' with positive edge clock.
Creating register for signal `\ue_v12_complex_pipe.\p3i_reg' using process `\ue_v12_complex_pipe.$proc$ue_v12_complex_pipe_0610.v:2303$21'.
  created $dff cell `$procdff$2834' with positive edge clock.
Creating register for signal `\ue_v12_complex_pipe.\p4r_reg' using process `\ue_v12_complex_pipe.$proc$ue_v12_complex_pipe_0610.v:2303$21'.
  created $dff cell `$procdff$2835' with positive edge clock.
Creating register for signal `\ue_v12_complex_pipe.\p4i_reg' using process `\ue_v12_complex_pipe.$proc$ue_v12_complex_pipe_0610.v:2303$21'.
  created $dff cell `$procdff$2836' with positive edge clock.
Creating register for signal `\ue_v12_complex_pipe.\p5r_reg' using process `\ue_v12_complex_pipe.$proc$ue_v12_complex_pipe_0610.v:2303$21'.
  created $dff cell `$procdff$2837' with positive edge clock.
Creating register for signal `\ue_v12_complex_pipe.\p5i_reg' using process `\ue_v12_complex_pipe.$proc$ue_v12_complex_pipe_0610.v:2303$21'.
  created $dff cell `$procdff$2838' with positive edge clock.
Creating register for signal `\ue_v12_complex_pipe.\p6r_reg' using process `\ue_v12_complex_pipe.$proc$ue_v12_complex_pipe_0610.v:2303$21'.
  created $dff cell `$procdff$2839' with positive edge clock.
Creating register for signal `\ue_v12_complex_pipe.\p6i_reg' using process `\ue_v12_complex_pipe.$proc$ue_v12_complex_pipe_0610.v:2303$21'.
  created $dff cell `$procdff$2840' with positive edge clock.
Creating register for signal `\ue_v12_complex_pipe.\p7r_reg' using process `\ue_v12_complex_pipe.$proc$ue_v12_complex_pipe_0610.v:2303$21'.
  created $dff cell `$procdff$2841' with positive edge clock.
Creating register for signal `\ue_v12_complex_pipe.\p7i_reg' using process `\ue_v12_complex_pipe.$proc$ue_v12_complex_pipe_0610.v:2303$21'.
  created $dff cell `$procdff$2842' with positive edge clock.
Creating register for signal `\ue_v12_complex_pipe.\p8r_reg' using process `\ue_v12_complex_pipe.$proc$ue_v12_complex_pipe_0610.v:2303$21'.
  created $dff cell `$procdff$2843' with positive edge clock.
Creating register for signal `\ue_v12_complex_pipe.\p8i_reg' using process `\ue_v12_complex_pipe.$proc$ue_v12_complex_pipe_0610.v:2303$21'.
  created $dff cell `$procdff$2844' with positive edge clock.
Creating register for signal `\ue_v12_complex_pipe.\out_idx' using process `\ue_v12_complex_pipe.$proc$ue_v12_complex_pipe_0610.v:2303$21'.
  created $dff cell `$procdff$2845' with positive edge clock.
Creating register for signal `\ue_v12_complex_pipe.\state' using process `\ue_v12_complex_pipe.$proc$ue_v12_complex_pipe_0610.v:2303$21'.
  created $dff cell `$procdff$2846' with positive edge clock.
Creating register for signal `\ue_v12_complex_pipe.\rx_ar' using process `\ue_v12_complex_pipe.$proc$ue_v12_complex_pipe_0610.v:2282$20'.
  created $dff cell `$procdff$2847' with positive edge clock.
Creating register for signal `\ue_v12_complex_pipe.\rx_ai' using process `\ue_v12_complex_pipe.$proc$ue_v12_complex_pipe_0610.v:2282$20'.
  created $dff cell `$procdff$2848' with positive edge clock.
Creating register for signal `\ue_v12_complex_pipe.\rx_br' using process `\ue_v12_complex_pipe.$proc$ue_v12_complex_pipe_0610.v:2282$20'.
  created $dff cell `$procdff$2849' with positive edge clock.
Creating register for signal `\ue_v12_complex_pipe.\rx_bi' using process `\ue_v12_complex_pipe.$proc$ue_v12_complex_pipe_0610.v:2282$20'.
  created $dff cell `$procdff$2850' with positive edge clock.
Creating register for signal `\ue_v12_complex_pipe.\rx_vin' using process `\ue_v12_complex_pipe.$proc$ue_v12_complex_pipe_0610.v:2282$20'.
  created $dff cell `$procdff$2851' with positive edge clock.
Creating register for signal `\ue_v14_real_1engine.\cycle_count' using process `\ue_v14_real_1engine.$proc$ue_v14_real_1engine_0610.v:9225$11'.
  created $dff cell `$procdff$2852' with positive edge clock.
Creating register for signal `\ue_v14_real_1engine.\counting' using process `\ue_v14_real_1engine.$proc$ue_v14_real_1engine_0610.v:9225$11'.
  created $dff cell `$procdff$2853' with positive edge clock.
Creating register for signal `\ue_v14_real_1engine.\mjob' using process `\ue_v14_real_1engine.$proc$ue_v14_real_1engine_0610.v:9194$4'.
  created $dff cell `$procdff$2854' with positive edge clock.
Creating register for signal `\ue_v14_real_1engine.\mstart' using process `\ue_v14_real_1engine.$proc$ue_v14_real_1engine_0610.v:9194$4'.
  created $dff cell `$procdff$2855' with positive edge clock.
Creating register for signal `\ue_v14_real_1engine.\mtr_rst' using process `\ue_v14_real_1engine.$proc$ue_v14_real_1engine_0610.v:9194$4'.
  created $dff cell `$procdff$2856' with positive edge clock.
Creating register for signal `\ue_v14_real_1engine.\mrst_cnt' using process `\ue_v14_real_1engine.$proc$ue_v14_real_1engine_0610.v:9194$4'.
  created $dff cell `$procdff$2857' with positive edge clock.
Creating register for signal `\ue_v14_real_1engine.\p0r' using process `\ue_v14_real_1engine.$proc$ue_v14_real_1engine_0610.v:9194$4'.
  created $dff cell `$procdff$2858' with positive edge clock.
Creating register for signal `\ue_v14_real_1engine.\p1r' using process `\ue_v14_real_1engine.$proc$ue_v14_real_1engine_0610.v:9194$4'.
  created $dff cell `$procdff$2859' with positive edge clock.
Creating register for signal `\ue_v14_real_1engine.\p2r' using process `\ue_v14_real_1engine.$proc$ue_v14_real_1engine_0610.v:9194$4'.
  created $dff cell `$procdff$2860' with positive edge clock.
Creating register for signal `\ue_v14_real_1engine.\p2i' using process `\ue_v14_real_1engine.$proc$ue_v14_real_1engine_0610.v:9194$4'.
  created $dff cell `$procdff$2861' with positive edge clock.
Creating register for signal `\ue_v14_real_1engine.\p4r' using process `\ue_v14_real_1engine.$proc$ue_v14_real_1engine_0610.v:9194$4'.
  created $dff cell `$procdff$2862' with positive edge clock.
Creating register for signal `\ue_v14_real_1engine.\p4i' using process `\ue_v14_real_1engine.$proc$ue_v14_real_1engine_0610.v:9194$4'.
  created $dff cell `$procdff$2863' with positive edge clock.
Creating register for signal `\ue_v14_real_1engine.\p6r' using process `\ue_v14_real_1engine.$proc$ue_v14_real_1engine_0610.v:9194$4'.
  created $dff cell `$procdff$2864' with positive edge clock.
Creating register for signal `\ue_v14_real_1engine.\p6i' using process `\ue_v14_real_1engine.$proc$ue_v14_real_1engine_0610.v:9194$4'.
  created $dff cell `$procdff$2865' with positive edge clock.
Creating register for signal `\ue_v14_real_1engine.\p8r_full' using process `\ue_v14_real_1engine.$proc$ue_v14_real_1engine_0610.v:9194$4'.
  created $dff cell `$procdff$2866' with positive edge clock.
Creating register for signal `\ue_v14_real_1engine.\jst' using process `\ue_v14_real_1engine.$proc$ue_v14_real_1engine_0610.v:9194$4'.
  created $dff cell `$procdff$2867' with positive edge clock.
Creating register for signal `\ue_v14_real_1engine.\jdone' using process `\ue_v14_real_1engine.$proc$ue_v14_real_1engine_0610.v:9194$4'.
  created $dff cell `$procdff$2868' with positive edge clock.
Creating register for signal `\ue_v14_real_1engine.\mr_ar' using process `\ue_v14_real_1engine.$proc$ue_v14_real_1engine_0610.v:9181$2'.
  created $dff cell `$procdff$2869' with positive edge clock.
Creating register for signal `\ue_v14_real_1engine.\mr_ai' using process `\ue_v14_real_1engine.$proc$ue_v14_real_1engine_0610.v:9181$2'.
  created $dff cell `$procdff$2870' with positive edge clock.
Creating register for signal `\ue_v14_real_1engine.\mr_br' using process `\ue_v14_real_1engine.$proc$ue_v14_real_1engine_0610.v:9181$2'.
  created $dff cell `$procdff$2871' with positive edge clock.
Creating register for signal `\ue_v14_real_1engine.\mr_bi' using process `\ue_v14_real_1engine.$proc$ue_v14_real_1engine_0610.v:9181$2'.
  created $dff cell `$procdff$2872' with positive edge clock.
Creating register for signal `\ue_v14_real_1engine.\mr_start' using process `\ue_v14_real_1engine.$proc$ue_v14_real_1engine_0610.v:9181$2'.
  created $dff cell `$procdff$2873' with positive edge clock.

15.2.10. Executing PROC_MEMWR pass (convert process memory writes to cells).

15.2.11. Executing PROC_CLEAN pass (remove empty switches from decision trees).
Removing empty process `sb15_f9_pipe.$proc$sb15_f9_pipe.v:743$1010'.
Removing empty process `sb15_f9_pipe.$proc$sb15_f9_pipe.v:743$1009'.
Removing empty process `sb15_f9_pipe.$proc$sb15_f9_pipe.v:742$1008'.
Removing empty process `sb15_f9_pipe.$proc$sb15_f9_pipe.v:742$1007'.
Removing empty process `sb15_f9_pipe.$proc$sb15_f9_pipe.v:741$1006'.
Removing empty process `sb15_f9_pipe.$proc$sb15_f9_pipe.v:741$1005'.
Removing empty process `sb15_f9_pipe.$proc$sb15_f9_pipe.v:740$1004'.
Removing empty process `sb15_f9_pipe.$proc$sb15_f9_pipe.v:740$1003'.
Removing empty process `sb15_f9_pipe.$proc$sb15_f9_pipe.v:739$1002'.
Removing empty process `sb15_f9_pipe.$proc$sb15_f9_pipe.v:739$1001'.
Removing empty process `sb15_f9_pipe.$proc$sb15_f9_pipe.v:738$1000'.
Removing empty process `sb15_f9_pipe.$proc$sb15_f9_pipe.v:738$999'.
Removing empty process `sb15_f9_pipe.$proc$sb15_f9_pipe.v:737$998'.
Removing empty process `sb15_f9_pipe.$proc$sb15_f9_pipe.v:737$997'.
Removing empty process `sb15_f9_pipe.$proc$sb15_f9_pipe.v:736$996'.
Removing empty process `sb15_f9_pipe.$proc$sb15_f9_pipe.v:736$995'.
Removing empty process `sb15_f9_pipe.$proc$sb15_f9_pipe.v:735$994'.
Removing empty process `sb15_f9_pipe.$proc$sb15_f9_pipe.v:735$993'.
Removing empty process `sb15_f9_pipe.$proc$sb15_f9_pipe.v:734$992'.
Removing empty process `sb15_f9_pipe.$proc$sb15_f9_pipe.v:734$991'.
Removing empty process `sb15_f9_pipe.$proc$sb15_f9_pipe.v:733$990'.
Removing empty process `sb15_f9_pipe.$proc$sb15_f9_pipe.v:733$989'.
Removing empty process `sb15_f9_pipe.$proc$sb15_f9_pipe.v:732$988'.
Removing empty process `sb15_f9_pipe.$proc$sb15_f9_pipe.v:732$987'.
Removing empty process `sb15_f9_pipe.$proc$sb15_f9_pipe.v:731$986'.
Removing empty process `sb15_f9_pipe.$proc$sb15_f9_pipe.v:731$985'.
Removing empty process `sb15_f9_pipe.$proc$sb15_f9_pipe.v:730$984'.
Removing empty process `sb15_f9_pipe.$proc$sb15_f9_pipe.v:730$983'.
Removing empty process `sb15_f9_pipe.$proc$sb15_f9_pipe.v:729$982'.
Removing empty process `sb15_f9_pipe.$proc$sb15_f9_pipe.v:729$981'.
Removing empty process `sb15_f9_pipe.$proc$sb15_f9_pipe.v:728$980'.
Removing empty process `sb15_f9_pipe.$proc$sb15_f9_pipe.v:728$979'.
Removing empty process `sb15_f9_pipe.$proc$sb15_f9_pipe.v:727$978'.
Removing empty process `sb15_f9_pipe.$proc$sb15_f9_pipe.v:727$977'.
Removing empty process `sb15_f9_pipe.$proc$sb15_f9_pipe.v:726$976'.
Removing empty process `sb15_f9_pipe.$proc$sb15_f9_pipe.v:726$975'.
Removing empty process `sb15_f9_pipe.$proc$sb15_f9_pipe.v:725$974'.
Removing empty process `sb15_f9_pipe.$proc$sb15_f9_pipe.v:725$973'.
Removing empty process `sb15_f9_pipe.$proc$sb15_f9_pipe.v:724$972'.
Removing empty process `sb15_f9_pipe.$proc$sb15_f9_pipe.v:724$971'.
Removing empty process `sb15_f9_pipe.$proc$sb15_f9_pipe.v:723$970'.
Removing empty process `sb15_f9_pipe.$proc$sb15_f9_pipe.v:723$969'.
Removing empty process `sb15_f9_pipe.$proc$sb15_f9_pipe.v:722$968'.
Removing empty process `sb15_f9_pipe.$proc$sb15_f9_pipe.v:722$967'.
Removing empty process `sb15_f9_pipe.$proc$sb15_f9_pipe.v:721$966'.
Removing empty process `sb15_f9_pipe.$proc$sb15_f9_pipe.v:721$965'.
Removing empty process `sb15_f9_pipe.$proc$sb15_f9_pipe.v:720$964'.
Removing empty process `sb15_f9_pipe.$proc$sb15_f9_pipe.v:720$963'.
Removing empty process `sb15_f9_pipe.$proc$sb15_f9_pipe.v:719$962'.
Removing empty process `sb15_f9_pipe.$proc$sb15_f9_pipe.v:719$961'.
Removing empty process `sb15_f9_pipe.$proc$sb15_f9_pipe.v:718$960'.
Removing empty process `sb15_f9_pipe.$proc$sb15_f9_pipe.v:718$959'.
Removing empty process `sb15_f9_pipe.$proc$sb15_f9_pipe.v:717$958'.
Removing empty process `sb15_f9_pipe.$proc$sb15_f9_pipe.v:717$957'.
Removing empty process `sb15_f9_pipe.$proc$sb15_f9_pipe.v:716$956'.
Removing empty process `sb15_f9_pipe.$proc$sb15_f9_pipe.v:716$955'.
Removing empty process `sb15_f9_pipe.$proc$sb15_f9_pipe.v:715$954'.
Removing empty process `sb15_f9_pipe.$proc$sb15_f9_pipe.v:715$953'.
Removing empty process `sb15_f9_pipe.$proc$sb15_f9_pipe.v:714$952'.
Removing empty process `sb15_f9_pipe.$proc$sb15_f9_pipe.v:714$951'.
Removing empty process `sb15_f9_pipe.$proc$sb15_f9_pipe.v:713$950'.
Removing empty process `sb15_f9_pipe.$proc$sb15_f9_pipe.v:713$949'.
Removing empty process `sb15_f9_pipe.$proc$sb15_f9_pipe.v:712$948'.
Removing empty process `sb15_f9_pipe.$proc$sb15_f9_pipe.v:712$947'.
Removing empty process `sb15_f9_pipe.$proc$sb15_f9_pipe.v:711$946'.
Removing empty process `sb15_f9_pipe.$proc$sb15_f9_pipe.v:711$945'.
Removing empty process `sb15_f9_pipe.$proc$sb15_f9_pipe.v:710$944'.
Removing empty process `sb15_f9_pipe.$proc$sb15_f9_pipe.v:710$943'.
Removing empty process `sb15_f9_pipe.$proc$sb15_f9_pipe.v:709$942'.
Removing empty process `sb15_f9_pipe.$proc$sb15_f9_pipe.v:709$941'.
Removing empty process `sb15_f9_pipe.$proc$sb15_f9_pipe.v:708$940'.
Removing empty process `sb15_f9_pipe.$proc$sb15_f9_pipe.v:708$939'.
Removing empty process `sb15_f9_pipe.$proc$sb15_f9_pipe.v:707$938'.
Removing empty process `sb15_f9_pipe.$proc$sb15_f9_pipe.v:707$937'.
Removing empty process `sb15_f9_pipe.$proc$sb15_f9_pipe.v:706$936'.
Removing empty process `sb15_f9_pipe.$proc$sb15_f9_pipe.v:706$935'.
Removing empty process `sb15_f9_pipe.$proc$sb15_f9_pipe.v:705$934'.
Removing empty process `sb15_f9_pipe.$proc$sb15_f9_pipe.v:705$933'.
Removing empty process `sb15_f9_pipe.$proc$sb15_f9_pipe.v:704$932'.
Removing empty process `sb15_f9_pipe.$proc$sb15_f9_pipe.v:704$931'.
Removing empty process `sb15_f9_pipe.$proc$sb15_f9_pipe.v:703$930'.
Removing empty process `sb15_f9_pipe.$proc$sb15_f9_pipe.v:703$929'.
Removing empty process `sb15_f9_pipe.$proc$sb15_f9_pipe.v:702$928'.
Removing empty process `sb15_f9_pipe.$proc$sb15_f9_pipe.v:702$927'.
Removing empty process `sb15_f9_pipe.$proc$sb15_f9_pipe.v:701$926'.
Removing empty process `sb15_f9_pipe.$proc$sb15_f9_pipe.v:701$925'.
Removing empty process `sb15_f9_pipe.$proc$sb15_f9_pipe.v:700$924'.
Removing empty process `sb15_f9_pipe.$proc$sb15_f9_pipe.v:700$923'.
Removing empty process `sb15_f9_pipe.$proc$sb15_f9_pipe.v:699$922'.
Removing empty process `sb15_f9_pipe.$proc$sb15_f9_pipe.v:699$921'.
Removing empty process `sb15_f9_pipe.$proc$sb15_f9_pipe.v:698$920'.
Removing empty process `sb15_f9_pipe.$proc$sb15_f9_pipe.v:698$919'.
Removing empty process `sb15_f9_pipe.$proc$sb15_f9_pipe.v:697$918'.
Removing empty process `sb15_f9_pipe.$proc$sb15_f9_pipe.v:697$917'.
Removing empty process `sb15_f9_pipe.$proc$sb15_f9_pipe.v:696$916'.
Removing empty process `sb15_f9_pipe.$proc$sb15_f9_pipe.v:696$915'.
Removing empty process `sb15_f9_pipe.$proc$sb15_f9_pipe.v:695$914'.
Removing empty process `sb15_f9_pipe.$proc$sb15_f9_pipe.v:695$913'.
Removing empty process `sb15_f9_pipe.$proc$sb15_f9_pipe.v:694$912'.
Removing empty process `sb15_f9_pipe.$proc$sb15_f9_pipe.v:694$911'.
Removing empty process `sb15_f9_pipe.$proc$sb15_f9_pipe.v:693$910'.
Removing empty process `sb15_f9_pipe.$proc$sb15_f9_pipe.v:693$909'.
Removing empty process `sb15_f9_pipe.$proc$sb15_f9_pipe.v:692$908'.
Removing empty process `sb15_f9_pipe.$proc$sb15_f9_pipe.v:692$907'.
Removing empty process `sb15_f9_pipe.$proc$sb15_f9_pipe.v:691$906'.
Removing empty process `sb15_f9_pipe.$proc$sb15_f9_pipe.v:691$905'.
Removing empty process `sb15_f9_pipe.$proc$sb15_f9_pipe.v:690$904'.
Removing empty process `sb15_f9_pipe.$proc$sb15_f9_pipe.v:690$903'.
Removing empty process `sb15_f9_pipe.$proc$sb15_f9_pipe.v:689$902'.
Removing empty process `sb15_f9_pipe.$proc$sb15_f9_pipe.v:689$901'.
Removing empty process `sb15_f9_pipe.$proc$sb15_f9_pipe.v:688$900'.
Removing empty process `sb15_f9_pipe.$proc$sb15_f9_pipe.v:688$899'.
Removing empty process `sb15_f9_pipe.$proc$sb15_f9_pipe.v:687$898'.
Removing empty process `sb15_f9_pipe.$proc$sb15_f9_pipe.v:687$897'.
Removing empty process `sb15_f9_pipe.$proc$sb15_f9_pipe.v:686$896'.
Removing empty process `sb15_f9_pipe.$proc$sb15_f9_pipe.v:686$895'.
Removing empty process `sb15_f9_pipe.$proc$sb15_f9_pipe.v:685$894'.
Removing empty process `sb15_f9_pipe.$proc$sb15_f9_pipe.v:685$893'.
Removing empty process `sb15_f9_pipe.$proc$sb15_f9_pipe.v:684$892'.
Removing empty process `sb15_f9_pipe.$proc$sb15_f9_pipe.v:684$891'.
Removing empty process `sb15_f9_pipe.$proc$sb15_f9_pipe.v:683$890'.
Removing empty process `sb15_f9_pipe.$proc$sb15_f9_pipe.v:683$889'.
Removing empty process `sb15_f9_pipe.$proc$sb15_f9_pipe.v:682$888'.
Removing empty process `sb15_f9_pipe.$proc$sb15_f9_pipe.v:682$887'.
Removing empty process `sb15_f9_pipe.$proc$sb15_f9_pipe.v:681$886'.
Removing empty process `sb15_f9_pipe.$proc$sb15_f9_pipe.v:681$885'.
Removing empty process `sb15_f9_pipe.$proc$sb15_f9_pipe.v:680$884'.
Removing empty process `sb15_f9_pipe.$proc$sb15_f9_pipe.v:680$883'.
Removing empty process `sb15_f9_pipe.$proc$sb15_f9_pipe.v:679$882'.
Removing empty process `sb15_f9_pipe.$proc$sb15_f9_pipe.v:679$881'.
Removing empty process `sb15_f9_pipe.$proc$sb15_f9_pipe.v:678$880'.
Removing empty process `sb15_f9_pipe.$proc$sb15_f9_pipe.v:678$879'.
Removing empty process `sb15_f9_pipe.$proc$sb15_f9_pipe.v:677$878'.
Removing empty process `sb15_f9_pipe.$proc$sb15_f9_pipe.v:677$877'.
Removing empty process `sb15_f9_pipe.$proc$sb15_f9_pipe.v:676$876'.
Removing empty process `sb15_f9_pipe.$proc$sb15_f9_pipe.v:676$875'.
Removing empty process `sb15_f9_pipe.$proc$sb15_f9_pipe.v:675$874'.
Removing empty process `sb15_f9_pipe.$proc$sb15_f9_pipe.v:675$873'.
Removing empty process `sb15_f9_pipe.$proc$sb15_f9_pipe.v:674$872'.
Removing empty process `sb15_f9_pipe.$proc$sb15_f9_pipe.v:674$871'.
Removing empty process `sb15_f9_pipe.$proc$sb15_f9_pipe.v:673$870'.
Removing empty process `sb15_f9_pipe.$proc$sb15_f9_pipe.v:673$869'.
Removing empty process `sb15_f9_pipe.$proc$sb15_f9_pipe.v:672$868'.
Removing empty process `sb15_f9_pipe.$proc$sb15_f9_pipe.v:672$867'.
Removing empty process `sb15_f9_pipe.$proc$sb15_f9_pipe.v:671$866'.
Removing empty process `sb15_f9_pipe.$proc$sb15_f9_pipe.v:671$865'.
Removing empty process `sb15_f9_pipe.$proc$sb15_f9_pipe.v:670$864'.
Removing empty process `sb15_f9_pipe.$proc$sb15_f9_pipe.v:670$863'.
Removing empty process `sb15_f9_pipe.$proc$sb15_f9_pipe.v:669$862'.
Removing empty process `sb15_f9_pipe.$proc$sb15_f9_pipe.v:669$861'.
Removing empty process `sb15_f9_pipe.$proc$sb15_f9_pipe.v:668$860'.
Removing empty process `sb15_f9_pipe.$proc$sb15_f9_pipe.v:668$859'.
Removing empty process `sb15_f9_pipe.$proc$sb15_f9_pipe.v:667$858'.
Removing empty process `sb15_f9_pipe.$proc$sb15_f9_pipe.v:667$857'.
Removing empty process `sb15_f9_pipe.$proc$sb15_f9_pipe.v:666$856'.
Removing empty process `sb15_f9_pipe.$proc$sb15_f9_pipe.v:666$855'.
Removing empty process `sb15_f9_pipe.$proc$sb15_f9_pipe.v:665$854'.
Removing empty process `sb15_f9_pipe.$proc$sb15_f9_pipe.v:665$853'.
Removing empty process `sb15_f9_pipe.$proc$sb15_f9_pipe.v:664$852'.
Removing empty process `sb15_f9_pipe.$proc$sb15_f9_pipe.v:664$851'.
Removing empty process `sb15_f9_pipe.$proc$sb15_f9_pipe.v:663$850'.
Removing empty process `sb15_f9_pipe.$proc$sb15_f9_pipe.v:663$849'.
Removing empty process `sb15_f9_pipe.$proc$sb15_f9_pipe.v:662$848'.
Removing empty process `sb15_f9_pipe.$proc$sb15_f9_pipe.v:662$847'.
Removing empty process `sb15_f9_pipe.$proc$sb15_f9_pipe.v:661$846'.
Removing empty process `sb15_f9_pipe.$proc$sb15_f9_pipe.v:661$845'.
Removing empty process `sb15_f9_pipe.$proc$sb15_f9_pipe.v:660$844'.
Removing empty process `sb15_f9_pipe.$proc$sb15_f9_pipe.v:660$843'.
Removing empty process `sb15_f9_pipe.$proc$sb15_f9_pipe.v:659$842'.
Removing empty process `sb15_f9_pipe.$proc$sb15_f9_pipe.v:659$841'.
Removing empty process `sb15_f9_pipe.$proc$sb15_f9_pipe.v:658$840'.
Removing empty process `sb15_f9_pipe.$proc$sb15_f9_pipe.v:658$839'.
Removing empty process `sb15_f9_pipe.$proc$sb15_f9_pipe.v:657$838'.
Removing empty process `sb15_f9_pipe.$proc$sb15_f9_pipe.v:657$837'.
Removing empty process `sb15_f9_pipe.$proc$sb15_f9_pipe.v:656$836'.
Removing empty process `sb15_f9_pipe.$proc$sb15_f9_pipe.v:656$835'.
Removing empty process `sb15_f9_pipe.$proc$sb15_f9_pipe.v:655$834'.
Removing empty process `sb15_f9_pipe.$proc$sb15_f9_pipe.v:655$833'.
Removing empty process `sb15_f9_pipe.$proc$sb15_f9_pipe.v:654$832'.
Removing empty process `sb15_f9_pipe.$proc$sb15_f9_pipe.v:654$831'.
Removing empty process `sb15_f9_pipe.$proc$sb15_f9_pipe.v:653$830'.
Removing empty process `sb15_f9_pipe.$proc$sb15_f9_pipe.v:653$829'.
Removing empty process `sb15_f9_pipe.$proc$sb15_f9_pipe.v:652$828'.
Removing empty process `sb15_f9_pipe.$proc$sb15_f9_pipe.v:652$827'.
Removing empty process `sb15_f9_pipe.$proc$sb15_f9_pipe.v:651$826'.
Removing empty process `sb15_f9_pipe.$proc$sb15_f9_pipe.v:651$825'.
Removing empty process `sb15_f9_pipe.$proc$sb15_f9_pipe.v:650$824'.
Removing empty process `sb15_f9_pipe.$proc$sb15_f9_pipe.v:650$823'.
Removing empty process `sb15_f9_pipe.$proc$sb15_f9_pipe.v:649$822'.
Removing empty process `sb15_f9_pipe.$proc$sb15_f9_pipe.v:649$821'.
Removing empty process `sb15_f9_pipe.$proc$sb15_f9_pipe.v:648$820'.
Removing empty process `sb15_f9_pipe.$proc$sb15_f9_pipe.v:648$819'.
Removing empty process `sb15_f9_pipe.$proc$sb15_f9_pipe.v:647$818'.
Removing empty process `sb15_f9_pipe.$proc$sb15_f9_pipe.v:647$817'.
Removing empty process `sb15_f9_pipe.$proc$sb15_f9_pipe.v:646$816'.
Removing empty process `sb15_f9_pipe.$proc$sb15_f9_pipe.v:646$815'.
Removing empty process `sb15_f9_pipe.$proc$sb15_f9_pipe.v:645$814'.
Removing empty process `sb15_f9_pipe.$proc$sb15_f9_pipe.v:645$813'.
Removing empty process `sb15_f9_pipe.$proc$sb15_f9_pipe.v:644$812'.
Removing empty process `sb15_f9_pipe.$proc$sb15_f9_pipe.v:644$811'.
Removing empty process `sb15_f9_pipe.$proc$sb15_f9_pipe.v:643$810'.
Removing empty process `sb15_f9_pipe.$proc$sb15_f9_pipe.v:643$809'.
Removing empty process `sb15_f9_pipe.$proc$sb15_f9_pipe.v:642$808'.
Removing empty process `sb15_f9_pipe.$proc$sb15_f9_pipe.v:642$807'.
Removing empty process `sb15_f9_pipe.$proc$sb15_f9_pipe.v:641$806'.
Removing empty process `sb15_f9_pipe.$proc$sb15_f9_pipe.v:641$805'.
Removing empty process `sb15_f9_pipe.$proc$sb15_f9_pipe.v:640$804'.
Removing empty process `sb15_f9_pipe.$proc$sb15_f9_pipe.v:640$803'.
Removing empty process `sb15_f9_pipe.$proc$sb15_f9_pipe.v:639$802'.
Removing empty process `sb15_f9_pipe.$proc$sb15_f9_pipe.v:639$801'.
Removing empty process `sb15_f9_pipe.$proc$sb15_f9_pipe.v:638$800'.
Removing empty process `sb15_f9_pipe.$proc$sb15_f9_pipe.v:638$799'.
Removing empty process `sb15_f9_pipe.$proc$sb15_f9_pipe.v:637$798'.
Removing empty process `sb15_f9_pipe.$proc$sb15_f9_pipe.v:637$797'.
Removing empty process `sb15_f9_pipe.$proc$sb15_f9_pipe.v:636$796'.
Removing empty process `sb15_f9_pipe.$proc$sb15_f9_pipe.v:636$795'.
Removing empty process `sb15_f9_pipe.$proc$sb15_f9_pipe.v:635$794'.
Removing empty process `sb15_f9_pipe.$proc$sb15_f9_pipe.v:635$793'.
Removing empty process `sb15_f9_pipe.$proc$sb15_f9_pipe.v:634$792'.
Removing empty process `sb15_f9_pipe.$proc$sb15_f9_pipe.v:634$791'.
Removing empty process `sb15_f9_pipe.$proc$sb15_f9_pipe.v:633$790'.
Removing empty process `sb15_f9_pipe.$proc$sb15_f9_pipe.v:633$789'.
Removing empty process `sb15_f9_pipe.$proc$sb15_f9_pipe.v:632$788'.
Removing empty process `sb15_f9_pipe.$proc$sb15_f9_pipe.v:632$787'.
Removing empty process `sb15_f9_pipe.$proc$sb15_f9_pipe.v:631$786'.
Removing empty process `sb15_f9_pipe.$proc$sb15_f9_pipe.v:631$785'.
Removing empty process `sb15_f9_pipe.$proc$sb15_f9_pipe.v:630$784'.
Removing empty process `sb15_f9_pipe.$proc$sb15_f9_pipe.v:630$783'.
Removing empty process `sb15_f9_pipe.$proc$sb15_f9_pipe.v:629$782'.
Removing empty process `sb15_f9_pipe.$proc$sb15_f9_pipe.v:629$781'.
Removing empty process `sb15_f9_pipe.$proc$sb15_f9_pipe.v:628$780'.
Removing empty process `sb15_f9_pipe.$proc$sb15_f9_pipe.v:628$779'.
Removing empty process `sb15_f9_pipe.$proc$sb15_f9_pipe.v:627$778'.
Removing empty process `sb15_f9_pipe.$proc$sb15_f9_pipe.v:627$777'.
Removing empty process `sb15_f9_pipe.$proc$sb15_f9_pipe.v:626$776'.
Removing empty process `sb15_f9_pipe.$proc$sb15_f9_pipe.v:626$775'.
Removing empty process `sb15_f9_pipe.$proc$sb15_f9_pipe.v:625$774'.
Removing empty process `sb15_f9_pipe.$proc$sb15_f9_pipe.v:625$773'.
Removing empty process `sb15_f9_pipe.$proc$sb15_f9_pipe.v:624$772'.
Removing empty process `sb15_f9_pipe.$proc$sb15_f9_pipe.v:624$771'.
Removing empty process `sb15_f9_pipe.$proc$sb15_f9_pipe.v:623$770'.
Removing empty process `sb15_f9_pipe.$proc$sb15_f9_pipe.v:623$769'.
Removing empty process `sb15_f9_pipe.$proc$sb15_f9_pipe.v:622$768'.
Removing empty process `sb15_f9_pipe.$proc$sb15_f9_pipe.v:622$767'.
Removing empty process `sb15_f9_pipe.$proc$sb15_f9_pipe.v:621$766'.
Removing empty process `sb15_f9_pipe.$proc$sb15_f9_pipe.v:621$765'.
Removing empty process `sb15_f9_pipe.$proc$sb15_f9_pipe.v:620$764'.
Removing empty process `sb15_f9_pipe.$proc$sb15_f9_pipe.v:620$763'.
Removing empty process `sb15_f9_pipe.$proc$sb15_f9_pipe.v:619$762'.
Removing empty process `sb15_f9_pipe.$proc$sb15_f9_pipe.v:619$761'.
Removing empty process `sb15_f9_pipe.$proc$sb15_f9_pipe.v:618$760'.
Removing empty process `sb15_f9_pipe.$proc$sb15_f9_pipe.v:618$759'.
Removing empty process `sb15_f9_pipe.$proc$sb15_f9_pipe.v:617$758'.
Removing empty process `sb15_f9_pipe.$proc$sb15_f9_pipe.v:617$757'.
Removing empty process `sb15_f9_pipe.$proc$sb15_f9_pipe.v:616$756'.
Removing empty process `sb15_f9_pipe.$proc$sb15_f9_pipe.v:616$755'.
Removing empty process `sb15_f9_pipe.$proc$sb15_f9_pipe.v:615$754'.
Removing empty process `sb15_f9_pipe.$proc$sb15_f9_pipe.v:615$753'.
Removing empty process `sb15_f9_pipe.$proc$sb15_f9_pipe.v:614$752'.
Removing empty process `sb15_f9_pipe.$proc$sb15_f9_pipe.v:614$751'.
Removing empty process `sb15_f9_pipe.$proc$sb15_f9_pipe.v:613$750'.
Removing empty process `sb15_f9_pipe.$proc$sb15_f9_pipe.v:613$749'.
Removing empty process `sb15_f9_pipe.$proc$sb15_f9_pipe.v:612$748'.
Removing empty process `sb15_f9_pipe.$proc$sb15_f9_pipe.v:612$747'.
Removing empty process `sb15_f9_pipe.$proc$sb15_f9_pipe.v:611$746'.
Removing empty process `sb15_f9_pipe.$proc$sb15_f9_pipe.v:611$745'.
Removing empty process `sb15_f9_pipe.$proc$sb15_f9_pipe.v:610$744'.
Removing empty process `sb15_f9_pipe.$proc$sb15_f9_pipe.v:610$743'.
Removing empty process `sb15_f9_pipe.$proc$sb15_f9_pipe.v:609$742'.
Removing empty process `sb15_f9_pipe.$proc$sb15_f9_pipe.v:609$741'.
Removing empty process `sb15_f9_pipe.$proc$sb15_f9_pipe.v:608$740'.
Removing empty process `sb15_f9_pipe.$proc$sb15_f9_pipe.v:608$739'.
Removing empty process `sb15_f9_pipe.$proc$sb15_f9_pipe.v:607$738'.
Removing empty process `sb15_f9_pipe.$proc$sb15_f9_pipe.v:607$737'.
Removing empty process `sb15_f9_pipe.$proc$sb15_f9_pipe.v:606$736'.
Removing empty process `sb15_f9_pipe.$proc$sb15_f9_pipe.v:606$735'.
Removing empty process `sb15_f9_pipe.$proc$sb15_f9_pipe.v:605$734'.
Removing empty process `sb15_f9_pipe.$proc$sb15_f9_pipe.v:605$733'.
Removing empty process `sb15_f9_pipe.$proc$sb15_f9_pipe.v:604$732'.
Removing empty process `sb15_f9_pipe.$proc$sb15_f9_pipe.v:604$731'.
Removing empty process `sb15_f9_pipe.$proc$sb15_f9_pipe.v:603$730'.
Removing empty process `sb15_f9_pipe.$proc$sb15_f9_pipe.v:603$729'.
Removing empty process `sb15_f9_pipe.$proc$sb15_f9_pipe.v:602$728'.
Removing empty process `sb15_f9_pipe.$proc$sb15_f9_pipe.v:602$727'.
Removing empty process `sb15_f9_pipe.$proc$sb15_f9_pipe.v:601$726'.
Removing empty process `sb15_f9_pipe.$proc$sb15_f9_pipe.v:601$725'.
Removing empty process `sb15_f9_pipe.$proc$sb15_f9_pipe.v:600$724'.
Removing empty process `sb15_f9_pipe.$proc$sb15_f9_pipe.v:600$723'.
Removing empty process `sb15_f9_pipe.$proc$sb15_f9_pipe.v:599$722'.
Removing empty process `sb15_f9_pipe.$proc$sb15_f9_pipe.v:599$721'.
Removing empty process `sb15_f9_pipe.$proc$sb15_f9_pipe.v:598$720'.
Removing empty process `sb15_f9_pipe.$proc$sb15_f9_pipe.v:598$719'.
Removing empty process `sb15_f9_pipe.$proc$sb15_f9_pipe.v:597$718'.
Removing empty process `sb15_f9_pipe.$proc$sb15_f9_pipe.v:597$717'.
Removing empty process `sb15_f9_pipe.$proc$sb15_f9_pipe.v:596$716'.
Removing empty process `sb15_f9_pipe.$proc$sb15_f9_pipe.v:596$715'.
Removing empty process `sb15_f9_pipe.$proc$sb15_f9_pipe.v:595$714'.
Removing empty process `sb15_f9_pipe.$proc$sb15_f9_pipe.v:595$713'.
Removing empty process `sb15_f9_pipe.$proc$sb15_f9_pipe.v:594$712'.
Removing empty process `sb15_f9_pipe.$proc$sb15_f9_pipe.v:594$711'.
Removing empty process `sb15_f9_pipe.$proc$sb15_f9_pipe.v:593$710'.
Removing empty process `sb15_f9_pipe.$proc$sb15_f9_pipe.v:593$709'.
Removing empty process `sb15_f9_pipe.$proc$sb15_f9_pipe.v:592$708'.
Removing empty process `sb15_f9_pipe.$proc$sb15_f9_pipe.v:592$707'.
Removing empty process `sb15_f9_pipe.$proc$sb15_f9_pipe.v:591$706'.
Removing empty process `sb15_f9_pipe.$proc$sb15_f9_pipe.v:591$705'.
Removing empty process `sb15_f9_pipe.$proc$sb15_f9_pipe.v:590$704'.
Removing empty process `sb15_f9_pipe.$proc$sb15_f9_pipe.v:590$703'.
Removing empty process `sb15_f9_pipe.$proc$sb15_f9_pipe.v:589$702'.
Removing empty process `sb15_f9_pipe.$proc$sb15_f9_pipe.v:589$701'.
Removing empty process `sb15_f9_pipe.$proc$sb15_f9_pipe.v:588$700'.
Removing empty process `sb15_f9_pipe.$proc$sb15_f9_pipe.v:588$699'.
Removing empty process `sb15_f9_pipe.$proc$sb15_f9_pipe.v:587$698'.
Removing empty process `sb15_f9_pipe.$proc$sb15_f9_pipe.v:587$697'.
Removing empty process `sb15_f9_pipe.$proc$sb15_f9_pipe.v:586$696'.
Removing empty process `sb15_f9_pipe.$proc$sb15_f9_pipe.v:586$695'.
Removing empty process `sb15_f9_pipe.$proc$sb15_f9_pipe.v:585$694'.
Removing empty process `sb15_f9_pipe.$proc$sb15_f9_pipe.v:585$693'.
Removing empty process `sb15_f9_pipe.$proc$sb15_f9_pipe.v:584$692'.
Removing empty process `sb15_f9_pipe.$proc$sb15_f9_pipe.v:584$691'.
Removing empty process `sb15_f9_pipe.$proc$sb15_f9_pipe.v:583$690'.
Removing empty process `sb15_f9_pipe.$proc$sb15_f9_pipe.v:583$689'.
Removing empty process `sb15_f9_pipe.$proc$sb15_f9_pipe.v:582$688'.
Removing empty process `sb15_f9_pipe.$proc$sb15_f9_pipe.v:582$687'.
Removing empty process `sb15_f9_pipe.$proc$sb15_f9_pipe.v:581$686'.
Removing empty process `sb15_f9_pipe.$proc$sb15_f9_pipe.v:581$685'.
Removing empty process `sb15_f9_pipe.$proc$sb15_f9_pipe.v:580$684'.
Removing empty process `sb15_f9_pipe.$proc$sb15_f9_pipe.v:580$683'.
Removing empty process `sb15_f9_pipe.$proc$sb15_f9_pipe.v:579$682'.
Removing empty process `sb15_f9_pipe.$proc$sb15_f9_pipe.v:579$681'.
Removing empty process `sb15_f9_pipe.$proc$sb15_f9_pipe.v:578$680'.
Removing empty process `sb15_f9_pipe.$proc$sb15_f9_pipe.v:578$679'.
Removing empty process `sb15_f9_pipe.$proc$sb15_f9_pipe.v:577$678'.
Removing empty process `sb15_f9_pipe.$proc$sb15_f9_pipe.v:577$677'.
Removing empty process `sb15_f9_pipe.$proc$sb15_f9_pipe.v:576$676'.
Removing empty process `sb15_f9_pipe.$proc$sb15_f9_pipe.v:576$675'.
Removing empty process `sb15_f9_pipe.$proc$sb15_f9_pipe.v:575$674'.
Removing empty process `sb15_f9_pipe.$proc$sb15_f9_pipe.v:575$673'.
Removing empty process `sb15_f9_pipe.$proc$sb15_f9_pipe.v:574$672'.
Removing empty process `sb15_f9_pipe.$proc$sb15_f9_pipe.v:574$671'.
Removing empty process `sb15_f9_pipe.$proc$sb15_f9_pipe.v:573$670'.
Removing empty process `sb15_f9_pipe.$proc$sb15_f9_pipe.v:573$669'.
Removing empty process `sb15_f9_pipe.$proc$sb15_f9_pipe.v:572$668'.
Removing empty process `sb15_f9_pipe.$proc$sb15_f9_pipe.v:572$667'.
Removing empty process `sb15_f9_pipe.$proc$sb15_f9_pipe.v:571$666'.
Removing empty process `sb15_f9_pipe.$proc$sb15_f9_pipe.v:571$665'.
Removing empty process `sb15_f9_pipe.$proc$sb15_f9_pipe.v:570$664'.
Removing empty process `sb15_f9_pipe.$proc$sb15_f9_pipe.v:570$663'.
Removing empty process `sb15_f9_pipe.$proc$sb15_f9_pipe.v:569$662'.
Removing empty process `sb15_f9_pipe.$proc$sb15_f9_pipe.v:569$661'.
Removing empty process `sb15_f9_pipe.$proc$sb15_f9_pipe.v:568$660'.
Removing empty process `sb15_f9_pipe.$proc$sb15_f9_pipe.v:568$659'.
Removing empty process `sb15_f9_pipe.$proc$sb15_f9_pipe.v:567$658'.
Removing empty process `sb15_f9_pipe.$proc$sb15_f9_pipe.v:567$657'.
Removing empty process `sb15_f9_pipe.$proc$sb15_f9_pipe.v:566$656'.
Removing empty process `sb15_f9_pipe.$proc$sb15_f9_pipe.v:566$655'.
Removing empty process `sb15_f9_pipe.$proc$sb15_f9_pipe.v:565$654'.
Removing empty process `sb15_f9_pipe.$proc$sb15_f9_pipe.v:565$653'.
Removing empty process `sb15_f9_pipe.$proc$sb15_f9_pipe.v:564$652'.
Removing empty process `sb15_f9_pipe.$proc$sb15_f9_pipe.v:564$651'.
Removing empty process `sb15_f9_pipe.$proc$sb15_f9_pipe.v:563$650'.
Removing empty process `sb15_f9_pipe.$proc$sb15_f9_pipe.v:563$649'.
Removing empty process `sb15_f9_pipe.$proc$sb15_f9_pipe.v:562$648'.
Removing empty process `sb15_f9_pipe.$proc$sb15_f9_pipe.v:562$647'.
Removing empty process `sb15_f9_pipe.$proc$sb15_f9_pipe.v:561$646'.
Removing empty process `sb15_f9_pipe.$proc$sb15_f9_pipe.v:561$645'.
Removing empty process `sb15_f9_pipe.$proc$sb15_f9_pipe.v:560$644'.
Removing empty process `sb15_f9_pipe.$proc$sb15_f9_pipe.v:560$643'.
Removing empty process `sb15_f9_pipe.$proc$sb15_f9_pipe.v:559$642'.
Removing empty process `sb15_f9_pipe.$proc$sb15_f9_pipe.v:559$641'.
Removing empty process `sb15_f9_pipe.$proc$sb15_f9_pipe.v:558$640'.
Removing empty process `sb15_f9_pipe.$proc$sb15_f9_pipe.v:558$639'.
Removing empty process `sb15_f9_pipe.$proc$sb15_f9_pipe.v:557$638'.
Removing empty process `sb15_f9_pipe.$proc$sb15_f9_pipe.v:557$637'.
Removing empty process `sb15_f9_pipe.$proc$sb15_f9_pipe.v:556$636'.
Removing empty process `sb15_f9_pipe.$proc$sb15_f9_pipe.v:556$635'.
Removing empty process `sb15_f9_pipe.$proc$sb15_f9_pipe.v:555$634'.
Removing empty process `sb15_f9_pipe.$proc$sb15_f9_pipe.v:555$633'.
Removing empty process `sb15_f9_pipe.$proc$sb15_f9_pipe.v:554$632'.
Removing empty process `sb15_f9_pipe.$proc$sb15_f9_pipe.v:554$631'.
Removing empty process `sb15_f9_pipe.$proc$sb15_f9_pipe.v:553$630'.
Removing empty process `sb15_f9_pipe.$proc$sb15_f9_pipe.v:553$629'.
Removing empty process `sb15_f9_pipe.$proc$sb15_f9_pipe.v:552$628'.
Removing empty process `sb15_f9_pipe.$proc$sb15_f9_pipe.v:552$627'.
Removing empty process `sb15_f9_pipe.$proc$sb15_f9_pipe.v:551$626'.
Removing empty process `sb15_f9_pipe.$proc$sb15_f9_pipe.v:551$625'.
Removing empty process `sb15_f9_pipe.$proc$sb15_f9_pipe.v:550$624'.
Removing empty process `sb15_f9_pipe.$proc$sb15_f9_pipe.v:550$623'.
Removing empty process `sb15_f9_pipe.$proc$sb15_f9_pipe.v:549$622'.
Removing empty process `sb15_f9_pipe.$proc$sb15_f9_pipe.v:549$621'.
Removing empty process `sb15_f9_pipe.$proc$sb15_f9_pipe.v:548$620'.
Removing empty process `sb15_f9_pipe.$proc$sb15_f9_pipe.v:548$619'.
Removing empty process `sb15_f9_pipe.$proc$sb15_f9_pipe.v:547$618'.
Removing empty process `sb15_f9_pipe.$proc$sb15_f9_pipe.v:547$617'.
Removing empty process `sb15_f9_pipe.$proc$sb15_f9_pipe.v:546$616'.
Removing empty process `sb15_f9_pipe.$proc$sb15_f9_pipe.v:546$615'.
Removing empty process `sb15_f9_pipe.$proc$sb15_f9_pipe.v:545$614'.
Removing empty process `sb15_f9_pipe.$proc$sb15_f9_pipe.v:545$613'.
Removing empty process `sb15_f9_pipe.$proc$sb15_f9_pipe.v:544$612'.
Removing empty process `sb15_f9_pipe.$proc$sb15_f9_pipe.v:544$611'.
Removing empty process `sb15_f9_pipe.$proc$sb15_f9_pipe.v:543$610'.
Removing empty process `sb15_f9_pipe.$proc$sb15_f9_pipe.v:543$609'.
Removing empty process `sb15_f9_pipe.$proc$sb15_f9_pipe.v:542$608'.
Removing empty process `sb15_f9_pipe.$proc$sb15_f9_pipe.v:542$607'.
Removing empty process `sb15_f9_pipe.$proc$sb15_f9_pipe.v:541$606'.
Removing empty process `sb15_f9_pipe.$proc$sb15_f9_pipe.v:541$605'.
Removing empty process `sb15_f9_pipe.$proc$sb15_f9_pipe.v:540$604'.
Removing empty process `sb15_f9_pipe.$proc$sb15_f9_pipe.v:540$603'.
Removing empty process `sb15_f9_pipe.$proc$sb15_f9_pipe.v:539$602'.
Removing empty process `sb15_f9_pipe.$proc$sb15_f9_pipe.v:539$601'.
Removing empty process `sb15_f9_pipe.$proc$sb15_f9_pipe.v:538$600'.
Removing empty process `sb15_f9_pipe.$proc$sb15_f9_pipe.v:538$599'.
Removing empty process `sb15_f9_pipe.$proc$sb15_f9_pipe.v:537$598'.
Removing empty process `sb15_f9_pipe.$proc$sb15_f9_pipe.v:537$597'.
Removing empty process `sb15_f9_pipe.$proc$sb15_f9_pipe.v:536$596'.
Removing empty process `sb15_f9_pipe.$proc$sb15_f9_pipe.v:536$595'.
Removing empty process `sb15_f9_pipe.$proc$sb15_f9_pipe.v:535$594'.
Removing empty process `sb15_f9_pipe.$proc$sb15_f9_pipe.v:535$593'.
Removing empty process `sb15_f9_pipe.$proc$sb15_f9_pipe.v:534$592'.
Removing empty process `sb15_f9_pipe.$proc$sb15_f9_pipe.v:534$591'.
Removing empty process `sb15_f9_pipe.$proc$sb15_f9_pipe.v:533$590'.
Removing empty process `sb15_f9_pipe.$proc$sb15_f9_pipe.v:533$589'.
Removing empty process `sb15_f9_pipe.$proc$sb15_f9_pipe.v:532$588'.
Removing empty process `sb15_f9_pipe.$proc$sb15_f9_pipe.v:532$587'.
Removing empty process `sb15_f9_pipe.$proc$sb15_f9_pipe.v:531$586'.
Removing empty process `sb15_f9_pipe.$proc$sb15_f9_pipe.v:531$585'.
Removing empty process `sb15_f9_pipe.$proc$sb15_f9_pipe.v:530$584'.
Removing empty process `sb15_f9_pipe.$proc$sb15_f9_pipe.v:530$583'.
Removing empty process `sb15_f9_pipe.$proc$sb15_f9_pipe.v:529$582'.
Removing empty process `sb15_f9_pipe.$proc$sb15_f9_pipe.v:529$581'.
Removing empty process `sb15_f9_pipe.$proc$sb15_f9_pipe.v:528$580'.
Removing empty process `sb15_f9_pipe.$proc$sb15_f9_pipe.v:528$579'.
Removing empty process `sb15_f9_pipe.$proc$sb15_f9_pipe.v:527$578'.
Removing empty process `sb15_f9_pipe.$proc$sb15_f9_pipe.v:527$577'.
Removing empty process `sb15_f9_pipe.$proc$sb15_f9_pipe.v:526$576'.
Removing empty process `sb15_f9_pipe.$proc$sb15_f9_pipe.v:526$575'.
Removing empty process `sb15_f9_pipe.$proc$sb15_f9_pipe.v:525$574'.
Removing empty process `sb15_f9_pipe.$proc$sb15_f9_pipe.v:525$573'.
Removing empty process `sb15_f9_pipe.$proc$sb15_f9_pipe.v:524$572'.
Removing empty process `sb15_f9_pipe.$proc$sb15_f9_pipe.v:524$571'.
Removing empty process `sb15_f9_pipe.$proc$sb15_f9_pipe.v:523$570'.
Removing empty process `sb15_f9_pipe.$proc$sb15_f9_pipe.v:523$569'.
Removing empty process `sb15_f9_pipe.$proc$sb15_f9_pipe.v:522$568'.
Removing empty process `sb15_f9_pipe.$proc$sb15_f9_pipe.v:522$567'.
Removing empty process `sb15_f9_pipe.$proc$sb15_f9_pipe.v:521$566'.
Removing empty process `sb15_f9_pipe.$proc$sb15_f9_pipe.v:521$565'.
Removing empty process `sb15_f9_pipe.$proc$sb15_f9_pipe.v:520$564'.
Removing empty process `sb15_f9_pipe.$proc$sb15_f9_pipe.v:520$563'.
Removing empty process `sb15_f9_pipe.$proc$sb15_f9_pipe.v:519$562'.
Removing empty process `sb15_f9_pipe.$proc$sb15_f9_pipe.v:519$561'.
Removing empty process `sb15_f9_pipe.$proc$sb15_f9_pipe.v:744$560'.
Removing empty process `sb16_f9_pipe.$proc$sb16_f9_pipe.v:840$559'.
Removing empty process `sb16_f9_pipe.$proc$sb16_f9_pipe.v:840$558'.
Removing empty process `sb16_f9_pipe.$proc$sb16_f9_pipe.v:839$557'.
Removing empty process `sb16_f9_pipe.$proc$sb16_f9_pipe.v:839$556'.
Removing empty process `sb16_f9_pipe.$proc$sb16_f9_pipe.v:838$555'.
Removing empty process `sb16_f9_pipe.$proc$sb16_f9_pipe.v:838$554'.
Removing empty process `sb16_f9_pipe.$proc$sb16_f9_pipe.v:837$553'.
Removing empty process `sb16_f9_pipe.$proc$sb16_f9_pipe.v:837$552'.
Removing empty process `sb16_f9_pipe.$proc$sb16_f9_pipe.v:836$551'.
Removing empty process `sb16_f9_pipe.$proc$sb16_f9_pipe.v:836$550'.
Removing empty process `sb16_f9_pipe.$proc$sb16_f9_pipe.v:835$549'.
Removing empty process `sb16_f9_pipe.$proc$sb16_f9_pipe.v:835$548'.
Removing empty process `sb16_f9_pipe.$proc$sb16_f9_pipe.v:834$547'.
Removing empty process `sb16_f9_pipe.$proc$sb16_f9_pipe.v:834$546'.
Removing empty process `sb16_f9_pipe.$proc$sb16_f9_pipe.v:833$545'.
Removing empty process `sb16_f9_pipe.$proc$sb16_f9_pipe.v:833$544'.
Removing empty process `sb16_f9_pipe.$proc$sb16_f9_pipe.v:832$543'.
Removing empty process `sb16_f9_pipe.$proc$sb16_f9_pipe.v:832$542'.
Removing empty process `sb16_f9_pipe.$proc$sb16_f9_pipe.v:831$541'.
Removing empty process `sb16_f9_pipe.$proc$sb16_f9_pipe.v:831$540'.
Removing empty process `sb16_f9_pipe.$proc$sb16_f9_pipe.v:830$539'.
Removing empty process `sb16_f9_pipe.$proc$sb16_f9_pipe.v:830$538'.
Removing empty process `sb16_f9_pipe.$proc$sb16_f9_pipe.v:829$537'.
Removing empty process `sb16_f9_pipe.$proc$sb16_f9_pipe.v:829$536'.
Removing empty process `sb16_f9_pipe.$proc$sb16_f9_pipe.v:828$535'.
Removing empty process `sb16_f9_pipe.$proc$sb16_f9_pipe.v:828$534'.
Removing empty process `sb16_f9_pipe.$proc$sb16_f9_pipe.v:827$533'.
Removing empty process `sb16_f9_pipe.$proc$sb16_f9_pipe.v:827$532'.
Removing empty process `sb16_f9_pipe.$proc$sb16_f9_pipe.v:826$531'.
Removing empty process `sb16_f9_pipe.$proc$sb16_f9_pipe.v:826$530'.
Removing empty process `sb16_f9_pipe.$proc$sb16_f9_pipe.v:825$529'.
Removing empty process `sb16_f9_pipe.$proc$sb16_f9_pipe.v:825$528'.
Removing empty process `sb16_f9_pipe.$proc$sb16_f9_pipe.v:824$527'.
Removing empty process `sb16_f9_pipe.$proc$sb16_f9_pipe.v:824$526'.
Removing empty process `sb16_f9_pipe.$proc$sb16_f9_pipe.v:823$525'.
Removing empty process `sb16_f9_pipe.$proc$sb16_f9_pipe.v:823$524'.
Removing empty process `sb16_f9_pipe.$proc$sb16_f9_pipe.v:822$523'.
Removing empty process `sb16_f9_pipe.$proc$sb16_f9_pipe.v:822$522'.
Removing empty process `sb16_f9_pipe.$proc$sb16_f9_pipe.v:821$521'.
Removing empty process `sb16_f9_pipe.$proc$sb16_f9_pipe.v:821$520'.
Removing empty process `sb16_f9_pipe.$proc$sb16_f9_pipe.v:820$519'.
Removing empty process `sb16_f9_pipe.$proc$sb16_f9_pipe.v:820$518'.
Removing empty process `sb16_f9_pipe.$proc$sb16_f9_pipe.v:819$517'.
Removing empty process `sb16_f9_pipe.$proc$sb16_f9_pipe.v:819$516'.
Removing empty process `sb16_f9_pipe.$proc$sb16_f9_pipe.v:818$515'.
Removing empty process `sb16_f9_pipe.$proc$sb16_f9_pipe.v:818$514'.
Removing empty process `sb16_f9_pipe.$proc$sb16_f9_pipe.v:817$513'.
Removing empty process `sb16_f9_pipe.$proc$sb16_f9_pipe.v:817$512'.
Removing empty process `sb16_f9_pipe.$proc$sb16_f9_pipe.v:816$511'.
Removing empty process `sb16_f9_pipe.$proc$sb16_f9_pipe.v:816$510'.
Removing empty process `sb16_f9_pipe.$proc$sb16_f9_pipe.v:815$509'.
Removing empty process `sb16_f9_pipe.$proc$sb16_f9_pipe.v:815$508'.
Removing empty process `sb16_f9_pipe.$proc$sb16_f9_pipe.v:814$507'.
Removing empty process `sb16_f9_pipe.$proc$sb16_f9_pipe.v:814$506'.
Removing empty process `sb16_f9_pipe.$proc$sb16_f9_pipe.v:813$505'.
Removing empty process `sb16_f9_pipe.$proc$sb16_f9_pipe.v:813$504'.
Removing empty process `sb16_f9_pipe.$proc$sb16_f9_pipe.v:812$503'.
Removing empty process `sb16_f9_pipe.$proc$sb16_f9_pipe.v:812$502'.
Removing empty process `sb16_f9_pipe.$proc$sb16_f9_pipe.v:811$501'.
Removing empty process `sb16_f9_pipe.$proc$sb16_f9_pipe.v:811$500'.
Removing empty process `sb16_f9_pipe.$proc$sb16_f9_pipe.v:810$499'.
Removing empty process `sb16_f9_pipe.$proc$sb16_f9_pipe.v:810$498'.
Removing empty process `sb16_f9_pipe.$proc$sb16_f9_pipe.v:809$497'.
Removing empty process `sb16_f9_pipe.$proc$sb16_f9_pipe.v:809$496'.
Removing empty process `sb16_f9_pipe.$proc$sb16_f9_pipe.v:808$495'.
Removing empty process `sb16_f9_pipe.$proc$sb16_f9_pipe.v:808$494'.
Removing empty process `sb16_f9_pipe.$proc$sb16_f9_pipe.v:807$493'.
Removing empty process `sb16_f9_pipe.$proc$sb16_f9_pipe.v:807$492'.
Removing empty process `sb16_f9_pipe.$proc$sb16_f9_pipe.v:806$491'.
Removing empty process `sb16_f9_pipe.$proc$sb16_f9_pipe.v:806$490'.
Removing empty process `sb16_f9_pipe.$proc$sb16_f9_pipe.v:805$489'.
Removing empty process `sb16_f9_pipe.$proc$sb16_f9_pipe.v:805$488'.
Removing empty process `sb16_f9_pipe.$proc$sb16_f9_pipe.v:804$487'.
Removing empty process `sb16_f9_pipe.$proc$sb16_f9_pipe.v:804$486'.
Removing empty process `sb16_f9_pipe.$proc$sb16_f9_pipe.v:803$485'.
Removing empty process `sb16_f9_pipe.$proc$sb16_f9_pipe.v:803$484'.
Removing empty process `sb16_f9_pipe.$proc$sb16_f9_pipe.v:802$483'.
Removing empty process `sb16_f9_pipe.$proc$sb16_f9_pipe.v:802$482'.
Removing empty process `sb16_f9_pipe.$proc$sb16_f9_pipe.v:801$481'.
Removing empty process `sb16_f9_pipe.$proc$sb16_f9_pipe.v:801$480'.
Removing empty process `sb16_f9_pipe.$proc$sb16_f9_pipe.v:800$479'.
Removing empty process `sb16_f9_pipe.$proc$sb16_f9_pipe.v:800$478'.
Removing empty process `sb16_f9_pipe.$proc$sb16_f9_pipe.v:799$477'.
Removing empty process `sb16_f9_pipe.$proc$sb16_f9_pipe.v:799$476'.
Removing empty process `sb16_f9_pipe.$proc$sb16_f9_pipe.v:798$475'.
Removing empty process `sb16_f9_pipe.$proc$sb16_f9_pipe.v:798$474'.
Removing empty process `sb16_f9_pipe.$proc$sb16_f9_pipe.v:797$473'.
Removing empty process `sb16_f9_pipe.$proc$sb16_f9_pipe.v:797$472'.
Removing empty process `sb16_f9_pipe.$proc$sb16_f9_pipe.v:796$471'.
Removing empty process `sb16_f9_pipe.$proc$sb16_f9_pipe.v:796$470'.
Removing empty process `sb16_f9_pipe.$proc$sb16_f9_pipe.v:795$469'.
Removing empty process `sb16_f9_pipe.$proc$sb16_f9_pipe.v:795$468'.
Removing empty process `sb16_f9_pipe.$proc$sb16_f9_pipe.v:794$467'.
Removing empty process `sb16_f9_pipe.$proc$sb16_f9_pipe.v:794$466'.
Removing empty process `sb16_f9_pipe.$proc$sb16_f9_pipe.v:793$465'.
Removing empty process `sb16_f9_pipe.$proc$sb16_f9_pipe.v:793$464'.
Removing empty process `sb16_f9_pipe.$proc$sb16_f9_pipe.v:792$463'.
Removing empty process `sb16_f9_pipe.$proc$sb16_f9_pipe.v:792$462'.
Removing empty process `sb16_f9_pipe.$proc$sb16_f9_pipe.v:791$461'.
Removing empty process `sb16_f9_pipe.$proc$sb16_f9_pipe.v:791$460'.
Removing empty process `sb16_f9_pipe.$proc$sb16_f9_pipe.v:790$459'.
Removing empty process `sb16_f9_pipe.$proc$sb16_f9_pipe.v:790$458'.
Removing empty process `sb16_f9_pipe.$proc$sb16_f9_pipe.v:789$457'.
Removing empty process `sb16_f9_pipe.$proc$sb16_f9_pipe.v:789$456'.
Removing empty process `sb16_f9_pipe.$proc$sb16_f9_pipe.v:788$455'.
Removing empty process `sb16_f9_pipe.$proc$sb16_f9_pipe.v:788$454'.
Removing empty process `sb16_f9_pipe.$proc$sb16_f9_pipe.v:787$453'.
Removing empty process `sb16_f9_pipe.$proc$sb16_f9_pipe.v:787$452'.
Removing empty process `sb16_f9_pipe.$proc$sb16_f9_pipe.v:786$451'.
Removing empty process `sb16_f9_pipe.$proc$sb16_f9_pipe.v:786$450'.
Removing empty process `sb16_f9_pipe.$proc$sb16_f9_pipe.v:785$449'.
Removing empty process `sb16_f9_pipe.$proc$sb16_f9_pipe.v:785$448'.
Removing empty process `sb16_f9_pipe.$proc$sb16_f9_pipe.v:784$447'.
Removing empty process `sb16_f9_pipe.$proc$sb16_f9_pipe.v:784$446'.
Removing empty process `sb16_f9_pipe.$proc$sb16_f9_pipe.v:783$445'.
Removing empty process `sb16_f9_pipe.$proc$sb16_f9_pipe.v:783$444'.
Removing empty process `sb16_f9_pipe.$proc$sb16_f9_pipe.v:782$443'.
Removing empty process `sb16_f9_pipe.$proc$sb16_f9_pipe.v:782$442'.
Removing empty process `sb16_f9_pipe.$proc$sb16_f9_pipe.v:781$441'.
Removing empty process `sb16_f9_pipe.$proc$sb16_f9_pipe.v:781$440'.
Removing empty process `sb16_f9_pipe.$proc$sb16_f9_pipe.v:780$439'.
Removing empty process `sb16_f9_pipe.$proc$sb16_f9_pipe.v:780$438'.
Removing empty process `sb16_f9_pipe.$proc$sb16_f9_pipe.v:779$437'.
Removing empty process `sb16_f9_pipe.$proc$sb16_f9_pipe.v:779$436'.
Removing empty process `sb16_f9_pipe.$proc$sb16_f9_pipe.v:778$435'.
Removing empty process `sb16_f9_pipe.$proc$sb16_f9_pipe.v:778$434'.
Removing empty process `sb16_f9_pipe.$proc$sb16_f9_pipe.v:777$433'.
Removing empty process `sb16_f9_pipe.$proc$sb16_f9_pipe.v:777$432'.
Removing empty process `sb16_f9_pipe.$proc$sb16_f9_pipe.v:776$431'.
Removing empty process `sb16_f9_pipe.$proc$sb16_f9_pipe.v:776$430'.
Removing empty process `sb16_f9_pipe.$proc$sb16_f9_pipe.v:775$429'.
Removing empty process `sb16_f9_pipe.$proc$sb16_f9_pipe.v:775$428'.
Removing empty process `sb16_f9_pipe.$proc$sb16_f9_pipe.v:774$427'.
Removing empty process `sb16_f9_pipe.$proc$sb16_f9_pipe.v:774$426'.
Removing empty process `sb16_f9_pipe.$proc$sb16_f9_pipe.v:773$425'.
Removing empty process `sb16_f9_pipe.$proc$sb16_f9_pipe.v:773$424'.
Removing empty process `sb16_f9_pipe.$proc$sb16_f9_pipe.v:772$423'.
Removing empty process `sb16_f9_pipe.$proc$sb16_f9_pipe.v:772$422'.
Removing empty process `sb16_f9_pipe.$proc$sb16_f9_pipe.v:771$421'.
Removing empty process `sb16_f9_pipe.$proc$sb16_f9_pipe.v:771$420'.
Removing empty process `sb16_f9_pipe.$proc$sb16_f9_pipe.v:770$419'.
Removing empty process `sb16_f9_pipe.$proc$sb16_f9_pipe.v:770$418'.
Removing empty process `sb16_f9_pipe.$proc$sb16_f9_pipe.v:769$417'.
Removing empty process `sb16_f9_pipe.$proc$sb16_f9_pipe.v:769$416'.
Removing empty process `sb16_f9_pipe.$proc$sb16_f9_pipe.v:768$415'.
Removing empty process `sb16_f9_pipe.$proc$sb16_f9_pipe.v:768$414'.
Removing empty process `sb16_f9_pipe.$proc$sb16_f9_pipe.v:767$413'.
Removing empty process `sb16_f9_pipe.$proc$sb16_f9_pipe.v:767$412'.
Removing empty process `sb16_f9_pipe.$proc$sb16_f9_pipe.v:766$411'.
Removing empty process `sb16_f9_pipe.$proc$sb16_f9_pipe.v:766$410'.
Removing empty process `sb16_f9_pipe.$proc$sb16_f9_pipe.v:765$409'.
Removing empty process `sb16_f9_pipe.$proc$sb16_f9_pipe.v:765$408'.
Removing empty process `sb16_f9_pipe.$proc$sb16_f9_pipe.v:764$407'.
Removing empty process `sb16_f9_pipe.$proc$sb16_f9_pipe.v:764$406'.
Removing empty process `sb16_f9_pipe.$proc$sb16_f9_pipe.v:763$405'.
Removing empty process `sb16_f9_pipe.$proc$sb16_f9_pipe.v:763$404'.
Removing empty process `sb16_f9_pipe.$proc$sb16_f9_pipe.v:762$403'.
Removing empty process `sb16_f9_pipe.$proc$sb16_f9_pipe.v:762$402'.
Removing empty process `sb16_f9_pipe.$proc$sb16_f9_pipe.v:761$401'.
Removing empty process `sb16_f9_pipe.$proc$sb16_f9_pipe.v:761$400'.
Removing empty process `sb16_f9_pipe.$proc$sb16_f9_pipe.v:760$399'.
Removing empty process `sb16_f9_pipe.$proc$sb16_f9_pipe.v:760$398'.
Removing empty process `sb16_f9_pipe.$proc$sb16_f9_pipe.v:759$397'.
Removing empty process `sb16_f9_pipe.$proc$sb16_f9_pipe.v:759$396'.
Removing empty process `sb16_f9_pipe.$proc$sb16_f9_pipe.v:758$395'.
Removing empty process `sb16_f9_pipe.$proc$sb16_f9_pipe.v:758$394'.
Removing empty process `sb16_f9_pipe.$proc$sb16_f9_pipe.v:757$393'.
Removing empty process `sb16_f9_pipe.$proc$sb16_f9_pipe.v:757$392'.
Removing empty process `sb16_f9_pipe.$proc$sb16_f9_pipe.v:756$391'.
Removing empty process `sb16_f9_pipe.$proc$sb16_f9_pipe.v:756$390'.
Removing empty process `sb16_f9_pipe.$proc$sb16_f9_pipe.v:755$389'.
Removing empty process `sb16_f9_pipe.$proc$sb16_f9_pipe.v:755$388'.
Removing empty process `sb16_f9_pipe.$proc$sb16_f9_pipe.v:754$387'.
Removing empty process `sb16_f9_pipe.$proc$sb16_f9_pipe.v:754$386'.
Removing empty process `sb16_f9_pipe.$proc$sb16_f9_pipe.v:753$385'.
Removing empty process `sb16_f9_pipe.$proc$sb16_f9_pipe.v:753$384'.
Removing empty process `sb16_f9_pipe.$proc$sb16_f9_pipe.v:752$383'.
Removing empty process `sb16_f9_pipe.$proc$sb16_f9_pipe.v:752$382'.
Removing empty process `sb16_f9_pipe.$proc$sb16_f9_pipe.v:751$381'.
Removing empty process `sb16_f9_pipe.$proc$sb16_f9_pipe.v:751$380'.
Removing empty process `sb16_f9_pipe.$proc$sb16_f9_pipe.v:750$379'.
Removing empty process `sb16_f9_pipe.$proc$sb16_f9_pipe.v:750$378'.
Removing empty process `sb16_f9_pipe.$proc$sb16_f9_pipe.v:749$377'.
Removing empty process `sb16_f9_pipe.$proc$sb16_f9_pipe.v:749$376'.
Removing empty process `sb16_f9_pipe.$proc$sb16_f9_pipe.v:748$375'.
Removing empty process `sb16_f9_pipe.$proc$sb16_f9_pipe.v:748$374'.
Removing empty process `sb16_f9_pipe.$proc$sb16_f9_pipe.v:747$373'.
Removing empty process `sb16_f9_pipe.$proc$sb16_f9_pipe.v:747$372'.
Removing empty process `sb16_f9_pipe.$proc$sb16_f9_pipe.v:746$371'.
Removing empty process `sb16_f9_pipe.$proc$sb16_f9_pipe.v:746$370'.
Removing empty process `sb16_f9_pipe.$proc$sb16_f9_pipe.v:745$369'.
Removing empty process `sb16_f9_pipe.$proc$sb16_f9_pipe.v:745$368'.
Removing empty process `sb16_f9_pipe.$proc$sb16_f9_pipe.v:744$367'.
Removing empty process `sb16_f9_pipe.$proc$sb16_f9_pipe.v:744$366'.
Removing empty process `sb16_f9_pipe.$proc$sb16_f9_pipe.v:743$365'.
Removing empty process `sb16_f9_pipe.$proc$sb16_f9_pipe.v:743$364'.
Removing empty process `sb16_f9_pipe.$proc$sb16_f9_pipe.v:742$363'.
Removing empty process `sb16_f9_pipe.$proc$sb16_f9_pipe.v:742$362'.
Removing empty process `sb16_f9_pipe.$proc$sb16_f9_pipe.v:741$361'.
Removing empty process `sb16_f9_pipe.$proc$sb16_f9_pipe.v:741$360'.
Removing empty process `sb16_f9_pipe.$proc$sb16_f9_pipe.v:740$359'.
Removing empty process `sb16_f9_pipe.$proc$sb16_f9_pipe.v:740$358'.
Removing empty process `sb16_f9_pipe.$proc$sb16_f9_pipe.v:739$357'.
Removing empty process `sb16_f9_pipe.$proc$sb16_f9_pipe.v:739$356'.
Removing empty process `sb16_f9_pipe.$proc$sb16_f9_pipe.v:738$355'.
Removing empty process `sb16_f9_pipe.$proc$sb16_f9_pipe.v:738$354'.
Removing empty process `sb16_f9_pipe.$proc$sb16_f9_pipe.v:737$353'.
Removing empty process `sb16_f9_pipe.$proc$sb16_f9_pipe.v:737$352'.
Removing empty process `sb16_f9_pipe.$proc$sb16_f9_pipe.v:736$351'.
Removing empty process `sb16_f9_pipe.$proc$sb16_f9_pipe.v:736$350'.
Removing empty process `sb16_f9_pipe.$proc$sb16_f9_pipe.v:735$349'.
Removing empty process `sb16_f9_pipe.$proc$sb16_f9_pipe.v:735$348'.
Removing empty process `sb16_f9_pipe.$proc$sb16_f9_pipe.v:734$347'.
Removing empty process `sb16_f9_pipe.$proc$sb16_f9_pipe.v:734$346'.
Removing empty process `sb16_f9_pipe.$proc$sb16_f9_pipe.v:733$345'.
Removing empty process `sb16_f9_pipe.$proc$sb16_f9_pipe.v:733$344'.
Removing empty process `sb16_f9_pipe.$proc$sb16_f9_pipe.v:732$343'.
Removing empty process `sb16_f9_pipe.$proc$sb16_f9_pipe.v:732$342'.
Removing empty process `sb16_f9_pipe.$proc$sb16_f9_pipe.v:731$341'.
Removing empty process `sb16_f9_pipe.$proc$sb16_f9_pipe.v:731$340'.
Removing empty process `sb16_f9_pipe.$proc$sb16_f9_pipe.v:730$339'.
Removing empty process `sb16_f9_pipe.$proc$sb16_f9_pipe.v:730$338'.
Removing empty process `sb16_f9_pipe.$proc$sb16_f9_pipe.v:729$337'.
Removing empty process `sb16_f9_pipe.$proc$sb16_f9_pipe.v:729$336'.
Removing empty process `sb16_f9_pipe.$proc$sb16_f9_pipe.v:728$335'.
Removing empty process `sb16_f9_pipe.$proc$sb16_f9_pipe.v:728$334'.
Removing empty process `sb16_f9_pipe.$proc$sb16_f9_pipe.v:727$333'.
Removing empty process `sb16_f9_pipe.$proc$sb16_f9_pipe.v:727$332'.
Removing empty process `sb16_f9_pipe.$proc$sb16_f9_pipe.v:726$331'.
Removing empty process `sb16_f9_pipe.$proc$sb16_f9_pipe.v:726$330'.
Removing empty process `sb16_f9_pipe.$proc$sb16_f9_pipe.v:725$329'.
Removing empty process `sb16_f9_pipe.$proc$sb16_f9_pipe.v:725$328'.
Removing empty process `sb16_f9_pipe.$proc$sb16_f9_pipe.v:724$327'.
Removing empty process `sb16_f9_pipe.$proc$sb16_f9_pipe.v:724$326'.
Removing empty process `sb16_f9_pipe.$proc$sb16_f9_pipe.v:723$325'.
Removing empty process `sb16_f9_pipe.$proc$sb16_f9_pipe.v:723$324'.
Removing empty process `sb16_f9_pipe.$proc$sb16_f9_pipe.v:722$323'.
Removing empty process `sb16_f9_pipe.$proc$sb16_f9_pipe.v:722$322'.
Removing empty process `sb16_f9_pipe.$proc$sb16_f9_pipe.v:721$321'.
Removing empty process `sb16_f9_pipe.$proc$sb16_f9_pipe.v:721$320'.
Removing empty process `sb16_f9_pipe.$proc$sb16_f9_pipe.v:720$319'.
Removing empty process `sb16_f9_pipe.$proc$sb16_f9_pipe.v:720$318'.
Removing empty process `sb16_f9_pipe.$proc$sb16_f9_pipe.v:719$317'.
Removing empty process `sb16_f9_pipe.$proc$sb16_f9_pipe.v:719$316'.
Removing empty process `sb16_f9_pipe.$proc$sb16_f9_pipe.v:718$315'.
Removing empty process `sb16_f9_pipe.$proc$sb16_f9_pipe.v:718$314'.
Removing empty process `sb16_f9_pipe.$proc$sb16_f9_pipe.v:717$313'.
Removing empty process `sb16_f9_pipe.$proc$sb16_f9_pipe.v:717$312'.
Removing empty process `sb16_f9_pipe.$proc$sb16_f9_pipe.v:716$311'.
Removing empty process `sb16_f9_pipe.$proc$sb16_f9_pipe.v:716$310'.
Removing empty process `sb16_f9_pipe.$proc$sb16_f9_pipe.v:715$309'.
Removing empty process `sb16_f9_pipe.$proc$sb16_f9_pipe.v:715$308'.
Removing empty process `sb16_f9_pipe.$proc$sb16_f9_pipe.v:714$307'.
Removing empty process `sb16_f9_pipe.$proc$sb16_f9_pipe.v:714$306'.
Removing empty process `sb16_f9_pipe.$proc$sb16_f9_pipe.v:713$305'.
Removing empty process `sb16_f9_pipe.$proc$sb16_f9_pipe.v:713$304'.
Removing empty process `sb16_f9_pipe.$proc$sb16_f9_pipe.v:712$303'.
Removing empty process `sb16_f9_pipe.$proc$sb16_f9_pipe.v:712$302'.
Removing empty process `sb16_f9_pipe.$proc$sb16_f9_pipe.v:711$301'.
Removing empty process `sb16_f9_pipe.$proc$sb16_f9_pipe.v:711$300'.
Removing empty process `sb16_f9_pipe.$proc$sb16_f9_pipe.v:710$299'.
Removing empty process `sb16_f9_pipe.$proc$sb16_f9_pipe.v:710$298'.
Removing empty process `sb16_f9_pipe.$proc$sb16_f9_pipe.v:709$297'.
Removing empty process `sb16_f9_pipe.$proc$sb16_f9_pipe.v:709$296'.
Removing empty process `sb16_f9_pipe.$proc$sb16_f9_pipe.v:708$295'.
Removing empty process `sb16_f9_pipe.$proc$sb16_f9_pipe.v:708$294'.
Removing empty process `sb16_f9_pipe.$proc$sb16_f9_pipe.v:707$293'.
Removing empty process `sb16_f9_pipe.$proc$sb16_f9_pipe.v:707$292'.
Removing empty process `sb16_f9_pipe.$proc$sb16_f9_pipe.v:706$291'.
Removing empty process `sb16_f9_pipe.$proc$sb16_f9_pipe.v:706$290'.
Removing empty process `sb16_f9_pipe.$proc$sb16_f9_pipe.v:705$289'.
Removing empty process `sb16_f9_pipe.$proc$sb16_f9_pipe.v:705$288'.
Removing empty process `sb16_f9_pipe.$proc$sb16_f9_pipe.v:704$287'.
Removing empty process `sb16_f9_pipe.$proc$sb16_f9_pipe.v:704$286'.
Removing empty process `sb16_f9_pipe.$proc$sb16_f9_pipe.v:703$285'.
Removing empty process `sb16_f9_pipe.$proc$sb16_f9_pipe.v:703$284'.
Removing empty process `sb16_f9_pipe.$proc$sb16_f9_pipe.v:702$283'.
Removing empty process `sb16_f9_pipe.$proc$sb16_f9_pipe.v:702$282'.
Removing empty process `sb16_f9_pipe.$proc$sb16_f9_pipe.v:701$281'.
Removing empty process `sb16_f9_pipe.$proc$sb16_f9_pipe.v:701$280'.
Removing empty process `sb16_f9_pipe.$proc$sb16_f9_pipe.v:700$279'.
Removing empty process `sb16_f9_pipe.$proc$sb16_f9_pipe.v:700$278'.
Removing empty process `sb16_f9_pipe.$proc$sb16_f9_pipe.v:699$277'.
Removing empty process `sb16_f9_pipe.$proc$sb16_f9_pipe.v:699$276'.
Removing empty process `sb16_f9_pipe.$proc$sb16_f9_pipe.v:698$275'.
Removing empty process `sb16_f9_pipe.$proc$sb16_f9_pipe.v:698$274'.
Removing empty process `sb16_f9_pipe.$proc$sb16_f9_pipe.v:697$273'.
Removing empty process `sb16_f9_pipe.$proc$sb16_f9_pipe.v:697$272'.
Removing empty process `sb16_f9_pipe.$proc$sb16_f9_pipe.v:696$271'.
Removing empty process `sb16_f9_pipe.$proc$sb16_f9_pipe.v:696$270'.
Removing empty process `sb16_f9_pipe.$proc$sb16_f9_pipe.v:695$269'.
Removing empty process `sb16_f9_pipe.$proc$sb16_f9_pipe.v:695$268'.
Removing empty process `sb16_f9_pipe.$proc$sb16_f9_pipe.v:694$267'.
Removing empty process `sb16_f9_pipe.$proc$sb16_f9_pipe.v:694$266'.
Removing empty process `sb16_f9_pipe.$proc$sb16_f9_pipe.v:693$265'.
Removing empty process `sb16_f9_pipe.$proc$sb16_f9_pipe.v:693$264'.
Removing empty process `sb16_f9_pipe.$proc$sb16_f9_pipe.v:692$263'.
Removing empty process `sb16_f9_pipe.$proc$sb16_f9_pipe.v:692$262'.
Removing empty process `sb16_f9_pipe.$proc$sb16_f9_pipe.v:691$261'.
Removing empty process `sb16_f9_pipe.$proc$sb16_f9_pipe.v:691$260'.
Removing empty process `sb16_f9_pipe.$proc$sb16_f9_pipe.v:690$259'.
Removing empty process `sb16_f9_pipe.$proc$sb16_f9_pipe.v:690$258'.
Removing empty process `sb16_f9_pipe.$proc$sb16_f9_pipe.v:689$257'.
Removing empty process `sb16_f9_pipe.$proc$sb16_f9_pipe.v:689$256'.
Removing empty process `sb16_f9_pipe.$proc$sb16_f9_pipe.v:688$255'.
Removing empty process `sb16_f9_pipe.$proc$sb16_f9_pipe.v:688$254'.
Removing empty process `sb16_f9_pipe.$proc$sb16_f9_pipe.v:687$253'.
Removing empty process `sb16_f9_pipe.$proc$sb16_f9_pipe.v:687$252'.
Removing empty process `sb16_f9_pipe.$proc$sb16_f9_pipe.v:686$251'.
Removing empty process `sb16_f9_pipe.$proc$sb16_f9_pipe.v:686$250'.
Removing empty process `sb16_f9_pipe.$proc$sb16_f9_pipe.v:685$249'.
Removing empty process `sb16_f9_pipe.$proc$sb16_f9_pipe.v:685$248'.
Removing empty process `sb16_f9_pipe.$proc$sb16_f9_pipe.v:684$247'.
Removing empty process `sb16_f9_pipe.$proc$sb16_f9_pipe.v:684$246'.
Removing empty process `sb16_f9_pipe.$proc$sb16_f9_pipe.v:683$245'.
Removing empty process `sb16_f9_pipe.$proc$sb16_f9_pipe.v:683$244'.
Removing empty process `sb16_f9_pipe.$proc$sb16_f9_pipe.v:682$243'.
Removing empty process `sb16_f9_pipe.$proc$sb16_f9_pipe.v:682$242'.
Removing empty process `sb16_f9_pipe.$proc$sb16_f9_pipe.v:681$241'.
Removing empty process `sb16_f9_pipe.$proc$sb16_f9_pipe.v:681$240'.
Removing empty process `sb16_f9_pipe.$proc$sb16_f9_pipe.v:680$239'.
Removing empty process `sb16_f9_pipe.$proc$sb16_f9_pipe.v:680$238'.
Removing empty process `sb16_f9_pipe.$proc$sb16_f9_pipe.v:679$237'.
Removing empty process `sb16_f9_pipe.$proc$sb16_f9_pipe.v:679$236'.
Removing empty process `sb16_f9_pipe.$proc$sb16_f9_pipe.v:678$235'.
Removing empty process `sb16_f9_pipe.$proc$sb16_f9_pipe.v:678$234'.
Removing empty process `sb16_f9_pipe.$proc$sb16_f9_pipe.v:677$233'.
Removing empty process `sb16_f9_pipe.$proc$sb16_f9_pipe.v:677$232'.
Removing empty process `sb16_f9_pipe.$proc$sb16_f9_pipe.v:676$231'.
Removing empty process `sb16_f9_pipe.$proc$sb16_f9_pipe.v:676$230'.
Removing empty process `sb16_f9_pipe.$proc$sb16_f9_pipe.v:675$229'.
Removing empty process `sb16_f9_pipe.$proc$sb16_f9_pipe.v:675$228'.
Removing empty process `sb16_f9_pipe.$proc$sb16_f9_pipe.v:674$227'.
Removing empty process `sb16_f9_pipe.$proc$sb16_f9_pipe.v:674$226'.
Removing empty process `sb16_f9_pipe.$proc$sb16_f9_pipe.v:673$225'.
Removing empty process `sb16_f9_pipe.$proc$sb16_f9_pipe.v:673$224'.
Removing empty process `sb16_f9_pipe.$proc$sb16_f9_pipe.v:672$223'.
Removing empty process `sb16_f9_pipe.$proc$sb16_f9_pipe.v:672$222'.
Removing empty process `sb16_f9_pipe.$proc$sb16_f9_pipe.v:671$221'.
Removing empty process `sb16_f9_pipe.$proc$sb16_f9_pipe.v:671$220'.
Removing empty process `sb16_f9_pipe.$proc$sb16_f9_pipe.v:670$219'.
Removing empty process `sb16_f9_pipe.$proc$sb16_f9_pipe.v:670$218'.
Removing empty process `sb16_f9_pipe.$proc$sb16_f9_pipe.v:669$217'.
Removing empty process `sb16_f9_pipe.$proc$sb16_f9_pipe.v:669$216'.
Removing empty process `sb16_f9_pipe.$proc$sb16_f9_pipe.v:668$215'.
Removing empty process `sb16_f9_pipe.$proc$sb16_f9_pipe.v:668$214'.
Removing empty process `sb16_f9_pipe.$proc$sb16_f9_pipe.v:667$213'.
Removing empty process `sb16_f9_pipe.$proc$sb16_f9_pipe.v:667$212'.
Removing empty process `sb16_f9_pipe.$proc$sb16_f9_pipe.v:666$211'.
Removing empty process `sb16_f9_pipe.$proc$sb16_f9_pipe.v:666$210'.
Removing empty process `sb16_f9_pipe.$proc$sb16_f9_pipe.v:665$209'.
Removing empty process `sb16_f9_pipe.$proc$sb16_f9_pipe.v:665$208'.
Removing empty process `sb16_f9_pipe.$proc$sb16_f9_pipe.v:664$207'.
Removing empty process `sb16_f9_pipe.$proc$sb16_f9_pipe.v:664$206'.
Removing empty process `sb16_f9_pipe.$proc$sb16_f9_pipe.v:663$205'.
Removing empty process `sb16_f9_pipe.$proc$sb16_f9_pipe.v:663$204'.
Removing empty process `sb16_f9_pipe.$proc$sb16_f9_pipe.v:662$203'.
Removing empty process `sb16_f9_pipe.$proc$sb16_f9_pipe.v:662$202'.
Removing empty process `sb16_f9_pipe.$proc$sb16_f9_pipe.v:661$201'.
Removing empty process `sb16_f9_pipe.$proc$sb16_f9_pipe.v:661$200'.
Removing empty process `sb16_f9_pipe.$proc$sb16_f9_pipe.v:660$199'.
Removing empty process `sb16_f9_pipe.$proc$sb16_f9_pipe.v:660$198'.
Removing empty process `sb16_f9_pipe.$proc$sb16_f9_pipe.v:659$197'.
Removing empty process `sb16_f9_pipe.$proc$sb16_f9_pipe.v:659$196'.
Removing empty process `sb16_f9_pipe.$proc$sb16_f9_pipe.v:658$195'.
Removing empty process `sb16_f9_pipe.$proc$sb16_f9_pipe.v:658$194'.
Removing empty process `sb16_f9_pipe.$proc$sb16_f9_pipe.v:657$193'.
Removing empty process `sb16_f9_pipe.$proc$sb16_f9_pipe.v:657$192'.
Removing empty process `sb16_f9_pipe.$proc$sb16_f9_pipe.v:656$191'.
Removing empty process `sb16_f9_pipe.$proc$sb16_f9_pipe.v:656$190'.
Removing empty process `sb16_f9_pipe.$proc$sb16_f9_pipe.v:655$189'.
Removing empty process `sb16_f9_pipe.$proc$sb16_f9_pipe.v:655$188'.
Removing empty process `sb16_f9_pipe.$proc$sb16_f9_pipe.v:654$187'.
Removing empty process `sb16_f9_pipe.$proc$sb16_f9_pipe.v:654$186'.
Removing empty process `sb16_f9_pipe.$proc$sb16_f9_pipe.v:653$185'.
Removing empty process `sb16_f9_pipe.$proc$sb16_f9_pipe.v:653$184'.
Removing empty process `sb16_f9_pipe.$proc$sb16_f9_pipe.v:652$183'.
Removing empty process `sb16_f9_pipe.$proc$sb16_f9_pipe.v:652$182'.
Removing empty process `sb16_f9_pipe.$proc$sb16_f9_pipe.v:651$181'.
Removing empty process `sb16_f9_pipe.$proc$sb16_f9_pipe.v:651$180'.
Removing empty process `sb16_f9_pipe.$proc$sb16_f9_pipe.v:650$179'.
Removing empty process `sb16_f9_pipe.$proc$sb16_f9_pipe.v:650$178'.
Removing empty process `sb16_f9_pipe.$proc$sb16_f9_pipe.v:649$177'.
Removing empty process `sb16_f9_pipe.$proc$sb16_f9_pipe.v:649$176'.
Removing empty process `sb16_f9_pipe.$proc$sb16_f9_pipe.v:648$175'.
Removing empty process `sb16_f9_pipe.$proc$sb16_f9_pipe.v:648$174'.
Removing empty process `sb16_f9_pipe.$proc$sb16_f9_pipe.v:647$173'.
Removing empty process `sb16_f9_pipe.$proc$sb16_f9_pipe.v:647$172'.
Removing empty process `sb16_f9_pipe.$proc$sb16_f9_pipe.v:646$171'.
Removing empty process `sb16_f9_pipe.$proc$sb16_f9_pipe.v:646$170'.
Removing empty process `sb16_f9_pipe.$proc$sb16_f9_pipe.v:645$169'.
Removing empty process `sb16_f9_pipe.$proc$sb16_f9_pipe.v:645$168'.
Removing empty process `sb16_f9_pipe.$proc$sb16_f9_pipe.v:644$167'.
Removing empty process `sb16_f9_pipe.$proc$sb16_f9_pipe.v:644$166'.
Removing empty process `sb16_f9_pipe.$proc$sb16_f9_pipe.v:643$165'.
Removing empty process `sb16_f9_pipe.$proc$sb16_f9_pipe.v:643$164'.
Removing empty process `sb16_f9_pipe.$proc$sb16_f9_pipe.v:642$163'.
Removing empty process `sb16_f9_pipe.$proc$sb16_f9_pipe.v:642$162'.
Removing empty process `sb16_f9_pipe.$proc$sb16_f9_pipe.v:641$161'.
Removing empty process `sb16_f9_pipe.$proc$sb16_f9_pipe.v:641$160'.
Removing empty process `sb16_f9_pipe.$proc$sb16_f9_pipe.v:640$159'.
Removing empty process `sb16_f9_pipe.$proc$sb16_f9_pipe.v:640$158'.
Removing empty process `sb16_f9_pipe.$proc$sb16_f9_pipe.v:639$157'.
Removing empty process `sb16_f9_pipe.$proc$sb16_f9_pipe.v:639$156'.
Removing empty process `sb16_f9_pipe.$proc$sb16_f9_pipe.v:638$155'.
Removing empty process `sb16_f9_pipe.$proc$sb16_f9_pipe.v:638$154'.
Removing empty process `sb16_f9_pipe.$proc$sb16_f9_pipe.v:637$153'.
Removing empty process `sb16_f9_pipe.$proc$sb16_f9_pipe.v:637$152'.
Removing empty process `sb16_f9_pipe.$proc$sb16_f9_pipe.v:636$151'.
Removing empty process `sb16_f9_pipe.$proc$sb16_f9_pipe.v:636$150'.
Removing empty process `sb16_f9_pipe.$proc$sb16_f9_pipe.v:635$149'.
Removing empty process `sb16_f9_pipe.$proc$sb16_f9_pipe.v:635$148'.
Removing empty process `sb16_f9_pipe.$proc$sb16_f9_pipe.v:634$147'.
Removing empty process `sb16_f9_pipe.$proc$sb16_f9_pipe.v:634$146'.
Removing empty process `sb16_f9_pipe.$proc$sb16_f9_pipe.v:633$145'.
Removing empty process `sb16_f9_pipe.$proc$sb16_f9_pipe.v:633$144'.
Removing empty process `sb16_f9_pipe.$proc$sb16_f9_pipe.v:632$143'.
Removing empty process `sb16_f9_pipe.$proc$sb16_f9_pipe.v:632$142'.
Removing empty process `sb16_f9_pipe.$proc$sb16_f9_pipe.v:631$141'.
Removing empty process `sb16_f9_pipe.$proc$sb16_f9_pipe.v:631$140'.
Removing empty process `sb16_f9_pipe.$proc$sb16_f9_pipe.v:630$139'.
Removing empty process `sb16_f9_pipe.$proc$sb16_f9_pipe.v:630$138'.
Removing empty process `sb16_f9_pipe.$proc$sb16_f9_pipe.v:629$137'.
Removing empty process `sb16_f9_pipe.$proc$sb16_f9_pipe.v:629$136'.
Removing empty process `sb16_f9_pipe.$proc$sb16_f9_pipe.v:628$135'.
Removing empty process `sb16_f9_pipe.$proc$sb16_f9_pipe.v:628$134'.
Removing empty process `sb16_f9_pipe.$proc$sb16_f9_pipe.v:627$133'.
Removing empty process `sb16_f9_pipe.$proc$sb16_f9_pipe.v:627$132'.
Removing empty process `sb16_f9_pipe.$proc$sb16_f9_pipe.v:626$131'.
Removing empty process `sb16_f9_pipe.$proc$sb16_f9_pipe.v:626$130'.
Removing empty process `sb16_f9_pipe.$proc$sb16_f9_pipe.v:625$129'.
Removing empty process `sb16_f9_pipe.$proc$sb16_f9_pipe.v:625$128'.
Removing empty process `sb16_f9_pipe.$proc$sb16_f9_pipe.v:624$127'.
Removing empty process `sb16_f9_pipe.$proc$sb16_f9_pipe.v:624$126'.
Removing empty process `sb16_f9_pipe.$proc$sb16_f9_pipe.v:623$125'.
Removing empty process `sb16_f9_pipe.$proc$sb16_f9_pipe.v:623$124'.
Removing empty process `sb16_f9_pipe.$proc$sb16_f9_pipe.v:622$123'.
Removing empty process `sb16_f9_pipe.$proc$sb16_f9_pipe.v:622$122'.
Removing empty process `sb16_f9_pipe.$proc$sb16_f9_pipe.v:621$121'.
Removing empty process `sb16_f9_pipe.$proc$sb16_f9_pipe.v:621$120'.
Removing empty process `sb16_f9_pipe.$proc$sb16_f9_pipe.v:620$119'.
Removing empty process `sb16_f9_pipe.$proc$sb16_f9_pipe.v:620$118'.
Removing empty process `sb16_f9_pipe.$proc$sb16_f9_pipe.v:619$117'.
Removing empty process `sb16_f9_pipe.$proc$sb16_f9_pipe.v:619$116'.
Removing empty process `sb16_f9_pipe.$proc$sb16_f9_pipe.v:618$115'.
Removing empty process `sb16_f9_pipe.$proc$sb16_f9_pipe.v:618$114'.
Removing empty process `sb16_f9_pipe.$proc$sb16_f9_pipe.v:617$113'.
Removing empty process `sb16_f9_pipe.$proc$sb16_f9_pipe.v:617$112'.
Removing empty process `sb16_f9_pipe.$proc$sb16_f9_pipe.v:616$111'.
Removing empty process `sb16_f9_pipe.$proc$sb16_f9_pipe.v:616$110'.
Removing empty process `sb16_f9_pipe.$proc$sb16_f9_pipe.v:615$109'.
Removing empty process `sb16_f9_pipe.$proc$sb16_f9_pipe.v:615$108'.
Removing empty process `sb16_f9_pipe.$proc$sb16_f9_pipe.v:614$107'.
Removing empty process `sb16_f9_pipe.$proc$sb16_f9_pipe.v:614$106'.
Removing empty process `sb16_f9_pipe.$proc$sb16_f9_pipe.v:613$105'.
Removing empty process `sb16_f9_pipe.$proc$sb16_f9_pipe.v:613$104'.
Removing empty process `sb16_f9_pipe.$proc$sb16_f9_pipe.v:612$103'.
Removing empty process `sb16_f9_pipe.$proc$sb16_f9_pipe.v:612$102'.
Removing empty process `sb16_f9_pipe.$proc$sb16_f9_pipe.v:611$101'.
Removing empty process `sb16_f9_pipe.$proc$sb16_f9_pipe.v:611$100'.
Removing empty process `sb16_f9_pipe.$proc$sb16_f9_pipe.v:610$99'.
Removing empty process `sb16_f9_pipe.$proc$sb16_f9_pipe.v:610$98'.
Removing empty process `sb16_f9_pipe.$proc$sb16_f9_pipe.v:609$97'.
Removing empty process `sb16_f9_pipe.$proc$sb16_f9_pipe.v:609$96'.
Removing empty process `sb16_f9_pipe.$proc$sb16_f9_pipe.v:608$95'.
Removing empty process `sb16_f9_pipe.$proc$sb16_f9_pipe.v:608$94'.
Removing empty process `sb16_f9_pipe.$proc$sb16_f9_pipe.v:607$93'.
Removing empty process `sb16_f9_pipe.$proc$sb16_f9_pipe.v:607$92'.
Removing empty process `sb16_f9_pipe.$proc$sb16_f9_pipe.v:606$91'.
Removing empty process `sb16_f9_pipe.$proc$sb16_f9_pipe.v:606$90'.
Removing empty process `sb16_f9_pipe.$proc$sb16_f9_pipe.v:605$89'.
Removing empty process `sb16_f9_pipe.$proc$sb16_f9_pipe.v:605$88'.
Removing empty process `sb16_f9_pipe.$proc$sb16_f9_pipe.v:604$87'.
Removing empty process `sb16_f9_pipe.$proc$sb16_f9_pipe.v:604$86'.
Removing empty process `sb16_f9_pipe.$proc$sb16_f9_pipe.v:603$85'.
Removing empty process `sb16_f9_pipe.$proc$sb16_f9_pipe.v:603$84'.
Removing empty process `sb16_f9_pipe.$proc$sb16_f9_pipe.v:602$83'.
Removing empty process `sb16_f9_pipe.$proc$sb16_f9_pipe.v:602$82'.
Removing empty process `sb16_f9_pipe.$proc$sb16_f9_pipe.v:601$81'.
Removing empty process `sb16_f9_pipe.$proc$sb16_f9_pipe.v:601$80'.
Removing empty process `sb16_f9_pipe.$proc$sb16_f9_pipe.v:600$79'.
Removing empty process `sb16_f9_pipe.$proc$sb16_f9_pipe.v:600$78'.
Removing empty process `sb16_f9_pipe.$proc$sb16_f9_pipe.v:599$77'.
Removing empty process `sb16_f9_pipe.$proc$sb16_f9_pipe.v:599$76'.
Removing empty process `sb16_f9_pipe.$proc$sb16_f9_pipe.v:598$75'.
Removing empty process `sb16_f9_pipe.$proc$sb16_f9_pipe.v:598$74'.
Removing empty process `sb16_f9_pipe.$proc$sb16_f9_pipe.v:597$73'.
Removing empty process `sb16_f9_pipe.$proc$sb16_f9_pipe.v:597$72'.
Removing empty process `sb16_f9_pipe.$proc$sb16_f9_pipe.v:596$71'.
Removing empty process `sb16_f9_pipe.$proc$sb16_f9_pipe.v:596$70'.
Removing empty process `sb16_f9_pipe.$proc$sb16_f9_pipe.v:595$69'.
Removing empty process `sb16_f9_pipe.$proc$sb16_f9_pipe.v:595$68'.
Removing empty process `sb16_f9_pipe.$proc$sb16_f9_pipe.v:594$67'.
Removing empty process `sb16_f9_pipe.$proc$sb16_f9_pipe.v:594$66'.
Removing empty process `sb16_f9_pipe.$proc$sb16_f9_pipe.v:593$65'.
Removing empty process `sb16_f9_pipe.$proc$sb16_f9_pipe.v:593$64'.
Removing empty process `sb16_f9_pipe.$proc$sb16_f9_pipe.v:592$63'.
Removing empty process `sb16_f9_pipe.$proc$sb16_f9_pipe.v:592$62'.
Removing empty process `sb16_f9_pipe.$proc$sb16_f9_pipe.v:591$61'.
Removing empty process `sb16_f9_pipe.$proc$sb16_f9_pipe.v:591$60'.
Removing empty process `sb16_f9_pipe.$proc$sb16_f9_pipe.v:590$59'.
Removing empty process `sb16_f9_pipe.$proc$sb16_f9_pipe.v:590$58'.
Removing empty process `sb16_f9_pipe.$proc$sb16_f9_pipe.v:589$57'.
Removing empty process `sb16_f9_pipe.$proc$sb16_f9_pipe.v:589$56'.
Removing empty process `sb16_f9_pipe.$proc$sb16_f9_pipe.v:588$55'.
Removing empty process `sb16_f9_pipe.$proc$sb16_f9_pipe.v:588$54'.
Removing empty process `sb16_f9_pipe.$proc$sb16_f9_pipe.v:587$53'.
Removing empty process `sb16_f9_pipe.$proc$sb16_f9_pipe.v:587$52'.
Removing empty process `sb16_f9_pipe.$proc$sb16_f9_pipe.v:586$51'.
Removing empty process `sb16_f9_pipe.$proc$sb16_f9_pipe.v:586$50'.
Removing empty process `sb16_f9_pipe.$proc$sb16_f9_pipe.v:585$49'.
Removing empty process `sb16_f9_pipe.$proc$sb16_f9_pipe.v:585$48'.
Removing empty process `sb16_f9_pipe.$proc$sb16_f9_pipe.v:841$47'.
Removing empty process `ub_complex_31_pipe4.$proc$ub_complex_31_pipe4.v:111$46'.
Removing empty process `ub_complex_31_pipe4.$proc$ub_complex_31_pipe4.v:107$45'.
Removing empty process `ub_complex_31_pipe4.$proc$ub_complex_31_pipe4.v:85$44'.
Removing empty process `ub_complex_31_pipe4.$proc$ub_complex_31_pipe4.v:84$43'.
Removing empty process `ub_complex_31_pipe4.$proc$ub_complex_31_pipe4.v:84$42'.
Removing empty process `ub_complex_31_pipe4.$proc$ub_complex_31_pipe4.v:83$41'.
Removing empty process `ub_complex_31_pipe4.$proc$ub_complex_31_pipe4.v:83$40'.
Removing empty process `ub_complex_31_pipe4.$proc$ub_complex_31_pipe4.v:83$39'.
Removing empty process `ub_complex_31_pipe4.$proc$ub_complex_31_pipe4.v:83$38'.
Removing empty process `ub_complex_31_pipe4.$proc$ub_complex_31_pipe4.v:82$37'.
Removing empty process `ub_complex_31_pipe4.$proc$ub_complex_31_pipe4.v:82$36'.
Removing empty process `ub_complex_31_pipe4.$proc$ub_complex_31_pipe4.v:81$35'.
Removing empty process `ub_complex_31_pipe4.$proc$ub_complex_31_pipe4.v:81$34'.
Removing empty process `ub_complex_31_pipe4.$proc$ub_complex_31_pipe4.v:81$33'.
Removing empty process `ub_complex_31_pipe4.$proc$ub_complex_31_pipe4.v:81$32'.
Found and cleaned up 2 empty switches in `\ub_complex_31_pipe4.$proc$ub_complex_31_pipe4.v:461$31'.
Removing empty process `ub_complex_31_pipe4.$proc$ub_complex_31_pipe4.v:461$31'.
Found and cleaned up 2 empty switches in `\ub_complex_31_pipe4.$proc$ub_complex_31_pipe4.v:112$30'.
Removing empty process `ub_complex_31_pipe4.$proc$ub_complex_31_pipe4.v:112$30'.
Found and cleaned up 1 empty switch in `\ub_complex_31_pipe4.$proc$ub_complex_31_pipe4.v:108$29'.
Removing empty process `ub_complex_31_pipe4.$proc$ub_complex_31_pipe4.v:108$29'.
Found and cleaned up 2 empty switches in `\ub_complex_31_pipe4.$proc$ub_complex_31_pipe4.v:86$28'.
Removing empty process `ub_complex_31_pipe4.$proc$ub_complex_31_pipe4.v:86$28'.
Found and cleaned up 9 empty switches in `\ue_v12_complex_pipe.$proc$ue_v12_complex_pipe_0610.v:2303$21'.
Removing empty process `ue_v12_complex_pipe.$proc$ue_v12_complex_pipe_0610.v:2303$21'.
Found and cleaned up 2 empty switches in `\ue_v12_complex_pipe.$proc$ue_v12_complex_pipe_0610.v:2282$20'.
Removing empty process `ue_v12_complex_pipe.$proc$ue_v12_complex_pipe_0610.v:2282$20'.
Found and cleaned up 1 empty switch in `\ue_v12_complex_pipe.$proc$ue_v12_complex_pipe_0610.v:2263$19'.
Removing empty process `ue_v12_complex_pipe.$proc$ue_v12_complex_pipe_0610.v:2263$19'.
Found and cleaned up 4 empty switches in `\ue_v14_real_1engine.$proc$ue_v14_real_1engine_0610.v:9225$11'.
Removing empty process `ue_v14_real_1engine.$proc$ue_v14_real_1engine_0610.v:9225$11'.
Found and cleaned up 9 empty switches in `\ue_v14_real_1engine.$proc$ue_v14_real_1engine_0610.v:9194$4'.
Removing empty process `ue_v14_real_1engine.$proc$ue_v14_real_1engine_0610.v:9194$4'.
Found and cleaned up 1 empty switch in `\ue_v14_real_1engine.$proc$ue_v14_real_1engine_0610.v:9181$2'.
Removing empty process `ue_v14_real_1engine.$proc$ue_v14_real_1engine_0610.v:9181$2'.
Found and cleaned up 1 empty switch in `\ue_v14_real_1engine.$proc$ue_v14_real_1engine_0610.v:9167$1'.
Removing empty process `ue_v14_real_1engine.$proc$ue_v14_real_1engine_0610.v:9167$1'.
Cleaned up 34 empty switches.

15.2.12. Executing OPT_EXPR pass (perform const folding).
Optimizing module f9_mul.
<suppressed ~2 debug messages>
Optimizing module f3_sub3.
<suppressed ~1 debug messages>
Optimizing module f3_add.
Optimizing module sb15_f9_pipe.
Optimizing module sb16_f9_pipe.
Optimizing module f3_mul.
Optimizing module ub_complex_31_pipe4.
Optimizing module ue_v12_complex_pipe.
<suppressed ~13 debug messages>
Optimizing module ue_v14_real_1engine.
<suppressed ~13 debug messages>
Optimizing module u1_r3_1engine.

15.3. Executing OPT_EXPR pass (perform const folding).
Optimizing module f9_mul.
Optimizing module f3_sub3.
Optimizing module f3_add.
Optimizing module sb15_f9_pipe.
Optimizing module sb16_f9_pipe.
Optimizing module f3_mul.
Optimizing module ub_complex_31_pipe4.
Optimizing module ue_v12_complex_pipe.
Optimizing module ue_v14_real_1engine.
Optimizing module u1_r3_1engine.

15.4. Executing OPT_CLEAN pass (remove unused cells and wires).
Finding unused cells or wires in module \f9_mul..
Finding unused cells or wires in module \f3_sub3..
Finding unused cells or wires in module \f3_add..
Finding unused cells or wires in module \sb15_f9_pipe..
Finding unused cells or wires in module \sb16_f9_pipe..
Finding unused cells or wires in module \f3_mul..
Finding unused cells or wires in module \ub_complex_31_pipe4..
Finding unused cells or wires in module \ue_v12_complex_pipe..
Finding unused cells or wires in module \ue_v14_real_1engine..
Finding unused cells or wires in module \u1_r3_1engine..
Removed 615 unused cells and 2821 unused wires.
<suppressed ~1238 debug messages>

15.5. Executing CHECK pass (checking for obvious problems).
Checking module f3_add...
Checking module f3_mul...
Checking module f3_sub3...
Checking module f9_mul...
Checking module sb15_f9_pipe...
Checking module sb16_f9_pipe...
Checking module u1_r3_1engine...
Checking module ub_complex_31_pipe4...
Checking module ue_v12_complex_pipe...
Checking module ue_v14_real_1engine...
Found and reported 0 problems.

15.6. Executing OPT pass (performing simple optimizations).

15.6.1. Executing OPT_EXPR pass (perform const folding).
Optimizing module f3_add.
Optimizing module f3_mul.
Optimizing module f3_sub3.
Optimizing module f9_mul.
Optimizing module sb15_f9_pipe.
Optimizing module sb16_f9_pipe.
Optimizing module u1_r3_1engine.
Optimizing module ub_complex_31_pipe4.
Optimizing module ue_v12_complex_pipe.
Optimizing module ue_v14_real_1engine.

15.6.2. Executing OPT_MERGE pass (detect identical cells).
Finding identical cells in module `\f3_add'.
Finding identical cells in module `\f3_mul'.
Finding identical cells in module `\f3_sub3'.
Finding identical cells in module `\f9_mul'.
Finding identical cells in module `\sb15_f9_pipe'.
Finding identical cells in module `\sb16_f9_pipe'.
Finding identical cells in module `\u1_r3_1engine'.
Finding identical cells in module `\ub_complex_31_pipe4'.
Finding identical cells in module `\ue_v12_complex_pipe'.
<suppressed ~198 debug messages>
Finding identical cells in module `\ue_v14_real_1engine'.
<suppressed ~132 debug messages>
Removed a total of 110 cells.

15.6.3. Executing OPT_MUXTREE pass (detect dead branches in mux trees).
Running muxtree optimizer on module \f3_add..
  Creating internal representation of mux trees.
  Evaluating internal representation of mux trees.
  Analyzing evaluation results.
Running muxtree optimizer on module \f3_mul..
  Creating internal representation of mux trees.
  Evaluating internal representation of mux trees.
  Analyzing evaluation results.
Running muxtree optimizer on module \f3_sub3..
  Creating internal representation of mux trees.
  Evaluating internal representation of mux trees.
  Analyzing evaluation results.
Running muxtree optimizer on module \f9_mul..
  Creating internal representation of mux trees.
  Evaluating internal representation of mux trees.
  Analyzing evaluation results.
Running muxtree optimizer on module \sb15_f9_pipe..
  Creating internal representation of mux trees.
  No muxes found in this module.
Running muxtree optimizer on module \sb16_f9_pipe..
  Creating internal representation of mux trees.
  No muxes found in this module.
Running muxtree optimizer on module \u1_r3_1engine..
  Creating internal representation of mux trees.
  No muxes found in this module.
Running muxtree optimizer on module \ub_complex_31_pipe4..
  Creating internal representation of mux trees.
  Evaluating internal representation of mux trees.
  Analyzing evaluation results.
Running muxtree optimizer on module \ue_v12_complex_pipe..
  Creating internal representation of mux trees.
  Evaluating internal representation of mux trees.
      Replacing known input bits on port A of cell $procmux$1447: \eng_vin -> 1'0
      Replacing known input bits on port A of cell $procmux$1445: \eng_vin -> 1'1
  Analyzing evaluation results.
Running muxtree optimizer on module \ue_v14_real_1engine..
  Creating internal representation of mux trees.
  Evaluating internal representation of mux trees.
  Analyzing evaluation results.
Removed 0 multiplexer ports.
<suppressed ~79 debug messages>

15.6.4. Executing OPT_REDUCE pass (consolidate $*mux and $reduce_* inputs).
  Optimizing cells in module \f3_add.
  Optimizing cells in module \f3_mul.
  Optimizing cells in module \f3_sub3.
  Optimizing cells in module \f9_mul.
  Optimizing cells in module \sb15_f9_pipe.
  Optimizing cells in module \sb16_f9_pipe.
  Optimizing cells in module \u1_r3_1engine.
  Optimizing cells in module \ub_complex_31_pipe4.
  Optimizing cells in module \ue_v12_complex_pipe.
  Optimizing cells in module \ue_v14_real_1engine.
Performed a total of 0 changes.

15.6.5. Executing OPT_MERGE pass (detect identical cells).
Finding identical cells in module `\f3_add'.
Finding identical cells in module `\f3_mul'.
Finding identical cells in module `\f3_sub3'.
Finding identical cells in module `\f9_mul'.
Finding identical cells in module `\sb15_f9_pipe'.
Finding identical cells in module `\sb16_f9_pipe'.
Finding identical cells in module `\u1_r3_1engine'.
Finding identical cells in module `\ub_complex_31_pipe4'.
Finding identical cells in module `\ue_v12_complex_pipe'.
Finding identical cells in module `\ue_v14_real_1engine'.
Removed a total of 0 cells.

15.6.6. Executing OPT_DFF pass (perform DFF optimizations).

15.6.7. Executing OPT_CLEAN pass (remove unused cells and wires).
Finding unused cells or wires in module \f3_add..
Finding unused cells or wires in module \f3_mul..
Finding unused cells or wires in module \f3_sub3..
Finding unused cells or wires in module \f9_mul..
Finding unused cells or wires in module \sb15_f9_pipe..
Finding unused cells or wires in module \sb16_f9_pipe..
Finding unused cells or wires in module \u1_r3_1engine..
Finding unused cells or wires in module \ub_complex_31_pipe4..
Finding unused cells or wires in module \ue_v12_complex_pipe..
Finding unused cells or wires in module \ue_v14_real_1engine..
Removed 0 unused cells and 110 unused wires.
<suppressed ~2 debug messages>

15.6.8. Executing OPT_EXPR pass (perform const folding).
Optimizing module f3_add.
Optimizing module f3_mul.
Optimizing module f3_sub3.
Optimizing module f9_mul.
Optimizing module sb15_f9_pipe.
Optimizing module sb16_f9_pipe.
Optimizing module u1_r3_1engine.
Optimizing module ub_complex_31_pipe4.
Optimizing module ue_v12_complex_pipe.
Optimizing module ue_v14_real_1engine.

15.6.9. Rerunning OPT passes. (Maybe there is more to do..)

15.6.10. Executing OPT_MUXTREE pass (detect dead branches in mux trees).
Running muxtree optimizer on module \f3_add..
  Creating internal representation of mux trees.
  Evaluating internal representation of mux trees.
  Analyzing evaluation results.
Running muxtree optimizer on module \f3_mul..
  Creating internal representation of mux trees.
  Evaluating internal representation of mux trees.
  Analyzing evaluation results.
Running muxtree optimizer on module \f3_sub3..
  Creating internal representation of mux trees.
  Evaluating internal representation of mux trees.
  Analyzing evaluation results.
Running muxtree optimizer on module \f9_mul..
  Creating internal representation of mux trees.
  Evaluating internal representation of mux trees.
  Analyzing evaluation results.
Running muxtree optimizer on module \sb15_f9_pipe..
  Creating internal representation of mux trees.
  No muxes found in this module.
Running muxtree optimizer on module \sb16_f9_pipe..
  Creating internal representation of mux trees.
  No muxes found in this module.
Running muxtree optimizer on module \u1_r3_1engine..
  Creating internal representation of mux trees.
  No muxes found in this module.
Running muxtree optimizer on module \ub_complex_31_pipe4..
  Creating internal representation of mux trees.
  Evaluating internal representation of mux trees.
  Analyzing evaluation results.
Running muxtree optimizer on module \ue_v12_complex_pipe..
  Creating internal representation of mux trees.
  Evaluating internal representation of mux trees.
  Analyzing evaluation results.
Running muxtree optimizer on module \ue_v14_real_1engine..
  Creating internal representation of mux trees.
  Evaluating internal representation of mux trees.
  Analyzing evaluation results.
Removed 0 multiplexer ports.
<suppressed ~79 debug messages>

15.6.11. Executing OPT_REDUCE pass (consolidate $*mux and $reduce_* inputs).
  Optimizing cells in module \f3_add.
  Optimizing cells in module \f3_mul.
  Optimizing cells in module \f3_sub3.
  Optimizing cells in module \f9_mul.
  Optimizing cells in module \sb15_f9_pipe.
  Optimizing cells in module \sb16_f9_pipe.
  Optimizing cells in module \u1_r3_1engine.
  Optimizing cells in module \ub_complex_31_pipe4.
  Optimizing cells in module \ue_v12_complex_pipe.
  Optimizing cells in module \ue_v14_real_1engine.
Performed a total of 0 changes.

15.6.12. Executing OPT_MERGE pass (detect identical cells).
Finding identical cells in module `\f3_add'.
Finding identical cells in module `\f3_mul'.
Finding identical cells in module `\f3_sub3'.
Finding identical cells in module `\f9_mul'.
Finding identical cells in module `\sb15_f9_pipe'.
Finding identical cells in module `\sb16_f9_pipe'.
Finding identical cells in module `\u1_r3_1engine'.
Finding identical cells in module `\ub_complex_31_pipe4'.
Finding identical cells in module `\ue_v12_complex_pipe'.
Finding identical cells in module `\ue_v14_real_1engine'.
Removed a total of 0 cells.

15.6.13. Executing OPT_DFF pass (perform DFF optimizations).

15.6.14. Executing OPT_CLEAN pass (remove unused cells and wires).
Finding unused cells or wires in module \f3_add..
Finding unused cells or wires in module \f3_mul..
Finding unused cells or wires in module \f3_sub3..
Finding unused cells or wires in module \f9_mul..
Finding unused cells or wires in module \sb15_f9_pipe..
Finding unused cells or wires in module \sb16_f9_pipe..
Finding unused cells or wires in module \u1_r3_1engine..
Finding unused cells or wires in module \ub_complex_31_pipe4..
Finding unused cells or wires in module \ue_v12_complex_pipe..
Finding unused cells or wires in module \ue_v14_real_1engine..

15.6.15. Executing OPT_EXPR pass (perform const folding).
Optimizing module f3_add.
Optimizing module f3_mul.
Optimizing module f3_sub3.
Optimizing module f9_mul.
Optimizing module sb15_f9_pipe.
Optimizing module sb16_f9_pipe.
Optimizing module u1_r3_1engine.
Optimizing module ub_complex_31_pipe4.
Optimizing module ue_v12_complex_pipe.
Optimizing module ue_v14_real_1engine.

15.6.16. Finished OPT passes. (There is nothing left to do.)

15.7. Executing FSM pass (extract and optimize FSM).

15.7.1. Executing FSM_DETECT pass (finding FSMs in design).
Found FSM state register ue_v12_complex_pipe.state.
Found FSM state register ue_v14_real_1engine.jst.

15.7.2. Executing FSM_EXTRACT pass (extracting FSM from design).
Extracting FSM `\state' from module `\ue_v12_complex_pipe'.
  found $dff cell for state register: $procdff$2846
  root of input selection tree: $0\state[1:0]
  found reset state: 2'00 (guessed from mux tree)
  found ctrl input: \rst
  found ctrl input: $procmux$1144_CMP
  found ctrl input: $procmux$1150_CMP
  found ctrl input: $procmux$1153_CMP
  found state code: 2'00
  found ctrl input: \start
  found ctrl input: \eng_vout
  found ctrl input: $eq$ue_v12_complex_pipe_0610.v:2333$25_Y
  found state code: 2'10
  found state code: 2'01
  found ctrl output: $procmux$1144_CMP
  found ctrl output: $procmux$1150_CMP
  found ctrl output: $procmux$1153_CMP
  ctrl inputs: { $eq$ue_v12_complex_pipe_0610.v:2333$25_Y \eng_vout \start \rst }
  ctrl outputs: { $procmux$1153_CMP $procmux$1150_CMP $procmux$1144_CMP $0\state[1:0] }
  transition:       2'00 4'--00 ->       2'00 5'10000
  transition:       2'00 4'--10 ->       2'01 5'10001
  transition:       2'00 4'---1 ->       2'00 5'10000
  transition:       2'10 4'--00 ->       2'00 5'00100
  transition:       2'10 4'--10 ->       2'10 5'00110
  transition:       2'10 4'---1 ->       2'00 5'00100
  transition:       2'01 4'-0-0 ->       2'01 5'01001
  transition:       2'01 4'01-0 ->       2'01 5'01001
  transition:       2'01 4'11-0 ->       2'10 5'01010
  transition:       2'01 4'---1 ->       2'00 5'01000
Extracting FSM `\jst' from module `\ue_v14_real_1engine'.
  found $dff cell for state register: $procdff$2867
  root of input selection tree: $0\jst[2:0]
  found reset state: 3'000 (guessed from mux tree)
  found ctrl input: \rst
  found ctrl input: $procmux$1574_CMP
  found ctrl input: $procmux$1592_CMP
  found ctrl input: $procmux$1580_CMP
  found ctrl input: $procmux$1601_CMP
  found ctrl input: $procmux$1581_CMP
  found ctrl input: \start
  found state code: 3'000
  found ctrl input: $eq$ue_v14_real_1engine_0610.v:9216$7_Y
  found state code: 3'001
  found ctrl input: \m_done
  found ctrl input: $eq$ue_v14_real_1engine_0610.v:9211$6_Y
  found state code: 3'100
  found state code: 3'011
  found state code: 3'010
  found ctrl output: $procmux$1574_CMP
  found ctrl output: $procmux$1580_CMP
  found ctrl output: $procmux$1581_CMP
  found ctrl output: $procmux$1592_CMP
  found ctrl output: $procmux$1601_CMP
  ctrl inputs: { $eq$ue_v14_real_1engine_0610.v:9216$7_Y $eq$ue_v14_real_1engine_0610.v:9211$6_Y \m_done \start \rst }
  ctrl outputs: { $procmux$1601_CMP $procmux$1592_CMP $procmux$1581_CMP $procmux$1580_CMP $procmux$1574_CMP $0\jst[2:0] }
  transition:      3'000 5'---00 ->      3'000 8'00100000
  transition:      3'000 5'---10 ->      3'001 8'00100001
  transition:      3'000 5'----1 ->      3'000 8'00100000
  transition:      3'100 5'0---0 ->      3'100 8'01000100
  transition:      3'100 5'1---0 ->      3'001 8'01000001
  transition:      3'100 5'----1 ->      3'000 8'01000000
  transition:      3'010 5'-00-0 ->      3'100 8'00010100
  transition:      3'010 5'-10-0 ->      3'011 8'00010011
  transition:      3'010 5'--1-0 ->      3'010 8'00010010
  transition:      3'010 5'----1 ->      3'000 8'00010000
  transition:      3'001 5'--0-0 ->      3'001 8'10000001
  transition:      3'001 5'--1-0 ->      3'010 8'10000010
  transition:      3'001 5'----1 ->      3'000 8'10000000
  transition:      3'011 5'---00 ->      3'000 8'00001000
  transition:      3'011 5'---10 ->      3'011 8'00001011
  transition:      3'011 5'----1 ->      3'000 8'00001000

15.7.3. Executing FSM_OPT pass (simple optimizations of FSMs).
Optimizing FSM `$fsm$\state$2874' from module `\ue_v12_complex_pipe'.
Optimizing FSM `$fsm$\jst$2879' from module `\ue_v14_real_1engine'.

15.7.4. Executing OPT_CLEAN pass (remove unused cells and wires).
Finding unused cells or wires in module \f3_add..
Finding unused cells or wires in module \f3_mul..
Finding unused cells or wires in module \f3_sub3..
Finding unused cells or wires in module \f9_mul..
Finding unused cells or wires in module \sb15_f9_pipe..
Finding unused cells or wires in module \sb16_f9_pipe..
Finding unused cells or wires in module \u1_r3_1engine..
Finding unused cells or wires in module \ub_complex_31_pipe4..
Finding unused cells or wires in module \ue_v12_complex_pipe..
Finding unused cells or wires in module \ue_v14_real_1engine..
Removed 24 unused cells and 24 unused wires.
<suppressed ~26 debug messages>

15.7.5. Executing FSM_OPT pass (simple optimizations of FSMs).
Optimizing FSM `$fsm$\state$2874' from module `\ue_v12_complex_pipe'.
  Removing unused output signal $0\state[1:0] [0].
  Removing unused output signal $0\state[1:0] [1].
Optimizing FSM `$fsm$\jst$2879' from module `\ue_v14_real_1engine'.
  Removing unused output signal $0\jst[2:0] [0].
  Removing unused output signal $0\jst[2:0] [1].
  Removing unused output signal $0\jst[2:0] [2].

15.7.6. Executing FSM_RECODE pass (re-assigning FSM state encoding).
Recoding FSM `$fsm$\state$2874' from module `\ue_v12_complex_pipe' using `auto' encoding:
  mapping auto encoding to `one-hot` for this FSM.
  00 -> --1
  10 -> -1-
  01 -> 1--
Recoding FSM `$fsm$\jst$2879' from module `\ue_v14_real_1engine' using `auto' encoding:
  mapping auto encoding to `one-hot` for this FSM.
  000 -> ----1
  100 -> ---1-
  010 -> --1--
  001 -> -1---
  011 -> 1----

15.7.7. Executing FSM_INFO pass (dumping all available information on FSM cells).

FSM `$fsm$\state$2874' from module `ue_v12_complex_pipe':
-------------------------------------

  Information on FSM $fsm$\state$2874 (\state):

  Number of input signals:    4
  Number of output signals:   3
  Number of state bits:       3

  Input signals:
    0: \rst
    1: \start
    2: \eng_vout
    3: $eq$ue_v12_complex_pipe_0610.v:2333$25_Y

  Output signals:
    0: $procmux$1144_CMP
    1: $procmux$1150_CMP
    2: $procmux$1153_CMP

  State encoding:
    0:      3'--1  <RESET STATE>
    1:      3'-1-
    2:      3'1--

  Transition Table (state_in, ctrl_in, state_out, ctrl_out):
      0:     0 4'--00   ->     0 3'100
      1:     0 4'---1   ->     0 3'100
      2:     0 4'--10   ->     2 3'100
      3:     1 4'--00   ->     0 3'001
      4:     1 4'---1   ->     0 3'001
      5:     1 4'--10   ->     1 3'001
      6:     2 4'---1   ->     0 3'010
      7:     2 4'11-0   ->     1 3'010
      8:     2 4'-0-0   ->     2 3'010
      9:     2 4'01-0   ->     2 3'010

-------------------------------------

FSM `$fsm$\jst$2879' from module `ue_v14_real_1engine':
-------------------------------------

  Information on FSM $fsm$\jst$2879 (\jst):

  Number of input signals:    5
  Number of output signals:   5
  Number of state bits:       5

  Input signals:
    0: \rst
    1: \start
    2: \m_done
    3: $eq$ue_v14_real_1engine_0610.v:9211$6_Y
    4: $eq$ue_v14_real_1engine_0610.v:9216$7_Y

  Output signals:
    0: $procmux$1574_CMP
    1: $procmux$1580_CMP
    2: $procmux$1581_CMP
    3: $procmux$1592_CMP
    4: $procmux$1601_CMP

  State encoding:
    0:    5'----1  <RESET STATE>
    1:    5'---1-
    2:    5'--1--
    3:    5'-1---
    4:    5'1----

  Transition Table (state_in, ctrl_in, state_out, ctrl_out):
      0:     0 5'---00   ->     0 5'00100
      1:     0 5'----1   ->     0 5'00100
      2:     0 5'---10   ->     3 5'00100
      3:     1 5'----1   ->     0 5'01000
      4:     1 5'0---0   ->     1 5'01000
      5:     1 5'1---0   ->     3 5'01000
      6:     2 5'----1   ->     0 5'00010
      7:     2 5'-00-0   ->     1 5'00010
      8:     2 5'--1-0   ->     2 5'00010
      9:     2 5'-10-0   ->     4 5'00010
     10:     3 5'----1   ->     0 5'10000
     11:     3 5'--1-0   ->     2 5'10000
     12:     3 5'--0-0   ->     3 5'10000
     13:     4 5'---00   ->     0 5'00001
     14:     4 5'----1   ->     0 5'00001
     15:     4 5'---10   ->     4 5'00001

-------------------------------------

15.7.8. Executing FSM_MAP pass (mapping FSMs to basic logic).
Mapping FSM `$fsm$\state$2874' from module `\ue_v12_complex_pipe'.
Mapping FSM `$fsm$\jst$2879' from module `\ue_v14_real_1engine'.

15.8. Executing OPT pass (performing simple optimizations).

15.8.1. Executing OPT_EXPR pass (perform const folding).
Optimizing module f3_add.
Optimizing module f3_mul.
Optimizing module f3_sub3.
Optimizing module f9_mul.
Optimizing module sb15_f9_pipe.
Optimizing module sb16_f9_pipe.
Optimizing module u1_r3_1engine.
Optimizing module ub_complex_31_pipe4.
Optimizing module ue_v12_complex_pipe.
<suppressed ~3 debug messages>
Optimizing module ue_v14_real_1engine.
<suppressed ~5 debug messages>

15.8.2. Executing OPT_MERGE pass (detect identical cells).
Finding identical cells in module `\f3_add'.
Finding identical cells in module `\f3_mul'.
Finding identical cells in module `\f3_sub3'.
Finding identical cells in module `\f9_mul'.
Finding identical cells in module `\sb15_f9_pipe'.
Finding identical cells in module `\sb16_f9_pipe'.
Finding identical cells in module `\u1_r3_1engine'.
Finding identical cells in module `\ub_complex_31_pipe4'.
Finding identical cells in module `\ue_v12_complex_pipe'.
<suppressed ~3 debug messages>
Finding identical cells in module `\ue_v14_real_1engine'.
<suppressed ~3 debug messages>
Removed a total of 2 cells.

15.8.3. Executing OPT_MUXTREE pass (detect dead branches in mux trees).
Running muxtree optimizer on module \f3_add..
  Creating internal representation of mux trees.
  Evaluating internal representation of mux trees.
  Analyzing evaluation results.
Running muxtree optimizer on module \f3_mul..
  Creating internal representation of mux trees.
  Evaluating internal representation of mux trees.
  Analyzing evaluation results.
Running muxtree optimizer on module \f3_sub3..
  Creating internal representation of mux trees.
  Evaluating internal representation of mux trees.
  Analyzing evaluation results.
Running muxtree optimizer on module \f9_mul..
  Creating internal representation of mux trees.
  Evaluating internal representation of mux trees.
  Analyzing evaluation results.
Running muxtree optimizer on module \sb15_f9_pipe..
  Creating internal representation of mux trees.
  No muxes found in this module.
Running muxtree optimizer on module \sb16_f9_pipe..
  Creating internal representation of mux trees.
  No muxes found in this module.
Running muxtree optimizer on module \u1_r3_1engine..
  Creating internal representation of mux trees.
  No muxes found in this module.
Running muxtree optimizer on module \ub_complex_31_pipe4..
  Creating internal representation of mux trees.
  Evaluating internal representation of mux trees.
  Analyzing evaluation results.
Running muxtree optimizer on module \ue_v12_complex_pipe..
  Creating internal representation of mux trees.
  Evaluating internal representation of mux trees.
  Analyzing evaluation results.
Running muxtree optimizer on module \ue_v14_real_1engine..
  Creating internal representation of mux trees.
  Evaluating internal representation of mux trees.
  Analyzing evaluation results.
Removed 0 multiplexer ports.
<suppressed ~77 debug messages>

15.8.4. Executing OPT_REDUCE pass (consolidate $*mux and $reduce_* inputs).
  Optimizing cells in module \f3_add.
  Optimizing cells in module \f3_mul.
  Optimizing cells in module \f3_sub3.
  Optimizing cells in module \f9_mul.
  Optimizing cells in module \sb15_f9_pipe.
  Optimizing cells in module \sb16_f9_pipe.
  Optimizing cells in module \u1_r3_1engine.
  Optimizing cells in module \ub_complex_31_pipe4.
  Optimizing cells in module \ue_v12_complex_pipe.
  Optimizing cells in module \ue_v14_real_1engine.
Performed a total of 0 changes.

15.8.5. Executing OPT_MERGE pass (detect identical cells).
Finding identical cells in module `\f3_add'.
Finding identical cells in module `\f3_mul'.
Finding identical cells in module `\f3_sub3'.
Finding identical cells in module `\f9_mul'.
Finding identical cells in module `\sb15_f9_pipe'.
Finding identical cells in module `\sb16_f9_pipe'.
Finding identical cells in module `\u1_r3_1engine'.
Finding identical cells in module `\ub_complex_31_pipe4'.
Finding identical cells in module `\ue_v12_complex_pipe'.
Finding identical cells in module `\ue_v14_real_1engine'.
Removed a total of 0 cells.

15.8.6. Executing OPT_DFF pass (perform DFF optimizations).
Adding SRST signal on $procdff$2822 ($dff) from module ub_complex_31_pipe4 (D = \valid_in, Q = \v1, rval = 1'0).
Adding SRST signal on $procdff$2821 ($dff) from module ub_complex_31_pipe4 (D = $procmux$1080_Y, Q = \B1i_1, rval = 30'000000000000000000000000000000).
Adding EN signal on $auto$ff.cc:266:slice$2972 ($sdff) from module ub_complex_31_pipe4 (D = \bi [61:32], Q = \B1i_1).
Adding SRST signal on $procdff$2820 ($dff) from module ub_complex_31_pipe4 (D = $procmux$1085_Y, Q = \A1i_1, rval = 30'000000000000000000000000000000).
Adding EN signal on $auto$ff.cc:266:slice$2974 ($sdff) from module ub_complex_31_pipe4 (D = \ai [61:32], Q = \A1i_1).
Adding SRST signal on $procdff$2819 ($dff) from module ub_complex_31_pipe4 (D = $procmux$1090_Y, Q = \B0i_1, rval = 0).
Adding EN signal on $auto$ff.cc:266:slice$2976 ($sdff) from module ub_complex_31_pipe4 (D = \bi [31:0], Q = \B0i_1).
Adding SRST signal on $procdff$2818 ($dff) from module ub_complex_31_pipe4 (D = $procmux$1095_Y, Q = \A0i_1, rval = 0).
Adding EN signal on $auto$ff.cc:266:slice$2978 ($sdff) from module ub_complex_31_pipe4 (D = \ai [31:0], Q = \A0i_1).
Adding SRST signal on $procdff$2817 ($dff) from module ub_complex_31_pipe4 (D = $procmux$1100_Y, Q = \SBi_1, rval = 0).
Adding EN signal on $auto$ff.cc:266:slice$2980 ($sdff) from module ub_complex_31_pipe4 (D = { \bi [31:30] \sbi14_w \sbi13_w \sbi12_w \sbi11_w \sbi10_w \sbi9_w \sbi8_w \sbi7_w \sbi6_w \sbi5_w \sbi4_w \sbi3_w \sbi2_w \sbi1_w \sbi0_w }, Q = \SBi_1).
Adding SRST signal on $procdff$2816 ($dff) from module ub_complex_31_pipe4 (D = $procmux$1105_Y, Q = \SAi_1, rval = 0).
Adding EN signal on $auto$ff.cc:266:slice$2982 ($sdff) from module ub_complex_31_pipe4 (D = { \ai [31:30] \sai14_w \sai13_w \sai12_w \sai11_w \sai10_w \sai9_w \sai8_w \sai7_w \sai6_w \sai5_w \sai4_w \sai3_w \sai2_w \sai1_w \sai0_w }, Q = \SAi_1).
Adding SRST signal on $procdff$2815 ($dff) from module ub_complex_31_pipe4 (D = $procmux$1110_Y, Q = \B1r_1, rval = 30'000000000000000000000000000000).
Adding EN signal on $auto$ff.cc:266:slice$2984 ($sdff) from module ub_complex_31_pipe4 (D = \br [61:32], Q = \B1r_1).
Adding SRST signal on $procdff$2814 ($dff) from module ub_complex_31_pipe4 (D = $procmux$1115_Y, Q = \A1r_1, rval = 30'000000000000000000000000000000).
Adding EN signal on $auto$ff.cc:266:slice$2986 ($sdff) from module ub_complex_31_pipe4 (D = \ar [61:32], Q = \A1r_1).
Adding SRST signal on $procdff$2813 ($dff) from module ub_complex_31_pipe4 (D = $procmux$1120_Y, Q = \B0r_1, rval = 0).
Adding EN signal on $auto$ff.cc:266:slice$2988 ($sdff) from module ub_complex_31_pipe4 (D = \br [31:0], Q = \B0r_1).
Adding SRST signal on $procdff$2812 ($dff) from module ub_complex_31_pipe4 (D = $procmux$1125_Y, Q = \A0r_1, rval = 0).
Adding EN signal on $auto$ff.cc:266:slice$2990 ($sdff) from module ub_complex_31_pipe4 (D = \ar [31:0], Q = \A0r_1).
Adding SRST signal on $procdff$2811 ($dff) from module ub_complex_31_pipe4 (D = $procmux$1130_Y, Q = \SBr_1, rval = 0).
Adding EN signal on $auto$ff.cc:266:slice$2992 ($sdff) from module ub_complex_31_pipe4 (D = { \br [31:30] \sbr14_w \sbr13_w \sbr12_w \sbr11_w \sbr10_w \sbr9_w \sbr8_w \sbr7_w \sbr6_w \sbr5_w \sbr4_w \sbr3_w \sbr2_w \sbr1_w \sbr0_w }, Q = \SBr_1).
Adding SRST signal on $procdff$2810 ($dff) from module ub_complex_31_pipe4 (D = $procmux$1135_Y, Q = \SAr_1, rval = 0).
Adding EN signal on $auto$ff.cc:266:slice$2994 ($sdff) from module ub_complex_31_pipe4 (D = { \ar [31:30] \sar14_w \sar13_w \sar12_w \sar11_w \sar10_w \sar9_w \sar8_w \sar7_w \sar6_w \sar5_w \sar4_w \sar3_w \sar2_w \sar1_w \sar0_w }, Q = \SAr_1).
Adding SRST signal on $procdff$2809 ($dff) from module ub_complex_31_pipe4 (D = \v1, Q = \vsb, rval = 1'0).
Adding SRST signal on $procdff$2808 ($dff) from module ub_complex_31_pipe4 (D = \vsb, Q = \v2, rval = 1'0).
Adding SRST signal on $procdff$2807 ($dff) from module ub_complex_31_pipe4 (D = $procmux$1044_Y, Q = \P3i_2, rval = 58'0000000000000000000000000000000000000000000000000000000000).
Adding EN signal on $auto$ff.cc:266:slice$2998 ($sdff) from module ub_complex_31_pipe4 (D = \P3i_w, Q = \P3i_2).
Adding SRST signal on $procdff$2806 ($dff) from module ub_complex_31_pipe4 (D = $procmux$1049_Y, Q = \P3r_2, rval = 58'0000000000000000000000000000000000000000000000000000000000).
Adding EN signal on $auto$ff.cc:266:slice$3000 ($sdff) from module ub_complex_31_pipe4 (D = \P3r_w, Q = \P3r_2).
Adding SRST signal on $procdff$2805 ($dff) from module ub_complex_31_pipe4 (D = $procmux$1054_Y, Q = \P2i_2, rval = 62'00000000000000000000000000000000000000000000000000000000000000).
Adding EN signal on $auto$ff.cc:266:slice$3002 ($sdff) from module ub_complex_31_pipe4 (D = \P2i_w, Q = \P2i_2).
Adding SRST signal on $procdff$2804 ($dff) from module ub_complex_31_pipe4 (D = $procmux$1059_Y, Q = \P2r_2, rval = 62'00000000000000000000000000000000000000000000000000000000000000).
Adding EN signal on $auto$ff.cc:266:slice$3004 ($sdff) from module ub_complex_31_pipe4 (D = \P2r_w, Q = \P2r_2).
Adding SRST signal on $procdff$2803 ($dff) from module ub_complex_31_pipe4 (D = $procmux$1064_Y, Q = \P1i_2, rval = 62'00000000000000000000000000000000000000000000000000000000000000).
Adding EN signal on $auto$ff.cc:266:slice$3006 ($sdff) from module ub_complex_31_pipe4 (D = \P1i_w, Q = \P1i_2).
Adding SRST signal on $procdff$2802 ($dff) from module ub_complex_31_pipe4 (D = $procmux$1069_Y, Q = \P1r_2, rval = 62'00000000000000000000000000000000000000000000000000000000000000).
Adding EN signal on $auto$ff.cc:266:slice$3008 ($sdff) from module ub_complex_31_pipe4 (D = \P1r_w, Q = \P1r_2).
Adding SRST signal on $procdff$2801 ($dff) from module ub_complex_31_pipe4 (D = \v2, Q = \valid_out, rval = 1'0).
Adding SRST signal on $procdff$2800 ($dff) from module ub_complex_31_pipe4 (D = $procmux$1031_Y, Q = \ci, rval = 122'00000000000000000000000000000000000000000000000000000000000000000000000000000000000000000000000000000000000000000000000000).
Adding EN signal on $auto$ff.cc:266:slice$3011 ($sdff) from module ub_complex_31_pipe4 (D = { \P3i_2 [57:30] \Ci46_2 \Ci45_2 \Ci44_3 \Ci43_3 \Ci42_3 \Ci41_3 \Ci40_3 \Ci39_3 \Ci38_3 \Ci37_3 \Ci36_3 \Ci35_3 \Ci34_3 \Ci33_3 \Ci32_3 \Ci31_2 \Ci30_2 \Ci29_2 \Ci28_2 \Ci27_2 \Ci26_2 \Ci25_2 \Ci24_2 \Ci23_2 \Ci22_2 \Ci21_2 \Ci20_2 \Ci19_2 \Ci18_2 \Ci17_2 \Ci16_2 \P1i_2 [31:0] }, Q = \ci).
Adding SRST signal on $procdff$2799 ($dff) from module ub_complex_31_pipe4 (D = $procmux$1036_Y, Q = \cr, rval = 122'00000000000000000000000000000000000000000000000000000000000000000000000000000000000000000000000000000000000000000000000000).
Adding EN signal on $auto$ff.cc:266:slice$3013 ($sdff) from module ub_complex_31_pipe4 (D = { \P3r_2 [57:30] \Cr46_2 \Cr45_2 \Cr44_3 \Cr43_3 \Cr42_3 \Cr41_3 \Cr40_3 \Cr39_3 \Cr38_3 \Cr37_3 \Cr36_3 \Cr35_3 \Cr34_3 \Cr33_3 \Cr32_3 \Cr31_2 \Cr30_2 \Cr29_2 \Cr28_2 \Cr27_2 \Cr26_2 \Cr25_2 \Cr24_2 \Cr23_2 \Cr22_2 \Cr21_2 \Cr20_2 \Cr19_2 \Cr18_2 \Cr17_2 \Cr16_2 \P1r_2 [31:0] }, Q = \cr).
Adding SRST signal on $procdff$2851 ($dff) from module ue_v12_complex_pipe (D = $procmux$1512_Y, Q = \rx_vin, rval = 1'0).
Adding SRST signal on $procdff$2850 ($dff) from module ue_v12_complex_pipe (D = \mux_bi, Q = \rx_bi, rval = 62'00000000000000000000000000000000000000000000000000000000000000).
Adding SRST signal on $procdff$2849 ($dff) from module ue_v12_complex_pipe (D = \mux_br, Q = \rx_br, rval = 62'00000000000000000000000000000000000000000000000000000000000000).
Adding SRST signal on $procdff$2848 ($dff) from module ue_v12_complex_pipe (D = \mux_ai, Q = \rx_ai, rval = 62'00000000000000000000000000000000000000000000000000000000000000).
Adding SRST signal on $procdff$2847 ($dff) from module ue_v12_complex_pipe (D = \mux_ar, Q = \rx_ar, rval = 62'00000000000000000000000000000000000000000000000000000000000000).
Adding SRST signal on $procdff$2845 ($dff) from module ue_v12_complex_pipe (D = $procmux$1164_Y, Q = \out_idx, rval = 4'0000).
Adding EN signal on $auto$ff.cc:266:slice$3036 ($sdff) from module ue_v12_complex_pipe (D = $procmux$1164_Y, Q = \out_idx).
Adding EN signal on $procdff$2844 ($dff) from module ue_v12_complex_pipe (D = \eng_ci, Q = \p8i_reg).
Adding EN signal on $procdff$2843 ($dff) from module ue_v12_complex_pipe (D = \eng_cr, Q = \p8r_reg).
Adding EN signal on $procdff$2842 ($dff) from module ue_v12_complex_pipe (D = \eng_ci, Q = \p7i_reg).
Adding EN signal on $procdff$2841 ($dff) from module ue_v12_complex_pipe (D = \eng_cr, Q = \p7r_reg).
Adding EN signal on $procdff$2840 ($dff) from module ue_v12_complex_pipe (D = \eng_ci, Q = \p6i_reg).
Adding EN signal on $procdff$2839 ($dff) from module ue_v12_complex_pipe (D = \eng_cr, Q = \p6r_reg).
Adding EN signal on $procdff$2838 ($dff) from module ue_v12_complex_pipe (D = \eng_ci, Q = \p5i_reg).
Adding EN signal on $procdff$2837 ($dff) from module ue_v12_complex_pipe (D = \eng_cr, Q = \p5r_reg).
Adding EN signal on $procdff$2836 ($dff) from module ue_v12_complex_pipe (D = \eng_ci, Q = \p4i_reg).
Adding EN signal on $procdff$2835 ($dff) from module ue_v12_complex_pipe (D = \eng_cr, Q = \p4r_reg).
Adding EN signal on $procdff$2834 ($dff) from module ue_v12_complex_pipe (D = \eng_ci, Q = \p3i_reg).
Adding EN signal on $procdff$2833 ($dff) from module ue_v12_complex_pipe (D = \eng_cr, Q = \p3r_reg).
Adding EN signal on $procdff$2832 ($dff) from module ue_v12_complex_pipe (D = \eng_ci, Q = \p2i_reg).
Adding EN signal on $procdff$2831 ($dff) from module ue_v12_complex_pipe (D = \eng_cr, Q = \p2r_reg).
Adding EN signal on $procdff$2830 ($dff) from module ue_v12_complex_pipe (D = \eng_ci, Q = \p1i_reg).
Adding EN signal on $procdff$2829 ($dff) from module ue_v12_complex_pipe (D = \eng_cr, Q = \p1r_reg).
Adding EN signal on $procdff$2828 ($dff) from module ue_v12_complex_pipe (D = \eng_ci, Q = \p0i_reg).
Adding EN signal on $procdff$2827 ($dff) from module ue_v12_complex_pipe (D = \eng_cr, Q = \p0r_reg).
Adding SRST signal on $procdff$2826 ($dff) from module ue_v12_complex_pipe (D = $procmux$1449_Y, Q = \eng_vin, rval = 1'0).
Adding EN signal on $auto$ff.cc:266:slice$3138 ($sdff) from module ue_v12_complex_pipe (D = $procmux$1449_Y, Q = \eng_vin).
Adding SRST signal on $procdff$2825 ($dff) from module ue_v12_complex_pipe (D = $procmux$1464_Y, Q = \job_idx, rval = 4'0000).
Adding EN signal on $auto$ff.cc:266:slice$3142 ($sdff) from module ue_v12_complex_pipe (D = $procmux$1464_Y, Q = \job_idx).
Adding SRST signal on $procdff$2824 ($dff) from module ue_v12_complex_pipe (D = $procmux$1474_Y, Q = \cycle_count, rval = 16'0000000000000000).
Adding EN signal on $auto$ff.cc:266:slice$3154 ($sdff) from module ue_v12_complex_pipe (D = $procmux$1474_Y, Q = \cycle_count).
Adding SRST signal on $procdff$2823 ($dff) from module ue_v12_complex_pipe (D = $procmux$1481_Y, Q = \done, rval = 1'0).
Adding EN signal on $auto$ff.cc:266:slice$3158 ($sdff) from module ue_v12_complex_pipe (D = $procmux$1481_Y, Q = \done).
Adding SRST signal on $procdff$2873 ($dff) from module ue_v14_real_1engine (D = \mstart, Q = \mr_start, rval = 1'0).
Adding EN signal on $procdff$2872 ($dff) from module ue_v14_real_1engine (D = \m_bi, Q = \mr_bi).
Adding EN signal on $procdff$2871 ($dff) from module ue_v14_real_1engine (D = \m_br, Q = \mr_br).
Adding EN signal on $procdff$2870 ($dff) from module ue_v14_real_1engine (D = \m_ai, Q = \mr_ai).
Adding EN signal on $procdff$2869 ($dff) from module ue_v14_real_1engine (D = \m_ar, Q = \mr_ar).
Adding SRST signal on $procdff$2868 ($dff) from module ue_v14_real_1engine (D = $procmux$1573_Y, Q = \jdone, rval = 1'0).
Adding EN signal on $auto$ff.cc:266:slice$3167 ($sdff) from module ue_v14_real_1engine (D = $procmux$1573_Y, Q = \jdone).
Adding EN signal on $procdff$2866 ($dff) from module ue_v14_real_1engine (D = \m_cr, Q = \p8r_full).
Adding EN signal on $procdff$2865 ($dff) from module ue_v14_real_1engine (D = \m_ci, Q = \p6i).
Adding EN signal on $procdff$2864 ($dff) from module ue_v14_real_1engine (D = \m_cr, Q = \p6r).
Adding EN signal on $procdff$2863 ($dff) from module ue_v14_real_1engine (D = \m_ci, Q = \p4i).
Adding EN signal on $procdff$2862 ($dff) from module ue_v14_real_1engine (D = \m_cr, Q = \p4r).
Adding EN signal on $procdff$2861 ($dff) from module ue_v14_real_1engine (D = \m_ci, Q = \p2i).
Adding EN signal on $procdff$2860 ($dff) from module ue_v14_real_1engine (D = \m_cr, Q = \p2r).
Adding EN signal on $procdff$2859 ($dff) from module ue_v14_real_1engine (D = \m_cr, Q = \p1r).
Adding EN signal on $procdff$2858 ($dff) from module ue_v14_real_1engine (D = \m_cr, Q = \p0r).
Adding SRST signal on $procdff$2857 ($dff) from module ue_v14_real_1engine (D = $procmux$1741_Y, Q = \mrst_cnt, rval = 3'000).
Adding EN signal on $auto$ff.cc:266:slice$3222 ($sdff) from module ue_v14_real_1engine (D = $procmux$1741_Y, Q = \mrst_cnt).
Adding SRST signal on $procdff$2856 ($dff) from module ue_v14_real_1engine (D = $procmux$1756_Y, Q = \mtr_rst, rval = 1'0).
Adding EN signal on $auto$ff.cc:266:slice$3234 ($sdff) from module ue_v14_real_1engine (D = $procmux$1756_Y, Q = \mtr_rst).
Adding SRST signal on $procdff$2855 ($dff) from module ue_v14_real_1engine (D = $procmux$1771_Y, Q = \mstart, rval = 1'0).
Adding EN signal on $auto$ff.cc:266:slice$3246 ($sdff) from module ue_v14_real_1engine (D = $procmux$1771_Y, Q = \mstart).
Adding SRST signal on $procdff$2854 ($dff) from module ue_v14_real_1engine (D = $procmux$1786_Y, Q = \mjob, rval = 3'000).
Adding EN signal on $auto$ff.cc:266:slice$3258 ($sdff) from module ue_v14_real_1engine (D = $procmux$1786_Y, Q = \mjob).
Adding SRST signal on $procdff$2853 ($dff) from module ue_v14_real_1engine (D = $procmux$1561_Y, Q = \counting, rval = 1'0).
Adding EN signal on $auto$ff.cc:266:slice$3268 ($sdff) from module ue_v14_real_1engine (D = 1'1, Q = \counting).
Adding SRST signal on $procdff$2852 ($dff) from module ue_v14_real_1engine (D = $procmux$1568_Y, Q = \cycle_count, rval = 16'0000000000000000).
Adding EN signal on $auto$ff.cc:266:slice$3272 ($sdff) from module ue_v14_real_1engine (D = $add$ue_v14_real_1engine_0610.v:9229$18_Y, Q = \cycle_count).

15.8.7. Executing OPT_CLEAN pass (remove unused cells and wires).
Finding unused cells or wires in module \f3_add..
Finding unused cells or wires in module \f3_mul..
Finding unused cells or wires in module \f3_sub3..
Finding unused cells or wires in module \f9_mul..
Finding unused cells or wires in module \sb15_f9_pipe..
Finding unused cells or wires in module \sb16_f9_pipe..
Finding unused cells or wires in module \u1_r3_1engine..
Finding unused cells or wires in module \ub_complex_31_pipe4..
Finding unused cells or wires in module \ue_v12_complex_pipe..
Finding unused cells or wires in module \ue_v14_real_1engine..
Removed 181 unused cells and 199 unused wires.
<suppressed ~184 debug messages>

15.8.8. Executing OPT_EXPR pass (perform const folding).
Optimizing module f3_add.
Optimizing module f3_mul.
Optimizing module f3_sub3.
Optimizing module f9_mul.
Optimizing module sb15_f9_pipe.
Optimizing module sb16_f9_pipe.
Optimizing module u1_r3_1engine.
Optimizing module ub_complex_31_pipe4.
Optimizing module ue_v12_complex_pipe.
<suppressed ~5 debug messages>
Optimizing module ue_v14_real_1engine.
<suppressed ~5 debug messages>

15.8.9. Rerunning OPT passes. (Maybe there is more to do..)

15.8.10. Executing OPT_MUXTREE pass (detect dead branches in mux trees).
Running muxtree optimizer on module \f3_add..
  Creating internal representation of mux trees.
  Evaluating internal representation of mux trees.
  Analyzing evaluation results.
Running muxtree optimizer on module \f3_mul..
  Creating internal representation of mux trees.
  Evaluating internal representation of mux trees.
  Analyzing evaluation results.
Running muxtree optimizer on module \f3_sub3..
  Creating internal representation of mux trees.
  Evaluating internal representation of mux trees.
  Analyzing evaluation results.
Running muxtree optimizer on module \f9_mul..
  Creating internal representation of mux trees.
  Evaluating internal representation of mux trees.
  Analyzing evaluation results.
Running muxtree optimizer on module \sb15_f9_pipe..
  Creating internal representation of mux trees.
  No muxes found in this module.
Running muxtree optimizer on module \sb16_f9_pipe..
  Creating internal representation of mux trees.
  No muxes found in this module.
Running muxtree optimizer on module \u1_r3_1engine..
  Creating internal representation of mux trees.
  No muxes found in this module.
Running muxtree optimizer on module \ub_complex_31_pipe4..
  Creating internal representation of mux trees.
  No muxes found in this module.
Running muxtree optimizer on module \ue_v12_complex_pipe..
  Creating internal representation of mux trees.
  Evaluating internal representation of mux trees.
  Analyzing evaluation results.
Running muxtree optimizer on module \ue_v14_real_1engine..
  Creating internal representation of mux trees.
  Evaluating internal representation of mux trees.
  Analyzing evaluation results.
Removed 0 multiplexer ports.
<suppressed ~23 debug messages>

15.8.11. Executing OPT_REDUCE pass (consolidate $*mux and $reduce_* inputs).
  Optimizing cells in module \f3_add.
  Optimizing cells in module \f3_mul.
  Optimizing cells in module \f3_sub3.
  Optimizing cells in module \f9_mul.
  Optimizing cells in module \sb15_f9_pipe.
  Optimizing cells in module \sb16_f9_pipe.
  Optimizing cells in module \u1_r3_1engine.
  Optimizing cells in module \ub_complex_31_pipe4.
  Optimizing cells in module \ue_v12_complex_pipe.
  Optimizing cells in module \ue_v14_real_1engine.
Performed a total of 0 changes.

15.8.12. Executing OPT_MERGE pass (detect identical cells).
Finding identical cells in module `\f3_add'.
Finding identical cells in module `\f3_mul'.
Finding identical cells in module `\f3_sub3'.
Finding identical cells in module `\f9_mul'.
Finding identical cells in module `\sb15_f9_pipe'.
Finding identical cells in module `\sb16_f9_pipe'.
Finding identical cells in module `\u1_r3_1engine'.
Finding identical cells in module `\ub_complex_31_pipe4'.
Finding identical cells in module `\ue_v12_complex_pipe'.
<suppressed ~111 debug messages>
Finding identical cells in module `\ue_v14_real_1engine'.
<suppressed ~54 debug messages>
Removed a total of 55 cells.

15.8.13. Executing OPT_DFF pass (perform DFF optimizations).

15.8.14. Executing OPT_CLEAN pass (remove unused cells and wires).
Finding unused cells or wires in module \f3_add..
Finding unused cells or wires in module \f3_mul..
Finding unused cells or wires in module \f3_sub3..
Finding unused cells or wires in module \f9_mul..
Finding unused cells or wires in module \sb15_f9_pipe..
Finding unused cells or wires in module \sb16_f9_pipe..
Finding unused cells or wires in module \u1_r3_1engine..
Finding unused cells or wires in module \ub_complex_31_pipe4..
Finding unused cells or wires in module \ue_v12_complex_pipe..
Finding unused cells or wires in module \ue_v14_real_1engine..
Removed 0 unused cells and 55 unused wires.
<suppressed ~2 debug messages>

15.8.15. Executing OPT_EXPR pass (perform const folding).
Optimizing module f3_add.
Optimizing module f3_mul.
Optimizing module f3_sub3.
Optimizing module f9_mul.
Optimizing module sb15_f9_pipe.
Optimizing module sb16_f9_pipe.
Optimizing module u1_r3_1engine.
Optimizing module ub_complex_31_pipe4.
Optimizing module ue_v12_complex_pipe.
Optimizing module ue_v14_real_1engine.

15.8.16. Rerunning OPT passes. (Maybe there is more to do..)

15.8.17. Executing OPT_MUXTREE pass (detect dead branches in mux trees).
Running muxtree optimizer on module \f3_add..
  Creating internal representation of mux trees.
  Evaluating internal representation of mux trees.
  Analyzing evaluation results.
Running muxtree optimizer on module \f3_mul..
  Creating internal representation of mux trees.
  Evaluating internal representation of mux trees.
  Analyzing evaluation results.
Running muxtree optimizer on module \f3_sub3..
  Creating internal representation of mux trees.
  Evaluating internal representation of mux trees.
  Analyzing evaluation results.
Running muxtree optimizer on module \f9_mul..
  Creating internal representation of mux trees.
  Evaluating internal representation of mux trees.
  Analyzing evaluation results.
Running muxtree optimizer on module \sb15_f9_pipe..
  Creating internal representation of mux trees.
  No muxes found in this module.
Running muxtree optimizer on module \sb16_f9_pipe..
  Creating internal representation of mux trees.
  No muxes found in this module.
Running muxtree optimizer on module \u1_r3_1engine..
  Creating internal representation of mux trees.
  No muxes found in this module.
Running muxtree optimizer on module \ub_complex_31_pipe4..
  Creating internal representation of mux trees.
  No muxes found in this module.
Running muxtree optimizer on module \ue_v12_complex_pipe..
  Creating internal representation of mux trees.
  Evaluating internal representation of mux trees.
  Analyzing evaluation results.
Running muxtree optimizer on module \ue_v14_real_1engine..
  Creating internal representation of mux trees.
  Evaluating internal representation of mux trees.
  Analyzing evaluation results.
Removed 0 multiplexer ports.
<suppressed ~24 debug messages>

15.8.18. Executing OPT_REDUCE pass (consolidate $*mux and $reduce_* inputs).
  Optimizing cells in module \f3_add.
  Optimizing cells in module \f3_mul.
  Optimizing cells in module \f3_sub3.
  Optimizing cells in module \f9_mul.
  Optimizing cells in module \sb15_f9_pipe.
  Optimizing cells in module \sb16_f9_pipe.
  Optimizing cells in module \u1_r3_1engine.
  Optimizing cells in module \ub_complex_31_pipe4.
  Optimizing cells in module \ue_v12_complex_pipe.
  Optimizing cells in module \ue_v14_real_1engine.
Performed a total of 0 changes.

15.8.19. Executing OPT_MERGE pass (detect identical cells).
Finding identical cells in module `\f3_add'.
Finding identical cells in module `\f3_mul'.
Finding identical cells in module `\f3_sub3'.
Finding identical cells in module `\f9_mul'.
Finding identical cells in module `\sb15_f9_pipe'.
Finding identical cells in module `\sb16_f9_pipe'.
Finding identical cells in module `\u1_r3_1engine'.
Finding identical cells in module `\ub_complex_31_pipe4'.
Finding identical cells in module `\ue_v12_complex_pipe'.
Finding identical cells in module `\ue_v14_real_1engine'.
Removed a total of 0 cells.

15.8.20. Executing OPT_DFF pass (perform DFF optimizations).

15.8.21. Executing OPT_CLEAN pass (remove unused cells and wires).
Finding unused cells or wires in module \f3_add..
Finding unused cells or wires in module \f3_mul..
Finding unused cells or wires in module \f3_sub3..
Finding unused cells or wires in module \f9_mul..
Finding unused cells or wires in module \sb15_f9_pipe..
Finding unused cells or wires in module \sb16_f9_pipe..
Finding unused cells or wires in module \u1_r3_1engine..
Finding unused cells or wires in module \ub_complex_31_pipe4..
Finding unused cells or wires in module \ue_v12_complex_pipe..
Finding unused cells or wires in module \ue_v14_real_1engine..

15.8.22. Executing OPT_EXPR pass (perform const folding).
Optimizing module f3_add.
Optimizing module f3_mul.
Optimizing module f3_sub3.
Optimizing module f9_mul.
Optimizing module sb15_f9_pipe.
Optimizing module sb16_f9_pipe.
Optimizing module u1_r3_1engine.
Optimizing module ub_complex_31_pipe4.
Optimizing module ue_v12_complex_pipe.
Optimizing module ue_v14_real_1engine.

15.8.23. Finished OPT passes. (There is nothing left to do.)

15.9. Executing WREDUCE pass (reducing word size of cells).
Removed top 30 bits (of 32) from port B of cell f3_add.$ge$f3_add.v:3$1021 ($ge).
Removed top 30 bits (of 32) from port B of cell f3_add.$sub$f3_add.v:3$1022 ($sub).
Removed top 28 bits (of 32) from port Y of cell f3_add.$sub$f3_add.v:3$1022 ($sub).
Removed top 30 bits (of 32) from mux cell f3_add.$ternary$f3_add.v:3$1024 ($mux).
Removed top 2 bits (of 4) from port Y of cell f3_add.$sub$f3_add.v:3$1022 ($sub).
Removed top 1 bits (of 3) from port A of cell f3_add.$sub$f3_add.v:3$1022 ($sub).
Removed top 30 bits (of 32) from wire f3_add.$sub$f3_add.v:3$1022_Y.
Removed top 30 bits (of 32) from port B of cell f3_mul.$ge$f3_mul.v:3$1016 ($ge).
Removed top 30 bits (of 32) from port B of cell f3_mul.$sub$f3_mul.v:3$1017 ($sub).
Removed top 27 bits (of 32) from port Y of cell f3_mul.$sub$f3_mul.v:3$1017 ($sub).
Removed top 30 bits (of 32) from mux cell f3_mul.$ternary$f3_mul.v:3$1019 ($mux).
Removed top 3 bits (of 5) from port Y of cell f3_mul.$sub$f3_mul.v:3$1017 ($sub).
Removed top 2 bits (of 4) from port A of cell f3_mul.$sub$f3_mul.v:3$1017 ($sub).
Removed top 30 bits (of 32) from wire f3_mul.$sub$f3_mul.v:3$1017_Y.
Removed top 30 bits (of 32) from port A of cell f9_mul.$sub$f9_mul.v:8$1012 ($sub).
Removed top 29 bits (of 32) from port Y of cell f9_mul.$sub$f9_mul.v:8$1012 ($sub).
Removed top 30 bits (of 32) from mux cell f9_mul.$ternary$f9_mul.v:8$1014 ($mux).
Removed top 1 bits (of 3) from port Y of cell f9_mul.$sub$f9_mul.v:8$1012 ($sub).
Removed top 30 bits (of 32) from wire f9_mul.$sub$f9_mul.v:8$1012_Y.
Removed top 1 bits (of 4) from port B of cell ue_v12_complex_pipe.$procmux$1198_CMP0 ($eq).
Removed top 1 bits (of 4) from port B of cell ue_v12_complex_pipe.$procmux$1223_CMP0 ($eq).
Removed top 1 bits (of 4) from port B of cell ue_v12_complex_pipe.$procmux$1250_CMP0 ($eq).
Removed top 1 bits (of 4) from port B of cell ue_v12_complex_pipe.$procmux$1279_CMP0 ($eq).
Removed top 2 bits (of 4) from port B of cell ue_v12_complex_pipe.$procmux$1310_CMP0 ($eq).
Removed top 2 bits (of 4) from port B of cell ue_v12_complex_pipe.$procmux$1343_CMP0 ($eq).
Removed top 3 bits (of 4) from port B of cell ue_v12_complex_pipe.$procmux$1378_CMP0 ($eq).
Removed top 1 bits (of 4) from port B of cell ue_v12_complex_pipe.$procmux$1520_CMP0 ($eq).
Removed top 1 bits (of 4) from port B of cell ue_v12_complex_pipe.$procmux$1521_CMP0 ($eq).
Removed top 1 bits (of 4) from port B of cell ue_v12_complex_pipe.$procmux$1522_CMP0 ($eq).
Removed top 1 bits (of 4) from port B of cell ue_v12_complex_pipe.$procmux$1523_CMP0 ($eq).
Removed top 2 bits (of 4) from port B of cell ue_v12_complex_pipe.$procmux$1524_CMP0 ($eq).
Removed top 2 bits (of 4) from port B of cell ue_v12_complex_pipe.$procmux$1525_CMP0 ($eq).
Removed top 3 bits (of 4) from port B of cell ue_v12_complex_pipe.$procmux$1526_CMP0 ($eq).
Removed top 1 bits (of 3) from port B of cell ue_v12_complex_pipe.$auto$fsm_map.cc:77:implement_pattern_cache$2917 ($eq).
Removed top 8 bits (of 122) from FF cell ue_v12_complex_pipe.$auto$ff.cc:266:slice$3053 ($dffe).
Removed top 8 bits (of 122) from FF cell ue_v12_complex_pipe.$auto$ff.cc:266:slice$3048 ($dffe).
Removed top 4 bits (of 62) from wire ue_v12_complex_pipe.ig_ai8.
Removed top 4 bits (of 62) from wire ue_v12_complex_pipe.ig_ar8.
Removed top 4 bits (of 62) from wire ue_v12_complex_pipe.ig_bi8.
Removed top 4 bits (of 62) from wire ue_v12_complex_pipe.ig_br8.
Removed top 8 bits (of 122) from wire ue_v12_complex_pipe.p8i_reg.
Removed top 8 bits (of 122) from wire ue_v12_complex_pipe.p8r_reg.
Removed top 2 bits (of 3) from port B of cell ue_v14_real_1engine.$sub$ue_v14_real_1engine_0610.v:9218$9 ($sub).
Removed top 15 bits (of 16) from port B of cell ue_v14_real_1engine.$add$ue_v14_real_1engine_0610.v:9229$18 ($add).
Removed top 1 bits (of 3) from port B of cell ue_v14_real_1engine.$procmux$1652_CMP0 ($eq).
Removed top 1 bits (of 3) from port B of cell ue_v14_real_1engine.$procmux$1681_CMP0 ($eq).
Removed top 2 bits (of 3) from port B of cell ue_v14_real_1engine.$procmux$1712_CMP0 ($eq).
Removed top 16 bits (of 610) from FF cell ue_v14_real_1engine.$auto$ff.cc:266:slice$3177 ($dffe).

15.10. Executing PEEPOPT pass (run peephole optimizers).

15.11. Executing OPT_CLEAN pass (remove unused cells and wires).
Finding unused cells or wires in module \f3_add..
Finding unused cells or wires in module \f3_mul..
Finding unused cells or wires in module \f3_sub3..
Finding unused cells or wires in module \f9_mul..
Finding unused cells or wires in module \sb15_f9_pipe..
Finding unused cells or wires in module \sb16_f9_pipe..
Finding unused cells or wires in module \u1_r3_1engine..
Finding unused cells or wires in module \ub_complex_31_pipe4..
Finding unused cells or wires in module \ue_v12_complex_pipe..
Finding unused cells or wires in module \ue_v14_real_1engine..
Removed 0 unused cells and 12 unused wires.
<suppressed ~4 debug messages>

15.12. Executing ALUMACC pass (create $alu and $macc cells).
Extracting $alu and $macc cells in module f3_add:
  creating $macc model for $add$f3_add.v:2$1020 ($add).
  creating $macc model for $sub$f3_add.v:3$1022 ($sub).
  creating $alu model for $macc $sub$f3_add.v:3$1022.
  creating $alu model for $macc $add$f3_add.v:2$1020.
  creating $alu model for $ge$f3_add.v:3$1021 ($ge): new $alu
  creating $alu cell for $ge$f3_add.v:3$1021: $auto$alumacc.cc:485:replace_alu$3284
  creating $alu cell for $add$f3_add.v:2$1020: $auto$alumacc.cc:485:replace_alu$3293
  creating $alu cell for $sub$f3_add.v:3$1022: $auto$alumacc.cc:485:replace_alu$3296
  created 3 $alu and 0 $macc cells.
Extracting $alu and $macc cells in module f3_mul:
  creating $macc model for $mul$f3_mul.v:2$1015 ($mul).
  creating $macc model for $sub$f3_mul.v:3$1017 ($sub).
  creating $alu model for $macc $sub$f3_mul.v:3$1017.
  creating $macc cell for $mul$f3_mul.v:2$1015: $auto$alumacc.cc:365:replace_macc$3299
  creating $alu model for $ge$f3_mul.v:3$1016 ($ge): new $alu
  creating $alu cell for $ge$f3_mul.v:3$1016: $auto$alumacc.cc:485:replace_alu$3301
  creating $alu cell for $sub$f3_mul.v:3$1017: $auto$alumacc.cc:485:replace_alu$3310
  created 2 $alu and 1 $macc cells.
Extracting $alu and $macc cells in module f3_sub3:
  creating $macc model for $sub$f3_sub3.v:3$1026 ($sub).
  creating $alu model for $macc $sub$f3_sub3.v:3$1026.
  creating $alu cell for $sub$f3_sub3.v:3$1026: $auto$alumacc.cc:485:replace_alu$3313
  created 1 $alu and 0 $macc cells.
Extracting $alu and $macc cells in module f9_mul:
  creating $macc model for $sub$f9_mul.v:8$1012 ($sub).
  creating $alu model for $macc $sub$f9_mul.v:8$1012.
  creating $alu cell for $sub$f9_mul.v:8$1012: $auto$alumacc.cc:485:replace_alu$3316
  created 1 $alu and 0 $macc cells.
Extracting $alu and $macc cells in module sb15_f9_pipe:
  created 0 $alu and 0 $macc cells.
Extracting $alu and $macc cells in module sb16_f9_pipe:
  created 0 $alu and 0 $macc cells.
Extracting $alu and $macc cells in module u1_r3_1engine:
  created 0 $alu and 0 $macc cells.
Extracting $alu and $macc cells in module ub_complex_31_pipe4:
  created 0 $alu and 0 $macc cells.
Extracting $alu and $macc cells in module ue_v12_complex_pipe:
  creating $macc model for $add$ue_v12_complex_pipe_0610.v:2314$22 ($add).
  creating $macc model for $add$ue_v12_complex_pipe_0610.v:2318$24 ($add).
  creating $macc model for $add$ue_v12_complex_pipe_0610.v:2334$26 ($add).
  creating $alu model for $macc $add$ue_v12_complex_pipe_0610.v:2334$26.
  creating $alu model for $macc $add$ue_v12_complex_pipe_0610.v:2318$24.
  creating $alu model for $macc $add$ue_v12_complex_pipe_0610.v:2314$22.
  creating $alu cell for $add$ue_v12_complex_pipe_0610.v:2314$22: $auto$alumacc.cc:485:replace_alu$3319
  creating $alu cell for $add$ue_v12_complex_pipe_0610.v:2318$24: $auto$alumacc.cc:485:replace_alu$3322
  creating $alu cell for $add$ue_v12_complex_pipe_0610.v:2334$26: $auto$alumacc.cc:485:replace_alu$3325
  created 3 $alu and 0 $macc cells.
Extracting $alu and $macc cells in module ue_v14_real_1engine:
  creating $macc model for $add$ue_v14_real_1engine_0610.v:9217$8 ($add).
  creating $macc model for $add$ue_v14_real_1engine_0610.v:9229$18 ($add).
  creating $macc model for $sub$ue_v14_real_1engine_0610.v:9218$9 ($sub).
  creating $alu model for $macc $sub$ue_v14_real_1engine_0610.v:9218$9.
  creating $alu model for $macc $add$ue_v14_real_1engine_0610.v:9229$18.
  creating $alu model for $macc $add$ue_v14_real_1engine_0610.v:9217$8.
  creating $alu cell for $add$ue_v14_real_1engine_0610.v:9217$8: $auto$alumacc.cc:485:replace_alu$3328
  creating $alu cell for $add$ue_v14_real_1engine_0610.v:9229$18: $auto$alumacc.cc:485:replace_alu$3331
  creating $alu cell for $sub$ue_v14_real_1engine_0610.v:9218$9: $auto$alumacc.cc:485:replace_alu$3334
  created 3 $alu and 0 $macc cells.

15.13. Executing SHARE pass (SAT-based resource sharing).

15.14. Executing OPT pass (performing simple optimizations).

15.14.1. Executing OPT_EXPR pass (perform const folding).
Optimizing module f3_add.
Optimizing module f3_mul.
Optimizing module f3_sub3.
Optimizing module f9_mul.
Optimizing module sb15_f9_pipe.
Optimizing module sb16_f9_pipe.
Optimizing module u1_r3_1engine.
Optimizing module ub_complex_31_pipe4.
Optimizing module ue_v12_complex_pipe.
Optimizing module ue_v14_real_1engine.

15.14.2. Executing OPT_MERGE pass (detect identical cells).
Finding identical cells in module `\f3_add'.
Finding identical cells in module `\f3_mul'.
Finding identical cells in module `\f3_sub3'.
Finding identical cells in module `\f9_mul'.
Finding identical cells in module `\sb15_f9_pipe'.
Finding identical cells in module `\sb16_f9_pipe'.
Finding identical cells in module `\u1_r3_1engine'.
Finding identical cells in module `\ub_complex_31_pipe4'.
Finding identical cells in module `\ue_v12_complex_pipe'.
Finding identical cells in module `\ue_v14_real_1engine'.
Removed a total of 0 cells.

15.14.3. Executing OPT_MUXTREE pass (detect dead branches in mux trees).
Running muxtree optimizer on module \f3_add..
  Creating internal representation of mux trees.
  Evaluating internal representation of mux trees.
  Analyzing evaluation results.
Running muxtree optimizer on module \f3_mul..
  Creating internal representation of mux trees.
  Evaluating internal representation of mux trees.
  Analyzing evaluation results.
Running muxtree optimizer on module \f3_sub3..
  Creating internal representation of mux trees.
  Evaluating internal representation of mux trees.
  Analyzing evaluation results.
Running muxtree optimizer on module \f9_mul..
  Creating internal representation of mux trees.
  Evaluating internal representation of mux trees.
  Analyzing evaluation results.
Running muxtree optimizer on module \sb15_f9_pipe..
  Creating internal representation of mux trees.
  No muxes found in this module.
Running muxtree optimizer on module \sb16_f9_pipe..
  Creating internal representation of mux trees.
  No muxes found in this module.
Running muxtree optimizer on module \u1_r3_1engine..
  Creating internal representation of mux trees.
  No muxes found in this module.
Running muxtree optimizer on module \ub_complex_31_pipe4..
  Creating internal representation of mux trees.
  No muxes found in this module.
Running muxtree optimizer on module \ue_v12_complex_pipe..
  Creating internal representation of mux trees.
  Evaluating internal representation of mux trees.
  Analyzing evaluation results.
Running muxtree optimizer on module \ue_v14_real_1engine..
  Creating internal representation of mux trees.
  Evaluating internal representation of mux trees.
  Analyzing evaluation results.
Removed 0 multiplexer ports.
<suppressed ~24 debug messages>

15.14.4. Executing OPT_REDUCE pass (consolidate $*mux and $reduce_* inputs).
  Optimizing cells in module \f3_add.
  Optimizing cells in module \f3_mul.
  Optimizing cells in module \f3_sub3.
  Optimizing cells in module \f9_mul.
  Optimizing cells in module \sb15_f9_pipe.
  Optimizing cells in module \sb16_f9_pipe.
  Optimizing cells in module \u1_r3_1engine.
  Optimizing cells in module \ub_complex_31_pipe4.
  Optimizing cells in module \ue_v12_complex_pipe.
  Optimizing cells in module \ue_v14_real_1engine.
Performed a total of 0 changes.

15.14.5. Executing OPT_MERGE pass (detect identical cells).
Finding identical cells in module `\f3_add'.
Finding identical cells in module `\f3_mul'.
Finding identical cells in module `\f3_sub3'.
Finding identical cells in module `\f9_mul'.
Finding identical cells in module `\sb15_f9_pipe'.
Finding identical cells in module `\sb16_f9_pipe'.
Finding identical cells in module `\u1_r3_1engine'.
Finding identical cells in module `\ub_complex_31_pipe4'.
Finding identical cells in module `\ue_v12_complex_pipe'.
Finding identical cells in module `\ue_v14_real_1engine'.
Removed a total of 0 cells.

15.14.6. Executing OPT_DFF pass (perform DFF optimizations).

15.14.7. Executing OPT_CLEAN pass (remove unused cells and wires).
Finding unused cells or wires in module \f3_add..
Finding unused cells or wires in module \f3_mul..
Finding unused cells or wires in module \f3_sub3..
Finding unused cells or wires in module \f9_mul..
Finding unused cells or wires in module \sb15_f9_pipe..
Finding unused cells or wires in module \sb16_f9_pipe..
Finding unused cells or wires in module \u1_r3_1engine..
Finding unused cells or wires in module \ub_complex_31_pipe4..
Finding unused cells or wires in module \ue_v12_complex_pipe..
Finding unused cells or wires in module \ue_v14_real_1engine..
Removed 0 unused cells and 2 unused wires.
<suppressed ~2 debug messages>

15.14.8. Executing OPT_EXPR pass (perform const folding).
Optimizing module f3_add.
Optimizing module f3_mul.
Optimizing module f3_sub3.
Optimizing module f9_mul.
Optimizing module sb15_f9_pipe.
Optimizing module sb16_f9_pipe.
Optimizing module u1_r3_1engine.
Optimizing module ub_complex_31_pipe4.
Optimizing module ue_v12_complex_pipe.
Optimizing module ue_v14_real_1engine.

15.14.9. Rerunning OPT passes. (Maybe there is more to do..)

15.14.10. Executing OPT_MUXTREE pass (detect dead branches in mux trees).
Running muxtree optimizer on module \f3_add..
  Creating internal representation of mux trees.
  Evaluating internal representation of mux trees.
  Analyzing evaluation results.
Running muxtree optimizer on module \f3_mul..
  Creating internal representation of mux trees.
  Evaluating internal representation of mux trees.
  Analyzing evaluation results.
Running muxtree optimizer on module \f3_sub3..
  Creating internal representation of mux trees.
  Evaluating internal representation of mux trees.
  Analyzing evaluation results.
Running muxtree optimizer on module \f9_mul..
  Creating internal representation of mux trees.
  Evaluating internal representation of mux trees.
  Analyzing evaluation results.
Running muxtree optimizer on module \sb15_f9_pipe..
  Creating internal representation of mux trees.
  No muxes found in this module.
Running muxtree optimizer on module \sb16_f9_pipe..
  Creating internal representation of mux trees.
  No muxes found in this module.
Running muxtree optimizer on module \u1_r3_1engine..
  Creating internal representation of mux trees.
  No muxes found in this module.
Running muxtree optimizer on module \ub_complex_31_pipe4..
  Creating internal representation of mux trees.
  No muxes found in this module.
Running muxtree optimizer on module \ue_v12_complex_pipe..
  Creating internal representation of mux trees.
  Evaluating internal representation of mux trees.
  Analyzing evaluation results.
Running muxtree optimizer on module \ue_v14_real_1engine..
  Creating internal representation of mux trees.
  Evaluating internal representation of mux trees.
  Analyzing evaluation results.
Removed 0 multiplexer ports.
<suppressed ~24 debug messages>

15.14.11. Executing OPT_REDUCE pass (consolidate $*mux and $reduce_* inputs).
  Optimizing cells in module \f3_add.
  Optimizing cells in module \f3_mul.
  Optimizing cells in module \f3_sub3.
  Optimizing cells in module \f9_mul.
  Optimizing cells in module \sb15_f9_pipe.
  Optimizing cells in module \sb16_f9_pipe.
  Optimizing cells in module \u1_r3_1engine.
  Optimizing cells in module \ub_complex_31_pipe4.
  Optimizing cells in module \ue_v12_complex_pipe.
  Optimizing cells in module \ue_v14_real_1engine.
Performed a total of 0 changes.

15.14.12. Executing OPT_MERGE pass (detect identical cells).
Finding identical cells in module `\f3_add'.
Finding identical cells in module `\f3_mul'.
Finding identical cells in module `\f3_sub3'.
Finding identical cells in module `\f9_mul'.
Finding identical cells in module `\sb15_f9_pipe'.
Finding identical cells in module `\sb16_f9_pipe'.
Finding identical cells in module `\u1_r3_1engine'.
Finding identical cells in module `\ub_complex_31_pipe4'.
Finding identical cells in module `\ue_v12_complex_pipe'.
Finding identical cells in module `\ue_v14_real_1engine'.
Removed a total of 0 cells.

15.14.13. Executing OPT_DFF pass (perform DFF optimizations).

15.14.14. Executing OPT_CLEAN pass (remove unused cells and wires).
Finding unused cells or wires in module \f3_add..
Finding unused cells or wires in module \f3_mul..
Finding unused cells or wires in module \f3_sub3..
Finding unused cells or wires in module \f9_mul..
Finding unused cells or wires in module \sb15_f9_pipe..
Finding unused cells or wires in module \sb16_f9_pipe..
Finding unused cells or wires in module \u1_r3_1engine..
Finding unused cells or wires in module \ub_complex_31_pipe4..
Finding unused cells or wires in module \ue_v12_complex_pipe..
Finding unused cells or wires in module \ue_v14_real_1engine..

15.14.15. Executing OPT_EXPR pass (perform const folding).
Optimizing module f3_add.
Optimizing module f3_mul.
Optimizing module f3_sub3.
Optimizing module f9_mul.
Optimizing module sb15_f9_pipe.
Optimizing module sb16_f9_pipe.
Optimizing module u1_r3_1engine.
Optimizing module ub_complex_31_pipe4.
Optimizing module ue_v12_complex_pipe.
Optimizing module ue_v14_real_1engine.

15.14.16. Finished OPT passes. (There is nothing left to do.)

15.15. Executing MEMORY pass.

15.15.1. Executing OPT_MEM pass (optimize memories).
Performed a total of 0 transformations.

15.15.2. Executing OPT_MEM_PRIORITY pass (removing unnecessary memory write priority relations).
Performed a total of 0 transformations.

15.15.3. Executing OPT_MEM_FEEDBACK pass (finding memory read-to-write feedback paths).

15.15.4. Executing MEMORY_BMUX2ROM pass (converting muxes to ROMs).

15.15.5. Executing MEMORY_DFF pass (merging $dff cells to $memrd).

15.15.6. Executing OPT_CLEAN pass (remove unused cells and wires).
Finding unused cells or wires in module \f3_add..
Finding unused cells or wires in module \f3_mul..
Finding unused cells or wires in module \f3_sub3..
Finding unused cells or wires in module \f9_mul..
Finding unused cells or wires in module \sb15_f9_pipe..
Finding unused cells or wires in module \sb16_f9_pipe..
Finding unused cells or wires in module \u1_r3_1engine..
Finding unused cells or wires in module \ub_complex_31_pipe4..
Finding unused cells or wires in module \ue_v12_complex_pipe..
Finding unused cells or wires in module \ue_v14_real_1engine..

15.15.7. Executing MEMORY_SHARE pass (consolidating $memrd/$memwr cells).

15.15.8. Executing OPT_MEM_WIDEN pass (optimize memories where all ports are wide).
Performed a total of 0 transformations.

15.15.9. Executing OPT_CLEAN pass (remove unused cells and wires).
Finding unused cells or wires in module \f3_add..
Finding unused cells or wires in module \f3_mul..
Finding unused cells or wires in module \f3_sub3..
Finding unused cells or wires in module \f9_mul..
Finding unused cells or wires in module \sb15_f9_pipe..
Finding unused cells or wires in module \sb16_f9_pipe..
Finding unused cells or wires in module \u1_r3_1engine..
Finding unused cells or wires in module \ub_complex_31_pipe4..
Finding unused cells or wires in module \ue_v12_complex_pipe..
Finding unused cells or wires in module \ue_v14_real_1engine..

15.15.10. Executing MEMORY_COLLECT pass (generating $mem cells).

15.16. Executing OPT_CLEAN pass (remove unused cells and wires).
Finding unused cells or wires in module \f3_add..
Finding unused cells or wires in module \f3_mul..
Finding unused cells or wires in module \f3_sub3..
Finding unused cells or wires in module \f9_mul..
Finding unused cells or wires in module \sb15_f9_pipe..
Finding unused cells or wires in module \sb16_f9_pipe..
Finding unused cells or wires in module \u1_r3_1engine..
Finding unused cells or wires in module \ub_complex_31_pipe4..
Finding unused cells or wires in module \ue_v12_complex_pipe..
Finding unused cells or wires in module \ue_v14_real_1engine..

15.17. Executing OPT pass (performing simple optimizations).

15.17.1. Executing OPT_EXPR pass (perform const folding).
Optimizing module f3_add.
<suppressed ~1 debug messages>
Optimizing module f3_mul.
<suppressed ~1 debug messages>
Optimizing module f3_sub3.
<suppressed ~4 debug messages>
Optimizing module f9_mul.
<suppressed ~4 debug messages>
Optimizing module sb15_f9_pipe.
Optimizing module sb16_f9_pipe.
Optimizing module u1_r3_1engine.
Optimizing module ub_complex_31_pipe4.
Optimizing module ue_v12_complex_pipe.
<suppressed ~14 debug messages>
Optimizing module ue_v14_real_1engine.
<suppressed ~32 debug messages>

15.17.2. Executing OPT_MERGE pass (detect identical cells).
Finding identical cells in module `\f3_add'.
Finding identical cells in module `\f3_mul'.
Finding identical cells in module `\f3_sub3'.
Finding identical cells in module `\f9_mul'.
Finding identical cells in module `\sb15_f9_pipe'.
Finding identical cells in module `\sb16_f9_pipe'.
Finding identical cells in module `\u1_r3_1engine'.
Finding identical cells in module `\ub_complex_31_pipe4'.
Finding identical cells in module `\ue_v12_complex_pipe'.
Finding identical cells in module `\ue_v14_real_1engine'.
Removed a total of 0 cells.

15.17.3. Executing OPT_DFF pass (perform DFF optimizations).

15.17.4. Executing OPT_CLEAN pass (remove unused cells and wires).
Finding unused cells or wires in module \f3_add..
Finding unused cells or wires in module \f3_mul..
Finding unused cells or wires in module \f3_sub3..
Finding unused cells or wires in module \f9_mul..
Finding unused cells or wires in module \sb15_f9_pipe..
Finding unused cells or wires in module \sb16_f9_pipe..
Finding unused cells or wires in module \u1_r3_1engine..
Finding unused cells or wires in module \ub_complex_31_pipe4..
Finding unused cells or wires in module \ue_v12_complex_pipe..
Finding unused cells or wires in module \ue_v14_real_1engine..
Removed 4 unused cells and 33 unused wires.
<suppressed ~10 debug messages>

15.17.5. Finished fast OPT passes.

15.18. Executing MEMORY_MAP pass (converting memories to logic and flip-flops).

15.19. Executing OPT pass (performing simple optimizations).

15.19.1. Executing OPT_EXPR pass (perform const folding).
Optimizing module f3_add.
Optimizing module f3_mul.
Optimizing module f3_sub3.
Optimizing module f9_mul.
Optimizing module sb15_f9_pipe.
Optimizing module sb16_f9_pipe.
Optimizing module u1_r3_1engine.
Optimizing module ub_complex_31_pipe4.
Optimizing module ue_v12_complex_pipe.
Optimizing module ue_v14_real_1engine.
<suppressed ~1 debug messages>

15.19.2. Executing OPT_MERGE pass (detect identical cells).
Finding identical cells in module `\f3_add'.
Finding identical cells in module `\f3_mul'.
Finding identical cells in module `\f3_sub3'.
Finding identical cells in module `\f9_mul'.
Finding identical cells in module `\sb15_f9_pipe'.
Finding identical cells in module `\sb16_f9_pipe'.
Finding identical cells in module `\u1_r3_1engine'.
Finding identical cells in module `\ub_complex_31_pipe4'.
Finding identical cells in module `\ue_v12_complex_pipe'.
Finding identical cells in module `\ue_v14_real_1engine'.
Removed a total of 0 cells.

15.19.3. Executing OPT_MUXTREE pass (detect dead branches in mux trees).
Running muxtree optimizer on module \f3_add..
  Creating internal representation of mux trees.
  Evaluating internal representation of mux trees.
  Analyzing evaluation results.
Running muxtree optimizer on module \f3_mul..
  Creating internal representation of mux trees.
  Evaluating internal representation of mux trees.
  Analyzing evaluation results.
Running muxtree optimizer on module \f3_sub3..
  Creating internal representation of mux trees.
  Evaluating internal representation of mux trees.
  Analyzing evaluation results.
Running muxtree optimizer on module \f9_mul..
  Creating internal representation of mux trees.
  Evaluating internal representation of mux trees.
  Analyzing evaluation results.
Running muxtree optimizer on module \sb15_f9_pipe..
  Creating internal representation of mux trees.
  No muxes found in this module.
Running muxtree optimizer on module \sb16_f9_pipe..
  Creating internal representation of mux trees.
  No muxes found in this module.
Running muxtree optimizer on module \u1_r3_1engine..
  Creating internal representation of mux trees.
  No muxes found in this module.
Running muxtree optimizer on module \ub_complex_31_pipe4..
  Creating internal representation of mux trees.
  No muxes found in this module.
Running muxtree optimizer on module \ue_v12_complex_pipe..
  Creating internal representation of mux trees.
  Evaluating internal representation of mux trees.
  Analyzing evaluation results.
Running muxtree optimizer on module \ue_v14_real_1engine..
  Creating internal representation of mux trees.
  Evaluating internal representation of mux trees.
  Analyzing evaluation results.
Removed 0 multiplexer ports.
<suppressed ~20 debug messages>

15.19.4. Executing OPT_REDUCE pass (consolidate $*mux and $reduce_* inputs).
  Optimizing cells in module \f3_add.
  Optimizing cells in module \f3_mul.
  Optimizing cells in module \f3_sub3.
  Optimizing cells in module \f9_mul.
  Optimizing cells in module \sb15_f9_pipe.
  Optimizing cells in module \sb16_f9_pipe.
  Optimizing cells in module \u1_r3_1engine.
  Optimizing cells in module \ub_complex_31_pipe4.
  Optimizing cells in module \ue_v12_complex_pipe.
  Optimizing cells in module \ue_v14_real_1engine.
    New ctrl vector for $pmux cell $procmux$1573: $auto$opt_reduce.cc:134:opt_pmux$3358
    New ctrl vector for $pmux cell $procmux$1771: \jst [3]
  Optimizing cells in module \ue_v14_real_1engine.
Performed a total of 2 changes.

15.19.5. Executing OPT_MERGE pass (detect identical cells).
Finding identical cells in module `\f3_add'.
Finding identical cells in module `\f3_mul'.
Finding identical cells in module `\f3_sub3'.
Finding identical cells in module `\f9_mul'.
Finding identical cells in module `\sb15_f9_pipe'.
Finding identical cells in module `\sb16_f9_pipe'.
Finding identical cells in module `\u1_r3_1engine'.
Finding identical cells in module `\ub_complex_31_pipe4'.
Finding identical cells in module `\ue_v12_complex_pipe'.
Finding identical cells in module `\ue_v14_real_1engine'.
Removed a total of 0 cells.

15.19.6. Executing OPT_SHARE pass.

15.19.7. Executing OPT_DFF pass (perform DFF optimizations).

15.19.8. Executing OPT_CLEAN pass (remove unused cells and wires).
Finding unused cells or wires in module \f3_add..
Finding unused cells or wires in module \f3_mul..
Finding unused cells or wires in module \f3_sub3..
Finding unused cells or wires in module \f9_mul..
Finding unused cells or wires in module \sb15_f9_pipe..
Finding unused cells or wires in module \sb16_f9_pipe..
Finding unused cells or wires in module \u1_r3_1engine..
Finding unused cells or wires in module \ub_complex_31_pipe4..
Finding unused cells or wires in module \ue_v12_complex_pipe..
Finding unused cells or wires in module \ue_v14_real_1engine..

15.19.9. Executing OPT_EXPR pass (perform const folding).
Optimizing module f3_add.
Optimizing module f3_mul.
Optimizing module f3_sub3.
Optimizing module f9_mul.
Optimizing module sb15_f9_pipe.
Optimizing module sb16_f9_pipe.
Optimizing module u1_r3_1engine.
Optimizing module ub_complex_31_pipe4.
Optimizing module ue_v12_complex_pipe.
Optimizing module ue_v14_real_1engine.
<suppressed ~2 debug messages>

15.19.10. Rerunning OPT passes. (Maybe there is more to do..)

15.19.11. Executing OPT_MUXTREE pass (detect dead branches in mux trees).
Running muxtree optimizer on module \f3_add..
  Creating internal representation of mux trees.
  Evaluating internal representation of mux trees.
  Analyzing evaluation results.
Running muxtree optimizer on module \f3_mul..
  Creating internal representation of mux trees.
  Evaluating internal representation of mux trees.
  Analyzing evaluation results.
Running muxtree optimizer on module \f3_sub3..
  Creating internal representation of mux trees.
  Evaluating internal representation of mux trees.
  Analyzing evaluation results.
Running muxtree optimizer on module \f9_mul..
  Creating internal representation of mux trees.
  Evaluating internal representation of mux trees.
  Analyzing evaluation results.
Running muxtree optimizer on module \sb15_f9_pipe..
  Creating internal representation of mux trees.
  No muxes found in this module.
Running muxtree optimizer on module \sb16_f9_pipe..
  Creating internal representation of mux trees.
  No muxes found in this module.
Running muxtree optimizer on module \u1_r3_1engine..
  Creating internal representation of mux trees.
  No muxes found in this module.
Running muxtree optimizer on module \ub_complex_31_pipe4..
  Creating internal representation of mux trees.
  No muxes found in this module.
Running muxtree optimizer on module \ue_v12_complex_pipe..
  Creating internal representation of mux trees.
  Evaluating internal representation of mux trees.
  Analyzing evaluation results.
Running muxtree optimizer on module \ue_v14_real_1engine..
  Creating internal representation of mux trees.
  Evaluating internal representation of mux trees.
  Analyzing evaluation results.
Removed 0 multiplexer ports.
<suppressed ~18 debug messages>

15.19.12. Executing OPT_REDUCE pass (consolidate $*mux and $reduce_* inputs).
  Optimizing cells in module \f3_add.
  Optimizing cells in module \f3_mul.
  Optimizing cells in module \f3_sub3.
  Optimizing cells in module \f9_mul.
  Optimizing cells in module \sb15_f9_pipe.
  Optimizing cells in module \sb16_f9_pipe.
  Optimizing cells in module \u1_r3_1engine.
  Optimizing cells in module \ub_complex_31_pipe4.
  Optimizing cells in module \ue_v12_complex_pipe.
  Optimizing cells in module \ue_v14_real_1engine.
Performed a total of 0 changes.

15.19.13. Executing OPT_MERGE pass (detect identical cells).
Finding identical cells in module `\f3_add'.
Finding identical cells in module `\f3_mul'.
Finding identical cells in module `\f3_sub3'.
Finding identical cells in module `\f9_mul'.
Finding identical cells in module `\sb15_f9_pipe'.
Finding identical cells in module `\sb16_f9_pipe'.
Finding identical cells in module `\u1_r3_1engine'.
Finding identical cells in module `\ub_complex_31_pipe4'.
Finding identical cells in module `\ue_v12_complex_pipe'.
Finding identical cells in module `\ue_v14_real_1engine'.
Removed a total of 0 cells.

15.19.14. Executing OPT_SHARE pass.

15.19.15. Executing OPT_DFF pass (perform DFF optimizations).

15.19.16. Executing OPT_CLEAN pass (remove unused cells and wires).
Finding unused cells or wires in module \f3_add..
Finding unused cells or wires in module \f3_mul..
Finding unused cells or wires in module \f3_sub3..
Finding unused cells or wires in module \f9_mul..
Finding unused cells or wires in module \sb15_f9_pipe..
Finding unused cells or wires in module \sb16_f9_pipe..
Finding unused cells or wires in module \u1_r3_1engine..
Finding unused cells or wires in module \ub_complex_31_pipe4..
Finding unused cells or wires in module \ue_v12_complex_pipe..
Finding unused cells or wires in module \ue_v14_real_1engine..
Removed 0 unused cells and 1 unused wires.
<suppressed ~1 debug messages>

15.19.17. Executing OPT_EXPR pass (perform const folding).
Optimizing module f3_add.
Optimizing module f3_mul.
Optimizing module f3_sub3.
Optimizing module f9_mul.
Optimizing module sb15_f9_pipe.
Optimizing module sb16_f9_pipe.
Optimizing module u1_r3_1engine.
Optimizing module ub_complex_31_pipe4.
Optimizing module ue_v12_complex_pipe.
Optimizing module ue_v14_real_1engine.

15.19.18. Rerunning OPT passes. (Maybe there is more to do..)

15.19.19. Executing OPT_MUXTREE pass (detect dead branches in mux trees).
Running muxtree optimizer on module \f3_add..
  Creating internal representation of mux trees.
  Evaluating internal representation of mux trees.
  Analyzing evaluation results.
Running muxtree optimizer on module \f3_mul..
  Creating internal representation of mux trees.
  Evaluating internal representation of mux trees.
  Analyzing evaluation results.
Running muxtree optimizer on module \f3_sub3..
  Creating internal representation of mux trees.
  Evaluating internal representation of mux trees.
  Analyzing evaluation results.
Running muxtree optimizer on module \f9_mul..
  Creating internal representation of mux trees.
  Evaluating internal representation of mux trees.
  Analyzing evaluation results.
Running muxtree optimizer on module \sb15_f9_pipe..
  Creating internal representation of mux trees.
  No muxes found in this module.
Running muxtree optimizer on module \sb16_f9_pipe..
  Creating internal representation of mux trees.
  No muxes found in this module.
Running muxtree optimizer on module \u1_r3_1engine..
  Creating internal representation of mux trees.
  No muxes found in this module.
Running muxtree optimizer on module \ub_complex_31_pipe4..
  Creating internal representation of mux trees.
  No muxes found in this module.
Running muxtree optimizer on module \ue_v12_complex_pipe..
  Creating internal representation of mux trees.
  Evaluating internal representation of mux trees.
  Analyzing evaluation results.
Running muxtree optimizer on module \ue_v14_real_1engine..
  Creating internal representation of mux trees.
  Evaluating internal representation of mux trees.
  Analyzing evaluation results.
Removed 0 multiplexer ports.
<suppressed ~18 debug messages>

15.19.20. Executing OPT_REDUCE pass (consolidate $*mux and $reduce_* inputs).
  Optimizing cells in module \f3_add.
  Optimizing cells in module \f3_mul.
  Optimizing cells in module \f3_sub3.
  Optimizing cells in module \f9_mul.
  Optimizing cells in module \sb15_f9_pipe.
  Optimizing cells in module \sb16_f9_pipe.
  Optimizing cells in module \u1_r3_1engine.
  Optimizing cells in module \ub_complex_31_pipe4.
  Optimizing cells in module \ue_v12_complex_pipe.
  Optimizing cells in module \ue_v14_real_1engine.
Performed a total of 0 changes.

15.19.21. Executing OPT_MERGE pass (detect identical cells).
Finding identical cells in module `\f3_add'.
Finding identical cells in module `\f3_mul'.
Finding identical cells in module `\f3_sub3'.
Finding identical cells in module `\f9_mul'.
Finding identical cells in module `\sb15_f9_pipe'.
Finding identical cells in module `\sb16_f9_pipe'.
Finding identical cells in module `\u1_r3_1engine'.
Finding identical cells in module `\ub_complex_31_pipe4'.
Finding identical cells in module `\ue_v12_complex_pipe'.
Finding identical cells in module `\ue_v14_real_1engine'.
Removed a total of 0 cells.

15.19.22. Executing OPT_SHARE pass.

15.19.23. Executing OPT_DFF pass (perform DFF optimizations).

15.19.24. Executing OPT_CLEAN pass (remove unused cells and wires).
Finding unused cells or wires in module \f3_add..
Finding unused cells or wires in module \f3_mul..
Finding unused cells or wires in module \f3_sub3..
Finding unused cells or wires in module \f9_mul..
Finding unused cells or wires in module \sb15_f9_pipe..
Finding unused cells or wires in module \sb16_f9_pipe..
Finding unused cells or wires in module \u1_r3_1engine..
Finding unused cells or wires in module \ub_complex_31_pipe4..
Finding unused cells or wires in module \ue_v12_complex_pipe..
Finding unused cells or wires in module \ue_v14_real_1engine..

15.19.25. Executing OPT_EXPR pass (perform const folding).
Optimizing module f3_add.
Optimizing module f3_mul.
Optimizing module f3_sub3.
Optimizing module f9_mul.
Optimizing module sb15_f9_pipe.
Optimizing module sb16_f9_pipe.
Optimizing module u1_r3_1engine.
Optimizing module ub_complex_31_pipe4.
Optimizing module ue_v12_complex_pipe.
Optimizing module ue_v14_real_1engine.

15.19.26. Finished OPT passes. (There is nothing left to do.)

15.20. Executing TECHMAP pass (map to technology primitives).

15.20.1. Executing Verilog-2005 frontend: /usr/bin/../share/yosys/techmap.v
Parsing Verilog input from `/usr/bin/../share/yosys/techmap.v' to AST representation.
Generating RTLIL representation for module `\_90_simplemap_bool_ops'.
Generating RTLIL representation for module `\_90_simplemap_reduce_ops'.
Generating RTLIL representation for module `\_90_simplemap_logic_ops'.
Generating RTLIL representation for module `\_90_simplemap_compare_ops'.
Generating RTLIL representation for module `\_90_simplemap_various'.
Generating RTLIL representation for module `\_90_simplemap_registers'.
Generating RTLIL representation for module `\_90_shift_ops_shr_shl_sshl_sshr'.
Generating RTLIL representation for module `\_90_shift_shiftx'.
Generating RTLIL representation for module `\_90_fa'.
Generating RTLIL representation for module `\_90_lcu'.
Generating RTLIL representation for module `\_90_alu'.
Generating RTLIL representation for module `\_90_macc'.
Generating RTLIL representation for module `\_90_alumacc'.
Generating RTLIL representation for module `\$__div_mod_u'.
Generating RTLIL representation for module `\$__div_mod_trunc'.
Generating RTLIL representation for module `\_90_div'.
Generating RTLIL representation for module `\_90_mod'.
Generating RTLIL representation for module `\$__div_mod_floor'.
Generating RTLIL representation for module `\_90_divfloor'.
Generating RTLIL representation for module `\_90_modfloor'.
Generating RTLIL representation for module `\_90_pow'.
Generating RTLIL representation for module `\_90_pmux'.
Generating RTLIL representation for module `\_90_demux'.
Generating RTLIL representation for module `\_90_lut'.
Successfully finished Verilog frontend.

15.20.2. Continuing TECHMAP pass.
Using extmapper simplemap for cells of type $or.
Using extmapper simplemap for cells of type $eq.
Using extmapper simplemap for cells of type $logic_not.
Using template $paramod$2af30114e9bd4ccb04dad757b3f0a8f6bf0615b0\_90_alu for cells of type $alu.
Using extmapper simplemap for cells of type $logic_and.
Using template $paramod$b8c0a997bce700f23568a5ada79cc6781d1f5ca0\_90_alu for cells of type $alu.
Using template $paramod$3ef7d3dd227da7627a99c5e5a6a4deb817573e39\_90_alu for cells of type $alu.
Using extmapper simplemap for cells of type $and.
Using extmapper simplemap for cells of type $reduce_or.
Using extmapper simplemap for cells of type $dff.
Using extmapper simplemap for cells of type $ne.
Using extmapper simplemap for cells of type $reduce_and.
Using extmapper simplemap for cells of type $reduce_bool.
Using extmapper simplemap for cells of type $not.
Using extmapper simplemap for cells of type $mux.
Using template $paramod$d7f544f86cb05606d409df1f0c650154912611a0\_90_pmux for cells of type $pmux.
Using template $paramod$0c18b926fef53da90e0bf11df9310abd9a479a4d\_90_pmux for cells of type $pmux.
Using extmapper simplemap for cells of type $sdff.
Using extmapper simplemap for cells of type $sdffe.
Using extmapper simplemap for cells of type $dffe.
Using extmapper simplemap for cells of type $xor.
Using template $paramod\_90_lcu\WIDTH=32'00000000000000000000000000010000 for cells of type $lcu.
Using extmapper simplemap for cells of type $pos.
Using template $paramod\_90_lcu\WIDTH=32'00000000000000000000000000000011 for cells of type $lcu.
Using template $paramod$32a7b7b86c07519b7537abc18e96f0331f97914d\_90_alu for cells of type $alu.
Using template $paramod$e350e2690266e77afe58e81939c22539dfde3eb9\_90_pmux for cells of type $pmux.
Using template $paramod\_90_lcu\WIDTH=32'00000000000000000000000000000100 for cells of type $lcu.
Using template $paramod$7e708ae28ab761f11d0fb59d3ffc72f6a4baf5d9\_90_alu for cells of type $alu.
Using extmapper maccmap for cells of type $macc.
  add \a * \b (2x2 bits, unsigned)
Using template $paramod$d1615bf4e5e328245ffd1550e5fe105901cda77b\_90_alu for cells of type $alu.
Using template $paramod$740b056ede97228d3eae64ea2fdc81f0a33e0fe7\_90_alu for cells of type $alu.
Using template $paramod\_90_lcu\WIDTH=32'00000000000000000000000000000010 for cells of type $lcu.
Using template $paramod$649fc39eef2451024566705288528c8671211199\_90_alu for cells of type $alu.
Using template $paramod$adbaf76fa5a3091a329503792521395f8ff4d1a4\_90_alu for cells of type $alu.
Using template $paramod\_90_lcu\WIDTH=32'00000000000000000000000000000001 for cells of type $lcu.
No more expansions possible.
<suppressed ~3868 debug messages>

15.21. Executing OPT pass (performing simple optimizations).

15.21.1. Executing OPT_EXPR pass (perform const folding).
Optimizing module f3_add.
<suppressed ~35 debug messages>
Optimizing module f3_mul.
<suppressed ~55 debug messages>
Optimizing module f3_sub3.
<suppressed ~2 debug messages>
Optimizing module f9_mul.
<suppressed ~2 debug messages>
Optimizing module sb15_f9_pipe.
Optimizing module sb16_f9_pipe.
Optimizing module u1_r3_1engine.
Optimizing module ub_complex_31_pipe4.
Optimizing module ue_v12_complex_pipe.
<suppressed ~251 debug messages>
Optimizing module ue_v14_real_1engine.
<suppressed ~196 debug messages>

15.21.2. Executing OPT_MERGE pass (detect identical cells).
Finding identical cells in module `\f3_add'.
<suppressed ~3 debug messages>
Finding identical cells in module `\f3_mul'.
<suppressed ~9 debug messages>
Finding identical cells in module `\f3_sub3'.
Finding identical cells in module `\f9_mul'.
Finding identical cells in module `\sb15_f9_pipe'.
Finding identical cells in module `\sb16_f9_pipe'.
Finding identical cells in module `\u1_r3_1engine'.
Finding identical cells in module `\ub_complex_31_pipe4'.
<suppressed ~24 debug messages>
Finding identical cells in module `\ue_v12_complex_pipe'.
<suppressed ~273 debug messages>
Finding identical cells in module `\ue_v14_real_1engine'.
<suppressed ~96 debug messages>
Removed a total of 135 cells.

15.21.3. Executing OPT_DFF pass (perform DFF optimizations).

15.21.4. Executing OPT_CLEAN pass (remove unused cells and wires).
Finding unused cells or wires in module \f3_add..
Finding unused cells or wires in module \f3_mul..
Finding unused cells or wires in module \f3_sub3..
Finding unused cells or wires in module \f9_mul..
Finding unused cells or wires in module \sb15_f9_pipe..
Finding unused cells or wires in module \sb16_f9_pipe..
Finding unused cells or wires in module \u1_r3_1engine..
Finding unused cells or wires in module \ub_complex_31_pipe4..
Finding unused cells or wires in module \ue_v12_complex_pipe..
Finding unused cells or wires in module \ue_v14_real_1engine..
Removed 51 unused cells and 5171 unused wires.
<suppressed ~57 debug messages>

15.21.5. Finished fast OPT passes.

15.22. Executing ABC pass (technology mapping using ABC).

15.22.1. Extracting gate netlist of module `\f3_add' to `<abc-temp-dir>/input.blif'..
Extracted 15 gates and 19 wires to a netlist network with 4 inputs and 2 outputs.

15.22.1.1. Executing ABC.
Running ABC command: "<yosys-exe-dir>/yosys-abc" -s -f <abc-temp-dir>/abc.script 2>&1
ABC: ABC command line: "source <abc-temp-dir>/abc.script".
ABC: 
ABC: + read_blif <abc-temp-dir>/input.blif 
ABC: + read_library <abc-temp-dir>/stdcells.genlib 
ABC: Entered genlib library with 13 gates from file "<abc-temp-dir>/stdcells.genlib".
ABC: + strash 
ABC: + dretime 
ABC: + map 
ABC: + write_blif <abc-temp-dir>/output.blif 

15.22.1.2. Re-integrating ABC results.
ABC RESULTS:              NAND cells:        1
ABC RESULTS:               AND cells:        1
ABC RESULTS:            ANDNOT cells:        4
ABC RESULTS:               XOR cells:        1
ABC RESULTS:              XNOR cells:        4
ABC RESULTS:               MUX cells:        1
ABC RESULTS:        internal signals:       13
ABC RESULTS:           input signals:        4
ABC RESULTS:          output signals:        2
Removing temp directory.

15.22.2. Extracting gate netlist of module `\f3_mul' to `<abc-temp-dir>/input.blif'..
Extracted 19 gates and 23 wires to a netlist network with 4 inputs and 2 outputs.

15.22.2.1. Executing ABC.
Running ABC command: "<yosys-exe-dir>/yosys-abc" -s -f <abc-temp-dir>/abc.script 2>&1
ABC: ABC command line: "source <abc-temp-dir>/abc.script".
ABC: 
ABC: + read_blif <abc-temp-dir>/input.blif 
ABC: + read_library <abc-temp-dir>/stdcells.genlib 
ABC: Entered genlib library with 13 gates from file "<abc-temp-dir>/stdcells.genlib".
ABC: + strash 
ABC: + dretime 
ABC: + map 
ABC: + write_blif <abc-temp-dir>/output.blif 

15.22.2.2. Re-integrating ABC results.
ABC RESULTS:              NAND cells:        3
ABC RESULTS:               AND cells:        1
ABC RESULTS:            ANDNOT cells:        4
ABC RESULTS:               XOR cells:        1
ABC RESULTS:              XNOR cells:        2
ABC RESULTS:               MUX cells:        1
ABC RESULTS:        internal signals:       17
ABC RESULTS:           input signals:        4
ABC RESULTS:          output signals:        2
Removing temp directory.

15.22.3. Extracting gate netlist of module `\f3_sub3' to `<abc-temp-dir>/input.blif'..
Extracted 5 gates and 8 wires to a netlist network with 2 inputs and 2 outputs.

15.22.3.1. Executing ABC.
Running ABC command: "<yosys-exe-dir>/yosys-abc" -s -f <abc-temp-dir>/abc.script 2>&1
ABC: ABC command line: "source <abc-temp-dir>/abc.script".
ABC: 
ABC: + read_blif <abc-temp-dir>/input.blif 
ABC: + read_library <abc-temp-dir>/stdcells.genlib 
ABC: Entered genlib library with 13 gates from file "<abc-temp-dir>/stdcells.genlib".
ABC: + strash 
ABC: + dretime 
ABC: + map 
ABC: + write_blif <abc-temp-dir>/output.blif 

15.22.3.2. Re-integrating ABC results.
ABC RESULTS:            ANDNOT cells:        2
ABC RESULTS:        internal signals:        4
ABC RESULTS:           input signals:        2
ABC RESULTS:          output signals:        2
Removing temp directory.

15.22.4. Extracting gate netlist of module `\f9_mul' to `<abc-temp-dir>/input.blif'..
Extracted 5 gates and 8 wires to a netlist network with 2 inputs and 2 outputs.

15.22.4.1. Executing ABC.
Running ABC command: "<yosys-exe-dir>/yosys-abc" -s -f <abc-temp-dir>/abc.script 2>&1
ABC: ABC command line: "source <abc-temp-dir>/abc.script".
ABC: 
ABC: + read_blif <abc-temp-dir>/input.blif 
ABC: + read_library <abc-temp-dir>/stdcells.genlib 
ABC: Entered genlib library with 13 gates from file "<abc-temp-dir>/stdcells.genlib".
ABC: + strash 
ABC: + dretime 
ABC: + map 
ABC: + write_blif <abc-temp-dir>/output.blif 

15.22.4.2. Re-integrating ABC results.
ABC RESULTS:            ANDNOT cells:        2
ABC RESULTS:        internal signals:        4
ABC RESULTS:           input signals:        2
ABC RESULTS:          output signals:        2
Removing temp directory.

15.22.5. Extracting gate netlist of module `\sb15_f9_pipe' to `<abc-temp-dir>/input.blif'..
Extracted 0 gates and 0 wires to a netlist network with 0 inputs and 0 outputs.
Don't call ABC as there is nothing to map.
Removing temp directory.

15.22.6. Extracting gate netlist of module `\sb16_f9_pipe' to `<abc-temp-dir>/input.blif'..
Extracted 0 gates and 0 wires to a netlist network with 0 inputs and 0 outputs.
Don't call ABC as there is nothing to map.
Removing temp directory.

15.22.7. Extracting gate netlist of module `\u1_r3_1engine' to `<abc-temp-dir>/input.blif'..
Extracted 0 gates and 0 wires to a netlist network with 0 inputs and 0 outputs.
Don't call ABC as there is nothing to map.
Removing temp directory.

15.22.8. Extracting gate netlist of module `\ub_complex_31_pipe4' to `<abc-temp-dir>/input.blif'..
Extracted 0 gates and 0 wires to a netlist network with 0 inputs and 0 outputs.
Don't call ABC as there is nothing to map.
Removing temp directory.

15.22.9. Extracting gate netlist of module `\ue_v12_complex_pipe' to `<abc-temp-dir>/input.blif'..
Extracted 4634 gates and 6882 wires to a netlist network with 2247 inputs and 290 outputs.

15.22.9.1. Executing ABC.
Running ABC command: "<yosys-exe-dir>/yosys-abc" -s -f <abc-temp-dir>/abc.script 2>&1
ABC: ABC command line: "source <abc-temp-dir>/abc.script".
ABC: 
ABC: + read_blif <abc-temp-dir>/input.blif 
ABC: + read_library <abc-temp-dir>/stdcells.genlib 
ABC: Entered genlib library with 13 gates from file "<abc-temp-dir>/stdcells.genlib".
ABC: + strash 
ABC: + dretime 
ABC: + map 
ABC: + write_blif <abc-temp-dir>/output.blif 

15.22.9.2. Re-integrating ABC results.
ABC RESULTS:               NOT cells:        4
ABC RESULTS:               MUX cells:        3
ABC RESULTS:              XNOR cells:        1
ABC RESULTS:               XOR cells:       18
ABC RESULTS:              NAND cells:       16
ABC RESULTS:               AND cells:        5
ABC RESULTS:             ORNOT cells:      267
ABC RESULTS:                OR cells:     1048
ABC RESULTS:            ANDNOT cells:     3237
ABC RESULTS:        internal signals:     4345
ABC RESULTS:           input signals:     2247
ABC RESULTS:          output signals:      290
Removing temp directory.

15.22.10. Extracting gate netlist of module `\ue_v14_real_1engine' to `<abc-temp-dir>/input.blif'..
Extracted 11154 gates and 16681 wires to a netlist network with 5525 inputs and 1269 outputs.

15.22.10.1. Executing ABC.
Running ABC command: "<yosys-exe-dir>/yosys-abc" -s -f <abc-temp-dir>/abc.script 2>&1
ABC: ABC command line: "source <abc-temp-dir>/abc.script".
ABC: 
ABC: + read_blif <abc-temp-dir>/input.blif 
ABC: + read_library <abc-temp-dir>/stdcells.genlib 
ABC: Entered genlib library with 13 gates from file "<abc-temp-dir>/stdcells.genlib".
ABC: + strash 
ABC: + dretime 
ABC: + map 
ABC: + write_blif <abc-temp-dir>/output.blif 

15.22.10.2. Re-integrating ABC results.
ABC RESULTS:             ORNOT cells:        5
ABC RESULTS:               MUX cells:        4
ABC RESULTS:               AND cells:        5
ABC RESULTS:               NOT cells:        6
ABC RESULTS:              NAND cells:     1234
ABC RESULTS:              XNOR cells:        7
ABC RESULTS:               XOR cells:       11
ABC RESULTS:                OR cells:     1272
ABC RESULTS:               NOR cells:        6
ABC RESULTS:            ANDNOT cells:     8577
ABC RESULTS:        internal signals:     9887
ABC RESULTS:           input signals:     5525
ABC RESULTS:          output signals:     1269
Removing temp directory.

15.23. Executing OPT pass (performing simple optimizations).

15.23.1. Executing OPT_EXPR pass (perform const folding).
Optimizing module f3_add.
Optimizing module f3_mul.
Optimizing module f3_sub3.
Optimizing module f9_mul.
Optimizing module sb15_f9_pipe.
Optimizing module sb16_f9_pipe.
Optimizing module u1_r3_1engine.
Optimizing module ub_complex_31_pipe4.
Optimizing module ue_v12_complex_pipe.
<suppressed ~2 debug messages>
Optimizing module ue_v14_real_1engine.
<suppressed ~3 debug messages>

15.23.2. Executing OPT_MERGE pass (detect identical cells).
Finding identical cells in module `\f3_add'.
Finding identical cells in module `\f3_mul'.
Finding identical cells in module `\f3_sub3'.
Finding identical cells in module `\f9_mul'.
Finding identical cells in module `\sb15_f9_pipe'.
Finding identical cells in module `\sb16_f9_pipe'.
Finding identical cells in module `\u1_r3_1engine'.
Finding identical cells in module `\ub_complex_31_pipe4'.
Finding identical cells in module `\ue_v12_complex_pipe'.
Finding identical cells in module `\ue_v14_real_1engine'.
Removed a total of 0 cells.

15.23.3. Executing OPT_DFF pass (perform DFF optimizations).

15.23.4. Executing OPT_CLEAN pass (remove unused cells and wires).
Finding unused cells or wires in module \f3_add..
Finding unused cells or wires in module \f3_mul..
Finding unused cells or wires in module \f3_sub3..
Finding unused cells or wires in module \f9_mul..
Finding unused cells or wires in module \sb15_f9_pipe..
Finding unused cells or wires in module \sb16_f9_pipe..
Finding unused cells or wires in module \u1_r3_1engine..
Finding unused cells or wires in module \ub_complex_31_pipe4..
Finding unused cells or wires in module \ue_v12_complex_pipe..
Finding unused cells or wires in module \ue_v14_real_1engine..
Removed 1 unused cells and 12151 unused wires.
<suppressed ~9 debug messages>

15.23.5. Finished fast OPT passes.

15.24. Executing HIERARCHY pass (managing design hierarchy).

15.24.1. Analyzing design hierarchy..
Top module:  \u1_r3_1engine
Used module:     \f3_add
Used module:     \ue_v14_real_1engine
Used module:         \ue_v12_complex_pipe
Used module:             \ub_complex_31_pipe4
Used module:                 \f3_sub3
Used module:                 \sb16_f9_pipe
Used module:                     \f9_mul
Used module:                         \f3_mul
Used module:                 \sb15_f9_pipe

15.24.2. Analyzing design hierarchy..
Top module:  \u1_r3_1engine
Used module:     \f3_add
Used module:     \ue_v14_real_1engine
Used module:         \ue_v12_complex_pipe
Used module:             \ub_complex_31_pipe4
Used module:                 \f3_sub3
Used module:                 \sb16_f9_pipe
Used module:                     \f9_mul
Used module:                         \f3_mul
Used module:                 \sb15_f9_pipe
Removed 0 unused modules.

15.25. Printing statistics.

=== f3_add ===

   Number of wires:                 13
   Number of wire bits:             16
   Number of public wires:           3
   Number of public wire bits:       6
   Number of memories:               0
   Number of memory bits:            0
   Number of processes:              0
   Number of cells:                 12
     $_ANDNOT_                       4
     $_AND_                          1
     $_MUX_                          1
     $_NAND_                         1
     $_XNOR_                         4
     $_XOR_                          1

=== f3_mul ===

   Number of wires:                 13
   Number of wire bits:             16
   Number of public wires:           3
   Number of public wire bits:       6
   Number of memories:               0
   Number of memory bits:            0
   Number of processes:              0
   Number of cells:                 12
     $_ANDNOT_                       4
     $_AND_                          1
     $_MUX_                          1
     $_NAND_                         3
     $_XNOR_                         2
     $_XOR_                          1

=== f3_sub3 ===

   Number of wires:                  4
   Number of wire bits:              8
   Number of public wires:           4
   Number of public wire bits:       8
   Number of memories:               0
   Number of memory bits:            0
   Number of processes:              0
   Number of cells:                  3
     $_ANDNOT_                       2
     f3_add                          1

=== f9_mul ===

   Number of wires:                 11
   Number of wire bits:             22
   Number of public wires:          11
   Number of public wire bits:      22
   Number of memories:               0
   Number of memory bits:            0
   Number of processes:              0
   Number of cells:                  8
     $_ANDNOT_                       2
     f3_add                          2
     f3_mul                          4

=== sb15_f9_pipe ===

   Number of wires:               1363
   Number of wire bits:           2949
   Number of public wires:        1363
   Number of public wire bits:    2949
   Number of memories:               0
   Number of memory bits:            0
   Number of processes:              0
   Number of cells:               1517
     $_DFF_P_                      900
     f3_add                        392
     f9_mul                        225

=== sb16_f9_pipe ===

   Number of wires:               1549
   Number of wire bits:           3337
   Number of public wires:        1549
   Number of public wire bits:    3337
   Number of memories:               0
   Number of memory bits:            0
   Number of processes:              0
   Number of cells:               1730
     $_DFF_P_                     1024
     f3_add                        450
     f9_mul                        256

=== u1_r3_1engine ===

   Number of wires:               1529
   Number of wire bits:          10668
   Number of public wires:        1529
   Number of public wire bits:   10668
   Number of memories:               0
   Number of memory bits:            0
   Number of processes:              0
   Number of cells:               1521
     f3_add                       1520
     ue_v14_real_1engine             1

=== ub_complex_31_pipe4 ===

   Number of wires:                449
   Number of wire bits:           3019
   Number of public wires:         449
   Number of public wire bits:    3019
   Number of memories:               0
   Number of memory bits:            0
   Number of processes:              0
   Number of cells:               1255
     $_SDFFE_PP0P_                 976
     $_SDFF_PP0_                     4
     f3_add                        152
     f3_sub3                       120
     sb15_f9_pipe                    1
     sb16_f9_pipe                    2

=== ue_v12_complex_pipe ===

   Number of wires:              10795
   Number of wire bits:          24692
   Number of public wires:        6445
   Number of public wire bits:   20342
   Number of memories:               0
   Number of memory bits:            0
   Number of processes:              0
   Number of cells:              13291
     $_ANDNOT_                    3237
     $_AND_                          5
     $_DFFE_PP_                   2180
     $_DFF_P_                        3
     $_MUX_                          3
     $_NAND_                        16
     $_NOT_                          3
     $_ORNOT_                      267
     $_OR_                        1048
     $_SDFFE_PP0P_                  26
     $_SDFF_PP0_                   249
     $_XNOR_                         1
     $_XOR_                         18
     f3_add                       3050
     f3_sub3                      3184
     ub_complex_31_pipe4             1

=== ue_v14_real_1engine ===

   Number of wires:              26401
   Number of wire bits:          64822
   Number of public wires:       16512
   Number of public wire bits:   54903
   Number of memories:               0
   Number of memory bits:            0
   Number of processes:              0
   Number of cells:              34007
     $_ANDNOT_                    8577
     $_AND_                          5
     $_DFFE_PN_                   1224
     $_DFFE_PP_                   5474
     $_DFF_P_                        5
     $_MUX_                          4
     $_NAND_                      1234
     $_NOR_                          6
     $_NOT_                          6
     $_ORNOT_                        5
     $_OR_                        1272
     $_SDFFE_PP0P_                  26
     $_SDFF_PP0_                     1
     $_XNOR_                         7
     $_XOR_                         11
     f3_add                       8218
     f3_sub3                      7931
     ue_v12_complex_pipe             1

=== design hierarchy ===

   u1_r3_1engine                     1
     f3_add                       1520
     ue_v14_real_1engine             1
       f3_add                     8218
       f3_sub3                    7931
         f3_add                      1
       ue_v12_complex_pipe           1
         f3_add                   3050
         f3_sub3                  3184
           f3_add                    1
         ub_complex_31_pipe4         1
           f3_add                  152
           f3_sub3                 120
             f3_add                  1
           sb15_f9_pipe              1
             f3_add                392
             f9_mul                225
               f3_add                2
               f3_mul                4
           sb16_f9_pipe              2
             f3_add                450
             f9_mul                256
               f3_add                2
               f3_mul                4

   Number of wires:             485239
   Number of wire bits:         697142
   Number of public wires:      172110
   Number of public wire bits:  383983
   Number of memories:               0
   Number of memory bits:            0
   Number of processes:              0
   Number of cells:             411453
     $_ANDNOT_                  155314
     $_AND_                      29899
     $_DFFE_PN_                   1224
     $_DFFE_PP_                   7654
     $_DFF_P_                     2956
     $_MUX_                      29896
     $_NAND_                     37035
     $_NOR_                          6
     $_NOT_                          9
     $_ORNOT_                      272
     $_OR_                        2320
     $_SDFFE_PP0P_                1028
     $_SDFF_PP0_                   254
     $_XNOR_                    113668
     $_XOR_                      29918

15.26. Executing CHECK pass (checking for obvious problems).
Checking module f3_add...
Checking module f3_mul...
Checking module f3_sub3...
Checking module f9_mul...
Checking module sb15_f9_pipe...
Checking module sb16_f9_pipe...
Checking module u1_r3_1engine...
Checking module ub_complex_31_pipe4...
Checking module ue_v12_complex_pipe...
Checking module ue_v14_real_1engine...
Found and reported 0 problems.

16. Executing DFFLIBMAP pass (mapping DFF cells to sequential cells from liberty file).
Warning: Found unsupported expression 'SE*SI+D*!SE' in pin attribute of cell 'SDFFRS_X1' - skipping.
Warning: Found unsupported expression 'SE*SI+D*!SE' in pin attribute of cell 'SDFFRS_X2' - skipping.
Warning: Found unsupported expression 'SE*SI+D*!SE' in pin attribute of cell 'SDFFR_X1' - skipping.
Warning: Found unsupported expression 'SE*SI+D*!SE' in pin attribute of cell 'SDFFR_X2' - skipping.
Warning: Found unsupported expression 'SE*SI+D*!SE' in pin attribute of cell 'SDFFS_X1' - skipping.
Warning: Found unsupported expression 'SE*SI+D*!SE' in pin attribute of cell 'SDFFS_X2' - skipping.
Warning: Found unsupported expression 'SE*SI+D*!SE' in pin attribute of cell 'SDFF_X1' - skipping.
Warning: Found unsupported expression 'SE*SI+D*!SE' in pin attribute of cell 'SDFF_X2' - skipping.
  cell DFF_X1 (noninv, pins=4, area=4.52) is a direct match for cell type $_DFF_P_.
Warning: Found unsupported expression 'SE*SI+D*!SE' in pin attribute of cell 'SDFFRS_X1' - skipping.
Warning: Found unsupported expression 'SE*SI+D*!SE' in pin attribute of cell 'SDFFRS_X2' - skipping.
Warning: Found unsupported expression 'SE*SI+D*!SE' in pin attribute of cell 'SDFFR_X1' - skipping.
Warning: Found unsupported expression 'SE*SI+D*!SE' in pin attribute of cell 'SDFFR_X2' - skipping.
Warning: Found unsupported expression 'SE*SI+D*!SE' in pin attribute of cell 'SDFFS_X1' - skipping.
Warning: Found unsupported expression 'SE*SI+D*!SE' in pin attribute of cell 'SDFFS_X2' - skipping.
Warning: Found unsupported expression 'SE*SI+D*!SE' in pin attribute of cell 'SDFF_X1' - skipping.
Warning: Found unsupported expression 'SE*SI+D*!SE' in pin attribute of cell 'SDFF_X2' - skipping.
  cell DFFR_X1 (noninv, pins=5, area=5.32) is a direct match for cell type $_DFF_PN0_.
Warning: Found unsupported expression 'SE*SI+D*!SE' in pin attribute of cell 'SDFFRS_X1' - skipping.
Warning: Found unsupported expression 'SE*SI+D*!SE' in pin attribute of cell 'SDFFRS_X2' - skipping.
Warning: Found unsupported expression 'SE*SI+D*!SE' in pin attribute of cell 'SDFFR_X1' - skipping.
Warning: Found unsupported expression 'SE*SI+D*!SE' in pin attribute of cell 'SDFFR_X2' - skipping.
Warning: Found unsupported expression 'SE*SI+D*!SE' in pin attribute of cell 'SDFFS_X1' - skipping.
Warning: Found unsupported expression 'SE*SI+D*!SE' in pin attribute of cell 'SDFFS_X2' - skipping.
Warning: Found unsupported expression 'SE*SI+D*!SE' in pin attribute of cell 'SDFF_X1' - skipping.
Warning: Found unsupported expression 'SE*SI+D*!SE' in pin attribute of cell 'SDFF_X2' - skipping.
  cell DFFS_X1 (noninv, pins=5, area=5.32) is a direct match for cell type $_DFF_PN1_.
Warning: Found unsupported expression 'SE*SI+D*!SE' in pin attribute of cell 'SDFFRS_X1' - skipping.
Warning: Found unsupported expression 'SE*SI+D*!SE' in pin attribute of cell 'SDFFRS_X2' - skipping.
Warning: Found unsupported expression 'SE*SI+D*!SE' in pin attribute of cell 'SDFFR_X1' - skipping.
Warning: Found unsupported expression 'SE*SI+D*!SE' in pin attribute of cell 'SDFFR_X2' - skipping.
Warning: Found unsupported expression 'SE*SI+D*!SE' in pin attribute of cell 'SDFFS_X1' - skipping.
Warning: Found unsupported expression 'SE*SI+D*!SE' in pin attribute of cell 'SDFFS_X2' - skipping.
Warning: Found unsupported expression 'SE*SI+D*!SE' in pin attribute of cell 'SDFF_X1' - skipping.
Warning: Found unsupported expression 'SE*SI+D*!SE' in pin attribute of cell 'SDFF_X2' - skipping.
Warning: Found unsupported expression 'SE*SI+D*!SE' in pin attribute of cell 'SDFFRS_X1' - skipping.
Warning: Found unsupported expression 'SE*SI+D*!SE' in pin attribute of cell 'SDFFRS_X2' - skipping.
Warning: Found unsupported expression 'SE*SI+D*!SE' in pin attribute of cell 'SDFFR_X1' - skipping.
Warning: Found unsupported expression 'SE*SI+D*!SE' in pin attribute of cell 'SDFFR_X2' - skipping.
Warning: Found unsupported expression 'SE*SI+D*!SE' in pin attribute of cell 'SDFFS_X1' - skipping.
Warning: Found unsupported expression 'SE*SI+D*!SE' in pin attribute of cell 'SDFFS_X2' - skipping.
Warning: Found unsupported expression 'SE*SI+D*!SE' in pin attribute of cell 'SDFF_X1' - skipping.
Warning: Found unsupported expression 'SE*SI+D*!SE' in pin attribute of cell 'SDFF_X2' - skipping.
Warning: Found unsupported expression 'SE*SI+D*!SE' in pin attribute of cell 'SDFFRS_X1' - skipping.
Warning: Found unsupported expression 'SE*SI+D*!SE' in pin attribute of cell 'SDFFRS_X2' - skipping.
Warning: Found unsupported expression 'SE*SI+D*!SE' in pin attribute of cell 'SDFFR_X1' - skipping.
Warning: Found unsupported expression 'SE*SI+D*!SE' in pin attribute of cell 'SDFFR_X2' - skipping.
Warning: Found unsupported expression 'SE*SI+D*!SE' in pin attribute of cell 'SDFFS_X1' - skipping.
Warning: Found unsupported expression 'SE*SI+D*!SE' in pin attribute of cell 'SDFFS_X2' - skipping.
Warning: Found unsupported expression 'SE*SI+D*!SE' in pin attribute of cell 'SDFF_X1' - skipping.
Warning: Found unsupported expression 'SE*SI+D*!SE' in pin attribute of cell 'SDFF_X2' - skipping.
  cell DFFRS_X1 (noninv, pins=6, area=6.38) is a direct match for cell type $_DFFSR_PNN_.
Warning: Found unsupported expression 'SE*SI+D*!SE' in pin attribute of cell 'SDFFRS_X1' - skipping.
Warning: Found unsupported expression 'SE*SI+D*!SE' in pin attribute of cell 'SDFFRS_X2' - skipping.
Warning: Found unsupported expression 'SE*SI+D*!SE' in pin attribute of cell 'SDFFR_X1' - skipping.
Warning: Found unsupported expression 'SE*SI+D*!SE' in pin attribute of cell 'SDFFR_X2' - skipping.
Warning: Found unsupported expression 'SE*SI+D*!SE' in pin attribute of cell 'SDFFS_X1' - skipping.
Warning: Found unsupported expression 'SE*SI+D*!SE' in pin attribute of cell 'SDFFS_X2' - skipping.
Warning: Found unsupported expression 'SE*SI+D*!SE' in pin attribute of cell 'SDFF_X1' - skipping.
Warning: Found unsupported expression 'SE*SI+D*!SE' in pin attribute of cell 'SDFF_X2' - skipping.
Warning: Found unsupported expression 'SE*SI+D*!SE' in pin attribute of cell 'SDFFRS_X1' - skipping.
Warning: Found unsupported expression 'SE*SI+D*!SE' in pin attribute of cell 'SDFFRS_X2' - skipping.
Warning: Found unsupported expression 'SE*SI+D*!SE' in pin attribute of cell 'SDFFR_X1' - skipping.
Warning: Found unsupported expression 'SE*SI+D*!SE' in pin attribute of cell 'SDFFR_X2' - skipping.
Warning: Found unsupported expression 'SE*SI+D*!SE' in pin attribute of cell 'SDFFS_X1' - skipping.
Warning: Found unsupported expression 'SE*SI+D*!SE' in pin attribute of cell 'SDFFS_X2' - skipping.
Warning: Found unsupported expression 'SE*SI+D*!SE' in pin attribute of cell 'SDFF_X1' - skipping.
Warning: Found unsupported expression 'SE*SI+D*!SE' in pin attribute of cell 'SDFF_X2' - skipping.
Warning: Found unsupported expression 'SE*SI+D*!SE' in pin attribute of cell 'SDFFRS_X1' - skipping.
Warning: Found unsupported expression 'SE*SI+D*!SE' in pin attribute of cell 'SDFFRS_X2' - skipping.
Warning: Found unsupported expression 'SE*SI+D*!SE' in pin attribute of cell 'SDFFR_X1' - skipping.
Warning: Found unsupported expression 'SE*SI+D*!SE' in pin attribute of cell 'SDFFR_X2' - skipping.
Warning: Found unsupported expression 'SE*SI+D*!SE' in pin attribute of cell 'SDFFS_X1' - skipping.
Warning: Found unsupported expression 'SE*SI+D*!SE' in pin attribute of cell 'SDFFS_X2' - skipping.
Warning: Found unsupported expression 'SE*SI+D*!SE' in pin attribute of cell 'SDFF_X1' - skipping.
Warning: Found unsupported expression 'SE*SI+D*!SE' in pin attribute of cell 'SDFF_X2' - skipping.
  final dff cell mappings:
    unmapped dff cell: $_DFF_N_
    \DFF_X1 _DFF_P_ (.CK( C), .D( D), .Q( Q), .QN(~Q));
    unmapped dff cell: $_DFF_NN0_
    unmapped dff cell: $_DFF_NN1_
    unmapped dff cell: $_DFF_NP0_
    unmapped dff cell: $_DFF_NP1_
    \DFFR_X1 _DFF_PN0_ (.CK( C), .D( D), .Q( Q), .QN(~Q), .RN( R));
    \DFFS_X1 _DFF_PN1_ (.CK( C), .D( D), .Q( Q), .QN(~Q), .SN( R));
    unmapped dff cell: $_DFF_PP0_
    unmapped dff cell: $_DFF_PP1_
    unmapped dff cell: $_DFFSR_NNN_
    unmapped dff cell: $_DFFSR_NNP_
    unmapped dff cell: $_DFFSR_NPN_
    unmapped dff cell: $_DFFSR_NPP_
    \DFFRS_X1 _DFFSR_PNN_ (.CK( C), .D( D), .Q( Q), .QN(~Q), .RN( R), .SN( S));
    unmapped dff cell: $_DFFSR_PNP_
    unmapped dff cell: $_DFFSR_PPN_
    unmapped dff cell: $_DFFSR_PPP_

16.1. Executing DFFLEGALIZE pass (convert FFs to types supported by the target).
Mapping DFF cells in module `\f3_add':
Mapping DFF cells in module `\f3_mul':
Mapping DFF cells in module `\f3_sub3':
Mapping DFF cells in module `\f9_mul':
Mapping DFF cells in module `\sb15_f9_pipe':
  mapped 900 $_DFF_P_ cells to \DFF_X1 cells.
Mapping DFF cells in module `\sb16_f9_pipe':
  mapped 1024 $_DFF_P_ cells to \DFF_X1 cells.
Mapping DFF cells in module `\u1_r3_1engine':
Mapping DFF cells in module `\ub_complex_31_pipe4':
  mapped 980 $_DFF_P_ cells to \DFF_X1 cells.
Mapping DFF cells in module `\ue_v12_complex_pipe':
  mapped 2458 $_DFF_P_ cells to \DFF_X1 cells.
Mapping DFF cells in module `\ue_v14_real_1engine':
  mapped 6730 $_DFF_P_ cells to \DFF_X1 cells.

17. Executing ABC pass (technology mapping using ABC).

17.1. Extracting gate netlist of module `\f3_add' to `<abc-temp-dir>/input.blif'..
Extracted 12 gates and 16 wires to a netlist network with 4 inputs and 2 outputs.

17.1.1. Executing ABC.
Running ABC command: "<yosys-exe-dir>/yosys-abc" -s -f <abc-temp-dir>/abc.script 2>&1
ABC: ABC command line: "source <abc-temp-dir>/abc.script".
ABC: 
ABC: + read_blif <abc-temp-dir>/input.blif 
ABC: + read_lib -w /path/asic_work/u1_hybrid/nangate45.lib 
ABC: Parsing finished successfully.  Parsing time =     0.04 sec
ABC: Scl_LibertyReadGenlib() skipped cell "ANTENNA_X1" due to dont_use attribute.
ABC: Scl_LibertyReadGenlib() skipped cell "CLKGATETST_X1" without logic function.
ABC: Scl_LibertyReadGenlib() skipped cell "CLKGATETST_X2" without logic function.
ABC: Scl_LibertyReadGenlib() skipped cell "CLKGATETST_X4" without logic function.
ABC: Scl_LibertyReadGenlib() skipped cell "CLKGATETST_X8" without logic function.
ABC: Scl_LibertyReadGenlib() skipped cell "CLKGATE_X1" without logic function.
ABC: Scl_LibertyReadGenlib() skipped cell "CLKGATE_X2" without logic function.
ABC: Scl_LibertyReadGenlib() skipped cell "CLKGATE_X4" without logic function.
ABC: Scl_LibertyReadGenlib() skipped cell "CLKGATE_X8" without logic function.
ABC: Scl_LibertyReadGenlib() skipped sequential cell "DFFRS_X1".
ABC: Scl_LibertyReadGenlib() skipped sequential cell "DFFRS_X2".
ABC: Scl_LibertyReadGenlib() skipped sequential cell "DFFR_X1".
ABC: Scl_LibertyReadGenlib() skipped sequential cell "DFFR_X2".
ABC: Scl_LibertyReadGenlib() skipped sequential cell "DFFS_X1".
ABC: Scl_LibertyReadGenlib() skipped sequential cell "DFFS_X2".
ABC: Scl_LibertyReadGenlib() skipped sequential cell "DFF_X1".
ABC: Scl_LibertyReadGenlib() skipped sequential cell "DFF_X2".
ABC: Scl_LibertyReadGenlib() skipped sequential cell "DLH_X1".
ABC: Scl_LibertyReadGenlib() skipped sequential cell "DLH_X2".
ABC: Scl_LibertyReadGenlib() skipped sequential cell "DLL_X1".
ABC: Scl_LibertyReadGenlib() skipped sequential cell "DLL_X2".
ABC: Scl_LibertyReadGenlib() skipped cell "FILLCELL_X1" due to dont_use attribute.
ABC: Scl_LibertyReadGenlib() skipped cell "FILLCELL_X2" due to dont_use attribute.
ABC: Scl_LibertyReadGenlib() skipped cell "FILLCELL_X4" due to dont_use attribute.
ABC: Scl_LibertyReadGenlib() skipped cell "FILLCELL_X8" due to dont_use attribute.
ABC: Scl_LibertyReadGenlib() skipped cell "FILLCELL_X16" due to dont_use attribute.
ABC: Scl_LibertyReadGenlib() skipped cell "FILLCELL_X32" due to dont_use attribute.
ABC: Scl_LibertyReadGenlib() skipped cell "LOGIC0_X1" due to dont_use attribute.
ABC: Scl_LibertyReadGenlib() skipped cell "LOGIC1_X1" due to dont_use attribute.
ABC: Scl_LibertyReadGenlib() skipped sequential cell "SDFFRS_X1".
ABC: Scl_LibertyReadGenlib() skipped sequential cell "SDFFRS_X2".
ABC: Scl_LibertyReadGenlib() skipped sequential cell "SDFFR_X1".
ABC: Scl_LibertyReadGenlib() skipped sequential cell "SDFFR_X2".
ABC: Scl_LibertyReadGenlib() skipped sequential cell "SDFFS_X1".
ABC: Scl_LibertyReadGenlib() skipped sequential cell "SDFFS_X2".
ABC: Scl_LibertyReadGenlib() skipped sequential cell "SDFF_X1".
ABC: Scl_LibertyReadGenlib() skipped sequential cell "SDFF_X2".
ABC: Scl_LibertyReadGenlib() skipped three-state cell "TBUF_X1".
ABC: Scl_LibertyReadGenlib() skipped three-state cell "TBUF_X2".
ABC: Scl_LibertyReadGenlib() skipped three-state cell "TBUF_X4".
ABC: Scl_LibertyReadGenlib() skipped three-state cell "TBUF_X8".
ABC: Scl_LibertyReadGenlib() skipped three-state cell "TBUF_X16".
ABC: Scl_LibertyReadGenlib() skipped three-state cell "TINV_X1".
ABC: Scl_LibertyReadGenlib() skipped sequential cell "TLAT_X1".
ABC: Library "NangateOpenCellLibrary" from "/path/asic_work/u1_hybrid/nangate45.lib" has 90 cells (35 skipped: 21 seq; 6 tri-state; 8 no func; 9 dont_use).  Time =     0.06 sec
ABC: Memory =   11.38 MB. Time =     0.06 sec
ABC: Warning: Detected 2 multi-output gates (for example, "FA_X1").
ABC: + strash 
ABC: + &get -n 
ABC: + &fraig -x 
ABC: + &put 
ABC: + scorr 
ABC: Warning: The network is combinational (run "fraig" or "fraig_sweep").
ABC: + dc2 
ABC: + dretime 
ABC: + strash 
ABC: + &get -n 
ABC: + &dch -f 
ABC: + &nf 
ABC: + &put 
ABC: + write_blif <abc-temp-dir>/output.blif 

17.1.2. Re-integrating ABC results.
ABC RESULTS:          OAI22_X1 cells:        1
ABC RESULTS:          NAND2_X1 cells:        4
ABC RESULTS:          XNOR2_X1 cells:        4
ABC RESULTS:        internal signals:       10
ABC RESULTS:           input signals:        4
ABC RESULTS:          output signals:        2
Removing temp directory.

17.2. Extracting gate netlist of module `\f3_mul' to `<abc-temp-dir>/input.blif'..
Extracted 12 gates and 16 wires to a netlist network with 4 inputs and 2 outputs.

17.2.1. Executing ABC.
Running ABC command: "<yosys-exe-dir>/yosys-abc" -s -f <abc-temp-dir>/abc.script 2>&1
ABC: ABC command line: "source <abc-temp-dir>/abc.script".
ABC: 
ABC: + read_blif <abc-temp-dir>/input.blif 
ABC: + read_lib -w /path/asic_work/u1_hybrid/nangate45.lib 
ABC: Parsing finished successfully.  Parsing time =     0.04 sec
ABC: Scl_LibertyReadGenlib() skipped cell "ANTENNA_X1" due to dont_use attribute.
ABC: Scl_LibertyReadGenlib() skipped cell "CLKGATETST_X1" without logic function.
ABC: Scl_LibertyReadGenlib() skipped cell "CLKGATETST_X2" without logic function.
ABC: Scl_LibertyReadGenlib() skipped cell "CLKGATETST_X4" without logic function.
ABC: Scl_LibertyReadGenlib() skipped cell "CLKGATETST_X8" without logic function.
ABC: Scl_LibertyReadGenlib() skipped cell "CLKGATE_X1" without logic function.
ABC: Scl_LibertyReadGenlib() skipped cell "CLKGATE_X2" without logic function.
ABC: Scl_LibertyReadGenlib() skipped cell "CLKGATE_X4" without logic function.
ABC: Scl_LibertyReadGenlib() skipped cell "CLKGATE_X8" without logic function.
ABC: Scl_LibertyReadGenlib() skipped sequential cell "DFFRS_X1".
ABC: Scl_LibertyReadGenlib() skipped sequential cell "DFFRS_X2".
ABC: Scl_LibertyReadGenlib() skipped sequential cell "DFFR_X1".
ABC: Scl_LibertyReadGenlib() skipped sequential cell "DFFR_X2".
ABC: Scl_LibertyReadGenlib() skipped sequential cell "DFFS_X1".
ABC: Scl_LibertyReadGenlib() skipped sequential cell "DFFS_X2".
ABC: Scl_LibertyReadGenlib() skipped sequential cell "DFF_X1".
ABC: Scl_LibertyReadGenlib() skipped sequential cell "DFF_X2".
ABC: Scl_LibertyReadGenlib() skipped sequential cell "DLH_X1".
ABC: Scl_LibertyReadGenlib() skipped sequential cell "DLH_X2".
ABC: Scl_LibertyReadGenlib() skipped sequential cell "DLL_X1".
ABC: Scl_LibertyReadGenlib() skipped sequential cell "DLL_X2".
ABC: Scl_LibertyReadGenlib() skipped cell "FILLCELL_X1" due to dont_use attribute.
ABC: Scl_LibertyReadGenlib() skipped cell "FILLCELL_X2" due to dont_use attribute.
ABC: Scl_LibertyReadGenlib() skipped cell "FILLCELL_X4" due to dont_use attribute.
ABC: Scl_LibertyReadGenlib() skipped cell "FILLCELL_X8" due to dont_use attribute.
ABC: Scl_LibertyReadGenlib() skipped cell "FILLCELL_X16" due to dont_use attribute.
ABC: Scl_LibertyReadGenlib() skipped cell "FILLCELL_X32" due to dont_use attribute.
ABC: Scl_LibertyReadGenlib() skipped cell "LOGIC0_X1" due to dont_use attribute.
ABC: Scl_LibertyReadGenlib() skipped cell "LOGIC1_X1" due to dont_use attribute.
ABC: Scl_LibertyReadGenlib() skipped sequential cell "SDFFRS_X1".
ABC: Scl_LibertyReadGenlib() skipped sequential cell "SDFFRS_X2".
ABC: Scl_LibertyReadGenlib() skipped sequential cell "SDFFR_X1".
ABC: Scl_LibertyReadGenlib() skipped sequential cell "SDFFR_X2".
ABC: Scl_LibertyReadGenlib() skipped sequential cell "SDFFS_X1".
ABC: Scl_LibertyReadGenlib() skipped sequential cell "SDFFS_X2".
ABC: Scl_LibertyReadGenlib() skipped sequential cell "SDFF_X1".
ABC: Scl_LibertyReadGenlib() skipped sequential cell "SDFF_X2".
ABC: Scl_LibertyReadGenlib() skipped three-state cell "TBUF_X1".
ABC: Scl_LibertyReadGenlib() skipped three-state cell "TBUF_X2".
ABC: Scl_LibertyReadGenlib() skipped three-state cell "TBUF_X4".
ABC: Scl_LibertyReadGenlib() skipped three-state cell "TBUF_X8".
ABC: Scl_LibertyReadGenlib() skipped three-state cell "TBUF_X16".
ABC: Scl_LibertyReadGenlib() skipped three-state cell "TINV_X1".
ABC: Scl_LibertyReadGenlib() skipped sequential cell "TLAT_X1".
ABC: Library "NangateOpenCellLibrary" from "/path/asic_work/u1_hybrid/nangate45.lib" has 90 cells (35 skipped: 21 seq; 6 tri-state; 8 no func; 9 dont_use).  Time =     0.06 sec
ABC: Memory =   11.38 MB. Time =     0.06 sec
ABC: Warning: Detected 2 multi-output gates (for example, "FA_X1").
ABC: + strash 
ABC: + &get -n 
ABC: + &fraig -x 
ABC: + &put 
ABC: + scorr 
ABC: Warning: The network is combinational (run "fraig" or "fraig_sweep").
ABC: + dc2 
ABC: + dretime 
ABC: + strash 
ABC: + &get -n 
ABC: + &dch -f 
ABC: + &nf 
ABC: + &put 
ABC: + write_blif <abc-temp-dir>/output.blif 

17.2.2. Re-integrating ABC results.
ABC RESULTS:          AOI22_X1 cells:        1
ABC RESULTS:          NAND3_X1 cells:        1
ABC RESULTS:          AOI21_X1 cells:        1
ABC RESULTS:          NAND4_X1 cells:        1
ABC RESULTS:          NAND2_X1 cells:        3
ABC RESULTS:           NOR2_X1 cells:        1
ABC RESULTS:        internal signals:       10
ABC RESULTS:           input signals:        4
ABC RESULTS:          output signals:        2
Removing temp directory.

17.3. Extracting gate netlist of module `\f3_sub3' to `<abc-temp-dir>/input.blif'..
Extracted 2 gates and 4 wires to a netlist network with 2 inputs and 2 outputs.

17.3.1. Executing ABC.
Running ABC command: "<yosys-exe-dir>/yosys-abc" -s -f <abc-temp-dir>/abc.script 2>&1
ABC: ABC command line: "source <abc-temp-dir>/abc.script".
ABC: 
ABC: + read_blif <abc-temp-dir>/input.blif 
ABC: + read_lib -w /path/asic_work/u1_hybrid/nangate45.lib 
ABC: Parsing finished successfully.  Parsing time =     0.04 sec
ABC: Scl_LibertyReadGenlib() skipped cell "ANTENNA_X1" due to dont_use attribute.
ABC: Scl_LibertyReadGenlib() skipped cell "CLKGATETST_X1" without logic function.
ABC: Scl_LibertyReadGenlib() skipped cell "CLKGATETST_X2" without logic function.
ABC: Scl_LibertyReadGenlib() skipped cell "CLKGATETST_X4" without logic function.
ABC: Scl_LibertyReadGenlib() skipped cell "CLKGATETST_X8" without logic function.
ABC: Scl_LibertyReadGenlib() skipped cell "CLKGATE_X1" without logic function.
ABC: Scl_LibertyReadGenlib() skipped cell "CLKGATE_X2" without logic function.
ABC: Scl_LibertyReadGenlib() skipped cell "CLKGATE_X4" without logic function.
ABC: Scl_LibertyReadGenlib() skipped cell "CLKGATE_X8" without logic function.
ABC: Scl_LibertyReadGenlib() skipped sequential cell "DFFRS_X1".
ABC: Scl_LibertyReadGenlib() skipped sequential cell "DFFRS_X2".
ABC: Scl_LibertyReadGenlib() skipped sequential cell "DFFR_X1".
ABC: Scl_LibertyReadGenlib() skipped sequential cell "DFFR_X2".
ABC: Scl_LibertyReadGenlib() skipped sequential cell "DFFS_X1".
ABC: Scl_LibertyReadGenlib() skipped sequential cell "DFFS_X2".
ABC: Scl_LibertyReadGenlib() skipped sequential cell "DFF_X1".
ABC: Scl_LibertyReadGenlib() skipped sequential cell "DFF_X2".
ABC: Scl_LibertyReadGenlib() skipped sequential cell "DLH_X1".
ABC: Scl_LibertyReadGenlib() skipped sequential cell "DLH_X2".
ABC: Scl_LibertyReadGenlib() skipped sequential cell "DLL_X1".
ABC: Scl_LibertyReadGenlib() skipped sequential cell "DLL_X2".
ABC: Scl_LibertyReadGenlib() skipped cell "FILLCELL_X1" due to dont_use attribute.
ABC: Scl_LibertyReadGenlib() skipped cell "FILLCELL_X2" due to dont_use attribute.
ABC: Scl_LibertyReadGenlib() skipped cell "FILLCELL_X4" due to dont_use attribute.
ABC: Scl_LibertyReadGenlib() skipped cell "FILLCELL_X8" due to dont_use attribute.
ABC: Scl_LibertyReadGenlib() skipped cell "FILLCELL_X16" due to dont_use attribute.
ABC: Scl_LibertyReadGenlib() skipped cell "FILLCELL_X32" due to dont_use attribute.
ABC: Scl_LibertyReadGenlib() skipped cell "LOGIC0_X1" due to dont_use attribute.
ABC: Scl_LibertyReadGenlib() skipped cell "LOGIC1_X1" due to dont_use attribute.
ABC: Scl_LibertyReadGenlib() skipped sequential cell "SDFFRS_X1".
ABC: Scl_LibertyReadGenlib() skipped sequential cell "SDFFRS_X2".
ABC: Scl_LibertyReadGenlib() skipped sequential cell "SDFFR_X1".
ABC: Scl_LibertyReadGenlib() skipped sequential cell "SDFFR_X2".
ABC: Scl_LibertyReadGenlib() skipped sequential cell "SDFFS_X1".
ABC: Scl_LibertyReadGenlib() skipped sequential cell "SDFFS_X2".
ABC: Scl_LibertyReadGenlib() skipped sequential cell "SDFF_X1".
ABC: Scl_LibertyReadGenlib() skipped sequential cell "SDFF_X2".
ABC: Scl_LibertyReadGenlib() skipped three-state cell "TBUF_X1".
ABC: Scl_LibertyReadGenlib() skipped three-state cell "TBUF_X2".
ABC: Scl_LibertyReadGenlib() skipped three-state cell "TBUF_X4".
ABC: Scl_LibertyReadGenlib() skipped three-state cell "TBUF_X8".
ABC: Scl_LibertyReadGenlib() skipped three-state cell "TBUF_X16".
ABC: Scl_LibertyReadGenlib() skipped three-state cell "TINV_X1".
ABC: Scl_LibertyReadGenlib() skipped sequential cell "TLAT_X1".
ABC: Library "NangateOpenCellLibrary" from "/path/asic_work/u1_hybrid/nangate45.lib" has 90 cells (35 skipped: 21 seq; 6 tri-state; 8 no func; 9 dont_use).  Time =     0.06 sec
ABC: Memory =   11.38 MB. Time =     0.06 sec
ABC: Warning: Detected 2 multi-output gates (for example, "FA_X1").
ABC: + strash 
ABC: + &get -n 
ABC: + &fraig -x 
ABC: + &put 
ABC: + scorr 
ABC: Warning: The network is combinational (run "fraig" or "fraig_sweep").
ABC: + dc2 
ABC: + dretime 
ABC: + strash 
ABC: + &get -n 
ABC: + &dch -f 
ABC: + &nf 
ABC: + &put 
ABC: + write_blif <abc-temp-dir>/output.blif 

17.3.2. Re-integrating ABC results.
ABC RESULTS:            INV_X1 cells:        1
ABC RESULTS:           NOR2_X1 cells:        1
ABC RESULTS:           AND2_X1 cells:        1
ABC RESULTS:        internal signals:        0
ABC RESULTS:           input signals:        2
ABC RESULTS:          output signals:        2
Removing temp directory.

17.4. Extracting gate netlist of module `\f9_mul' to `<abc-temp-dir>/input.blif'..
Extracted 2 gates and 4 wires to a netlist network with 2 inputs and 2 outputs.

17.4.1. Executing ABC.
Running ABC command: "<yosys-exe-dir>/yosys-abc" -s -f <abc-temp-dir>/abc.script 2>&1
ABC: ABC command line: "source <abc-temp-dir>/abc.script".
ABC: 
ABC: + read_blif <abc-temp-dir>/input.blif 
ABC: + read_lib -w /path/asic_work/u1_hybrid/nangate45.lib 
ABC: Parsing finished successfully.  Parsing time =     0.04 sec
ABC: Scl_LibertyReadGenlib() skipped cell "ANTENNA_X1" due to dont_use attribute.
ABC: Scl_LibertyReadGenlib() skipped cell "CLKGATETST_X1" without logic function.
ABC: Scl_LibertyReadGenlib() skipped cell "CLKGATETST_X2" without logic function.
ABC: Scl_LibertyReadGenlib() skipped cell "CLKGATETST_X4" without logic function.
ABC: Scl_LibertyReadGenlib() skipped cell "CLKGATETST_X8" without logic function.
ABC: Scl_LibertyReadGenlib() skipped cell "CLKGATE_X1" without logic function.
ABC: Scl_LibertyReadGenlib() skipped cell "CLKGATE_X2" without logic function.
ABC: Scl_LibertyReadGenlib() skipped cell "CLKGATE_X4" without logic function.
ABC: Scl_LibertyReadGenlib() skipped cell "CLKGATE_X8" without logic function.
ABC: Scl_LibertyReadGenlib() skipped sequential cell "DFFRS_X1".
ABC: Scl_LibertyReadGenlib() skipped sequential cell "DFFRS_X2".
ABC: Scl_LibertyReadGenlib() skipped sequential cell "DFFR_X1".
ABC: Scl_LibertyReadGenlib() skipped sequential cell "DFFR_X2".
ABC: Scl_LibertyReadGenlib() skipped sequential cell "DFFS_X1".
ABC: Scl_LibertyReadGenlib() skipped sequential cell "DFFS_X2".
ABC: Scl_LibertyReadGenlib() skipped sequential cell "DFF_X1".
ABC: Scl_LibertyReadGenlib() skipped sequential cell "DFF_X2".
ABC: Scl_LibertyReadGenlib() skipped sequential cell "DLH_X1".
ABC: Scl_LibertyReadGenlib() skipped sequential cell "DLH_X2".
ABC: Scl_LibertyReadGenlib() skipped sequential cell "DLL_X1".
ABC: Scl_LibertyReadGenlib() skipped sequential cell "DLL_X2".
ABC: Scl_LibertyReadGenlib() skipped cell "FILLCELL_X1" due to dont_use attribute.
ABC: Scl_LibertyReadGenlib() skipped cell "FILLCELL_X2" due to dont_use attribute.
ABC: Scl_LibertyReadGenlib() skipped cell "FILLCELL_X4" due to dont_use attribute.
ABC: Scl_LibertyReadGenlib() skipped cell "FILLCELL_X8" due to dont_use attribute.
ABC: Scl_LibertyReadGenlib() skipped cell "FILLCELL_X16" due to dont_use attribute.
ABC: Scl_LibertyReadGenlib() skipped cell "FILLCELL_X32" due to dont_use attribute.
ABC: Scl_LibertyReadGenlib() skipped cell "LOGIC0_X1" due to dont_use attribute.
ABC: Scl_LibertyReadGenlib() skipped cell "LOGIC1_X1" due to dont_use attribute.
ABC: Scl_LibertyReadGenlib() skipped sequential cell "SDFFRS_X1".
ABC: Scl_LibertyReadGenlib() skipped sequential cell "SDFFRS_X2".
ABC: Scl_LibertyReadGenlib() skipped sequential cell "SDFFR_X1".
ABC: Scl_LibertyReadGenlib() skipped sequential cell "SDFFR_X2".
ABC: Scl_LibertyReadGenlib() skipped sequential cell "SDFFS_X1".
ABC: Scl_LibertyReadGenlib() skipped sequential cell "SDFFS_X2".
ABC: Scl_LibertyReadGenlib() skipped sequential cell "SDFF_X1".
ABC: Scl_LibertyReadGenlib() skipped sequential cell "SDFF_X2".
ABC: Scl_LibertyReadGenlib() skipped three-state cell "TBUF_X1".
ABC: Scl_LibertyReadGenlib() skipped three-state cell "TBUF_X2".
ABC: Scl_LibertyReadGenlib() skipped three-state cell "TBUF_X4".
ABC: Scl_LibertyReadGenlib() skipped three-state cell "TBUF_X8".
ABC: Scl_LibertyReadGenlib() skipped three-state cell "TBUF_X16".
ABC: Scl_LibertyReadGenlib() skipped three-state cell "TINV_X1".
ABC: Scl_LibertyReadGenlib() skipped sequential cell "TLAT_X1".
ABC: Library "NangateOpenCellLibrary" from "/path/asic_work/u1_hybrid/nangate45.lib" has 90 cells (35 skipped: 21 seq; 6 tri-state; 8 no func; 9 dont_use).  Time =     0.06 sec
ABC: Memory =   11.38 MB. Time =     0.06 sec
ABC: Warning: Detected 2 multi-output gates (for example, "FA_X1").
ABC: + strash 
ABC: + &get -n 
ABC: + &fraig -x 
ABC: + &put 
ABC: + scorr 
ABC: Warning: The network is combinational (run "fraig" or "fraig_sweep").
ABC: + dc2 
ABC: + dretime 
ABC: + strash 
ABC: + &get -n 
ABC: + &dch -f 
ABC: + &nf 
ABC: + &put 
ABC: + write_blif <abc-temp-dir>/output.blif 

17.4.2. Re-integrating ABC results.
ABC RESULTS:            INV_X1 cells:        1
ABC RESULTS:           NOR2_X1 cells:        1
ABC RESULTS:           AND2_X1 cells:        1
ABC RESULTS:        internal signals:        0
ABC RESULTS:           input signals:        2
ABC RESULTS:          output signals:        2
Removing temp directory.

17.5. Extracting gate netlist of module `\sb15_f9_pipe' to `<abc-temp-dir>/input.blif'..
Extracted 0 gates and 0 wires to a netlist network with 0 inputs and 0 outputs.
Don't call ABC as there is nothing to map.
Removing temp directory.

17.6. Extracting gate netlist of module `\sb16_f9_pipe' to `<abc-temp-dir>/input.blif'..
Extracted 0 gates and 0 wires to a netlist network with 0 inputs and 0 outputs.
Don't call ABC as there is nothing to map.
Removing temp directory.

17.7. Extracting gate netlist of module `\u1_r3_1engine' to `<abc-temp-dir>/input.blif'..
Extracted 0 gates and 0 wires to a netlist network with 0 inputs and 0 outputs.
Don't call ABC as there is nothing to map.
Removing temp directory.

17.8. Extracting gate netlist of module `\ub_complex_31_pipe4' to `<abc-temp-dir>/input.blif'..
Extracted 1956 gates and 3794 wires to a netlist network with 1837 inputs and 980 outputs.

17.8.1. Executing ABC.
Running ABC command: "<yosys-exe-dir>/yosys-abc" -s -f <abc-temp-dir>/abc.script 2>&1
ABC: ABC command line: "source <abc-temp-dir>/abc.script".
ABC: 
ABC: + read_blif <abc-temp-dir>/input.blif 
ABC: + read_lib -w /path/asic_work/u1_hybrid/nangate45.lib 
ABC: Parsing finished successfully.  Parsing time =     0.03 sec
ABC: Scl_LibertyReadGenlib() skipped cell "ANTENNA_X1" due to dont_use attribute.
ABC: Scl_LibertyReadGenlib() skipped cell "CLKGATETST_X1" without logic function.
ABC: Scl_LibertyReadGenlib() skipped cell "CLKGATETST_X2" without logic function.
ABC: Scl_LibertyReadGenlib() skipped cell "CLKGATETST_X4" without logic function.
ABC: Scl_LibertyReadGenlib() skipped cell "CLKGATETST_X8" without logic function.
ABC: Scl_LibertyReadGenlib() skipped cell "CLKGATE_X1" without logic function.
ABC: Scl_LibertyReadGenlib() skipped cell "CLKGATE_X2" without logic function.
ABC: Scl_LibertyReadGenlib() skipped cell "CLKGATE_X4" without logic function.
ABC: Scl_LibertyReadGenlib() skipped cell "CLKGATE_X8" without logic function.
ABC: Scl_LibertyReadGenlib() skipped sequential cell "DFFRS_X1".
ABC: Scl_LibertyReadGenlib() skipped sequential cell "DFFRS_X2".
ABC: Scl_LibertyReadGenlib() skipped sequential cell "DFFR_X1".
ABC: Scl_LibertyReadGenlib() skipped sequential cell "DFFR_X2".
ABC: Scl_LibertyReadGenlib() skipped sequential cell "DFFS_X1".
ABC: Scl_LibertyReadGenlib() skipped sequential cell "DFFS_X2".
ABC: Scl_LibertyReadGenlib() skipped sequential cell "DFF_X1".
ABC: Scl_LibertyReadGenlib() skipped sequential cell "DFF_X2".
ABC: Scl_LibertyReadGenlib() skipped sequential cell "DLH_X1".
ABC: Scl_LibertyReadGenlib() skipped sequential cell "DLH_X2".
ABC: Scl_LibertyReadGenlib() skipped sequential cell "DLL_X1".
ABC: Scl_LibertyReadGenlib() skipped sequential cell "DLL_X2".
ABC: Scl_LibertyReadGenlib() skipped cell "FILLCELL_X1" due to dont_use attribute.
ABC: Scl_LibertyReadGenlib() skipped cell "FILLCELL_X2" due to dont_use attribute.
ABC: Scl_LibertyReadGenlib() skipped cell "FILLCELL_X4" due to dont_use attribute.
ABC: Scl_LibertyReadGenlib() skipped cell "FILLCELL_X8" due to dont_use attribute.
ABC: Scl_LibertyReadGenlib() skipped cell "FILLCELL_X16" due to dont_use attribute.
ABC: Scl_LibertyReadGenlib() skipped cell "FILLCELL_X32" due to dont_use attribute.
ABC: Scl_LibertyReadGenlib() skipped cell "LOGIC0_X1" due to dont_use attribute.
ABC: Scl_LibertyReadGenlib() skipped cell "LOGIC1_X1" due to dont_use attribute.
ABC: Scl_LibertyReadGenlib() skipped sequential cell "SDFFRS_X1".
ABC: Scl_LibertyReadGenlib() skipped sequential cell "SDFFRS_X2".
ABC: Scl_LibertyReadGenlib() skipped sequential cell "SDFFR_X1".
ABC: Scl_LibertyReadGenlib() skipped sequential cell "SDFFR_X2".
ABC: Scl_LibertyReadGenlib() skipped sequential cell "SDFFS_X1".
ABC: Scl_LibertyReadGenlib() skipped sequential cell "SDFFS_X2".
ABC: Scl_LibertyReadGenlib() skipped sequential cell "SDFF_X1".
ABC: Scl_LibertyReadGenlib() skipped sequential cell "SDFF_X2".
ABC: Scl_LibertyReadGenlib() skipped three-state cell "TBUF_X1".
ABC: Scl_LibertyReadGenlib() skipped three-state cell "TBUF_X2".
ABC: Scl_LibertyReadGenlib() skipped three-state cell "TBUF_X4".
ABC: Scl_LibertyReadGenlib() skipped three-state cell "TBUF_X8".
ABC: Scl_LibertyReadGenlib() skipped three-state cell "TBUF_X16".
ABC: Scl_LibertyReadGenlib() skipped three-state cell "TINV_X1".
ABC: Scl_LibertyReadGenlib() skipped sequential cell "TLAT_X1".
ABC: Library "NangateOpenCellLibrary" from "/path/asic_work/u1_hybrid/nangate45.lib" has 90 cells (35 skipped: 21 seq; 6 tri-state; 8 no func; 9 dont_use).  Time =     0.05 sec
ABC: Memory =   11.38 MB. Time =     0.05 sec
ABC: Warning: Detected 2 multi-output gates (for example, "FA_X1").
ABC: + strash 
ABC: + &get -n 
ABC: + &fraig -x 
ABC: + &put 
ABC: + scorr 
ABC: Warning: The network is combinational (run "fraig" or "fraig_sweep").
ABC: + dc2 
ABC: + dretime 
ABC: + strash 
ABC: + &get -n 
ABC: + &dch -f 
ABC: + &nf 
ABC: + &put 
ABC: + write_blif <abc-temp-dir>/output.blif 

17.8.2. Re-integrating ABC results.
ABC RESULTS:            INV_X1 cells:        1
ABC RESULTS:           MUX2_X1 cells:      976
ABC RESULTS:           AND2_X1 cells:      980
ABC RESULTS:        internal signals:      977
ABC RESULTS:           input signals:     1837
ABC RESULTS:          output signals:      980
Removing temp directory.

17.9. Extracting gate netlist of module `\ue_v12_complex_pipe' to `<abc-temp-dir>/input.blif'..
Extracted 7079 gates and 11754 wires to a netlist network with 4674 inputs and 2458 outputs.

17.9.1. Executing ABC.
Running ABC command: "<yosys-exe-dir>/yosys-abc" -s -f <abc-temp-dir>/abc.script 2>&1
ABC: ABC command line: "source <abc-temp-dir>/abc.script".
ABC: 
ABC: + read_blif <abc-temp-dir>/input.blif 
ABC: + read_lib -w /path/asic_work/u1_hybrid/nangate45.lib 
ABC: Parsing finished successfully.  Parsing time =     0.04 sec
ABC: Scl_LibertyReadGenlib() skipped cell "ANTENNA_X1" due to dont_use attribute.
ABC: Scl_LibertyReadGenlib() skipped cell "CLKGATETST_X1" without logic function.
ABC: Scl_LibertyReadGenlib() skipped cell "CLKGATETST_X2" without logic function.
ABC: Scl_LibertyReadGenlib() skipped cell "CLKGATETST_X4" without logic function.
ABC: Scl_LibertyReadGenlib() skipped cell "CLKGATETST_X8" without logic function.
ABC: Scl_LibertyReadGenlib() skipped cell "CLKGATE_X1" without logic function.
ABC: Scl_LibertyReadGenlib() skipped cell "CLKGATE_X2" without logic function.
ABC: Scl_LibertyReadGenlib() skipped cell "CLKGATE_X4" without logic function.
ABC: Scl_LibertyReadGenlib() skipped cell "CLKGATE_X8" without logic function.
ABC: Scl_LibertyReadGenlib() skipped sequential cell "DFFRS_X1".
ABC: Scl_LibertyReadGenlib() skipped sequential cell "DFFRS_X2".
ABC: Scl_LibertyReadGenlib() skipped sequential cell "DFFR_X1".
ABC: Scl_LibertyReadGenlib() skipped sequential cell "DFFR_X2".
ABC: Scl_LibertyReadGenlib() skipped sequential cell "DFFS_X1".
ABC: Scl_LibertyReadGenlib() skipped sequential cell "DFFS_X2".
ABC: Scl_LibertyReadGenlib() skipped sequential cell "DFF_X1".
ABC: Scl_LibertyReadGenlib() skipped sequential cell "DFF_X2".
ABC: Scl_LibertyReadGenlib() skipped sequential cell "DLH_X1".
ABC: Scl_LibertyReadGenlib() skipped sequential cell "DLH_X2".
ABC: Scl_LibertyReadGenlib() skipped sequential cell "DLL_X1".
ABC: Scl_LibertyReadGenlib() skipped sequential cell "DLL_X2".
ABC: Scl_LibertyReadGenlib() skipped cell "FILLCELL_X1" due to dont_use attribute.
ABC: Scl_LibertyReadGenlib() skipped cell "FILLCELL_X2" due to dont_use attribute.
ABC: Scl_LibertyReadGenlib() skipped cell "FILLCELL_X4" due to dont_use attribute.
ABC: Scl_LibertyReadGenlib() skipped cell "FILLCELL_X8" due to dont_use attribute.
ABC: Scl_LibertyReadGenlib() skipped cell "FILLCELL_X16" due to dont_use attribute.
ABC: Scl_LibertyReadGenlib() skipped cell "FILLCELL_X32" due to dont_use attribute.
ABC: Scl_LibertyReadGenlib() skipped cell "LOGIC0_X1" due to dont_use attribute.
ABC: Scl_LibertyReadGenlib() skipped cell "LOGIC1_X1" due to dont_use attribute.
ABC: Scl_LibertyReadGenlib() skipped sequential cell "SDFFRS_X1".
ABC: Scl_LibertyReadGenlib() skipped sequential cell "SDFFRS_X2".
ABC: Scl_LibertyReadGenlib() skipped sequential cell "SDFFR_X1".
ABC: Scl_LibertyReadGenlib() skipped sequential cell "SDFFR_X2".
ABC: Scl_LibertyReadGenlib() skipped sequential cell "SDFFS_X1".
ABC: Scl_LibertyReadGenlib() skipped sequential cell "SDFFS_X2".
ABC: Scl_LibertyReadGenlib() skipped sequential cell "SDFF_X1".
ABC: Scl_LibertyReadGenlib() skipped sequential cell "SDFF_X2".
ABC: Scl_LibertyReadGenlib() skipped three-state cell "TBUF_X1".
ABC: Scl_LibertyReadGenlib() skipped three-state cell "TBUF_X2".
ABC: Scl_LibertyReadGenlib() skipped three-state cell "TBUF_X4".
ABC: Scl_LibertyReadGenlib() skipped three-state cell "TBUF_X8".
ABC: Scl_LibertyReadGenlib() skipped three-state cell "TBUF_X16".
ABC: Scl_LibertyReadGenlib() skipped three-state cell "TINV_X1".
ABC: Scl_LibertyReadGenlib() skipped sequential cell "TLAT_X1".
ABC: Library "NangateOpenCellLibrary" from "/path/asic_work/u1_hybrid/nangate45.lib" has 90 cells (35 skipped: 21 seq; 6 tri-state; 8 no func; 9 dont_use).  Time =     0.06 sec
ABC: Memory =   11.38 MB. Time =     0.06 sec
ABC: Warning: Detected 2 multi-output gates (for example, "FA_X1").
ABC: + strash 
ABC: + &get -n 
ABC: + &fraig -x 
ABC: + &put 
ABC: + scorr 
ABC: Warning: The network is combinational (run "fraig" or "fraig_sweep").
ABC: + dc2 
ABC: + dretime 
ABC: + strash 
ABC: + &get -n 
ABC: + &dch -f 
ABC: + &nf 
ABC: + &put 
ABC: + write_blif <abc-temp-dir>/output.blif 

17.9.2. Re-integrating ABC results.
ABC RESULTS:            OR3_X1 cells:        1
ABC RESULTS:            OR2_X1 cells:        2
ABC RESULTS:         OAI211_X1 cells:        1
ABC RESULTS:           AND4_X1 cells:        2
ABC RESULTS:           AND3_X1 cells:        3
ABC RESULTS:          OAI22_X1 cells:        2
ABC RESULTS:            INV_X1 cells:       27
ABC RESULTS:         AOI211_X1 cells:        9
ABC RESULTS:          OAI21_X1 cells:       10
ABC RESULTS:          NAND3_X1 cells:       11
ABC RESULTS:           MUX2_X1 cells:     2180
ABC RESULTS:           NOR4_X1 cells:        3
ABC RESULTS:           NOR2_X1 cells:       25
ABC RESULTS:           NOR3_X1 cells:        7
ABC RESULTS:         AOI222_X1 cells:      232
ABC RESULTS:          NAND2_X1 cells:      257
ABC RESULTS:         AOI221_X1 cells:      235
ABC RESULTS:          AOI21_X1 cells:      252
ABC RESULTS:          AOI22_X1 cells:      535
ABC RESULTS:          NAND4_X1 cells:       21
ABC RESULTS:           AND2_X1 cells:       20
ABC RESULTS:        internal signals:     4622
ABC RESULTS:           input signals:     4674
ABC RESULTS:          output signals:     2458
Removing temp directory.

17.10. Extracting gate netlist of module `\ue_v14_real_1engine' to `<abc-temp-dir>/input.blif'..
Extracted 17878 gates and 31329 wires to a netlist network with 13449 inputs and 6731 outputs.

17.10.1. Executing ABC.
Running ABC command: "<yosys-exe-dir>/yosys-abc" -s -f <abc-temp-dir>/abc.script 2>&1
ABC: ABC command line: "source <abc-temp-dir>/abc.script".
ABC: 
ABC: + read_blif <abc-temp-dir>/input.blif 
ABC: + read_lib -w /path/asic_work/u1_hybrid/nangate45.lib 
ABC: Parsing finished successfully.  Parsing time =     0.04 sec
ABC: Scl_LibertyReadGenlib() skipped cell "ANTENNA_X1" due to dont_use attribute.
ABC: Scl_LibertyReadGenlib() skipped cell "CLKGATETST_X1" without logic function.
ABC: Scl_LibertyReadGenlib() skipped cell "CLKGATETST_X2" without logic function.
ABC: Scl_LibertyReadGenlib() skipped cell "CLKGATETST_X4" without logic function.
ABC: Scl_LibertyReadGenlib() skipped cell "CLKGATETST_X8" without logic function.
ABC: Scl_LibertyReadGenlib() skipped cell "CLKGATE_X1" without logic function.
ABC: Scl_LibertyReadGenlib() skipped cell "CLKGATE_X2" without logic function.
ABC: Scl_LibertyReadGenlib() skipped cell "CLKGATE_X4" without logic function.
ABC: Scl_LibertyReadGenlib() skipped cell "CLKGATE_X8" without logic function.
ABC: Scl_LibertyReadGenlib() skipped sequential cell "DFFRS_X1".
ABC: Scl_LibertyReadGenlib() skipped sequential cell "DFFRS_X2".
ABC: Scl_LibertyReadGenlib() skipped sequential cell "DFFR_X1".
ABC: Scl_LibertyReadGenlib() skipped sequential cell "DFFR_X2".
ABC: Scl_LibertyReadGenlib() skipped sequential cell "DFFS_X1".
ABC: Scl_LibertyReadGenlib() skipped sequential cell "DFFS_X2".
ABC: Scl_LibertyReadGenlib() skipped sequential cell "DFF_X1".
ABC: Scl_LibertyReadGenlib() skipped sequential cell "DFF_X2".
ABC: Scl_LibertyReadGenlib() skipped sequential cell "DLH_X1".
ABC: Scl_LibertyReadGenlib() skipped sequential cell "DLH_X2".
ABC: Scl_LibertyReadGenlib() skipped sequential cell "DLL_X1".
ABC: Scl_LibertyReadGenlib() skipped sequential cell "DLL_X2".
ABC: Scl_LibertyReadGenlib() skipped cell "FILLCELL_X1" due to dont_use attribute.
ABC: Scl_LibertyReadGenlib() skipped cell "FILLCELL_X2" due to dont_use attribute.
ABC: Scl_LibertyReadGenlib() skipped cell "FILLCELL_X4" due to dont_use attribute.
ABC: Scl_LibertyReadGenlib() skipped cell "FILLCELL_X8" due to dont_use attribute.
ABC: Scl_LibertyReadGenlib() skipped cell "FILLCELL_X16" due to dont_use attribute.
ABC: Scl_LibertyReadGenlib() skipped cell "FILLCELL_X32" due to dont_use attribute.
ABC: Scl_LibertyReadGenlib() skipped cell "LOGIC0_X1" due to dont_use attribute.
ABC: Scl_LibertyReadGenlib() skipped cell "LOGIC1_X1" due to dont_use attribute.
ABC: Scl_LibertyReadGenlib() skipped sequential cell "SDFFRS_X1".
ABC: Scl_LibertyReadGenlib() skipped sequential cell "SDFFRS_X2".
ABC: Scl_LibertyReadGenlib() skipped sequential cell "SDFFR_X1".
ABC: Scl_LibertyReadGenlib() skipped sequential cell "SDFFR_X2".
ABC: Scl_LibertyReadGenlib() skipped sequential cell "SDFFS_X1".
ABC: Scl_LibertyReadGenlib() skipped sequential cell "SDFFS_X2".
ABC: Scl_LibertyReadGenlib() skipped sequential cell "SDFF_X1".
ABC: Scl_LibertyReadGenlib() skipped sequential cell "SDFF_X2".
ABC: Scl_LibertyReadGenlib() skipped three-state cell "TBUF_X1".
ABC: Scl_LibertyReadGenlib() skipped three-state cell "TBUF_X2".
ABC: Scl_LibertyReadGenlib() skipped three-state cell "TBUF_X4".
ABC: Scl_LibertyReadGenlib() skipped three-state cell "TBUF_X8".
ABC: Scl_LibertyReadGenlib() skipped three-state cell "TBUF_X16".
ABC: Scl_LibertyReadGenlib() skipped three-state cell "TINV_X1".
ABC: Scl_LibertyReadGenlib() skipped sequential cell "TLAT_X1".
ABC: Library "NangateOpenCellLibrary" from "/path/asic_work/u1_hybrid/nangate45.lib" has 90 cells (35 skipped: 21 seq; 6 tri-state; 8 no func; 9 dont_use).  Time =     0.06 sec
ABC: Memory =   11.38 MB. Time =     0.06 sec
ABC: Warning: Detected 2 multi-output gates (for example, "FA_X1").
ABC: + strash 
ABC: + &get -n 
ABC: + &fraig -x 
ABC: + &put 
ABC: + scorr 
ABC: Warning: The network is combinational (run "fraig" or "fraig_sweep").
ABC: + dc2 
ABC: + dretime 
ABC: + strash 
ABC: + &get -n 
ABC: + &dch -f 
ABC: + &nf 
ABC: + &put 
ABC: + write_blif <abc-temp-dir>/output.blif 

17.10.2. Re-integrating ABC results.
ABC RESULTS:            INV_X1 cells:       28
ABC RESULTS:         AOI222_X1 cells:      628
ABC RESULTS:           AND3_X1 cells:        3
ABC RESULTS:           AND4_X1 cells:        6
ABC RESULTS:          NAND4_X1 cells:        1
ABC RESULTS:          XNOR2_X1 cells:        1
ABC RESULTS:            OR3_X1 cells:        2
ABC RESULTS:         OAI211_X1 cells:        1
ABC RESULTS:            OR2_X1 cells:        2
ABC RESULTS:           NOR3_X1 cells:       12
ABC RESULTS:         AOI211_X1 cells:        4
ABC RESULTS:         AOI221_X1 cells:        1
ABC RESULTS:           NOR2_X1 cells:       20
ABC RESULTS:           AND2_X1 cells:       13
ABC RESULTS:          OAI21_X1 cells:      628
ABC RESULTS:          AOI21_X1 cells:       48
ABC RESULTS:          NAND2_X1 cells:      628
ABC RESULTS:          AOI22_X1 cells:     1806
ABC RESULTS:          NAND3_X1 cells:      604
ABC RESULTS:           MUX2_X1 cells:     6074
ABC RESULTS:        internal signals:    11149
ABC RESULTS:           input signals:    13449
ABC RESULTS:          output signals:     6731
Removing temp directory.

18. Printing statistics.

=== f3_add ===

   Number of wires:                 26
   Number of wire bits:             29
   Number of public wires:           3
   Number of public wire bits:       6
   Number of memories:               0
   Number of memory bits:            0
   Number of processes:              0
   Number of cells:                  9
     NAND2_X1                        4
     OAI22_X1                        1
     XNOR2_X1                        4

   Chip area for module '\f3_add': 10.906000

=== f3_mul ===

   Number of wires:                 25
   Number of wire bits:             28
   Number of public wires:           3
   Number of public wire bits:       6
   Number of memories:               0
   Number of memory bits:            0
   Number of processes:              0
   Number of cells:                  8
     AOI21_X1                        1
     AOI22_X1                        1
     NAND2_X1                        3
     NAND3_X1                        1
     NAND4_X1                        1
     NOR2_X1                         1

   Chip area for module '\f3_mul': 7.980000

=== f3_sub3 ===

   Number of wires:                  9
   Number of wire bits:             13
   Number of public wires:           4
   Number of public wire bits:       8
   Number of memories:               0
   Number of memory bits:            0
   Number of processes:              0
   Number of cells:                  4
     AND2_X1                         1
     INV_X1                          1
     NOR2_X1                         1
     f3_add                          1

   Area for cell type \f3_add is unknown!

   Chip area for module '\f3_sub3': 2.394000

=== f9_mul ===

   Number of wires:                 16
   Number of wire bits:             27
   Number of public wires:          11
   Number of public wire bits:      22
   Number of memories:               0
   Number of memory bits:            0
   Number of processes:              0
   Number of cells:                  9
     AND2_X1                         1
     INV_X1                          1
     NOR2_X1                         1
     f3_add                          2
     f3_mul                          4

   Area for cell type \f3_add is unknown!
   Area for cell type \f3_mul is unknown!

   Chip area for module '\f9_mul': 2.394000

=== sb15_f9_pipe ===

   Number of wires:               2263
   Number of wire bits:           3849
   Number of public wires:        1363
   Number of public wire bits:    2949
   Number of memories:               0
   Number of memory bits:            0
   Number of processes:              0
   Number of cells:               1517
     DFF_X1                        900
     f3_add                        392
     f9_mul                        225

   Area for cell type \f3_add is unknown!
   Area for cell type \f9_mul is unknown!

   Chip area for module '\sb15_f9_pipe': 4069.800000

=== sb16_f9_pipe ===

   Number of wires:               2573
   Number of wire bits:           4361
   Number of public wires:        1549
   Number of public wire bits:    3337
   Number of memories:               0
   Number of memory bits:            0
   Number of processes:              0
   Number of cells:               1730
     DFF_X1                       1024
     f3_add                        450
     f9_mul                        256

   Area for cell type \f3_add is unknown!
   Area for cell type \f9_mul is unknown!

   Chip area for module '\sb16_f9_pipe': 4630.528000

=== u1_r3_1engine ===

   Number of wires:               1529
   Number of wire bits:          10668
   Number of public wires:        1529
   Number of public wire bits:   10668
   Number of memories:               0
   Number of memory bits:            0
   Number of processes:              0
   Number of cells:               1521
     f3_add                       1520
     ue_v14_real_1engine             1

   Area for cell type \ue_v14_real_1engine is unknown!
   Area for cell type \f3_add is unknown!

=== ub_complex_31_pipe4 ===

   Number of wires:               7179
   Number of wire bits:           9749
   Number of public wires:         449
   Number of public wire bits:    3019
   Number of memories:               0
   Number of memory bits:            0
   Number of processes:              0
   Number of cells:               3212
     AND2_X1                       980
     DFF_X1                        980
     INV_X1                          1
     MUX2_X1                       976
     f3_add                        152
     f3_sub3                       120
     sb15_f9_pipe                    1
     sb16_f9_pipe                    2

   Area for cell type \f3_add is unknown!
   Area for cell type \f3_sub3 is unknown!
   Area for cell type \sb16_f9_pipe is unknown!
   Area for cell type \sb15_f9_pipe is unknown!

   Chip area for module '\ub_complex_31_pipe4': 7292.124000

=== ue_v12_complex_pipe ===

   Number of wires:              24245
   Number of wire bits:          38142
   Number of public wires:        6445
   Number of public wire bits:   20342
   Number of memories:               0
   Number of memory bits:            0
   Number of processes:              0
   Number of cells:              12528
     AND2_X1                        20
     AND3_X1                         3
     AND4_X1                         2
     AOI211_X1                       9
     AOI21_X1                      252
     AOI221_X1                     235
     AOI222_X1                     232
     AOI22_X1                      535
     DFF_X1                       2458
     INV_X1                         27
     MUX2_X1                      2180
     NAND2_X1                      257
     NAND3_X1                       11
     NAND4_X1                       21
     NOR2_X1                        25
     NOR3_X1                         7
     NOR4_X1                         3
     OAI211_X1                       1
     OAI21_X1                       10
     OAI22_X1                        2
     OR2_X1                          2
     OR3_X1                          1
     f3_add                       3050
     f3_sub3                      3184
     ub_complex_31_pipe4             1

   Area for cell type \f3_add is unknown!
   Area for cell type \f3_sub3 is unknown!
   Area for cell type \ub_complex_31_pipe4 is unknown!

   Chip area for module '\ue_v12_complex_pipe': 17371.662000

=== ue_v14_real_1engine ===

   Number of wires:              63846
   Number of wire bits:         102267
   Number of public wires:       16512
   Number of public wire bits:   54903
   Number of memories:               0
   Number of memory bits:            0
   Number of processes:              0
   Number of cells:              33390
     AND2_X1                        13
     AND3_X1                         3
     AND4_X1                         6
     AOI211_X1                       4
     AOI21_X1                       48
     AOI221_X1                       1
     AOI222_X1                     628
     AOI22_X1                     1806
     DFF_X1                       6730
     INV_X1                         28
     MUX2_X1                      6074
     NAND2_X1                      628
     NAND3_X1                      604
     NAND4_X1                        1
     NOR2_X1                        20
     NOR3_X1                        12
     OAI211_X1                       1
     OAI21_X1                      628
     OR2_X1                          2
     OR3_X1                          2
     XNOR2_X1                        1
     f3_add                       8218
     f3_sub3                      7931
     ue_v12_complex_pipe             1

   Area for cell type \f3_add is unknown!
   Area for cell type \f3_sub3 is unknown!
   Area for cell type \ue_v12_complex_pipe is unknown!

   Chip area for module '\ue_v14_real_1engine': 47431.258000

=== design hierarchy ===

   u1_r3_1engine                     1
     f3_add                       1520
     ue_v14_real_1engine             1
       f3_add                     8218
       f3_sub3                    7931
         f3_add                      1
       ue_v12_complex_pipe           1
         f3_add                   3050
         f3_sub3                  3184
           f3_add                    1
         ub_complex_31_pipe4         1
           f3_add                  152
           f3_sub3                 120
             f3_add                  1
           sb15_f9_pipe              1
             f3_add                392
             f9_mul                225
               f3_add                2
               f3_mul                4
           sb16_f9_pipe              2
             f3_add                450
             f9_mul                256
               f3_add                2
               f3_mul                4

   Number of wires:             991281
   Number of wire bits:         1203184
   Number of public wires:      172110
   Number of public wire bits:  383983
   Number of memories:               0
   Number of memory bits:            0
   Number of processes:              0
   Number of cells:             331387
     AND2_X1                     12985
     AND3_X1                         6
     AND4_X1                         8
     AOI211_X1                      13
     AOI21_X1                     3248
     AOI221_X1                     236
     AOI222_X1                     860
     AOI22_X1                     5289
     DFF_X1                      13116
     INV_X1                      12028
     MUX2_X1                      9230
     NAND2_X1                   117493
     NAND3_X1                     3563
     NAND4_X1                     2970
     NOR2_X1                     14965
     NOR3_X1                        19
     NOR4_X1                         3
     OAI211_X1                       2
     OAI21_X1                      638
     OAI22_X1                    26943
     OR2_X1                          4
     OR3_X1                          3
     XNOR2_X1                   107765

   Chip area for top module '\u1_r3_1engine': 431430.454000

Warnings: 8 unique messages, 72 total
End of script. Logfile hash: 0a364c23cd, CPU: user 28.85s system 0.32s, MEM: 362.81 MB peak
Yosys 0.33 (git sha1 2584903a060)
Time spent: 29% 24x opt_clean (10 sec), 17% 2x abc (5 sec), ...
