
 /----------------------------------------------------------------------------\
 |                                                                            |
 |  yosys -- Yosys Open SYnthesis Suite                                       |
 |                                                                            |
 |  Copyright (C) 2012 - 2020  Claire Xenia Wolf <claire@yosyshq.com>         |
 |                                                                            |
 |  Permission to use, copy, modify, and/or distribute this software for any  |
 |  purpose with or without fee is hereby granted, provided that the above    |
 |  copyright notice and this permission notice appear in all copies.         |
 |                                                                            |
 |  THE SOFTWARE IS PROVIDED "AS IS" AND THE AUTHOR DISCLAIMS ALL WARRANTIES  |
 |  WITH REGARD TO THIS SOFTWARE INCLUDING ALL IMPLIED WARRANTIES OF          |
 |  MERCHANTABILITY AND FITNESS. IN NO EVENT SHALL THE AUTHOR BE LIABLE FOR   |
 |  ANY SPECIAL, DIRECT, INDIRECT, OR CONSEQUENTIAL DAMAGES OR ANY DAMAGES    |
 |  WHATSOEVER RESULTING FROM LOSS OF USE, DATA OR PROFITS, WHETHER IN AN     |
 |  ACTION OF CONTRACT, NEGLIGENCE OR OTHER TORTIOUS ACTION, ARISING OUT OF   |
 |  OR IN CONNECTION WITH THE USE OR PERFORMANCE OF THIS SOFTWARE.            |
 |                                                                            |
 \----------------------------------------------------------------------------/

 Yosys 0.33 (git sha1 2584903a060)


-- Executing script file `synth_peng2.ys' --

1. Executing Verilog-2005 frontend: peng_r3.v
Parsing SystemVerilog input from `peng_r3.v' to AST representation.
Warning: Yosys has only limited support for tri-state logic at the moment. (peng_r3.v:7341)
Warning: Yosys has only limited support for tri-state logic at the moment. (peng_r3.v:7342)
Generating RTLIL representation for module `\mod4591svec28'.
Generating RTLIL representation for module `\modmul4591s'.
Generating RTLIL representation for module `\modq_freeze'.
Generating RTLIL representation for module `\rq_fma_v2'.
Generating RTLIL representation for module `\rq_mult_parallel'.
Successfully finished Verilog frontend.

2. Executing HIERARCHY pass (managing design hierarchy).

2.1. Analyzing design hierarchy..
Top module:  \rq_mult_parallel
Used module:     \modq_freeze
Used module:         \modmul4591s
Used module:             \mod4591svec28
Used module:     \rq_fma_v2

2.2. Analyzing design hierarchy..
Top module:  \rq_mult_parallel
Used module:     \modq_freeze
Used module:         \modmul4591s
Used module:             \mod4591svec28
Used module:     \rq_fma_v2
Removed 0 unused modules.

3. Executing SYNTH pass.

3.1. Executing HIERARCHY pass (managing design hierarchy).

3.1.1. Analyzing design hierarchy..
Top module:  \rq_mult_parallel
Used module:     \modq_freeze
Used module:         \modmul4591s
Used module:             \mod4591svec28
Used module:     \rq_fma_v2

3.1.2. Analyzing design hierarchy..
Top module:  \rq_mult_parallel
Used module:     \modq_freeze
Used module:         \modmul4591s
Used module:             \mod4591svec28
Used module:     \rq_fma_v2
Removed 0 unused modules.

3.2. Executing PROC pass (convert processes to netlists).

3.2.1. Executing PROC_CLEAN pass (remove empty switches from decision trees).
Cleaned up 0 empty switches.

3.2.2. Executing PROC_RMDEAD pass (remove dead branches from decision trees).
Marked 1 switch rules as full_case in process $proc$peng_r3.v:30520$1037 in module rq_mult_parallel.
Marked 1 switch rules as full_case in process $proc$peng_r3.v:30514$1036 in module rq_mult_parallel.
Marked 1 switch rules as full_case in process $proc$peng_r3.v:22883$1035 in module rq_mult_parallel.
Marked 1 switch rules as full_case in process $proc$peng_r3.v:22873$1034 in module rq_mult_parallel.
Marked 1 switch rules as full_case in process $proc$peng_r3.v:22860$1033 in module rq_mult_parallel.
Marked 1 switch rules as full_case in process $proc$peng_r3.v:22847$1032 in module rq_mult_parallel.
Marked 1 switch rules as full_case in process $proc$peng_r3.v:22834$1031 in module rq_mult_parallel.
Marked 1 switch rules as full_case in process $proc$peng_r3.v:22746$1012 in module rq_mult_parallel.
Marked 1 switch rules as full_case in process $proc$peng_r3.v:22732$1011 in module rq_mult_parallel.
Marked 1 switch rules as full_case in process $proc$peng_r3.v:22718$1010 in module rq_mult_parallel.
Marked 1 switch rules as full_case in process $proc$peng_r3.v:22702$1009 in module rq_mult_parallel.
Marked 1 switch rules as full_case in process $proc$peng_r3.v:22686$1008 in module rq_mult_parallel.
Marked 1 switch rules as full_case in process $proc$peng_r3.v:22670$1007 in module rq_mult_parallel.
Marked 1 switch rules as full_case in process $proc$peng_r3.v:22654$1006 in module rq_mult_parallel.
Marked 1 switch rules as full_case in process $proc$peng_r3.v:22638$1005 in module rq_mult_parallel.
Marked 1 switch rules as full_case in process $proc$peng_r3.v:22622$1004 in module rq_mult_parallel.
Marked 1 switch rules as full_case in process $proc$peng_r3.v:22606$1003 in module rq_mult_parallel.
Marked 1 switch rules as full_case in process $proc$peng_r3.v:22590$1002 in module rq_mult_parallel.
Marked 1 switch rules as full_case in process $proc$peng_r3.v:22574$1001 in module rq_mult_parallel.
Marked 1 switch rules as full_case in process $proc$peng_r3.v:22558$1000 in module rq_mult_parallel.
Marked 1 switch rules as full_case in process $proc$peng_r3.v:22542$999 in module rq_mult_parallel.
Marked 1 switch rules as full_case in process $proc$peng_r3.v:22526$998 in module rq_mult_parallel.
Marked 1 switch rules as full_case in process $proc$peng_r3.v:22510$997 in module rq_mult_parallel.
Marked 1 switch rules as full_case in process $proc$peng_r3.v:22494$996 in module rq_mult_parallel.
Marked 1 switch rules as full_case in process $proc$peng_r3.v:22478$995 in module rq_mult_parallel.
Marked 1 switch rules as full_case in process $proc$peng_r3.v:22462$994 in module rq_mult_parallel.
Marked 1 switch rules as full_case in process $proc$peng_r3.v:22446$993 in module rq_mult_parallel.
Marked 1 switch rules as full_case in process $proc$peng_r3.v:22430$992 in module rq_mult_parallel.
Marked 1 switch rules as full_case in process $proc$peng_r3.v:22414$991 in module rq_mult_parallel.
Marked 1 switch rules as full_case in process $proc$peng_r3.v:22398$990 in module rq_mult_parallel.
Marked 1 switch rules as full_case in process $proc$peng_r3.v:22382$989 in module rq_mult_parallel.
Marked 1 switch rules as full_case in process $proc$peng_r3.v:22366$988 in module rq_mult_parallel.
Marked 1 switch rules as full_case in process $proc$peng_r3.v:22350$987 in module rq_mult_parallel.
Marked 1 switch rules as full_case in process $proc$peng_r3.v:22334$986 in module rq_mult_parallel.
Marked 1 switch rules as full_case in process $proc$peng_r3.v:22318$985 in module rq_mult_parallel.
Marked 1 switch rules as full_case in process $proc$peng_r3.v:22302$984 in module rq_mult_parallel.
Marked 1 switch rules as full_case in process $proc$peng_r3.v:22286$983 in module rq_mult_parallel.
Marked 1 switch rules as full_case in process $proc$peng_r3.v:22270$982 in module rq_mult_parallel.
Marked 1 switch rules as full_case in process $proc$peng_r3.v:22254$981 in module rq_mult_parallel.
Marked 1 switch rules as full_case in process $proc$peng_r3.v:22238$980 in module rq_mult_parallel.
Marked 1 switch rules as full_case in process $proc$peng_r3.v:22222$979 in module rq_mult_parallel.
Marked 1 switch rules as full_case in process $proc$peng_r3.v:22206$978 in module rq_mult_parallel.
Marked 1 switch rules as full_case in process $proc$peng_r3.v:22190$977 in module rq_mult_parallel.
Marked 1 switch rules as full_case in process $proc$peng_r3.v:22174$976 in module rq_mult_parallel.
Marked 1 switch rules as full_case in process $proc$peng_r3.v:22158$975 in module rq_mult_parallel.
Marked 1 switch rules as full_case in process $proc$peng_r3.v:22142$974 in module rq_mult_parallel.
Marked 1 switch rules as full_case in process $proc$peng_r3.v:22126$973 in module rq_mult_parallel.
Marked 1 switch rules as full_case in process $proc$peng_r3.v:22110$972 in module rq_mult_parallel.
Marked 1 switch rules as full_case in process $proc$peng_r3.v:22094$971 in module rq_mult_parallel.
Marked 1 switch rules as full_case in process $proc$peng_r3.v:22078$970 in module rq_mult_parallel.
Marked 1 switch rules as full_case in process $proc$peng_r3.v:22062$969 in module rq_mult_parallel.
Marked 1 switch rules as full_case in process $proc$peng_r3.v:22046$968 in module rq_mult_parallel.
Marked 1 switch rules as full_case in process $proc$peng_r3.v:22030$967 in module rq_mult_parallel.
Marked 1 switch rules as full_case in process $proc$peng_r3.v:22014$966 in module rq_mult_parallel.
Marked 1 switch rules as full_case in process $proc$peng_r3.v:21998$965 in module rq_mult_parallel.
Marked 1 switch rules as full_case in process $proc$peng_r3.v:21982$964 in module rq_mult_parallel.
Marked 1 switch rules as full_case in process $proc$peng_r3.v:21966$963 in module rq_mult_parallel.
Marked 1 switch rules as full_case in process $proc$peng_r3.v:21950$962 in module rq_mult_parallel.
Marked 1 switch rules as full_case in process $proc$peng_r3.v:21934$961 in module rq_mult_parallel.
Marked 1 switch rules as full_case in process $proc$peng_r3.v:21918$960 in module rq_mult_parallel.
Marked 1 switch rules as full_case in process $proc$peng_r3.v:21902$959 in module rq_mult_parallel.
Marked 1 switch rules as full_case in process $proc$peng_r3.v:21886$958 in module rq_mult_parallel.
Marked 1 switch rules as full_case in process $proc$peng_r3.v:21870$957 in module rq_mult_parallel.
Marked 1 switch rules as full_case in process $proc$peng_r3.v:21854$956 in module rq_mult_parallel.
Marked 1 switch rules as full_case in process $proc$peng_r3.v:21838$955 in module rq_mult_parallel.
Marked 1 switch rules as full_case in process $proc$peng_r3.v:21822$954 in module rq_mult_parallel.
Marked 1 switch rules as full_case in process $proc$peng_r3.v:21806$953 in module rq_mult_parallel.
Marked 1 switch rules as full_case in process $proc$peng_r3.v:21790$952 in module rq_mult_parallel.
Marked 1 switch rules as full_case in process $proc$peng_r3.v:21774$951 in module rq_mult_parallel.
Marked 1 switch rules as full_case in process $proc$peng_r3.v:21758$950 in module rq_mult_parallel.
Marked 1 switch rules as full_case in process $proc$peng_r3.v:21742$949 in module rq_mult_parallel.
Marked 1 switch rules as full_case in process $proc$peng_r3.v:21726$948 in module rq_mult_parallel.
Marked 1 switch rules as full_case in process $proc$peng_r3.v:21710$947 in module rq_mult_parallel.
Marked 1 switch rules as full_case in process $proc$peng_r3.v:21694$946 in module rq_mult_parallel.
Marked 1 switch rules as full_case in process $proc$peng_r3.v:21678$945 in module rq_mult_parallel.
Marked 1 switch rules as full_case in process $proc$peng_r3.v:21662$944 in module rq_mult_parallel.
Marked 1 switch rules as full_case in process $proc$peng_r3.v:21646$943 in module rq_mult_parallel.
Marked 1 switch rules as full_case in process $proc$peng_r3.v:21630$942 in module rq_mult_parallel.
Marked 1 switch rules as full_case in process $proc$peng_r3.v:21614$941 in module rq_mult_parallel.
Marked 1 switch rules as full_case in process $proc$peng_r3.v:21598$940 in module rq_mult_parallel.
Marked 1 switch rules as full_case in process $proc$peng_r3.v:21582$939 in module rq_mult_parallel.
Marked 1 switch rules as full_case in process $proc$peng_r3.v:21566$938 in module rq_mult_parallel.
Marked 1 switch rules as full_case in process $proc$peng_r3.v:21550$937 in module rq_mult_parallel.
Marked 1 switch rules as full_case in process $proc$peng_r3.v:21534$936 in module rq_mult_parallel.
Marked 1 switch rules as full_case in process $proc$peng_r3.v:21518$935 in module rq_mult_parallel.
Marked 1 switch rules as full_case in process $proc$peng_r3.v:21502$934 in module rq_mult_parallel.
Marked 1 switch rules as full_case in process $proc$peng_r3.v:21486$933 in module rq_mult_parallel.
Marked 1 switch rules as full_case in process $proc$peng_r3.v:21470$932 in module rq_mult_parallel.
Marked 1 switch rules as full_case in process $proc$peng_r3.v:21454$931 in module rq_mult_parallel.
Marked 1 switch rules as full_case in process $proc$peng_r3.v:21438$930 in module rq_mult_parallel.
Marked 1 switch rules as full_case in process $proc$peng_r3.v:21422$929 in module rq_mult_parallel.
Marked 1 switch rules as full_case in process $proc$peng_r3.v:21406$928 in module rq_mult_parallel.
Marked 1 switch rules as full_case in process $proc$peng_r3.v:21390$927 in module rq_mult_parallel.
Marked 1 switch rules as full_case in process $proc$peng_r3.v:21374$926 in module rq_mult_parallel.
Marked 1 switch rules as full_case in process $proc$peng_r3.v:21358$925 in module rq_mult_parallel.
Marked 1 switch rules as full_case in process $proc$peng_r3.v:21342$924 in module rq_mult_parallel.
Marked 1 switch rules as full_case in process $proc$peng_r3.v:21326$923 in module rq_mult_parallel.
Marked 1 switch rules as full_case in process $proc$peng_r3.v:21310$922 in module rq_mult_parallel.
Marked 1 switch rules as full_case in process $proc$peng_r3.v:21294$921 in module rq_mult_parallel.
Marked 1 switch rules as full_case in process $proc$peng_r3.v:21278$920 in module rq_mult_parallel.
Marked 1 switch rules as full_case in process $proc$peng_r3.v:21262$919 in module rq_mult_parallel.
Marked 1 switch rules as full_case in process $proc$peng_r3.v:21246$918 in module rq_mult_parallel.
Marked 1 switch rules as full_case in process $proc$peng_r3.v:21230$917 in module rq_mult_parallel.
Marked 1 switch rules as full_case in process $proc$peng_r3.v:21214$916 in module rq_mult_parallel.
Marked 1 switch rules as full_case in process $proc$peng_r3.v:21198$915 in module rq_mult_parallel.
Marked 1 switch rules as full_case in process $proc$peng_r3.v:21182$914 in module rq_mult_parallel.
Marked 1 switch rules as full_case in process $proc$peng_r3.v:21166$913 in module rq_mult_parallel.
Marked 1 switch rules as full_case in process $proc$peng_r3.v:21150$912 in module rq_mult_parallel.
Marked 1 switch rules as full_case in process $proc$peng_r3.v:21134$911 in module rq_mult_parallel.
Marked 1 switch rules as full_case in process $proc$peng_r3.v:21118$910 in module rq_mult_parallel.
Marked 1 switch rules as full_case in process $proc$peng_r3.v:21102$909 in module rq_mult_parallel.
Marked 1 switch rules as full_case in process $proc$peng_r3.v:21086$908 in module rq_mult_parallel.
Marked 1 switch rules as full_case in process $proc$peng_r3.v:21070$907 in module rq_mult_parallel.
Marked 1 switch rules as full_case in process $proc$peng_r3.v:21054$906 in module rq_mult_parallel.
Marked 1 switch rules as full_case in process $proc$peng_r3.v:21038$905 in module rq_mult_parallel.
Marked 1 switch rules as full_case in process $proc$peng_r3.v:21022$904 in module rq_mult_parallel.
Marked 1 switch rules as full_case in process $proc$peng_r3.v:21006$903 in module rq_mult_parallel.
Marked 1 switch rules as full_case in process $proc$peng_r3.v:20990$902 in module rq_mult_parallel.
Marked 1 switch rules as full_case in process $proc$peng_r3.v:20974$901 in module rq_mult_parallel.
Marked 1 switch rules as full_case in process $proc$peng_r3.v:20958$900 in module rq_mult_parallel.
Marked 1 switch rules as full_case in process $proc$peng_r3.v:20942$899 in module rq_mult_parallel.
Marked 1 switch rules as full_case in process $proc$peng_r3.v:20926$898 in module rq_mult_parallel.
Marked 1 switch rules as full_case in process $proc$peng_r3.v:20910$897 in module rq_mult_parallel.
Marked 1 switch rules as full_case in process $proc$peng_r3.v:20894$896 in module rq_mult_parallel.
Marked 1 switch rules as full_case in process $proc$peng_r3.v:20878$895 in module rq_mult_parallel.
Marked 1 switch rules as full_case in process $proc$peng_r3.v:20862$894 in module rq_mult_parallel.
Marked 1 switch rules as full_case in process $proc$peng_r3.v:20846$893 in module rq_mult_parallel.
Marked 1 switch rules as full_case in process $proc$peng_r3.v:20830$892 in module rq_mult_parallel.
Marked 1 switch rules as full_case in process $proc$peng_r3.v:20814$891 in module rq_mult_parallel.
Marked 1 switch rules as full_case in process $proc$peng_r3.v:20798$890 in module rq_mult_parallel.
Marked 1 switch rules as full_case in process $proc$peng_r3.v:20782$889 in module rq_mult_parallel.
Marked 1 switch rules as full_case in process $proc$peng_r3.v:20766$888 in module rq_mult_parallel.
Marked 1 switch rules as full_case in process $proc$peng_r3.v:20750$887 in module rq_mult_parallel.
Marked 1 switch rules as full_case in process $proc$peng_r3.v:20734$886 in module rq_mult_parallel.
Marked 1 switch rules as full_case in process $proc$peng_r3.v:20718$885 in module rq_mult_parallel.
Marked 1 switch rules as full_case in process $proc$peng_r3.v:20702$884 in module rq_mult_parallel.
Marked 1 switch rules as full_case in process $proc$peng_r3.v:20686$883 in module rq_mult_parallel.
Marked 1 switch rules as full_case in process $proc$peng_r3.v:20670$882 in module rq_mult_parallel.
Marked 1 switch rules as full_case in process $proc$peng_r3.v:20654$881 in module rq_mult_parallel.
Marked 1 switch rules as full_case in process $proc$peng_r3.v:20638$880 in module rq_mult_parallel.
Marked 1 switch rules as full_case in process $proc$peng_r3.v:20622$879 in module rq_mult_parallel.
Marked 1 switch rules as full_case in process $proc$peng_r3.v:20606$878 in module rq_mult_parallel.
Marked 1 switch rules as full_case in process $proc$peng_r3.v:20590$877 in module rq_mult_parallel.
Marked 1 switch rules as full_case in process $proc$peng_r3.v:20574$876 in module rq_mult_parallel.
Marked 1 switch rules as full_case in process $proc$peng_r3.v:20558$875 in module rq_mult_parallel.
Marked 1 switch rules as full_case in process $proc$peng_r3.v:20542$874 in module rq_mult_parallel.
Marked 1 switch rules as full_case in process $proc$peng_r3.v:20526$873 in module rq_mult_parallel.
Marked 1 switch rules as full_case in process $proc$peng_r3.v:20510$872 in module rq_mult_parallel.
Marked 1 switch rules as full_case in process $proc$peng_r3.v:20494$871 in module rq_mult_parallel.
Marked 1 switch rules as full_case in process $proc$peng_r3.v:20478$870 in module rq_mult_parallel.
Marked 1 switch rules as full_case in process $proc$peng_r3.v:20462$869 in module rq_mult_parallel.
Marked 1 switch rules as full_case in process $proc$peng_r3.v:20446$868 in module rq_mult_parallel.
Marked 1 switch rules as full_case in process $proc$peng_r3.v:20430$867 in module rq_mult_parallel.
Marked 1 switch rules as full_case in process $proc$peng_r3.v:20414$866 in module rq_mult_parallel.
Marked 1 switch rules as full_case in process $proc$peng_r3.v:20398$865 in module rq_mult_parallel.
Marked 1 switch rules as full_case in process $proc$peng_r3.v:20382$864 in module rq_mult_parallel.
Marked 1 switch rules as full_case in process $proc$peng_r3.v:20366$863 in module rq_mult_parallel.
Marked 1 switch rules as full_case in process $proc$peng_r3.v:20350$862 in module rq_mult_parallel.
Marked 1 switch rules as full_case in process $proc$peng_r3.v:20334$861 in module rq_mult_parallel.
Marked 1 switch rules as full_case in process $proc$peng_r3.v:20318$860 in module rq_mult_parallel.
Marked 1 switch rules as full_case in process $proc$peng_r3.v:20302$859 in module rq_mult_parallel.
Marked 1 switch rules as full_case in process $proc$peng_r3.v:20286$858 in module rq_mult_parallel.
Marked 1 switch rules as full_case in process $proc$peng_r3.v:20270$857 in module rq_mult_parallel.
Marked 1 switch rules as full_case in process $proc$peng_r3.v:20254$856 in module rq_mult_parallel.
Marked 1 switch rules as full_case in process $proc$peng_r3.v:20238$855 in module rq_mult_parallel.
Marked 1 switch rules as full_case in process $proc$peng_r3.v:20222$854 in module rq_mult_parallel.
Marked 1 switch rules as full_case in process $proc$peng_r3.v:20206$853 in module rq_mult_parallel.
Marked 1 switch rules as full_case in process $proc$peng_r3.v:20190$852 in module rq_mult_parallel.
Marked 1 switch rules as full_case in process $proc$peng_r3.v:20174$851 in module rq_mult_parallel.
Marked 1 switch rules as full_case in process $proc$peng_r3.v:20158$850 in module rq_mult_parallel.
Marked 1 switch rules as full_case in process $proc$peng_r3.v:20142$849 in module rq_mult_parallel.
Marked 1 switch rules as full_case in process $proc$peng_r3.v:20126$848 in module rq_mult_parallel.
Marked 1 switch rules as full_case in process $proc$peng_r3.v:20110$847 in module rq_mult_parallel.
Marked 1 switch rules as full_case in process $proc$peng_r3.v:20094$846 in module rq_mult_parallel.
Marked 1 switch rules as full_case in process $proc$peng_r3.v:20078$845 in module rq_mult_parallel.
Marked 1 switch rules as full_case in process $proc$peng_r3.v:20062$844 in module rq_mult_parallel.
Marked 1 switch rules as full_case in process $proc$peng_r3.v:20046$843 in module rq_mult_parallel.
Marked 1 switch rules as full_case in process $proc$peng_r3.v:20030$842 in module rq_mult_parallel.
Marked 1 switch rules as full_case in process $proc$peng_r3.v:20014$841 in module rq_mult_parallel.
Marked 1 switch rules as full_case in process $proc$peng_r3.v:19998$840 in module rq_mult_parallel.
Marked 1 switch rules as full_case in process $proc$peng_r3.v:19982$839 in module rq_mult_parallel.
Marked 1 switch rules as full_case in process $proc$peng_r3.v:19966$838 in module rq_mult_parallel.
Marked 1 switch rules as full_case in process $proc$peng_r3.v:19950$837 in module rq_mult_parallel.
Marked 1 switch rules as full_case in process $proc$peng_r3.v:19934$836 in module rq_mult_parallel.
Marked 1 switch rules as full_case in process $proc$peng_r3.v:19918$835 in module rq_mult_parallel.
Marked 1 switch rules as full_case in process $proc$peng_r3.v:19902$834 in module rq_mult_parallel.
Marked 1 switch rules as full_case in process $proc$peng_r3.v:19886$833 in module rq_mult_parallel.
Marked 1 switch rules as full_case in process $proc$peng_r3.v:19870$832 in module rq_mult_parallel.
Marked 1 switch rules as full_case in process $proc$peng_r3.v:19854$831 in module rq_mult_parallel.
Marked 1 switch rules as full_case in process $proc$peng_r3.v:19838$830 in module rq_mult_parallel.
Marked 1 switch rules as full_case in process $proc$peng_r3.v:19822$829 in module rq_mult_parallel.
Marked 1 switch rules as full_case in process $proc$peng_r3.v:19806$828 in module rq_mult_parallel.
Marked 1 switch rules as full_case in process $proc$peng_r3.v:19790$827 in module rq_mult_parallel.
Marked 1 switch rules as full_case in process $proc$peng_r3.v:19774$826 in module rq_mult_parallel.
Marked 1 switch rules as full_case in process $proc$peng_r3.v:19758$825 in module rq_mult_parallel.
Marked 1 switch rules as full_case in process $proc$peng_r3.v:19742$824 in module rq_mult_parallel.
Marked 1 switch rules as full_case in process $proc$peng_r3.v:19726$823 in module rq_mult_parallel.
Marked 1 switch rules as full_case in process $proc$peng_r3.v:19710$822 in module rq_mult_parallel.
Marked 1 switch rules as full_case in process $proc$peng_r3.v:19694$821 in module rq_mult_parallel.
Marked 1 switch rules as full_case in process $proc$peng_r3.v:19678$820 in module rq_mult_parallel.
Marked 1 switch rules as full_case in process $proc$peng_r3.v:19662$819 in module rq_mult_parallel.
Marked 1 switch rules as full_case in process $proc$peng_r3.v:19646$818 in module rq_mult_parallel.
Marked 1 switch rules as full_case in process $proc$peng_r3.v:19630$817 in module rq_mult_parallel.
Marked 1 switch rules as full_case in process $proc$peng_r3.v:19614$816 in module rq_mult_parallel.
Marked 1 switch rules as full_case in process $proc$peng_r3.v:19598$815 in module rq_mult_parallel.
Marked 1 switch rules as full_case in process $proc$peng_r3.v:19582$814 in module rq_mult_parallel.
Marked 1 switch rules as full_case in process $proc$peng_r3.v:19566$813 in module rq_mult_parallel.
Marked 1 switch rules as full_case in process $proc$peng_r3.v:19550$812 in module rq_mult_parallel.
Marked 1 switch rules as full_case in process $proc$peng_r3.v:19534$811 in module rq_mult_parallel.
Marked 1 switch rules as full_case in process $proc$peng_r3.v:19518$810 in module rq_mult_parallel.
Marked 1 switch rules as full_case in process $proc$peng_r3.v:19502$809 in module rq_mult_parallel.
Marked 1 switch rules as full_case in process $proc$peng_r3.v:19486$808 in module rq_mult_parallel.
Marked 1 switch rules as full_case in process $proc$peng_r3.v:19470$807 in module rq_mult_parallel.
Marked 1 switch rules as full_case in process $proc$peng_r3.v:19454$806 in module rq_mult_parallel.
Marked 1 switch rules as full_case in process $proc$peng_r3.v:19438$805 in module rq_mult_parallel.
Marked 1 switch rules as full_case in process $proc$peng_r3.v:19422$804 in module rq_mult_parallel.
Marked 1 switch rules as full_case in process $proc$peng_r3.v:19406$803 in module rq_mult_parallel.
Marked 1 switch rules as full_case in process $proc$peng_r3.v:19390$802 in module rq_mult_parallel.
Marked 1 switch rules as full_case in process $proc$peng_r3.v:19374$801 in module rq_mult_parallel.
Marked 1 switch rules as full_case in process $proc$peng_r3.v:19358$800 in module rq_mult_parallel.
Marked 1 switch rules as full_case in process $proc$peng_r3.v:19342$799 in module rq_mult_parallel.
Marked 1 switch rules as full_case in process $proc$peng_r3.v:19326$798 in module rq_mult_parallel.
Marked 1 switch rules as full_case in process $proc$peng_r3.v:19310$797 in module rq_mult_parallel.
Marked 1 switch rules as full_case in process $proc$peng_r3.v:19294$796 in module rq_mult_parallel.
Marked 1 switch rules as full_case in process $proc$peng_r3.v:19278$795 in module rq_mult_parallel.
Marked 1 switch rules as full_case in process $proc$peng_r3.v:19262$794 in module rq_mult_parallel.
Marked 1 switch rules as full_case in process $proc$peng_r3.v:19246$793 in module rq_mult_parallel.
Marked 1 switch rules as full_case in process $proc$peng_r3.v:19230$792 in module rq_mult_parallel.
Marked 1 switch rules as full_case in process $proc$peng_r3.v:19214$791 in module rq_mult_parallel.
Marked 1 switch rules as full_case in process $proc$peng_r3.v:19198$790 in module rq_mult_parallel.
Marked 1 switch rules as full_case in process $proc$peng_r3.v:19182$789 in module rq_mult_parallel.
Marked 1 switch rules as full_case in process $proc$peng_r3.v:19166$788 in module rq_mult_parallel.
Marked 1 switch rules as full_case in process $proc$peng_r3.v:19150$787 in module rq_mult_parallel.
Marked 1 switch rules as full_case in process $proc$peng_r3.v:19134$786 in module rq_mult_parallel.
Marked 1 switch rules as full_case in process $proc$peng_r3.v:19118$785 in module rq_mult_parallel.
Marked 1 switch rules as full_case in process $proc$peng_r3.v:19102$784 in module rq_mult_parallel.
Marked 1 switch rules as full_case in process $proc$peng_r3.v:19086$783 in module rq_mult_parallel.
Marked 1 switch rules as full_case in process $proc$peng_r3.v:19070$782 in module rq_mult_parallel.
Marked 1 switch rules as full_case in process $proc$peng_r3.v:19054$781 in module rq_mult_parallel.
Marked 1 switch rules as full_case in process $proc$peng_r3.v:19038$780 in module rq_mult_parallel.
Marked 1 switch rules as full_case in process $proc$peng_r3.v:19022$779 in module rq_mult_parallel.
Marked 1 switch rules as full_case in process $proc$peng_r3.v:19006$778 in module rq_mult_parallel.
Marked 1 switch rules as full_case in process $proc$peng_r3.v:18990$777 in module rq_mult_parallel.
Marked 1 switch rules as full_case in process $proc$peng_r3.v:18974$776 in module rq_mult_parallel.
Marked 1 switch rules as full_case in process $proc$peng_r3.v:18958$775 in module rq_mult_parallel.
Marked 1 switch rules as full_case in process $proc$peng_r3.v:18942$774 in module rq_mult_parallel.
Marked 1 switch rules as full_case in process $proc$peng_r3.v:18926$773 in module rq_mult_parallel.
Marked 1 switch rules as full_case in process $proc$peng_r3.v:18910$772 in module rq_mult_parallel.
Marked 1 switch rules as full_case in process $proc$peng_r3.v:18894$771 in module rq_mult_parallel.
Marked 1 switch rules as full_case in process $proc$peng_r3.v:18878$770 in module rq_mult_parallel.
Marked 1 switch rules as full_case in process $proc$peng_r3.v:18862$769 in module rq_mult_parallel.
Marked 1 switch rules as full_case in process $proc$peng_r3.v:18846$768 in module rq_mult_parallel.
Marked 1 switch rules as full_case in process $proc$peng_r3.v:18830$767 in module rq_mult_parallel.
Marked 1 switch rules as full_case in process $proc$peng_r3.v:18814$766 in module rq_mult_parallel.
Marked 1 switch rules as full_case in process $proc$peng_r3.v:18798$765 in module rq_mult_parallel.
Marked 1 switch rules as full_case in process $proc$peng_r3.v:18782$764 in module rq_mult_parallel.
Marked 1 switch rules as full_case in process $proc$peng_r3.v:18766$763 in module rq_mult_parallel.
Marked 1 switch rules as full_case in process $proc$peng_r3.v:18750$762 in module rq_mult_parallel.
Marked 1 switch rules as full_case in process $proc$peng_r3.v:18734$761 in module rq_mult_parallel.
Marked 1 switch rules as full_case in process $proc$peng_r3.v:18718$760 in module rq_mult_parallel.
Marked 1 switch rules as full_case in process $proc$peng_r3.v:18702$759 in module rq_mult_parallel.
Marked 1 switch rules as full_case in process $proc$peng_r3.v:18686$758 in module rq_mult_parallel.
Marked 1 switch rules as full_case in process $proc$peng_r3.v:18670$757 in module rq_mult_parallel.
Marked 1 switch rules as full_case in process $proc$peng_r3.v:18654$756 in module rq_mult_parallel.
Marked 1 switch rules as full_case in process $proc$peng_r3.v:18638$755 in module rq_mult_parallel.
Marked 1 switch rules as full_case in process $proc$peng_r3.v:18622$754 in module rq_mult_parallel.
Marked 1 switch rules as full_case in process $proc$peng_r3.v:18606$753 in module rq_mult_parallel.
Marked 1 switch rules as full_case in process $proc$peng_r3.v:18590$752 in module rq_mult_parallel.
Marked 1 switch rules as full_case in process $proc$peng_r3.v:18574$751 in module rq_mult_parallel.
Marked 1 switch rules as full_case in process $proc$peng_r3.v:18558$750 in module rq_mult_parallel.
Marked 1 switch rules as full_case in process $proc$peng_r3.v:18542$749 in module rq_mult_parallel.
Marked 1 switch rules as full_case in process $proc$peng_r3.v:18526$748 in module rq_mult_parallel.
Marked 1 switch rules as full_case in process $proc$peng_r3.v:18510$747 in module rq_mult_parallel.
Marked 1 switch rules as full_case in process $proc$peng_r3.v:18494$746 in module rq_mult_parallel.
Marked 1 switch rules as full_case in process $proc$peng_r3.v:18478$745 in module rq_mult_parallel.
Marked 1 switch rules as full_case in process $proc$peng_r3.v:18462$744 in module rq_mult_parallel.
Marked 1 switch rules as full_case in process $proc$peng_r3.v:18446$743 in module rq_mult_parallel.
Marked 1 switch rules as full_case in process $proc$peng_r3.v:18430$742 in module rq_mult_parallel.
Marked 1 switch rules as full_case in process $proc$peng_r3.v:18414$741 in module rq_mult_parallel.
Marked 1 switch rules as full_case in process $proc$peng_r3.v:18398$740 in module rq_mult_parallel.
Marked 1 switch rules as full_case in process $proc$peng_r3.v:18382$739 in module rq_mult_parallel.
Marked 1 switch rules as full_case in process $proc$peng_r3.v:18366$738 in module rq_mult_parallel.
Marked 1 switch rules as full_case in process $proc$peng_r3.v:18350$737 in module rq_mult_parallel.
Marked 1 switch rules as full_case in process $proc$peng_r3.v:18334$736 in module rq_mult_parallel.
Marked 1 switch rules as full_case in process $proc$peng_r3.v:18318$735 in module rq_mult_parallel.
Marked 1 switch rules as full_case in process $proc$peng_r3.v:18302$734 in module rq_mult_parallel.
Marked 1 switch rules as full_case in process $proc$peng_r3.v:18286$733 in module rq_mult_parallel.
Marked 1 switch rules as full_case in process $proc$peng_r3.v:18270$732 in module rq_mult_parallel.
Marked 1 switch rules as full_case in process $proc$peng_r3.v:18254$731 in module rq_mult_parallel.
Marked 1 switch rules as full_case in process $proc$peng_r3.v:18238$730 in module rq_mult_parallel.
Marked 1 switch rules as full_case in process $proc$peng_r3.v:18222$729 in module rq_mult_parallel.
Marked 1 switch rules as full_case in process $proc$peng_r3.v:18206$728 in module rq_mult_parallel.
Marked 1 switch rules as full_case in process $proc$peng_r3.v:18190$727 in module rq_mult_parallel.
Marked 1 switch rules as full_case in process $proc$peng_r3.v:18174$726 in module rq_mult_parallel.
Marked 1 switch rules as full_case in process $proc$peng_r3.v:18158$725 in module rq_mult_parallel.
Marked 1 switch rules as full_case in process $proc$peng_r3.v:18142$724 in module rq_mult_parallel.
Marked 1 switch rules as full_case in process $proc$peng_r3.v:18126$723 in module rq_mult_parallel.
Marked 1 switch rules as full_case in process $proc$peng_r3.v:18110$722 in module rq_mult_parallel.
Marked 1 switch rules as full_case in process $proc$peng_r3.v:18094$721 in module rq_mult_parallel.
Marked 1 switch rules as full_case in process $proc$peng_r3.v:18078$720 in module rq_mult_parallel.
Marked 1 switch rules as full_case in process $proc$peng_r3.v:18062$719 in module rq_mult_parallel.
Marked 1 switch rules as full_case in process $proc$peng_r3.v:18046$718 in module rq_mult_parallel.
Marked 1 switch rules as full_case in process $proc$peng_r3.v:18030$717 in module rq_mult_parallel.
Marked 1 switch rules as full_case in process $proc$peng_r3.v:18014$716 in module rq_mult_parallel.
Marked 1 switch rules as full_case in process $proc$peng_r3.v:17998$715 in module rq_mult_parallel.
Marked 1 switch rules as full_case in process $proc$peng_r3.v:17982$714 in module rq_mult_parallel.
Marked 1 switch rules as full_case in process $proc$peng_r3.v:17966$713 in module rq_mult_parallel.
Marked 1 switch rules as full_case in process $proc$peng_r3.v:17950$712 in module rq_mult_parallel.
Marked 1 switch rules as full_case in process $proc$peng_r3.v:17934$711 in module rq_mult_parallel.
Marked 1 switch rules as full_case in process $proc$peng_r3.v:17918$710 in module rq_mult_parallel.
Marked 1 switch rules as full_case in process $proc$peng_r3.v:17902$709 in module rq_mult_parallel.
Marked 1 switch rules as full_case in process $proc$peng_r3.v:17886$708 in module rq_mult_parallel.
Marked 1 switch rules as full_case in process $proc$peng_r3.v:17870$707 in module rq_mult_parallel.
Marked 1 switch rules as full_case in process $proc$peng_r3.v:17854$706 in module rq_mult_parallel.
Marked 1 switch rules as full_case in process $proc$peng_r3.v:17838$705 in module rq_mult_parallel.
Marked 1 switch rules as full_case in process $proc$peng_r3.v:17822$704 in module rq_mult_parallel.
Marked 1 switch rules as full_case in process $proc$peng_r3.v:17806$703 in module rq_mult_parallel.
Marked 1 switch rules as full_case in process $proc$peng_r3.v:17790$702 in module rq_mult_parallel.
Marked 1 switch rules as full_case in process $proc$peng_r3.v:17774$701 in module rq_mult_parallel.
Marked 1 switch rules as full_case in process $proc$peng_r3.v:17758$700 in module rq_mult_parallel.
Marked 1 switch rules as full_case in process $proc$peng_r3.v:17742$699 in module rq_mult_parallel.
Marked 1 switch rules as full_case in process $proc$peng_r3.v:17726$698 in module rq_mult_parallel.
Marked 1 switch rules as full_case in process $proc$peng_r3.v:17710$697 in module rq_mult_parallel.
Marked 1 switch rules as full_case in process $proc$peng_r3.v:17694$696 in module rq_mult_parallel.
Marked 1 switch rules as full_case in process $proc$peng_r3.v:17678$695 in module rq_mult_parallel.
Marked 1 switch rules as full_case in process $proc$peng_r3.v:17662$694 in module rq_mult_parallel.
Marked 1 switch rules as full_case in process $proc$peng_r3.v:17646$693 in module rq_mult_parallel.
Marked 1 switch rules as full_case in process $proc$peng_r3.v:17630$692 in module rq_mult_parallel.
Marked 1 switch rules as full_case in process $proc$peng_r3.v:17614$691 in module rq_mult_parallel.
Marked 1 switch rules as full_case in process $proc$peng_r3.v:17598$690 in module rq_mult_parallel.
Marked 1 switch rules as full_case in process $proc$peng_r3.v:17582$689 in module rq_mult_parallel.
Marked 1 switch rules as full_case in process $proc$peng_r3.v:17566$688 in module rq_mult_parallel.
Marked 1 switch rules as full_case in process $proc$peng_r3.v:17550$687 in module rq_mult_parallel.
Marked 1 switch rules as full_case in process $proc$peng_r3.v:17534$686 in module rq_mult_parallel.
Marked 1 switch rules as full_case in process $proc$peng_r3.v:17518$685 in module rq_mult_parallel.
Marked 1 switch rules as full_case in process $proc$peng_r3.v:17502$684 in module rq_mult_parallel.
Marked 1 switch rules as full_case in process $proc$peng_r3.v:17486$683 in module rq_mult_parallel.
Marked 1 switch rules as full_case in process $proc$peng_r3.v:17470$682 in module rq_mult_parallel.
Marked 1 switch rules as full_case in process $proc$peng_r3.v:17454$681 in module rq_mult_parallel.
Marked 1 switch rules as full_case in process $proc$peng_r3.v:17438$680 in module rq_mult_parallel.
Marked 1 switch rules as full_case in process $proc$peng_r3.v:17422$679 in module rq_mult_parallel.
Marked 1 switch rules as full_case in process $proc$peng_r3.v:17406$678 in module rq_mult_parallel.
Marked 1 switch rules as full_case in process $proc$peng_r3.v:17390$677 in module rq_mult_parallel.
Marked 1 switch rules as full_case in process $proc$peng_r3.v:17374$676 in module rq_mult_parallel.
Marked 1 switch rules as full_case in process $proc$peng_r3.v:17358$675 in module rq_mult_parallel.
Marked 1 switch rules as full_case in process $proc$peng_r3.v:17342$674 in module rq_mult_parallel.
Marked 1 switch rules as full_case in process $proc$peng_r3.v:17326$673 in module rq_mult_parallel.
Marked 1 switch rules as full_case in process $proc$peng_r3.v:17310$672 in module rq_mult_parallel.
Marked 1 switch rules as full_case in process $proc$peng_r3.v:17294$671 in module rq_mult_parallel.
Marked 1 switch rules as full_case in process $proc$peng_r3.v:17278$670 in module rq_mult_parallel.
Marked 1 switch rules as full_case in process $proc$peng_r3.v:17262$669 in module rq_mult_parallel.
Marked 1 switch rules as full_case in process $proc$peng_r3.v:17246$668 in module rq_mult_parallel.
Marked 1 switch rules as full_case in process $proc$peng_r3.v:17230$667 in module rq_mult_parallel.
Marked 1 switch rules as full_case in process $proc$peng_r3.v:17214$666 in module rq_mult_parallel.
Marked 1 switch rules as full_case in process $proc$peng_r3.v:17198$665 in module rq_mult_parallel.
Marked 1 switch rules as full_case in process $proc$peng_r3.v:17182$664 in module rq_mult_parallel.
Marked 1 switch rules as full_case in process $proc$peng_r3.v:17166$663 in module rq_mult_parallel.
Marked 1 switch rules as full_case in process $proc$peng_r3.v:17150$662 in module rq_mult_parallel.
Marked 1 switch rules as full_case in process $proc$peng_r3.v:17134$661 in module rq_mult_parallel.
Marked 1 switch rules as full_case in process $proc$peng_r3.v:17118$660 in module rq_mult_parallel.
Marked 1 switch rules as full_case in process $proc$peng_r3.v:17102$659 in module rq_mult_parallel.
Marked 1 switch rules as full_case in process $proc$peng_r3.v:17086$658 in module rq_mult_parallel.
Marked 1 switch rules as full_case in process $proc$peng_r3.v:17070$657 in module rq_mult_parallel.
Marked 1 switch rules as full_case in process $proc$peng_r3.v:17054$656 in module rq_mult_parallel.
Marked 1 switch rules as full_case in process $proc$peng_r3.v:17038$655 in module rq_mult_parallel.
Marked 1 switch rules as full_case in process $proc$peng_r3.v:17022$654 in module rq_mult_parallel.
Marked 1 switch rules as full_case in process $proc$peng_r3.v:17006$653 in module rq_mult_parallel.
Marked 1 switch rules as full_case in process $proc$peng_r3.v:16990$652 in module rq_mult_parallel.
Marked 1 switch rules as full_case in process $proc$peng_r3.v:16974$651 in module rq_mult_parallel.
Marked 1 switch rules as full_case in process $proc$peng_r3.v:16958$650 in module rq_mult_parallel.
Marked 1 switch rules as full_case in process $proc$peng_r3.v:16942$649 in module rq_mult_parallel.
Marked 1 switch rules as full_case in process $proc$peng_r3.v:16926$648 in module rq_mult_parallel.
Marked 1 switch rules as full_case in process $proc$peng_r3.v:16910$647 in module rq_mult_parallel.
Marked 1 switch rules as full_case in process $proc$peng_r3.v:16894$646 in module rq_mult_parallel.
Marked 1 switch rules as full_case in process $proc$peng_r3.v:16878$645 in module rq_mult_parallel.
Marked 1 switch rules as full_case in process $proc$peng_r3.v:16862$644 in module rq_mult_parallel.
Marked 1 switch rules as full_case in process $proc$peng_r3.v:16846$643 in module rq_mult_parallel.
Marked 1 switch rules as full_case in process $proc$peng_r3.v:16830$642 in module rq_mult_parallel.
Marked 1 switch rules as full_case in process $proc$peng_r3.v:16814$641 in module rq_mult_parallel.
Marked 1 switch rules as full_case in process $proc$peng_r3.v:16798$640 in module rq_mult_parallel.
Marked 1 switch rules as full_case in process $proc$peng_r3.v:16782$639 in module rq_mult_parallel.
Marked 1 switch rules as full_case in process $proc$peng_r3.v:16766$638 in module rq_mult_parallel.
Marked 1 switch rules as full_case in process $proc$peng_r3.v:16750$637 in module rq_mult_parallel.
Marked 1 switch rules as full_case in process $proc$peng_r3.v:16734$636 in module rq_mult_parallel.
Marked 1 switch rules as full_case in process $proc$peng_r3.v:16718$635 in module rq_mult_parallel.
Marked 1 switch rules as full_case in process $proc$peng_r3.v:16702$634 in module rq_mult_parallel.
Marked 1 switch rules as full_case in process $proc$peng_r3.v:16686$633 in module rq_mult_parallel.
Marked 1 switch rules as full_case in process $proc$peng_r3.v:16670$632 in module rq_mult_parallel.
Marked 1 switch rules as full_case in process $proc$peng_r3.v:16654$631 in module rq_mult_parallel.
Marked 1 switch rules as full_case in process $proc$peng_r3.v:16638$630 in module rq_mult_parallel.
Marked 1 switch rules as full_case in process $proc$peng_r3.v:16622$629 in module rq_mult_parallel.
Marked 1 switch rules as full_case in process $proc$peng_r3.v:16606$628 in module rq_mult_parallel.
Marked 1 switch rules as full_case in process $proc$peng_r3.v:16590$627 in module rq_mult_parallel.
Marked 1 switch rules as full_case in process $proc$peng_r3.v:16574$626 in module rq_mult_parallel.
Marked 1 switch rules as full_case in process $proc$peng_r3.v:16558$625 in module rq_mult_parallel.
Marked 1 switch rules as full_case in process $proc$peng_r3.v:16542$624 in module rq_mult_parallel.
Marked 1 switch rules as full_case in process $proc$peng_r3.v:16526$623 in module rq_mult_parallel.
Marked 1 switch rules as full_case in process $proc$peng_r3.v:16510$622 in module rq_mult_parallel.
Marked 1 switch rules as full_case in process $proc$peng_r3.v:16494$621 in module rq_mult_parallel.
Marked 1 switch rules as full_case in process $proc$peng_r3.v:16478$620 in module rq_mult_parallel.
Marked 1 switch rules as full_case in process $proc$peng_r3.v:16462$619 in module rq_mult_parallel.
Marked 1 switch rules as full_case in process $proc$peng_r3.v:16446$618 in module rq_mult_parallel.
Marked 1 switch rules as full_case in process $proc$peng_r3.v:16430$617 in module rq_mult_parallel.
Marked 1 switch rules as full_case in process $proc$peng_r3.v:16414$616 in module rq_mult_parallel.
Marked 1 switch rules as full_case in process $proc$peng_r3.v:16398$615 in module rq_mult_parallel.
Marked 1 switch rules as full_case in process $proc$peng_r3.v:16382$614 in module rq_mult_parallel.
Marked 1 switch rules as full_case in process $proc$peng_r3.v:16366$613 in module rq_mult_parallel.
Marked 1 switch rules as full_case in process $proc$peng_r3.v:16350$612 in module rq_mult_parallel.
Marked 1 switch rules as full_case in process $proc$peng_r3.v:16334$611 in module rq_mult_parallel.
Marked 1 switch rules as full_case in process $proc$peng_r3.v:16318$610 in module rq_mult_parallel.
Marked 1 switch rules as full_case in process $proc$peng_r3.v:16302$609 in module rq_mult_parallel.
Marked 1 switch rules as full_case in process $proc$peng_r3.v:16286$608 in module rq_mult_parallel.
Marked 1 switch rules as full_case in process $proc$peng_r3.v:16270$607 in module rq_mult_parallel.
Marked 1 switch rules as full_case in process $proc$peng_r3.v:16254$606 in module rq_mult_parallel.
Marked 1 switch rules as full_case in process $proc$peng_r3.v:16238$605 in module rq_mult_parallel.
Marked 1 switch rules as full_case in process $proc$peng_r3.v:16222$604 in module rq_mult_parallel.
Marked 1 switch rules as full_case in process $proc$peng_r3.v:16206$603 in module rq_mult_parallel.
Marked 1 switch rules as full_case in process $proc$peng_r3.v:16190$602 in module rq_mult_parallel.
Marked 1 switch rules as full_case in process $proc$peng_r3.v:16174$601 in module rq_mult_parallel.
Marked 1 switch rules as full_case in process $proc$peng_r3.v:16158$600 in module rq_mult_parallel.
Marked 1 switch rules as full_case in process $proc$peng_r3.v:16142$599 in module rq_mult_parallel.
Marked 1 switch rules as full_case in process $proc$peng_r3.v:16126$598 in module rq_mult_parallel.
Marked 1 switch rules as full_case in process $proc$peng_r3.v:16110$597 in module rq_mult_parallel.
Marked 1 switch rules as full_case in process $proc$peng_r3.v:16094$596 in module rq_mult_parallel.
Marked 1 switch rules as full_case in process $proc$peng_r3.v:16078$595 in module rq_mult_parallel.
Marked 1 switch rules as full_case in process $proc$peng_r3.v:16062$594 in module rq_mult_parallel.
Marked 1 switch rules as full_case in process $proc$peng_r3.v:16046$593 in module rq_mult_parallel.
Marked 1 switch rules as full_case in process $proc$peng_r3.v:16030$592 in module rq_mult_parallel.
Marked 1 switch rules as full_case in process $proc$peng_r3.v:16014$591 in module rq_mult_parallel.
Marked 1 switch rules as full_case in process $proc$peng_r3.v:15998$590 in module rq_mult_parallel.
Marked 1 switch rules as full_case in process $proc$peng_r3.v:15982$589 in module rq_mult_parallel.
Marked 1 switch rules as full_case in process $proc$peng_r3.v:15966$588 in module rq_mult_parallel.
Marked 1 switch rules as full_case in process $proc$peng_r3.v:15950$587 in module rq_mult_parallel.
Marked 1 switch rules as full_case in process $proc$peng_r3.v:15934$586 in module rq_mult_parallel.
Marked 1 switch rules as full_case in process $proc$peng_r3.v:15918$585 in module rq_mult_parallel.
Marked 1 switch rules as full_case in process $proc$peng_r3.v:15902$584 in module rq_mult_parallel.
Marked 1 switch rules as full_case in process $proc$peng_r3.v:15886$583 in module rq_mult_parallel.
Marked 1 switch rules as full_case in process $proc$peng_r3.v:15870$582 in module rq_mult_parallel.
Marked 1 switch rules as full_case in process $proc$peng_r3.v:15854$581 in module rq_mult_parallel.
Marked 1 switch rules as full_case in process $proc$peng_r3.v:15838$580 in module rq_mult_parallel.
Marked 1 switch rules as full_case in process $proc$peng_r3.v:15822$579 in module rq_mult_parallel.
Marked 1 switch rules as full_case in process $proc$peng_r3.v:15806$578 in module rq_mult_parallel.
Marked 1 switch rules as full_case in process $proc$peng_r3.v:15790$577 in module rq_mult_parallel.
Marked 1 switch rules as full_case in process $proc$peng_r3.v:15774$576 in module rq_mult_parallel.
Marked 1 switch rules as full_case in process $proc$peng_r3.v:15758$575 in module rq_mult_parallel.
Marked 1 switch rules as full_case in process $proc$peng_r3.v:15742$574 in module rq_mult_parallel.
Marked 1 switch rules as full_case in process $proc$peng_r3.v:15726$573 in module rq_mult_parallel.
Marked 1 switch rules as full_case in process $proc$peng_r3.v:15710$572 in module rq_mult_parallel.
Marked 1 switch rules as full_case in process $proc$peng_r3.v:15694$571 in module rq_mult_parallel.
Marked 1 switch rules as full_case in process $proc$peng_r3.v:15678$570 in module rq_mult_parallel.
Marked 1 switch rules as full_case in process $proc$peng_r3.v:15662$569 in module rq_mult_parallel.
Marked 1 switch rules as full_case in process $proc$peng_r3.v:15646$568 in module rq_mult_parallel.
Marked 1 switch rules as full_case in process $proc$peng_r3.v:15630$567 in module rq_mult_parallel.
Marked 1 switch rules as full_case in process $proc$peng_r3.v:15614$566 in module rq_mult_parallel.
Marked 1 switch rules as full_case in process $proc$peng_r3.v:15598$565 in module rq_mult_parallel.
Marked 1 switch rules as full_case in process $proc$peng_r3.v:15582$564 in module rq_mult_parallel.
Marked 1 switch rules as full_case in process $proc$peng_r3.v:15566$563 in module rq_mult_parallel.
Marked 1 switch rules as full_case in process $proc$peng_r3.v:15550$562 in module rq_mult_parallel.
Marked 1 switch rules as full_case in process $proc$peng_r3.v:15534$561 in module rq_mult_parallel.
Marked 1 switch rules as full_case in process $proc$peng_r3.v:15518$560 in module rq_mult_parallel.
Marked 1 switch rules as full_case in process $proc$peng_r3.v:15502$559 in module rq_mult_parallel.
Marked 1 switch rules as full_case in process $proc$peng_r3.v:15486$558 in module rq_mult_parallel.
Marked 1 switch rules as full_case in process $proc$peng_r3.v:15470$557 in module rq_mult_parallel.
Marked 1 switch rules as full_case in process $proc$peng_r3.v:15454$556 in module rq_mult_parallel.
Marked 1 switch rules as full_case in process $proc$peng_r3.v:15438$555 in module rq_mult_parallel.
Marked 1 switch rules as full_case in process $proc$peng_r3.v:15422$554 in module rq_mult_parallel.
Marked 1 switch rules as full_case in process $proc$peng_r3.v:15406$553 in module rq_mult_parallel.
Marked 1 switch rules as full_case in process $proc$peng_r3.v:15390$552 in module rq_mult_parallel.
Marked 1 switch rules as full_case in process $proc$peng_r3.v:15374$551 in module rq_mult_parallel.
Marked 1 switch rules as full_case in process $proc$peng_r3.v:15358$550 in module rq_mult_parallel.
Marked 1 switch rules as full_case in process $proc$peng_r3.v:15342$549 in module rq_mult_parallel.
Marked 1 switch rules as full_case in process $proc$peng_r3.v:15326$548 in module rq_mult_parallel.
Marked 1 switch rules as full_case in process $proc$peng_r3.v:15310$547 in module rq_mult_parallel.
Marked 1 switch rules as full_case in process $proc$peng_r3.v:15294$546 in module rq_mult_parallel.
Marked 1 switch rules as full_case in process $proc$peng_r3.v:15278$545 in module rq_mult_parallel.
Marked 1 switch rules as full_case in process $proc$peng_r3.v:15262$544 in module rq_mult_parallel.
Marked 1 switch rules as full_case in process $proc$peng_r3.v:15246$543 in module rq_mult_parallel.
Marked 1 switch rules as full_case in process $proc$peng_r3.v:15230$542 in module rq_mult_parallel.
Marked 1 switch rules as full_case in process $proc$peng_r3.v:15214$541 in module rq_mult_parallel.
Marked 1 switch rules as full_case in process $proc$peng_r3.v:15198$540 in module rq_mult_parallel.
Marked 1 switch rules as full_case in process $proc$peng_r3.v:15182$539 in module rq_mult_parallel.
Marked 1 switch rules as full_case in process $proc$peng_r3.v:15166$538 in module rq_mult_parallel.
Marked 1 switch rules as full_case in process $proc$peng_r3.v:15150$537 in module rq_mult_parallel.
Marked 1 switch rules as full_case in process $proc$peng_r3.v:15134$536 in module rq_mult_parallel.
Marked 1 switch rules as full_case in process $proc$peng_r3.v:15118$535 in module rq_mult_parallel.
Marked 1 switch rules as full_case in process $proc$peng_r3.v:15102$534 in module rq_mult_parallel.
Marked 1 switch rules as full_case in process $proc$peng_r3.v:15086$533 in module rq_mult_parallel.
Marked 1 switch rules as full_case in process $proc$peng_r3.v:15070$532 in module rq_mult_parallel.
Marked 1 switch rules as full_case in process $proc$peng_r3.v:15054$531 in module rq_mult_parallel.
Marked 1 switch rules as full_case in process $proc$peng_r3.v:15038$530 in module rq_mult_parallel.
Marked 1 switch rules as full_case in process $proc$peng_r3.v:15022$529 in module rq_mult_parallel.
Marked 1 switch rules as full_case in process $proc$peng_r3.v:15006$528 in module rq_mult_parallel.
Marked 1 switch rules as full_case in process $proc$peng_r3.v:14990$527 in module rq_mult_parallel.
Marked 1 switch rules as full_case in process $proc$peng_r3.v:14974$526 in module rq_mult_parallel.
Marked 1 switch rules as full_case in process $proc$peng_r3.v:14958$525 in module rq_mult_parallel.
Marked 1 switch rules as full_case in process $proc$peng_r3.v:14942$524 in module rq_mult_parallel.
Marked 1 switch rules as full_case in process $proc$peng_r3.v:14926$523 in module rq_mult_parallel.
Marked 1 switch rules as full_case in process $proc$peng_r3.v:14910$522 in module rq_mult_parallel.
Marked 1 switch rules as full_case in process $proc$peng_r3.v:14894$521 in module rq_mult_parallel.
Marked 1 switch rules as full_case in process $proc$peng_r3.v:14878$520 in module rq_mult_parallel.
Marked 1 switch rules as full_case in process $proc$peng_r3.v:14862$519 in module rq_mult_parallel.
Marked 1 switch rules as full_case in process $proc$peng_r3.v:14846$518 in module rq_mult_parallel.
Marked 1 switch rules as full_case in process $proc$peng_r3.v:14830$517 in module rq_mult_parallel.
Marked 1 switch rules as full_case in process $proc$peng_r3.v:14814$516 in module rq_mult_parallel.
Marked 1 switch rules as full_case in process $proc$peng_r3.v:14798$515 in module rq_mult_parallel.
Marked 1 switch rules as full_case in process $proc$peng_r3.v:14782$514 in module rq_mult_parallel.
Marked 1 switch rules as full_case in process $proc$peng_r3.v:14766$513 in module rq_mult_parallel.
Marked 1 switch rules as full_case in process $proc$peng_r3.v:14750$512 in module rq_mult_parallel.
Marked 1 switch rules as full_case in process $proc$peng_r3.v:14734$511 in module rq_mult_parallel.
Marked 1 switch rules as full_case in process $proc$peng_r3.v:14718$510 in module rq_mult_parallel.
Marked 1 switch rules as full_case in process $proc$peng_r3.v:14702$509 in module rq_mult_parallel.
Marked 1 switch rules as full_case in process $proc$peng_r3.v:14686$508 in module rq_mult_parallel.
Marked 1 switch rules as full_case in process $proc$peng_r3.v:14670$507 in module rq_mult_parallel.
Marked 1 switch rules as full_case in process $proc$peng_r3.v:14654$506 in module rq_mult_parallel.
Marked 1 switch rules as full_case in process $proc$peng_r3.v:14638$505 in module rq_mult_parallel.
Marked 1 switch rules as full_case in process $proc$peng_r3.v:14622$504 in module rq_mult_parallel.
Marked 1 switch rules as full_case in process $proc$peng_r3.v:14606$503 in module rq_mult_parallel.
Marked 1 switch rules as full_case in process $proc$peng_r3.v:14590$502 in module rq_mult_parallel.
Marked 1 switch rules as full_case in process $proc$peng_r3.v:14574$501 in module rq_mult_parallel.
Marked 1 switch rules as full_case in process $proc$peng_r3.v:14558$500 in module rq_mult_parallel.
Marked 1 switch rules as full_case in process $proc$peng_r3.v:14542$499 in module rq_mult_parallel.
Marked 1 switch rules as full_case in process $proc$peng_r3.v:14526$498 in module rq_mult_parallel.
Marked 1 switch rules as full_case in process $proc$peng_r3.v:14510$497 in module rq_mult_parallel.
Marked 1 switch rules as full_case in process $proc$peng_r3.v:14494$496 in module rq_mult_parallel.
Marked 1 switch rules as full_case in process $proc$peng_r3.v:14478$495 in module rq_mult_parallel.
Marked 1 switch rules as full_case in process $proc$peng_r3.v:14462$494 in module rq_mult_parallel.
Marked 1 switch rules as full_case in process $proc$peng_r3.v:14446$493 in module rq_mult_parallel.
Marked 1 switch rules as full_case in process $proc$peng_r3.v:14430$492 in module rq_mult_parallel.
Marked 1 switch rules as full_case in process $proc$peng_r3.v:14414$491 in module rq_mult_parallel.
Marked 1 switch rules as full_case in process $proc$peng_r3.v:14398$490 in module rq_mult_parallel.
Marked 1 switch rules as full_case in process $proc$peng_r3.v:14382$489 in module rq_mult_parallel.
Marked 1 switch rules as full_case in process $proc$peng_r3.v:14366$488 in module rq_mult_parallel.
Marked 1 switch rules as full_case in process $proc$peng_r3.v:14350$487 in module rq_mult_parallel.
Marked 1 switch rules as full_case in process $proc$peng_r3.v:14334$486 in module rq_mult_parallel.
Marked 1 switch rules as full_case in process $proc$peng_r3.v:14318$485 in module rq_mult_parallel.
Marked 1 switch rules as full_case in process $proc$peng_r3.v:14302$484 in module rq_mult_parallel.
Marked 1 switch rules as full_case in process $proc$peng_r3.v:14286$483 in module rq_mult_parallel.
Marked 1 switch rules as full_case in process $proc$peng_r3.v:14270$482 in module rq_mult_parallel.
Marked 1 switch rules as full_case in process $proc$peng_r3.v:14254$481 in module rq_mult_parallel.
Marked 1 switch rules as full_case in process $proc$peng_r3.v:14238$480 in module rq_mult_parallel.
Marked 1 switch rules as full_case in process $proc$peng_r3.v:14222$479 in module rq_mult_parallel.
Marked 1 switch rules as full_case in process $proc$peng_r3.v:14206$478 in module rq_mult_parallel.
Marked 1 switch rules as full_case in process $proc$peng_r3.v:14190$477 in module rq_mult_parallel.
Marked 1 switch rules as full_case in process $proc$peng_r3.v:14174$476 in module rq_mult_parallel.
Marked 1 switch rules as full_case in process $proc$peng_r3.v:14158$475 in module rq_mult_parallel.
Marked 1 switch rules as full_case in process $proc$peng_r3.v:14142$474 in module rq_mult_parallel.
Marked 1 switch rules as full_case in process $proc$peng_r3.v:14126$473 in module rq_mult_parallel.
Marked 1 switch rules as full_case in process $proc$peng_r3.v:14110$472 in module rq_mult_parallel.
Marked 1 switch rules as full_case in process $proc$peng_r3.v:14094$471 in module rq_mult_parallel.
Marked 1 switch rules as full_case in process $proc$peng_r3.v:14078$470 in module rq_mult_parallel.
Marked 1 switch rules as full_case in process $proc$peng_r3.v:14062$469 in module rq_mult_parallel.
Marked 1 switch rules as full_case in process $proc$peng_r3.v:14046$468 in module rq_mult_parallel.
Marked 1 switch rules as full_case in process $proc$peng_r3.v:14030$467 in module rq_mult_parallel.
Marked 1 switch rules as full_case in process $proc$peng_r3.v:14014$466 in module rq_mult_parallel.
Marked 1 switch rules as full_case in process $proc$peng_r3.v:13998$465 in module rq_mult_parallel.
Marked 1 switch rules as full_case in process $proc$peng_r3.v:13982$464 in module rq_mult_parallel.
Marked 1 switch rules as full_case in process $proc$peng_r3.v:13966$463 in module rq_mult_parallel.
Marked 1 switch rules as full_case in process $proc$peng_r3.v:13950$462 in module rq_mult_parallel.
Marked 1 switch rules as full_case in process $proc$peng_r3.v:13934$461 in module rq_mult_parallel.
Marked 1 switch rules as full_case in process $proc$peng_r3.v:13918$460 in module rq_mult_parallel.
Marked 1 switch rules as full_case in process $proc$peng_r3.v:13902$459 in module rq_mult_parallel.
Marked 1 switch rules as full_case in process $proc$peng_r3.v:13886$458 in module rq_mult_parallel.
Marked 1 switch rules as full_case in process $proc$peng_r3.v:13870$457 in module rq_mult_parallel.
Marked 1 switch rules as full_case in process $proc$peng_r3.v:13854$456 in module rq_mult_parallel.
Marked 1 switch rules as full_case in process $proc$peng_r3.v:13838$455 in module rq_mult_parallel.
Marked 1 switch rules as full_case in process $proc$peng_r3.v:13822$454 in module rq_mult_parallel.
Marked 1 switch rules as full_case in process $proc$peng_r3.v:13806$453 in module rq_mult_parallel.
Marked 1 switch rules as full_case in process $proc$peng_r3.v:13790$452 in module rq_mult_parallel.
Marked 1 switch rules as full_case in process $proc$peng_r3.v:13774$451 in module rq_mult_parallel.
Marked 1 switch rules as full_case in process $proc$peng_r3.v:13758$450 in module rq_mult_parallel.
Marked 1 switch rules as full_case in process $proc$peng_r3.v:13742$449 in module rq_mult_parallel.
Marked 1 switch rules as full_case in process $proc$peng_r3.v:13726$448 in module rq_mult_parallel.
Marked 1 switch rules as full_case in process $proc$peng_r3.v:13710$447 in module rq_mult_parallel.
Marked 1 switch rules as full_case in process $proc$peng_r3.v:13694$446 in module rq_mult_parallel.
Marked 1 switch rules as full_case in process $proc$peng_r3.v:13678$445 in module rq_mult_parallel.
Marked 1 switch rules as full_case in process $proc$peng_r3.v:13662$444 in module rq_mult_parallel.
Marked 1 switch rules as full_case in process $proc$peng_r3.v:13646$443 in module rq_mult_parallel.
Marked 1 switch rules as full_case in process $proc$peng_r3.v:13630$442 in module rq_mult_parallel.
Marked 1 switch rules as full_case in process $proc$peng_r3.v:13614$441 in module rq_mult_parallel.
Marked 1 switch rules as full_case in process $proc$peng_r3.v:13598$440 in module rq_mult_parallel.
Marked 1 switch rules as full_case in process $proc$peng_r3.v:13582$439 in module rq_mult_parallel.
Marked 1 switch rules as full_case in process $proc$peng_r3.v:13566$438 in module rq_mult_parallel.
Marked 1 switch rules as full_case in process $proc$peng_r3.v:13550$437 in module rq_mult_parallel.
Marked 1 switch rules as full_case in process $proc$peng_r3.v:13534$436 in module rq_mult_parallel.
Marked 1 switch rules as full_case in process $proc$peng_r3.v:13518$435 in module rq_mult_parallel.
Marked 1 switch rules as full_case in process $proc$peng_r3.v:13502$434 in module rq_mult_parallel.
Marked 1 switch rules as full_case in process $proc$peng_r3.v:13486$433 in module rq_mult_parallel.
Marked 1 switch rules as full_case in process $proc$peng_r3.v:13470$432 in module rq_mult_parallel.
Marked 1 switch rules as full_case in process $proc$peng_r3.v:13454$431 in module rq_mult_parallel.
Marked 1 switch rules as full_case in process $proc$peng_r3.v:13438$430 in module rq_mult_parallel.
Marked 1 switch rules as full_case in process $proc$peng_r3.v:13422$429 in module rq_mult_parallel.
Marked 1 switch rules as full_case in process $proc$peng_r3.v:13406$428 in module rq_mult_parallel.
Marked 1 switch rules as full_case in process $proc$peng_r3.v:13390$427 in module rq_mult_parallel.
Marked 1 switch rules as full_case in process $proc$peng_r3.v:13374$426 in module rq_mult_parallel.
Marked 1 switch rules as full_case in process $proc$peng_r3.v:13358$425 in module rq_mult_parallel.
Marked 1 switch rules as full_case in process $proc$peng_r3.v:13342$424 in module rq_mult_parallel.
Marked 1 switch rules as full_case in process $proc$peng_r3.v:13326$423 in module rq_mult_parallel.
Marked 1 switch rules as full_case in process $proc$peng_r3.v:13310$422 in module rq_mult_parallel.
Marked 1 switch rules as full_case in process $proc$peng_r3.v:13294$421 in module rq_mult_parallel.
Marked 1 switch rules as full_case in process $proc$peng_r3.v:13278$420 in module rq_mult_parallel.
Marked 1 switch rules as full_case in process $proc$peng_r3.v:13262$419 in module rq_mult_parallel.
Marked 1 switch rules as full_case in process $proc$peng_r3.v:13246$418 in module rq_mult_parallel.
Marked 1 switch rules as full_case in process $proc$peng_r3.v:13230$417 in module rq_mult_parallel.
Marked 1 switch rules as full_case in process $proc$peng_r3.v:13214$416 in module rq_mult_parallel.
Marked 1 switch rules as full_case in process $proc$peng_r3.v:13198$415 in module rq_mult_parallel.
Marked 1 switch rules as full_case in process $proc$peng_r3.v:13182$414 in module rq_mult_parallel.
Marked 1 switch rules as full_case in process $proc$peng_r3.v:13166$413 in module rq_mult_parallel.
Marked 1 switch rules as full_case in process $proc$peng_r3.v:13150$412 in module rq_mult_parallel.
Marked 1 switch rules as full_case in process $proc$peng_r3.v:13134$411 in module rq_mult_parallel.
Marked 1 switch rules as full_case in process $proc$peng_r3.v:13118$410 in module rq_mult_parallel.
Marked 1 switch rules as full_case in process $proc$peng_r3.v:13102$409 in module rq_mult_parallel.
Marked 1 switch rules as full_case in process $proc$peng_r3.v:13086$408 in module rq_mult_parallel.
Marked 1 switch rules as full_case in process $proc$peng_r3.v:13070$407 in module rq_mult_parallel.
Marked 1 switch rules as full_case in process $proc$peng_r3.v:13054$406 in module rq_mult_parallel.
Marked 1 switch rules as full_case in process $proc$peng_r3.v:13038$405 in module rq_mult_parallel.
Marked 1 switch rules as full_case in process $proc$peng_r3.v:13022$404 in module rq_mult_parallel.
Marked 1 switch rules as full_case in process $proc$peng_r3.v:13006$403 in module rq_mult_parallel.
Marked 1 switch rules as full_case in process $proc$peng_r3.v:12990$402 in module rq_mult_parallel.
Marked 1 switch rules as full_case in process $proc$peng_r3.v:12974$401 in module rq_mult_parallel.
Marked 1 switch rules as full_case in process $proc$peng_r3.v:12958$400 in module rq_mult_parallel.
Marked 1 switch rules as full_case in process $proc$peng_r3.v:12942$399 in module rq_mult_parallel.
Marked 1 switch rules as full_case in process $proc$peng_r3.v:12926$398 in module rq_mult_parallel.
Marked 1 switch rules as full_case in process $proc$peng_r3.v:12910$397 in module rq_mult_parallel.
Marked 1 switch rules as full_case in process $proc$peng_r3.v:12894$396 in module rq_mult_parallel.
Marked 1 switch rules as full_case in process $proc$peng_r3.v:12878$395 in module rq_mult_parallel.
Marked 1 switch rules as full_case in process $proc$peng_r3.v:12862$394 in module rq_mult_parallel.
Marked 1 switch rules as full_case in process $proc$peng_r3.v:12846$393 in module rq_mult_parallel.
Marked 1 switch rules as full_case in process $proc$peng_r3.v:12830$392 in module rq_mult_parallel.
Marked 1 switch rules as full_case in process $proc$peng_r3.v:12814$391 in module rq_mult_parallel.
Marked 1 switch rules as full_case in process $proc$peng_r3.v:12798$390 in module rq_mult_parallel.
Marked 1 switch rules as full_case in process $proc$peng_r3.v:12782$389 in module rq_mult_parallel.
Marked 1 switch rules as full_case in process $proc$peng_r3.v:12766$388 in module rq_mult_parallel.
Marked 1 switch rules as full_case in process $proc$peng_r3.v:12750$387 in module rq_mult_parallel.
Marked 1 switch rules as full_case in process $proc$peng_r3.v:12734$386 in module rq_mult_parallel.
Marked 1 switch rules as full_case in process $proc$peng_r3.v:12718$385 in module rq_mult_parallel.
Marked 1 switch rules as full_case in process $proc$peng_r3.v:12702$384 in module rq_mult_parallel.
Marked 1 switch rules as full_case in process $proc$peng_r3.v:12686$383 in module rq_mult_parallel.
Marked 1 switch rules as full_case in process $proc$peng_r3.v:12670$382 in module rq_mult_parallel.
Marked 1 switch rules as full_case in process $proc$peng_r3.v:12654$381 in module rq_mult_parallel.
Marked 1 switch rules as full_case in process $proc$peng_r3.v:12638$380 in module rq_mult_parallel.
Marked 1 switch rules as full_case in process $proc$peng_r3.v:12622$379 in module rq_mult_parallel.
Marked 1 switch rules as full_case in process $proc$peng_r3.v:12606$378 in module rq_mult_parallel.
Marked 1 switch rules as full_case in process $proc$peng_r3.v:12590$377 in module rq_mult_parallel.
Marked 1 switch rules as full_case in process $proc$peng_r3.v:12574$376 in module rq_mult_parallel.
Marked 1 switch rules as full_case in process $proc$peng_r3.v:12558$375 in module rq_mult_parallel.
Marked 1 switch rules as full_case in process $proc$peng_r3.v:12542$374 in module rq_mult_parallel.
Marked 1 switch rules as full_case in process $proc$peng_r3.v:12526$373 in module rq_mult_parallel.
Marked 1 switch rules as full_case in process $proc$peng_r3.v:12510$372 in module rq_mult_parallel.
Marked 1 switch rules as full_case in process $proc$peng_r3.v:12494$371 in module rq_mult_parallel.
Marked 1 switch rules as full_case in process $proc$peng_r3.v:12478$370 in module rq_mult_parallel.
Marked 1 switch rules as full_case in process $proc$peng_r3.v:12462$369 in module rq_mult_parallel.
Marked 1 switch rules as full_case in process $proc$peng_r3.v:12446$368 in module rq_mult_parallel.
Marked 1 switch rules as full_case in process $proc$peng_r3.v:12430$367 in module rq_mult_parallel.
Marked 1 switch rules as full_case in process $proc$peng_r3.v:12414$366 in module rq_mult_parallel.
Marked 1 switch rules as full_case in process $proc$peng_r3.v:12398$365 in module rq_mult_parallel.
Marked 1 switch rules as full_case in process $proc$peng_r3.v:12382$364 in module rq_mult_parallel.
Marked 1 switch rules as full_case in process $proc$peng_r3.v:12366$363 in module rq_mult_parallel.
Marked 1 switch rules as full_case in process $proc$peng_r3.v:12350$362 in module rq_mult_parallel.
Marked 1 switch rules as full_case in process $proc$peng_r3.v:12334$361 in module rq_mult_parallel.
Marked 1 switch rules as full_case in process $proc$peng_r3.v:12318$360 in module rq_mult_parallel.
Marked 1 switch rules as full_case in process $proc$peng_r3.v:12302$359 in module rq_mult_parallel.
Marked 1 switch rules as full_case in process $proc$peng_r3.v:12286$358 in module rq_mult_parallel.
Marked 1 switch rules as full_case in process $proc$peng_r3.v:12270$357 in module rq_mult_parallel.
Marked 1 switch rules as full_case in process $proc$peng_r3.v:12254$356 in module rq_mult_parallel.
Marked 1 switch rules as full_case in process $proc$peng_r3.v:12238$355 in module rq_mult_parallel.
Marked 1 switch rules as full_case in process $proc$peng_r3.v:12222$354 in module rq_mult_parallel.
Marked 1 switch rules as full_case in process $proc$peng_r3.v:12206$353 in module rq_mult_parallel.
Marked 1 switch rules as full_case in process $proc$peng_r3.v:12190$352 in module rq_mult_parallel.
Marked 1 switch rules as full_case in process $proc$peng_r3.v:12174$351 in module rq_mult_parallel.
Marked 1 switch rules as full_case in process $proc$peng_r3.v:12158$350 in module rq_mult_parallel.
Marked 1 switch rules as full_case in process $proc$peng_r3.v:12142$349 in module rq_mult_parallel.
Marked 1 switch rules as full_case in process $proc$peng_r3.v:12126$348 in module rq_mult_parallel.
Marked 1 switch rules as full_case in process $proc$peng_r3.v:12110$347 in module rq_mult_parallel.
Marked 1 switch rules as full_case in process $proc$peng_r3.v:12094$346 in module rq_mult_parallel.
Marked 1 switch rules as full_case in process $proc$peng_r3.v:12078$345 in module rq_mult_parallel.
Marked 1 switch rules as full_case in process $proc$peng_r3.v:12062$344 in module rq_mult_parallel.
Marked 1 switch rules as full_case in process $proc$peng_r3.v:12046$343 in module rq_mult_parallel.
Marked 1 switch rules as full_case in process $proc$peng_r3.v:12030$342 in module rq_mult_parallel.
Marked 1 switch rules as full_case in process $proc$peng_r3.v:12014$341 in module rq_mult_parallel.
Marked 1 switch rules as full_case in process $proc$peng_r3.v:11998$340 in module rq_mult_parallel.
Marked 1 switch rules as full_case in process $proc$peng_r3.v:11982$339 in module rq_mult_parallel.
Marked 1 switch rules as full_case in process $proc$peng_r3.v:11966$338 in module rq_mult_parallel.
Marked 1 switch rules as full_case in process $proc$peng_r3.v:11950$337 in module rq_mult_parallel.
Marked 1 switch rules as full_case in process $proc$peng_r3.v:11934$336 in module rq_mult_parallel.
Marked 1 switch rules as full_case in process $proc$peng_r3.v:11918$335 in module rq_mult_parallel.
Marked 1 switch rules as full_case in process $proc$peng_r3.v:11902$334 in module rq_mult_parallel.
Marked 1 switch rules as full_case in process $proc$peng_r3.v:11886$333 in module rq_mult_parallel.
Marked 1 switch rules as full_case in process $proc$peng_r3.v:11870$332 in module rq_mult_parallel.
Marked 1 switch rules as full_case in process $proc$peng_r3.v:11854$331 in module rq_mult_parallel.
Marked 1 switch rules as full_case in process $proc$peng_r3.v:11838$330 in module rq_mult_parallel.
Marked 1 switch rules as full_case in process $proc$peng_r3.v:11822$329 in module rq_mult_parallel.
Marked 1 switch rules as full_case in process $proc$peng_r3.v:11806$328 in module rq_mult_parallel.
Marked 1 switch rules as full_case in process $proc$peng_r3.v:11790$327 in module rq_mult_parallel.
Marked 1 switch rules as full_case in process $proc$peng_r3.v:11774$326 in module rq_mult_parallel.
Marked 1 switch rules as full_case in process $proc$peng_r3.v:11758$325 in module rq_mult_parallel.
Marked 1 switch rules as full_case in process $proc$peng_r3.v:11742$324 in module rq_mult_parallel.
Marked 1 switch rules as full_case in process $proc$peng_r3.v:11726$323 in module rq_mult_parallel.
Marked 1 switch rules as full_case in process $proc$peng_r3.v:11710$322 in module rq_mult_parallel.
Marked 1 switch rules as full_case in process $proc$peng_r3.v:11694$321 in module rq_mult_parallel.
Marked 1 switch rules as full_case in process $proc$peng_r3.v:11678$320 in module rq_mult_parallel.
Marked 1 switch rules as full_case in process $proc$peng_r3.v:11662$319 in module rq_mult_parallel.
Marked 1 switch rules as full_case in process $proc$peng_r3.v:11646$318 in module rq_mult_parallel.
Marked 1 switch rules as full_case in process $proc$peng_r3.v:11630$317 in module rq_mult_parallel.
Marked 1 switch rules as full_case in process $proc$peng_r3.v:11614$316 in module rq_mult_parallel.
Marked 1 switch rules as full_case in process $proc$peng_r3.v:11598$315 in module rq_mult_parallel.
Marked 1 switch rules as full_case in process $proc$peng_r3.v:11582$314 in module rq_mult_parallel.
Marked 1 switch rules as full_case in process $proc$peng_r3.v:11566$313 in module rq_mult_parallel.
Marked 1 switch rules as full_case in process $proc$peng_r3.v:11550$312 in module rq_mult_parallel.
Marked 1 switch rules as full_case in process $proc$peng_r3.v:11534$311 in module rq_mult_parallel.
Marked 1 switch rules as full_case in process $proc$peng_r3.v:11518$310 in module rq_mult_parallel.
Marked 1 switch rules as full_case in process $proc$peng_r3.v:11502$309 in module rq_mult_parallel.
Marked 1 switch rules as full_case in process $proc$peng_r3.v:11486$308 in module rq_mult_parallel.
Marked 1 switch rules as full_case in process $proc$peng_r3.v:11470$307 in module rq_mult_parallel.
Marked 1 switch rules as full_case in process $proc$peng_r3.v:11454$306 in module rq_mult_parallel.
Marked 1 switch rules as full_case in process $proc$peng_r3.v:11438$305 in module rq_mult_parallel.
Marked 1 switch rules as full_case in process $proc$peng_r3.v:11422$304 in module rq_mult_parallel.
Marked 1 switch rules as full_case in process $proc$peng_r3.v:11406$303 in module rq_mult_parallel.
Marked 1 switch rules as full_case in process $proc$peng_r3.v:11390$302 in module rq_mult_parallel.
Marked 1 switch rules as full_case in process $proc$peng_r3.v:11374$301 in module rq_mult_parallel.
Marked 1 switch rules as full_case in process $proc$peng_r3.v:11358$300 in module rq_mult_parallel.
Marked 1 switch rules as full_case in process $proc$peng_r3.v:11342$299 in module rq_mult_parallel.
Marked 1 switch rules as full_case in process $proc$peng_r3.v:11326$298 in module rq_mult_parallel.
Marked 1 switch rules as full_case in process $proc$peng_r3.v:11310$297 in module rq_mult_parallel.
Marked 1 switch rules as full_case in process $proc$peng_r3.v:11294$296 in module rq_mult_parallel.
Marked 1 switch rules as full_case in process $proc$peng_r3.v:11278$295 in module rq_mult_parallel.
Marked 1 switch rules as full_case in process $proc$peng_r3.v:11262$294 in module rq_mult_parallel.
Marked 1 switch rules as full_case in process $proc$peng_r3.v:11246$293 in module rq_mult_parallel.
Marked 1 switch rules as full_case in process $proc$peng_r3.v:11230$292 in module rq_mult_parallel.
Marked 1 switch rules as full_case in process $proc$peng_r3.v:11214$291 in module rq_mult_parallel.
Marked 1 switch rules as full_case in process $proc$peng_r3.v:11198$290 in module rq_mult_parallel.
Marked 1 switch rules as full_case in process $proc$peng_r3.v:11182$289 in module rq_mult_parallel.
Marked 1 switch rules as full_case in process $proc$peng_r3.v:11166$288 in module rq_mult_parallel.
Marked 1 switch rules as full_case in process $proc$peng_r3.v:11150$287 in module rq_mult_parallel.
Marked 1 switch rules as full_case in process $proc$peng_r3.v:11134$286 in module rq_mult_parallel.
Marked 1 switch rules as full_case in process $proc$peng_r3.v:11118$285 in module rq_mult_parallel.
Marked 1 switch rules as full_case in process $proc$peng_r3.v:11102$284 in module rq_mult_parallel.
Marked 1 switch rules as full_case in process $proc$peng_r3.v:11086$283 in module rq_mult_parallel.
Marked 1 switch rules as full_case in process $proc$peng_r3.v:11070$282 in module rq_mult_parallel.
Marked 1 switch rules as full_case in process $proc$peng_r3.v:11054$281 in module rq_mult_parallel.
Marked 1 switch rules as full_case in process $proc$peng_r3.v:11038$280 in module rq_mult_parallel.
Marked 1 switch rules as full_case in process $proc$peng_r3.v:11022$279 in module rq_mult_parallel.
Marked 1 switch rules as full_case in process $proc$peng_r3.v:11006$278 in module rq_mult_parallel.
Marked 1 switch rules as full_case in process $proc$peng_r3.v:10990$277 in module rq_mult_parallel.
Marked 1 switch rules as full_case in process $proc$peng_r3.v:10974$276 in module rq_mult_parallel.
Marked 1 switch rules as full_case in process $proc$peng_r3.v:10958$275 in module rq_mult_parallel.
Marked 1 switch rules as full_case in process $proc$peng_r3.v:10942$274 in module rq_mult_parallel.
Marked 1 switch rules as full_case in process $proc$peng_r3.v:10926$273 in module rq_mult_parallel.
Marked 1 switch rules as full_case in process $proc$peng_r3.v:10910$272 in module rq_mult_parallel.
Marked 1 switch rules as full_case in process $proc$peng_r3.v:10894$271 in module rq_mult_parallel.
Marked 1 switch rules as full_case in process $proc$peng_r3.v:10878$270 in module rq_mult_parallel.
Marked 1 switch rules as full_case in process $proc$peng_r3.v:10862$269 in module rq_mult_parallel.
Marked 1 switch rules as full_case in process $proc$peng_r3.v:10846$268 in module rq_mult_parallel.
Marked 1 switch rules as full_case in process $proc$peng_r3.v:10830$267 in module rq_mult_parallel.
Marked 1 switch rules as full_case in process $proc$peng_r3.v:10814$266 in module rq_mult_parallel.
Marked 1 switch rules as full_case in process $proc$peng_r3.v:10798$265 in module rq_mult_parallel.
Marked 1 switch rules as full_case in process $proc$peng_r3.v:10782$264 in module rq_mult_parallel.
Marked 1 switch rules as full_case in process $proc$peng_r3.v:10766$263 in module rq_mult_parallel.
Marked 1 switch rules as full_case in process $proc$peng_r3.v:10750$262 in module rq_mult_parallel.
Marked 1 switch rules as full_case in process $proc$peng_r3.v:10734$261 in module rq_mult_parallel.
Marked 1 switch rules as full_case in process $proc$peng_r3.v:10718$260 in module rq_mult_parallel.
Marked 1 switch rules as full_case in process $proc$peng_r3.v:10702$259 in module rq_mult_parallel.
Marked 1 switch rules as full_case in process $proc$peng_r3.v:10686$258 in module rq_mult_parallel.
Marked 1 switch rules as full_case in process $proc$peng_r3.v:10670$257 in module rq_mult_parallel.
Marked 1 switch rules as full_case in process $proc$peng_r3.v:10654$256 in module rq_mult_parallel.
Marked 1 switch rules as full_case in process $proc$peng_r3.v:10638$255 in module rq_mult_parallel.
Marked 1 switch rules as full_case in process $proc$peng_r3.v:10622$254 in module rq_mult_parallel.
Marked 1 switch rules as full_case in process $proc$peng_r3.v:10606$253 in module rq_mult_parallel.
Marked 1 switch rules as full_case in process $proc$peng_r3.v:10590$252 in module rq_mult_parallel.
Marked 1 switch rules as full_case in process $proc$peng_r3.v:10574$251 in module rq_mult_parallel.
Marked 1 switch rules as full_case in process $proc$peng_r3.v:10558$250 in module rq_mult_parallel.
Marked 1 switch rules as full_case in process $proc$peng_r3.v:10543$249 in module rq_mult_parallel.
Marked 1 switch rules as full_case in process $proc$peng_r3.v:10529$248 in module rq_mult_parallel.
Marked 1 switch rules as full_case in process $proc$peng_r3.v:10515$247 in module rq_mult_parallel.
Marked 1 switch rules as full_case in process $proc$peng_r3.v:964$195 in module modmul4591s.
Marked 1 switch rules as full_case in process $proc$peng_r3.v:713$163 in module mod4591svec28.
Marked 1 switch rules as full_case in process $proc$peng_r3.v:514$98 in module mod4591svec28.
Marked 1 switch rules as full_case in process $proc$peng_r3.v:347$33 in module mod4591svec28.
Removed a total of 0 dead cases.

3.2.3. Executing PROC_PRUNE pass (remove redundant assignments in processes).
Removed 2 redundant assignments.
Promoted 789 assignments to connections.

3.2.4. Executing PROC_INIT pass (extract init attributes).

3.2.5. Executing PROC_ARST pass (detect async resets in processes).
Found async reset \reset in `\rq_mult_parallel.$proc$peng_r3.v:30520$1037'.
Found async reset \reset in `\rq_mult_parallel.$proc$peng_r3.v:30514$1036'.

3.2.6. Executing PROC_ROM pass (convert switches to ROMs).
Converted 0 switches.
<suppressed ~775 debug messages>

3.2.7. Executing PROC_MUX pass (convert decision trees to multiplexers).
Creating decoders for process `\rq_mult_parallel.$proc$peng_r3.v:30586$1062'.
Creating decoders for process `\rq_mult_parallel.$proc$peng_r3.v:30579$1059'.
Creating decoders for process `\rq_mult_parallel.$proc$peng_r3.v:30576$1058'.
Creating decoders for process `\rq_mult_parallel.$proc$peng_r3.v:30567$1055'.
Creating decoders for process `\rq_mult_parallel.$proc$peng_r3.v:30564$1054'.
Creating decoders for process `\rq_mult_parallel.$proc$peng_r3.v:30561$1053'.
Creating decoders for process `\rq_mult_parallel.$proc$peng_r3.v:30558$1052'.
Creating decoders for process `\rq_mult_parallel.$proc$peng_r3.v:30551$1049'.
Creating decoders for process `\rq_mult_parallel.$proc$peng_r3.v:30544$1046'.
Creating decoders for process `\rq_mult_parallel.$proc$peng_r3.v:30537$1043'.
Creating decoders for process `\rq_mult_parallel.$proc$peng_r3.v:30530$1040'.
Creating decoders for process `\rq_mult_parallel.$proc$peng_r3.v:30520$1037'.
     1/1: $0\n7083_q[2:0]
Creating decoders for process `\rq_mult_parallel.$proc$peng_r3.v:30514$1036'.
     1/1: $0\n7082_q[3:0]
Creating decoders for process `\rq_mult_parallel.$proc$peng_r3.v:22883$1035'.
     1/1: $1\n4776_o[9:0]
Creating decoders for process `\rq_mult_parallel.$proc$peng_r3.v:22873$1034'.
     1/1: $1\n4773_o[2:0]
Creating decoders for process `\rq_mult_parallel.$proc$peng_r3.v:22860$1033'.
     1/1: $1\n4768_o[2:0]
Creating decoders for process `\rq_mult_parallel.$proc$peng_r3.v:22847$1032'.
     1/1: $1\n4763_o[2276:0]
Creating decoders for process `\rq_mult_parallel.$proc$peng_r3.v:22834$1031'.
     1/1: $1\n4758_o[2:0]
Creating decoders for process `\rq_mult_parallel.$proc$peng_r3.v:22746$1012'.
     1/1: $1\n4677_o[0:0]
Creating decoders for process `\rq_mult_parallel.$proc$peng_r3.v:22732$1011'.
     1/1: $1\n4672_o[9:0]
Creating decoders for process `\rq_mult_parallel.$proc$peng_r3.v:22718$1010'.
     1/1: $1\n4668_o[22:0]
Creating decoders for process `\rq_mult_parallel.$proc$peng_r3.v:22702$1009'.
     1/1: $1\n4664_o[22:0]
Creating decoders for process `\rq_mult_parallel.$proc$peng_r3.v:22686$1008'.
     1/1: $1\n4660_o[22:0]
Creating decoders for process `\rq_mult_parallel.$proc$peng_r3.v:22670$1007'.
     1/1: $1\n4656_o[22:0]
Creating decoders for process `\rq_mult_parallel.$proc$peng_r3.v:22654$1006'.
     1/1: $1\n4652_o[22:0]
Creating decoders for process `\rq_mult_parallel.$proc$peng_r3.v:22638$1005'.
     1/1: $1\n4648_o[22:0]
Creating decoders for process `\rq_mult_parallel.$proc$peng_r3.v:22622$1004'.
     1/1: $1\n4644_o[22:0]
Creating decoders for process `\rq_mult_parallel.$proc$peng_r3.v:22606$1003'.
     1/1: $1\n4640_o[22:0]
Creating decoders for process `\rq_mult_parallel.$proc$peng_r3.v:22590$1002'.
     1/1: $1\n4636_o[22:0]
Creating decoders for process `\rq_mult_parallel.$proc$peng_r3.v:22574$1001'.
     1/1: $1\n4632_o[22:0]
Creating decoders for process `\rq_mult_parallel.$proc$peng_r3.v:22558$1000'.
     1/1: $1\n4628_o[22:0]
Creating decoders for process `\rq_mult_parallel.$proc$peng_r3.v:22542$999'.
     1/1: $1\n4624_o[22:0]
Creating decoders for process `\rq_mult_parallel.$proc$peng_r3.v:22526$998'.
     1/1: $1\n4620_o[22:0]
Creating decoders for process `\rq_mult_parallel.$proc$peng_r3.v:22510$997'.
     1/1: $1\n4616_o[22:0]
Creating decoders for process `\rq_mult_parallel.$proc$peng_r3.v:22494$996'.
     1/1: $1\n4612_o[22:0]
Creating decoders for process `\rq_mult_parallel.$proc$peng_r3.v:22478$995'.
     1/1: $1\n4608_o[22:0]
Creating decoders for process `\rq_mult_parallel.$proc$peng_r3.v:22462$994'.
     1/1: $1\n4604_o[22:0]
Creating decoders for process `\rq_mult_parallel.$proc$peng_r3.v:22446$993'.
     1/1: $1\n4600_o[22:0]
Creating decoders for process `\rq_mult_parallel.$proc$peng_r3.v:22430$992'.
     1/1: $1\n4596_o[22:0]
Creating decoders for process `\rq_mult_parallel.$proc$peng_r3.v:22414$991'.
     1/1: $1\n4592_o[22:0]
Creating decoders for process `\rq_mult_parallel.$proc$peng_r3.v:22398$990'.
     1/1: $1\n4588_o[22:0]
Creating decoders for process `\rq_mult_parallel.$proc$peng_r3.v:22382$989'.
     1/1: $1\n4584_o[22:0]
Creating decoders for process `\rq_mult_parallel.$proc$peng_r3.v:22366$988'.
     1/1: $1\n4580_o[22:0]
Creating decoders for process `\rq_mult_parallel.$proc$peng_r3.v:22350$987'.
     1/1: $1\n4576_o[22:0]
Creating decoders for process `\rq_mult_parallel.$proc$peng_r3.v:22334$986'.
     1/1: $1\n4572_o[22:0]
Creating decoders for process `\rq_mult_parallel.$proc$peng_r3.v:22318$985'.
     1/1: $1\n4568_o[22:0]
Creating decoders for process `\rq_mult_parallel.$proc$peng_r3.v:22302$984'.
     1/1: $1\n4564_o[22:0]
Creating decoders for process `\rq_mult_parallel.$proc$peng_r3.v:22286$983'.
     1/1: $1\n4560_o[22:0]
Creating decoders for process `\rq_mult_parallel.$proc$peng_r3.v:22270$982'.
     1/1: $1\n4556_o[22:0]
Creating decoders for process `\rq_mult_parallel.$proc$peng_r3.v:22254$981'.
     1/1: $1\n4552_o[22:0]
Creating decoders for process `\rq_mult_parallel.$proc$peng_r3.v:22238$980'.
     1/1: $1\n4548_o[22:0]
Creating decoders for process `\rq_mult_parallel.$proc$peng_r3.v:22222$979'.
     1/1: $1\n4544_o[22:0]
Creating decoders for process `\rq_mult_parallel.$proc$peng_r3.v:22206$978'.
     1/1: $1\n4540_o[22:0]
Creating decoders for process `\rq_mult_parallel.$proc$peng_r3.v:22190$977'.
     1/1: $1\n4536_o[22:0]
Creating decoders for process `\rq_mult_parallel.$proc$peng_r3.v:22174$976'.
     1/1: $1\n4532_o[22:0]
Creating decoders for process `\rq_mult_parallel.$proc$peng_r3.v:22158$975'.
     1/1: $1\n4528_o[22:0]
Creating decoders for process `\rq_mult_parallel.$proc$peng_r3.v:22142$974'.
     1/1: $1\n4524_o[22:0]
Creating decoders for process `\rq_mult_parallel.$proc$peng_r3.v:22126$973'.
     1/1: $1\n4520_o[22:0]
Creating decoders for process `\rq_mult_parallel.$proc$peng_r3.v:22110$972'.
     1/1: $1\n4516_o[22:0]
Creating decoders for process `\rq_mult_parallel.$proc$peng_r3.v:22094$971'.
     1/1: $1\n4512_o[22:0]
Creating decoders for process `\rq_mult_parallel.$proc$peng_r3.v:22078$970'.
     1/1: $1\n4508_o[22:0]
Creating decoders for process `\rq_mult_parallel.$proc$peng_r3.v:22062$969'.
     1/1: $1\n4504_o[22:0]
Creating decoders for process `\rq_mult_parallel.$proc$peng_r3.v:22046$968'.
     1/1: $1\n4500_o[22:0]
Creating decoders for process `\rq_mult_parallel.$proc$peng_r3.v:22030$967'.
     1/1: $1\n4496_o[22:0]
Creating decoders for process `\rq_mult_parallel.$proc$peng_r3.v:22014$966'.
     1/1: $1\n4492_o[22:0]
Creating decoders for process `\rq_mult_parallel.$proc$peng_r3.v:21998$965'.
     1/1: $1\n4488_o[22:0]
Creating decoders for process `\rq_mult_parallel.$proc$peng_r3.v:21982$964'.
     1/1: $1\n4484_o[22:0]
Creating decoders for process `\rq_mult_parallel.$proc$peng_r3.v:21966$963'.
     1/1: $1\n4480_o[22:0]
Creating decoders for process `\rq_mult_parallel.$proc$peng_r3.v:21950$962'.
     1/1: $1\n4476_o[22:0]
Creating decoders for process `\rq_mult_parallel.$proc$peng_r3.v:21934$961'.
     1/1: $1\n4472_o[22:0]
Creating decoders for process `\rq_mult_parallel.$proc$peng_r3.v:21918$960'.
     1/1: $1\n4468_o[22:0]
Creating decoders for process `\rq_mult_parallel.$proc$peng_r3.v:21902$959'.
     1/1: $1\n4464_o[22:0]
Creating decoders for process `\rq_mult_parallel.$proc$peng_r3.v:21886$958'.
     1/1: $1\n4460_o[22:0]
Creating decoders for process `\rq_mult_parallel.$proc$peng_r3.v:21870$957'.
     1/1: $1\n4456_o[22:0]
Creating decoders for process `\rq_mult_parallel.$proc$peng_r3.v:21854$956'.
     1/1: $1\n4452_o[22:0]
Creating decoders for process `\rq_mult_parallel.$proc$peng_r3.v:21838$955'.
     1/1: $1\n4448_o[22:0]
Creating decoders for process `\rq_mult_parallel.$proc$peng_r3.v:21822$954'.
     1/1: $1\n4444_o[22:0]
Creating decoders for process `\rq_mult_parallel.$proc$peng_r3.v:21806$953'.
     1/1: $1\n4440_o[22:0]
Creating decoders for process `\rq_mult_parallel.$proc$peng_r3.v:21790$952'.
     1/1: $1\n4436_o[22:0]
Creating decoders for process `\rq_mult_parallel.$proc$peng_r3.v:21774$951'.
     1/1: $1\n4432_o[22:0]
Creating decoders for process `\rq_mult_parallel.$proc$peng_r3.v:21758$950'.
     1/1: $1\n4428_o[22:0]
Creating decoders for process `\rq_mult_parallel.$proc$peng_r3.v:21742$949'.
     1/1: $1\n4424_o[22:0]
Creating decoders for process `\rq_mult_parallel.$proc$peng_r3.v:21726$948'.
     1/1: $1\n4420_o[22:0]
Creating decoders for process `\rq_mult_parallel.$proc$peng_r3.v:21710$947'.
     1/1: $1\n4416_o[22:0]
Creating decoders for process `\rq_mult_parallel.$proc$peng_r3.v:21694$946'.
     1/1: $1\n4412_o[22:0]
Creating decoders for process `\rq_mult_parallel.$proc$peng_r3.v:21678$945'.
     1/1: $1\n4408_o[22:0]
Creating decoders for process `\rq_mult_parallel.$proc$peng_r3.v:21662$944'.
     1/1: $1\n4404_o[22:0]
Creating decoders for process `\rq_mult_parallel.$proc$peng_r3.v:21646$943'.
     1/1: $1\n4400_o[22:0]
Creating decoders for process `\rq_mult_parallel.$proc$peng_r3.v:21630$942'.
     1/1: $1\n4396_o[22:0]
Creating decoders for process `\rq_mult_parallel.$proc$peng_r3.v:21614$941'.
     1/1: $1\n4392_o[22:0]
Creating decoders for process `\rq_mult_parallel.$proc$peng_r3.v:21598$940'.
     1/1: $1\n4388_o[22:0]
Creating decoders for process `\rq_mult_parallel.$proc$peng_r3.v:21582$939'.
     1/1: $1\n4384_o[22:0]
Creating decoders for process `\rq_mult_parallel.$proc$peng_r3.v:21566$938'.
     1/1: $1\n4380_o[22:0]
Creating decoders for process `\rq_mult_parallel.$proc$peng_r3.v:21550$937'.
     1/1: $1\n4376_o[22:0]
Creating decoders for process `\rq_mult_parallel.$proc$peng_r3.v:21534$936'.
     1/1: $1\n4372_o[22:0]
Creating decoders for process `\rq_mult_parallel.$proc$peng_r3.v:21518$935'.
     1/1: $1\n4368_o[22:0]
Creating decoders for process `\rq_mult_parallel.$proc$peng_r3.v:21502$934'.
     1/1: $1\n4364_o[22:0]
Creating decoders for process `\rq_mult_parallel.$proc$peng_r3.v:21486$933'.
     1/1: $1\n4360_o[22:0]
Creating decoders for process `\rq_mult_parallel.$proc$peng_r3.v:21470$932'.
     1/1: $1\n4356_o[22:0]
Creating decoders for process `\rq_mult_parallel.$proc$peng_r3.v:21454$931'.
     1/1: $1\n4352_o[22:0]
Creating decoders for process `\rq_mult_parallel.$proc$peng_r3.v:21438$930'.
     1/1: $1\n4348_o[22:0]
Creating decoders for process `\rq_mult_parallel.$proc$peng_r3.v:21422$929'.
     1/1: $1\n4344_o[22:0]
Creating decoders for process `\rq_mult_parallel.$proc$peng_r3.v:21406$928'.
     1/1: $1\n4340_o[22:0]
Creating decoders for process `\rq_mult_parallel.$proc$peng_r3.v:21390$927'.
     1/1: $1\n4336_o[22:0]
Creating decoders for process `\rq_mult_parallel.$proc$peng_r3.v:21374$926'.
     1/1: $1\n4332_o[22:0]
Creating decoders for process `\rq_mult_parallel.$proc$peng_r3.v:21358$925'.
     1/1: $1\n4328_o[22:0]
Creating decoders for process `\rq_mult_parallel.$proc$peng_r3.v:21342$924'.
     1/1: $1\n4324_o[22:0]
Creating decoders for process `\rq_mult_parallel.$proc$peng_r3.v:21326$923'.
     1/1: $1\n4320_o[22:0]
Creating decoders for process `\rq_mult_parallel.$proc$peng_r3.v:21310$922'.
     1/1: $1\n4316_o[22:0]
Creating decoders for process `\rq_mult_parallel.$proc$peng_r3.v:21294$921'.
     1/1: $1\n4312_o[22:0]
Creating decoders for process `\rq_mult_parallel.$proc$peng_r3.v:21278$920'.
     1/1: $1\n4308_o[22:0]
Creating decoders for process `\rq_mult_parallel.$proc$peng_r3.v:21262$919'.
     1/1: $1\n4304_o[22:0]
Creating decoders for process `\rq_mult_parallel.$proc$peng_r3.v:21246$918'.
     1/1: $1\n4300_o[22:0]
Creating decoders for process `\rq_mult_parallel.$proc$peng_r3.v:21230$917'.
     1/1: $1\n4296_o[22:0]
Creating decoders for process `\rq_mult_parallel.$proc$peng_r3.v:21214$916'.
     1/1: $1\n4292_o[22:0]
Creating decoders for process `\rq_mult_parallel.$proc$peng_r3.v:21198$915'.
     1/1: $1\n4288_o[22:0]
Creating decoders for process `\rq_mult_parallel.$proc$peng_r3.v:21182$914'.
     1/1: $1\n4284_o[22:0]
Creating decoders for process `\rq_mult_parallel.$proc$peng_r3.v:21166$913'.
     1/1: $1\n4280_o[22:0]
Creating decoders for process `\rq_mult_parallel.$proc$peng_r3.v:21150$912'.
     1/1: $1\n4276_o[22:0]
Creating decoders for process `\rq_mult_parallel.$proc$peng_r3.v:21134$911'.
     1/1: $1\n4272_o[22:0]
Creating decoders for process `\rq_mult_parallel.$proc$peng_r3.v:21118$910'.
     1/1: $1\n4268_o[22:0]
Creating decoders for process `\rq_mult_parallel.$proc$peng_r3.v:21102$909'.
     1/1: $1\n4264_o[22:0]
Creating decoders for process `\rq_mult_parallel.$proc$peng_r3.v:21086$908'.
     1/1: $1\n4260_o[22:0]
Creating decoders for process `\rq_mult_parallel.$proc$peng_r3.v:21070$907'.
     1/1: $1\n4256_o[22:0]
Creating decoders for process `\rq_mult_parallel.$proc$peng_r3.v:21054$906'.
     1/1: $1\n4252_o[22:0]
Creating decoders for process `\rq_mult_parallel.$proc$peng_r3.v:21038$905'.
     1/1: $1\n4248_o[22:0]
Creating decoders for process `\rq_mult_parallel.$proc$peng_r3.v:21022$904'.
     1/1: $1\n4244_o[22:0]
Creating decoders for process `\rq_mult_parallel.$proc$peng_r3.v:21006$903'.
     1/1: $1\n4240_o[22:0]
Creating decoders for process `\rq_mult_parallel.$proc$peng_r3.v:20990$902'.
     1/1: $1\n4236_o[22:0]
Creating decoders for process `\rq_mult_parallel.$proc$peng_r3.v:20974$901'.
     1/1: $1\n4232_o[22:0]
Creating decoders for process `\rq_mult_parallel.$proc$peng_r3.v:20958$900'.
     1/1: $1\n4228_o[22:0]
Creating decoders for process `\rq_mult_parallel.$proc$peng_r3.v:20942$899'.
     1/1: $1\n4224_o[22:0]
Creating decoders for process `\rq_mult_parallel.$proc$peng_r3.v:20926$898'.
     1/1: $1\n4220_o[22:0]
Creating decoders for process `\rq_mult_parallel.$proc$peng_r3.v:20910$897'.
     1/1: $1\n4216_o[22:0]
Creating decoders for process `\rq_mult_parallel.$proc$peng_r3.v:20894$896'.
     1/1: $1\n4212_o[22:0]
Creating decoders for process `\rq_mult_parallel.$proc$peng_r3.v:20878$895'.
     1/1: $1\n4208_o[22:0]
Creating decoders for process `\rq_mult_parallel.$proc$peng_r3.v:20862$894'.
     1/1: $1\n4204_o[22:0]
Creating decoders for process `\rq_mult_parallel.$proc$peng_r3.v:20846$893'.
     1/1: $1\n4200_o[22:0]
Creating decoders for process `\rq_mult_parallel.$proc$peng_r3.v:20830$892'.
     1/1: $1\n4196_o[22:0]
Creating decoders for process `\rq_mult_parallel.$proc$peng_r3.v:20814$891'.
     1/1: $1\n4192_o[22:0]
Creating decoders for process `\rq_mult_parallel.$proc$peng_r3.v:20798$890'.
     1/1: $1\n4188_o[22:0]
Creating decoders for process `\rq_mult_parallel.$proc$peng_r3.v:20782$889'.
     1/1: $1\n4184_o[22:0]
Creating decoders for process `\rq_mult_parallel.$proc$peng_r3.v:20766$888'.
     1/1: $1\n4180_o[22:0]
Creating decoders for process `\rq_mult_parallel.$proc$peng_r3.v:20750$887'.
     1/1: $1\n4176_o[22:0]
Creating decoders for process `\rq_mult_parallel.$proc$peng_r3.v:20734$886'.
     1/1: $1\n4172_o[22:0]
Creating decoders for process `\rq_mult_parallel.$proc$peng_r3.v:20718$885'.
     1/1: $1\n4168_o[22:0]
Creating decoders for process `\rq_mult_parallel.$proc$peng_r3.v:20702$884'.
     1/1: $1\n4164_o[22:0]
Creating decoders for process `\rq_mult_parallel.$proc$peng_r3.v:20686$883'.
     1/1: $1\n4160_o[22:0]
Creating decoders for process `\rq_mult_parallel.$proc$peng_r3.v:20670$882'.
     1/1: $1\n4156_o[22:0]
Creating decoders for process `\rq_mult_parallel.$proc$peng_r3.v:20654$881'.
     1/1: $1\n4152_o[22:0]
Creating decoders for process `\rq_mult_parallel.$proc$peng_r3.v:20638$880'.
     1/1: $1\n4148_o[22:0]
Creating decoders for process `\rq_mult_parallel.$proc$peng_r3.v:20622$879'.
     1/1: $1\n4144_o[22:0]
Creating decoders for process `\rq_mult_parallel.$proc$peng_r3.v:20606$878'.
     1/1: $1\n4140_o[22:0]
Creating decoders for process `\rq_mult_parallel.$proc$peng_r3.v:20590$877'.
     1/1: $1\n4136_o[22:0]
Creating decoders for process `\rq_mult_parallel.$proc$peng_r3.v:20574$876'.
     1/1: $1\n4132_o[22:0]
Creating decoders for process `\rq_mult_parallel.$proc$peng_r3.v:20558$875'.
     1/1: $1\n4128_o[22:0]
Creating decoders for process `\rq_mult_parallel.$proc$peng_r3.v:20542$874'.
     1/1: $1\n4124_o[22:0]
Creating decoders for process `\rq_mult_parallel.$proc$peng_r3.v:20526$873'.
     1/1: $1\n4120_o[22:0]
Creating decoders for process `\rq_mult_parallel.$proc$peng_r3.v:20510$872'.
     1/1: $1\n4116_o[22:0]
Creating decoders for process `\rq_mult_parallel.$proc$peng_r3.v:20494$871'.
     1/1: $1\n4112_o[22:0]
Creating decoders for process `\rq_mult_parallel.$proc$peng_r3.v:20478$870'.
     1/1: $1\n4108_o[22:0]
Creating decoders for process `\rq_mult_parallel.$proc$peng_r3.v:20462$869'.
     1/1: $1\n4104_o[22:0]
Creating decoders for process `\rq_mult_parallel.$proc$peng_r3.v:20446$868'.
     1/1: $1\n4100_o[22:0]
Creating decoders for process `\rq_mult_parallel.$proc$peng_r3.v:20430$867'.
     1/1: $1\n4096_o[22:0]
Creating decoders for process `\rq_mult_parallel.$proc$peng_r3.v:20414$866'.
     1/1: $1\n4092_o[22:0]
Creating decoders for process `\rq_mult_parallel.$proc$peng_r3.v:20398$865'.
     1/1: $1\n4088_o[22:0]
Creating decoders for process `\rq_mult_parallel.$proc$peng_r3.v:20382$864'.
     1/1: $1\n4084_o[22:0]
Creating decoders for process `\rq_mult_parallel.$proc$peng_r3.v:20366$863'.
     1/1: $1\n4080_o[22:0]
Creating decoders for process `\rq_mult_parallel.$proc$peng_r3.v:20350$862'.
     1/1: $1\n4076_o[22:0]
Creating decoders for process `\rq_mult_parallel.$proc$peng_r3.v:20334$861'.
     1/1: $1\n4072_o[22:0]
Creating decoders for process `\rq_mult_parallel.$proc$peng_r3.v:20318$860'.
     1/1: $1\n4068_o[22:0]
Creating decoders for process `\rq_mult_parallel.$proc$peng_r3.v:20302$859'.
     1/1: $1\n4064_o[22:0]
Creating decoders for process `\rq_mult_parallel.$proc$peng_r3.v:20286$858'.
     1/1: $1\n4060_o[22:0]
Creating decoders for process `\rq_mult_parallel.$proc$peng_r3.v:20270$857'.
     1/1: $1\n4056_o[22:0]
Creating decoders for process `\rq_mult_parallel.$proc$peng_r3.v:20254$856'.
     1/1: $1\n4052_o[22:0]
Creating decoders for process `\rq_mult_parallel.$proc$peng_r3.v:20238$855'.
     1/1: $1\n4048_o[22:0]
Creating decoders for process `\rq_mult_parallel.$proc$peng_r3.v:20222$854'.
     1/1: $1\n4044_o[22:0]
Creating decoders for process `\rq_mult_parallel.$proc$peng_r3.v:20206$853'.
     1/1: $1\n4040_o[22:0]
Creating decoders for process `\rq_mult_parallel.$proc$peng_r3.v:20190$852'.
     1/1: $1\n4036_o[22:0]
Creating decoders for process `\rq_mult_parallel.$proc$peng_r3.v:20174$851'.
     1/1: $1\n4032_o[22:0]
Creating decoders for process `\rq_mult_parallel.$proc$peng_r3.v:20158$850'.
     1/1: $1\n4028_o[22:0]
Creating decoders for process `\rq_mult_parallel.$proc$peng_r3.v:20142$849'.
     1/1: $1\n4024_o[22:0]
Creating decoders for process `\rq_mult_parallel.$proc$peng_r3.v:20126$848'.
     1/1: $1\n4020_o[22:0]
Creating decoders for process `\rq_mult_parallel.$proc$peng_r3.v:20110$847'.
     1/1: $1\n4016_o[22:0]
Creating decoders for process `\rq_mult_parallel.$proc$peng_r3.v:20094$846'.
     1/1: $1\n4012_o[22:0]
Creating decoders for process `\rq_mult_parallel.$proc$peng_r3.v:20078$845'.
     1/1: $1\n4008_o[22:0]
Creating decoders for process `\rq_mult_parallel.$proc$peng_r3.v:20062$844'.
     1/1: $1\n4004_o[22:0]
Creating decoders for process `\rq_mult_parallel.$proc$peng_r3.v:20046$843'.
     1/1: $1\n4000_o[22:0]
Creating decoders for process `\rq_mult_parallel.$proc$peng_r3.v:20030$842'.
     1/1: $1\n3996_o[22:0]
Creating decoders for process `\rq_mult_parallel.$proc$peng_r3.v:20014$841'.
     1/1: $1\n3992_o[22:0]
Creating decoders for process `\rq_mult_parallel.$proc$peng_r3.v:19998$840'.
     1/1: $1\n3988_o[22:0]
Creating decoders for process `\rq_mult_parallel.$proc$peng_r3.v:19982$839'.
     1/1: $1\n3984_o[22:0]
Creating decoders for process `\rq_mult_parallel.$proc$peng_r3.v:19966$838'.
     1/1: $1\n3980_o[22:0]
Creating decoders for process `\rq_mult_parallel.$proc$peng_r3.v:19950$837'.
     1/1: $1\n3976_o[22:0]
Creating decoders for process `\rq_mult_parallel.$proc$peng_r3.v:19934$836'.
     1/1: $1\n3972_o[22:0]
Creating decoders for process `\rq_mult_parallel.$proc$peng_r3.v:19918$835'.
     1/1: $1\n3968_o[22:0]
Creating decoders for process `\rq_mult_parallel.$proc$peng_r3.v:19902$834'.
     1/1: $1\n3964_o[22:0]
Creating decoders for process `\rq_mult_parallel.$proc$peng_r3.v:19886$833'.
     1/1: $1\n3960_o[22:0]
Creating decoders for process `\rq_mult_parallel.$proc$peng_r3.v:19870$832'.
     1/1: $1\n3956_o[22:0]
Creating decoders for process `\rq_mult_parallel.$proc$peng_r3.v:19854$831'.
     1/1: $1\n3952_o[22:0]
Creating decoders for process `\rq_mult_parallel.$proc$peng_r3.v:19838$830'.
     1/1: $1\n3948_o[22:0]
Creating decoders for process `\rq_mult_parallel.$proc$peng_r3.v:19822$829'.
     1/1: $1\n3944_o[22:0]
Creating decoders for process `\rq_mult_parallel.$proc$peng_r3.v:19806$828'.
     1/1: $1\n3940_o[22:0]
Creating decoders for process `\rq_mult_parallel.$proc$peng_r3.v:19790$827'.
     1/1: $1\n3936_o[22:0]
Creating decoders for process `\rq_mult_parallel.$proc$peng_r3.v:19774$826'.
     1/1: $1\n3932_o[22:0]
Creating decoders for process `\rq_mult_parallel.$proc$peng_r3.v:19758$825'.
     1/1: $1\n3928_o[22:0]
Creating decoders for process `\rq_mult_parallel.$proc$peng_r3.v:19742$824'.
     1/1: $1\n3924_o[22:0]
Creating decoders for process `\rq_mult_parallel.$proc$peng_r3.v:19726$823'.
     1/1: $1\n3920_o[22:0]
Creating decoders for process `\rq_mult_parallel.$proc$peng_r3.v:19710$822'.
     1/1: $1\n3916_o[22:0]
Creating decoders for process `\rq_mult_parallel.$proc$peng_r3.v:19694$821'.
     1/1: $1\n3912_o[22:0]
Creating decoders for process `\rq_mult_parallel.$proc$peng_r3.v:19678$820'.
     1/1: $1\n3908_o[22:0]
Creating decoders for process `\rq_mult_parallel.$proc$peng_r3.v:19662$819'.
     1/1: $1\n3904_o[22:0]
Creating decoders for process `\rq_mult_parallel.$proc$peng_r3.v:19646$818'.
     1/1: $1\n3900_o[22:0]
Creating decoders for process `\rq_mult_parallel.$proc$peng_r3.v:19630$817'.
     1/1: $1\n3896_o[22:0]
Creating decoders for process `\rq_mult_parallel.$proc$peng_r3.v:19614$816'.
     1/1: $1\n3892_o[22:0]
Creating decoders for process `\rq_mult_parallel.$proc$peng_r3.v:19598$815'.
     1/1: $1\n3888_o[22:0]
Creating decoders for process `\rq_mult_parallel.$proc$peng_r3.v:19582$814'.
     1/1: $1\n3884_o[22:0]
Creating decoders for process `\rq_mult_parallel.$proc$peng_r3.v:19566$813'.
     1/1: $1\n3880_o[22:0]
Creating decoders for process `\rq_mult_parallel.$proc$peng_r3.v:19550$812'.
     1/1: $1\n3876_o[22:0]
Creating decoders for process `\rq_mult_parallel.$proc$peng_r3.v:19534$811'.
     1/1: $1\n3872_o[22:0]
Creating decoders for process `\rq_mult_parallel.$proc$peng_r3.v:19518$810'.
     1/1: $1\n3868_o[22:0]
Creating decoders for process `\rq_mult_parallel.$proc$peng_r3.v:19502$809'.
     1/1: $1\n3864_o[22:0]
Creating decoders for process `\rq_mult_parallel.$proc$peng_r3.v:19486$808'.
     1/1: $1\n3860_o[22:0]
Creating decoders for process `\rq_mult_parallel.$proc$peng_r3.v:19470$807'.
     1/1: $1\n3856_o[22:0]
Creating decoders for process `\rq_mult_parallel.$proc$peng_r3.v:19454$806'.
     1/1: $1\n3852_o[22:0]
Creating decoders for process `\rq_mult_parallel.$proc$peng_r3.v:19438$805'.
     1/1: $1\n3848_o[22:0]
Creating decoders for process `\rq_mult_parallel.$proc$peng_r3.v:19422$804'.
     1/1: $1\n3844_o[22:0]
Creating decoders for process `\rq_mult_parallel.$proc$peng_r3.v:19406$803'.
     1/1: $1\n3840_o[22:0]
Creating decoders for process `\rq_mult_parallel.$proc$peng_r3.v:19390$802'.
     1/1: $1\n3836_o[22:0]
Creating decoders for process `\rq_mult_parallel.$proc$peng_r3.v:19374$801'.
     1/1: $1\n3832_o[22:0]
Creating decoders for process `\rq_mult_parallel.$proc$peng_r3.v:19358$800'.
     1/1: $1\n3828_o[22:0]
Creating decoders for process `\rq_mult_parallel.$proc$peng_r3.v:19342$799'.
     1/1: $1\n3824_o[22:0]
Creating decoders for process `\rq_mult_parallel.$proc$peng_r3.v:19326$798'.
     1/1: $1\n3820_o[22:0]
Creating decoders for process `\rq_mult_parallel.$proc$peng_r3.v:19310$797'.
     1/1: $1\n3816_o[22:0]
Creating decoders for process `\rq_mult_parallel.$proc$peng_r3.v:19294$796'.
     1/1: $1\n3812_o[22:0]
Creating decoders for process `\rq_mult_parallel.$proc$peng_r3.v:19278$795'.
     1/1: $1\n3808_o[22:0]
Creating decoders for process `\rq_mult_parallel.$proc$peng_r3.v:19262$794'.
     1/1: $1\n3804_o[22:0]
Creating decoders for process `\rq_mult_parallel.$proc$peng_r3.v:19246$793'.
     1/1: $1\n3800_o[22:0]
Creating decoders for process `\rq_mult_parallel.$proc$peng_r3.v:19230$792'.
     1/1: $1\n3796_o[22:0]
Creating decoders for process `\rq_mult_parallel.$proc$peng_r3.v:19214$791'.
     1/1: $1\n3792_o[22:0]
Creating decoders for process `\rq_mult_parallel.$proc$peng_r3.v:19198$790'.
     1/1: $1\n3788_o[22:0]
Creating decoders for process `\rq_mult_parallel.$proc$peng_r3.v:19182$789'.
     1/1: $1\n3784_o[22:0]
Creating decoders for process `\rq_mult_parallel.$proc$peng_r3.v:19166$788'.
     1/1: $1\n3780_o[22:0]
Creating decoders for process `\rq_mult_parallel.$proc$peng_r3.v:19150$787'.
     1/1: $1\n3776_o[22:0]
Creating decoders for process `\rq_mult_parallel.$proc$peng_r3.v:19134$786'.
     1/1: $1\n3772_o[22:0]
Creating decoders for process `\rq_mult_parallel.$proc$peng_r3.v:19118$785'.
     1/1: $1\n3768_o[22:0]
Creating decoders for process `\rq_mult_parallel.$proc$peng_r3.v:19102$784'.
     1/1: $1\n3764_o[22:0]
Creating decoders for process `\rq_mult_parallel.$proc$peng_r3.v:19086$783'.
     1/1: $1\n3760_o[22:0]
Creating decoders for process `\rq_mult_parallel.$proc$peng_r3.v:19070$782'.
     1/1: $1\n3756_o[22:0]
Creating decoders for process `\rq_mult_parallel.$proc$peng_r3.v:19054$781'.
     1/1: $1\n3752_o[22:0]
Creating decoders for process `\rq_mult_parallel.$proc$peng_r3.v:19038$780'.
     1/1: $1\n3748_o[22:0]
Creating decoders for process `\rq_mult_parallel.$proc$peng_r3.v:19022$779'.
     1/1: $1\n3744_o[22:0]
Creating decoders for process `\rq_mult_parallel.$proc$peng_r3.v:19006$778'.
     1/1: $1\n3740_o[22:0]
Creating decoders for process `\rq_mult_parallel.$proc$peng_r3.v:18990$777'.
     1/1: $1\n3736_o[22:0]
Creating decoders for process `\rq_mult_parallel.$proc$peng_r3.v:18974$776'.
     1/1: $1\n3732_o[22:0]
Creating decoders for process `\rq_mult_parallel.$proc$peng_r3.v:18958$775'.
     1/1: $1\n3728_o[22:0]
Creating decoders for process `\rq_mult_parallel.$proc$peng_r3.v:18942$774'.
     1/1: $1\n3724_o[22:0]
Creating decoders for process `\rq_mult_parallel.$proc$peng_r3.v:18926$773'.
     1/1: $1\n3720_o[22:0]
Creating decoders for process `\rq_mult_parallel.$proc$peng_r3.v:18910$772'.
     1/1: $1\n3716_o[22:0]
Creating decoders for process `\rq_mult_parallel.$proc$peng_r3.v:18894$771'.
     1/1: $1\n3712_o[22:0]
Creating decoders for process `\rq_mult_parallel.$proc$peng_r3.v:18878$770'.
     1/1: $1\n3708_o[22:0]
Creating decoders for process `\rq_mult_parallel.$proc$peng_r3.v:18862$769'.
     1/1: $1\n3704_o[22:0]
Creating decoders for process `\rq_mult_parallel.$proc$peng_r3.v:18846$768'.
     1/1: $1\n3700_o[22:0]
Creating decoders for process `\rq_mult_parallel.$proc$peng_r3.v:18830$767'.
     1/1: $1\n3696_o[22:0]
Creating decoders for process `\rq_mult_parallel.$proc$peng_r3.v:18814$766'.
     1/1: $1\n3692_o[22:0]
Creating decoders for process `\rq_mult_parallel.$proc$peng_r3.v:18798$765'.
     1/1: $1\n3688_o[22:0]
Creating decoders for process `\rq_mult_parallel.$proc$peng_r3.v:18782$764'.
     1/1: $1\n3684_o[22:0]
Creating decoders for process `\rq_mult_parallel.$proc$peng_r3.v:18766$763'.
     1/1: $1\n3680_o[22:0]
Creating decoders for process `\rq_mult_parallel.$proc$peng_r3.v:18750$762'.
     1/1: $1\n3676_o[22:0]
Creating decoders for process `\rq_mult_parallel.$proc$peng_r3.v:18734$761'.
     1/1: $1\n3672_o[22:0]
Creating decoders for process `\rq_mult_parallel.$proc$peng_r3.v:18718$760'.
     1/1: $1\n3668_o[22:0]
Creating decoders for process `\rq_mult_parallel.$proc$peng_r3.v:18702$759'.
     1/1: $1\n3664_o[22:0]
Creating decoders for process `\rq_mult_parallel.$proc$peng_r3.v:18686$758'.
     1/1: $1\n3660_o[22:0]
Creating decoders for process `\rq_mult_parallel.$proc$peng_r3.v:18670$757'.
     1/1: $1\n3656_o[22:0]
Creating decoders for process `\rq_mult_parallel.$proc$peng_r3.v:18654$756'.
     1/1: $1\n3652_o[22:0]
Creating decoders for process `\rq_mult_parallel.$proc$peng_r3.v:18638$755'.
     1/1: $1\n3648_o[22:0]
Creating decoders for process `\rq_mult_parallel.$proc$peng_r3.v:18622$754'.
     1/1: $1\n3644_o[22:0]
Creating decoders for process `\rq_mult_parallel.$proc$peng_r3.v:18606$753'.
     1/1: $1\n3640_o[22:0]
Creating decoders for process `\rq_mult_parallel.$proc$peng_r3.v:18590$752'.
     1/1: $1\n3636_o[22:0]
Creating decoders for process `\rq_mult_parallel.$proc$peng_r3.v:18574$751'.
     1/1: $1\n3632_o[22:0]
Creating decoders for process `\rq_mult_parallel.$proc$peng_r3.v:18558$750'.
     1/1: $1\n3628_o[22:0]
Creating decoders for process `\rq_mult_parallel.$proc$peng_r3.v:18542$749'.
     1/1: $1\n3624_o[22:0]
Creating decoders for process `\rq_mult_parallel.$proc$peng_r3.v:18526$748'.
     1/1: $1\n3620_o[22:0]
Creating decoders for process `\rq_mult_parallel.$proc$peng_r3.v:18510$747'.
     1/1: $1\n3616_o[22:0]
Creating decoders for process `\rq_mult_parallel.$proc$peng_r3.v:18494$746'.
     1/1: $1\n3612_o[22:0]
Creating decoders for process `\rq_mult_parallel.$proc$peng_r3.v:18478$745'.
     1/1: $1\n3608_o[22:0]
Creating decoders for process `\rq_mult_parallel.$proc$peng_r3.v:18462$744'.
     1/1: $1\n3604_o[22:0]
Creating decoders for process `\rq_mult_parallel.$proc$peng_r3.v:18446$743'.
     1/1: $1\n3600_o[22:0]
Creating decoders for process `\rq_mult_parallel.$proc$peng_r3.v:18430$742'.
     1/1: $1\n3596_o[22:0]
Creating decoders for process `\rq_mult_parallel.$proc$peng_r3.v:18414$741'.
     1/1: $1\n3592_o[22:0]
Creating decoders for process `\rq_mult_parallel.$proc$peng_r3.v:18398$740'.
     1/1: $1\n3588_o[22:0]
Creating decoders for process `\rq_mult_parallel.$proc$peng_r3.v:18382$739'.
     1/1: $1\n3584_o[22:0]
Creating decoders for process `\rq_mult_parallel.$proc$peng_r3.v:18366$738'.
     1/1: $1\n3580_o[22:0]
Creating decoders for process `\rq_mult_parallel.$proc$peng_r3.v:18350$737'.
     1/1: $1\n3576_o[22:0]
Creating decoders for process `\rq_mult_parallel.$proc$peng_r3.v:18334$736'.
     1/1: $1\n3572_o[22:0]
Creating decoders for process `\rq_mult_parallel.$proc$peng_r3.v:18318$735'.
     1/1: $1\n3568_o[22:0]
Creating decoders for process `\rq_mult_parallel.$proc$peng_r3.v:18302$734'.
     1/1: $1\n3564_o[22:0]
Creating decoders for process `\rq_mult_parallel.$proc$peng_r3.v:18286$733'.
     1/1: $1\n3560_o[22:0]
Creating decoders for process `\rq_mult_parallel.$proc$peng_r3.v:18270$732'.
     1/1: $1\n3556_o[22:0]
Creating decoders for process `\rq_mult_parallel.$proc$peng_r3.v:18254$731'.
     1/1: $1\n3552_o[22:0]
Creating decoders for process `\rq_mult_parallel.$proc$peng_r3.v:18238$730'.
     1/1: $1\n3548_o[22:0]
Creating decoders for process `\rq_mult_parallel.$proc$peng_r3.v:18222$729'.
     1/1: $1\n3544_o[22:0]
Creating decoders for process `\rq_mult_parallel.$proc$peng_r3.v:18206$728'.
     1/1: $1\n3540_o[22:0]
Creating decoders for process `\rq_mult_parallel.$proc$peng_r3.v:18190$727'.
     1/1: $1\n3536_o[22:0]
Creating decoders for process `\rq_mult_parallel.$proc$peng_r3.v:18174$726'.
     1/1: $1\n3532_o[22:0]
Creating decoders for process `\rq_mult_parallel.$proc$peng_r3.v:18158$725'.
     1/1: $1\n3528_o[22:0]
Creating decoders for process `\rq_mult_parallel.$proc$peng_r3.v:18142$724'.
     1/1: $1\n3524_o[22:0]
Creating decoders for process `\rq_mult_parallel.$proc$peng_r3.v:18126$723'.
     1/1: $1\n3520_o[22:0]
Creating decoders for process `\rq_mult_parallel.$proc$peng_r3.v:18110$722'.
     1/1: $1\n3516_o[22:0]
Creating decoders for process `\rq_mult_parallel.$proc$peng_r3.v:18094$721'.
     1/1: $1\n3512_o[22:0]
Creating decoders for process `\rq_mult_parallel.$proc$peng_r3.v:18078$720'.
     1/1: $1\n3508_o[22:0]
Creating decoders for process `\rq_mult_parallel.$proc$peng_r3.v:18062$719'.
     1/1: $1\n3504_o[22:0]
Creating decoders for process `\rq_mult_parallel.$proc$peng_r3.v:18046$718'.
     1/1: $1\n3500_o[22:0]
Creating decoders for process `\rq_mult_parallel.$proc$peng_r3.v:18030$717'.
     1/1: $1\n3496_o[22:0]
Creating decoders for process `\rq_mult_parallel.$proc$peng_r3.v:18014$716'.
     1/1: $1\n3492_o[22:0]
Creating decoders for process `\rq_mult_parallel.$proc$peng_r3.v:17998$715'.
     1/1: $1\n3488_o[22:0]
Creating decoders for process `\rq_mult_parallel.$proc$peng_r3.v:17982$714'.
     1/1: $1\n3484_o[22:0]
Creating decoders for process `\rq_mult_parallel.$proc$peng_r3.v:17966$713'.
     1/1: $1\n3480_o[22:0]
Creating decoders for process `\rq_mult_parallel.$proc$peng_r3.v:17950$712'.
     1/1: $1\n3476_o[22:0]
Creating decoders for process `\rq_mult_parallel.$proc$peng_r3.v:17934$711'.
     1/1: $1\n3472_o[22:0]
Creating decoders for process `\rq_mult_parallel.$proc$peng_r3.v:17918$710'.
     1/1: $1\n3468_o[22:0]
Creating decoders for process `\rq_mult_parallel.$proc$peng_r3.v:17902$709'.
     1/1: $1\n3464_o[22:0]
Creating decoders for process `\rq_mult_parallel.$proc$peng_r3.v:17886$708'.
     1/1: $1\n3460_o[22:0]
Creating decoders for process `\rq_mult_parallel.$proc$peng_r3.v:17870$707'.
     1/1: $1\n3456_o[22:0]
Creating decoders for process `\rq_mult_parallel.$proc$peng_r3.v:17854$706'.
     1/1: $1\n3452_o[22:0]
Creating decoders for process `\rq_mult_parallel.$proc$peng_r3.v:17838$705'.
     1/1: $1\n3448_o[22:0]
Creating decoders for process `\rq_mult_parallel.$proc$peng_r3.v:17822$704'.
     1/1: $1\n3444_o[22:0]
Creating decoders for process `\rq_mult_parallel.$proc$peng_r3.v:17806$703'.
     1/1: $1\n3440_o[22:0]
Creating decoders for process `\rq_mult_parallel.$proc$peng_r3.v:17790$702'.
     1/1: $1\n3436_o[22:0]
Creating decoders for process `\rq_mult_parallel.$proc$peng_r3.v:17774$701'.
     1/1: $1\n3432_o[22:0]
Creating decoders for process `\rq_mult_parallel.$proc$peng_r3.v:17758$700'.
     1/1: $1\n3428_o[22:0]
Creating decoders for process `\rq_mult_parallel.$proc$peng_r3.v:17742$699'.
     1/1: $1\n3424_o[22:0]
Creating decoders for process `\rq_mult_parallel.$proc$peng_r3.v:17726$698'.
     1/1: $1\n3420_o[22:0]
Creating decoders for process `\rq_mult_parallel.$proc$peng_r3.v:17710$697'.
     1/1: $1\n3416_o[22:0]
Creating decoders for process `\rq_mult_parallel.$proc$peng_r3.v:17694$696'.
     1/1: $1\n3412_o[22:0]
Creating decoders for process `\rq_mult_parallel.$proc$peng_r3.v:17678$695'.
     1/1: $1\n3408_o[22:0]
Creating decoders for process `\rq_mult_parallel.$proc$peng_r3.v:17662$694'.
     1/1: $1\n3404_o[22:0]
Creating decoders for process `\rq_mult_parallel.$proc$peng_r3.v:17646$693'.
     1/1: $1\n3400_o[22:0]
Creating decoders for process `\rq_mult_parallel.$proc$peng_r3.v:17630$692'.
     1/1: $1\n3396_o[22:0]
Creating decoders for process `\rq_mult_parallel.$proc$peng_r3.v:17614$691'.
     1/1: $1\n3392_o[22:0]
Creating decoders for process `\rq_mult_parallel.$proc$peng_r3.v:17598$690'.
     1/1: $1\n3388_o[22:0]
Creating decoders for process `\rq_mult_parallel.$proc$peng_r3.v:17582$689'.
     1/1: $1\n3384_o[22:0]
Creating decoders for process `\rq_mult_parallel.$proc$peng_r3.v:17566$688'.
     1/1: $1\n3380_o[22:0]
Creating decoders for process `\rq_mult_parallel.$proc$peng_r3.v:17550$687'.
     1/1: $1\n3376_o[22:0]
Creating decoders for process `\rq_mult_parallel.$proc$peng_r3.v:17534$686'.
     1/1: $1\n3372_o[22:0]
Creating decoders for process `\rq_mult_parallel.$proc$peng_r3.v:17518$685'.
     1/1: $1\n3368_o[22:0]
Creating decoders for process `\rq_mult_parallel.$proc$peng_r3.v:17502$684'.
     1/1: $1\n3364_o[22:0]
Creating decoders for process `\rq_mult_parallel.$proc$peng_r3.v:17486$683'.
     1/1: $1\n3360_o[22:0]
Creating decoders for process `\rq_mult_parallel.$proc$peng_r3.v:17470$682'.
     1/1: $1\n3356_o[22:0]
Creating decoders for process `\rq_mult_parallel.$proc$peng_r3.v:17454$681'.
     1/1: $1\n3352_o[22:0]
Creating decoders for process `\rq_mult_parallel.$proc$peng_r3.v:17438$680'.
     1/1: $1\n3348_o[22:0]
Creating decoders for process `\rq_mult_parallel.$proc$peng_r3.v:17422$679'.
     1/1: $1\n3344_o[22:0]
Creating decoders for process `\rq_mult_parallel.$proc$peng_r3.v:17406$678'.
     1/1: $1\n3340_o[22:0]
Creating decoders for process `\rq_mult_parallel.$proc$peng_r3.v:17390$677'.
     1/1: $1\n3336_o[22:0]
Creating decoders for process `\rq_mult_parallel.$proc$peng_r3.v:17374$676'.
     1/1: $1\n3332_o[22:0]
Creating decoders for process `\rq_mult_parallel.$proc$peng_r3.v:17358$675'.
     1/1: $1\n3328_o[22:0]
Creating decoders for process `\rq_mult_parallel.$proc$peng_r3.v:17342$674'.
     1/1: $1\n3324_o[22:0]
Creating decoders for process `\rq_mult_parallel.$proc$peng_r3.v:17326$673'.
     1/1: $1\n3320_o[22:0]
Creating decoders for process `\rq_mult_parallel.$proc$peng_r3.v:17310$672'.
     1/1: $1\n3316_o[22:0]
Creating decoders for process `\rq_mult_parallel.$proc$peng_r3.v:17294$671'.
     1/1: $1\n3312_o[22:0]
Creating decoders for process `\rq_mult_parallel.$proc$peng_r3.v:17278$670'.
     1/1: $1\n3308_o[22:0]
Creating decoders for process `\rq_mult_parallel.$proc$peng_r3.v:17262$669'.
     1/1: $1\n3304_o[22:0]
Creating decoders for process `\rq_mult_parallel.$proc$peng_r3.v:17246$668'.
     1/1: $1\n3300_o[22:0]
Creating decoders for process `\rq_mult_parallel.$proc$peng_r3.v:17230$667'.
     1/1: $1\n3296_o[22:0]
Creating decoders for process `\rq_mult_parallel.$proc$peng_r3.v:17214$666'.
     1/1: $1\n3292_o[22:0]
Creating decoders for process `\rq_mult_parallel.$proc$peng_r3.v:17198$665'.
     1/1: $1\n3288_o[22:0]
Creating decoders for process `\rq_mult_parallel.$proc$peng_r3.v:17182$664'.
     1/1: $1\n3284_o[22:0]
Creating decoders for process `\rq_mult_parallel.$proc$peng_r3.v:17166$663'.
     1/1: $1\n3280_o[22:0]
Creating decoders for process `\rq_mult_parallel.$proc$peng_r3.v:17150$662'.
     1/1: $1\n3276_o[22:0]
Creating decoders for process `\rq_mult_parallel.$proc$peng_r3.v:17134$661'.
     1/1: $1\n3272_o[22:0]
Creating decoders for process `\rq_mult_parallel.$proc$peng_r3.v:17118$660'.
     1/1: $1\n3268_o[22:0]
Creating decoders for process `\rq_mult_parallel.$proc$peng_r3.v:17102$659'.
     1/1: $1\n3264_o[22:0]
Creating decoders for process `\rq_mult_parallel.$proc$peng_r3.v:17086$658'.
     1/1: $1\n3260_o[22:0]
Creating decoders for process `\rq_mult_parallel.$proc$peng_r3.v:17070$657'.
     1/1: $1\n3256_o[22:0]
Creating decoders for process `\rq_mult_parallel.$proc$peng_r3.v:17054$656'.
     1/1: $1\n3252_o[22:0]
Creating decoders for process `\rq_mult_parallel.$proc$peng_r3.v:17038$655'.
     1/1: $1\n3248_o[22:0]
Creating decoders for process `\rq_mult_parallel.$proc$peng_r3.v:17022$654'.
     1/1: $1\n3244_o[22:0]
Creating decoders for process `\rq_mult_parallel.$proc$peng_r3.v:17006$653'.
     1/1: $1\n3240_o[22:0]
Creating decoders for process `\rq_mult_parallel.$proc$peng_r3.v:16990$652'.
     1/1: $1\n3236_o[22:0]
Creating decoders for process `\rq_mult_parallel.$proc$peng_r3.v:16974$651'.
     1/1: $1\n3232_o[22:0]
Creating decoders for process `\rq_mult_parallel.$proc$peng_r3.v:16958$650'.
     1/1: $1\n3228_o[22:0]
Creating decoders for process `\rq_mult_parallel.$proc$peng_r3.v:16942$649'.
     1/1: $1\n3224_o[22:0]
Creating decoders for process `\rq_mult_parallel.$proc$peng_r3.v:16926$648'.
     1/1: $1\n3220_o[22:0]
Creating decoders for process `\rq_mult_parallel.$proc$peng_r3.v:16910$647'.
     1/1: $1\n3216_o[22:0]
Creating decoders for process `\rq_mult_parallel.$proc$peng_r3.v:16894$646'.
     1/1: $1\n3212_o[22:0]
Creating decoders for process `\rq_mult_parallel.$proc$peng_r3.v:16878$645'.
     1/1: $1\n3208_o[22:0]
Creating decoders for process `\rq_mult_parallel.$proc$peng_r3.v:16862$644'.
     1/1: $1\n3204_o[22:0]
Creating decoders for process `\rq_mult_parallel.$proc$peng_r3.v:16846$643'.
     1/1: $1\n3200_o[22:0]
Creating decoders for process `\rq_mult_parallel.$proc$peng_r3.v:16830$642'.
     1/1: $1\n3196_o[22:0]
Creating decoders for process `\rq_mult_parallel.$proc$peng_r3.v:16814$641'.
     1/1: $1\n3192_o[22:0]
Creating decoders for process `\rq_mult_parallel.$proc$peng_r3.v:16798$640'.
     1/1: $1\n3188_o[22:0]
Creating decoders for process `\rq_mult_parallel.$proc$peng_r3.v:16782$639'.
     1/1: $1\n3184_o[22:0]
Creating decoders for process `\rq_mult_parallel.$proc$peng_r3.v:16766$638'.
     1/1: $1\n3180_o[22:0]
Creating decoders for process `\rq_mult_parallel.$proc$peng_r3.v:16750$637'.
     1/1: $1\n3176_o[22:0]
Creating decoders for process `\rq_mult_parallel.$proc$peng_r3.v:16734$636'.
     1/1: $1\n3172_o[22:0]
Creating decoders for process `\rq_mult_parallel.$proc$peng_r3.v:16718$635'.
     1/1: $1\n3168_o[22:0]
Creating decoders for process `\rq_mult_parallel.$proc$peng_r3.v:16702$634'.
     1/1: $1\n3164_o[22:0]
Creating decoders for process `\rq_mult_parallel.$proc$peng_r3.v:16686$633'.
     1/1: $1\n3160_o[22:0]
Creating decoders for process `\rq_mult_parallel.$proc$peng_r3.v:16670$632'.
     1/1: $1\n3156_o[22:0]
Creating decoders for process `\rq_mult_parallel.$proc$peng_r3.v:16654$631'.
     1/1: $1\n3152_o[22:0]
Creating decoders for process `\rq_mult_parallel.$proc$peng_r3.v:16638$630'.
     1/1: $1\n3148_o[22:0]
Creating decoders for process `\rq_mult_parallel.$proc$peng_r3.v:16622$629'.
     1/1: $1\n3144_o[22:0]
Creating decoders for process `\rq_mult_parallel.$proc$peng_r3.v:16606$628'.
     1/1: $1\n3140_o[22:0]
Creating decoders for process `\rq_mult_parallel.$proc$peng_r3.v:16590$627'.
     1/1: $1\n3136_o[22:0]
Creating decoders for process `\rq_mult_parallel.$proc$peng_r3.v:16574$626'.
     1/1: $1\n3132_o[22:0]
Creating decoders for process `\rq_mult_parallel.$proc$peng_r3.v:16558$625'.
     1/1: $1\n3128_o[22:0]
Creating decoders for process `\rq_mult_parallel.$proc$peng_r3.v:16542$624'.
     1/1: $1\n3124_o[22:0]
Creating decoders for process `\rq_mult_parallel.$proc$peng_r3.v:16526$623'.
     1/1: $1\n3120_o[22:0]
Creating decoders for process `\rq_mult_parallel.$proc$peng_r3.v:16510$622'.
     1/1: $1\n3116_o[22:0]
Creating decoders for process `\rq_mult_parallel.$proc$peng_r3.v:16494$621'.
     1/1: $1\n3112_o[22:0]
Creating decoders for process `\rq_mult_parallel.$proc$peng_r3.v:16478$620'.
     1/1: $1\n3108_o[22:0]
Creating decoders for process `\rq_mult_parallel.$proc$peng_r3.v:16462$619'.
     1/1: $1\n3104_o[22:0]
Creating decoders for process `\rq_mult_parallel.$proc$peng_r3.v:16446$618'.
     1/1: $1\n3100_o[22:0]
Creating decoders for process `\rq_mult_parallel.$proc$peng_r3.v:16430$617'.
     1/1: $1\n3096_o[22:0]
Creating decoders for process `\rq_mult_parallel.$proc$peng_r3.v:16414$616'.
     1/1: $1\n3092_o[22:0]
Creating decoders for process `\rq_mult_parallel.$proc$peng_r3.v:16398$615'.
     1/1: $1\n3088_o[22:0]
Creating decoders for process `\rq_mult_parallel.$proc$peng_r3.v:16382$614'.
     1/1: $1\n3084_o[22:0]
Creating decoders for process `\rq_mult_parallel.$proc$peng_r3.v:16366$613'.
     1/1: $1\n3080_o[22:0]
Creating decoders for process `\rq_mult_parallel.$proc$peng_r3.v:16350$612'.
     1/1: $1\n3076_o[22:0]
Creating decoders for process `\rq_mult_parallel.$proc$peng_r3.v:16334$611'.
     1/1: $1\n3072_o[22:0]
Creating decoders for process `\rq_mult_parallel.$proc$peng_r3.v:16318$610'.
     1/1: $1\n3068_o[22:0]
Creating decoders for process `\rq_mult_parallel.$proc$peng_r3.v:16302$609'.
     1/1: $1\n3064_o[22:0]
Creating decoders for process `\rq_mult_parallel.$proc$peng_r3.v:16286$608'.
     1/1: $1\n3060_o[22:0]
Creating decoders for process `\rq_mult_parallel.$proc$peng_r3.v:16270$607'.
     1/1: $1\n3056_o[22:0]
Creating decoders for process `\rq_mult_parallel.$proc$peng_r3.v:16254$606'.
     1/1: $1\n3052_o[22:0]
Creating decoders for process `\rq_mult_parallel.$proc$peng_r3.v:16238$605'.
     1/1: $1\n3048_o[22:0]
Creating decoders for process `\rq_mult_parallel.$proc$peng_r3.v:16222$604'.
     1/1: $1\n3044_o[22:0]
Creating decoders for process `\rq_mult_parallel.$proc$peng_r3.v:16206$603'.
     1/1: $1\n3040_o[22:0]
Creating decoders for process `\rq_mult_parallel.$proc$peng_r3.v:16190$602'.
     1/1: $1\n3036_o[22:0]
Creating decoders for process `\rq_mult_parallel.$proc$peng_r3.v:16174$601'.
     1/1: $1\n3032_o[22:0]
Creating decoders for process `\rq_mult_parallel.$proc$peng_r3.v:16158$600'.
     1/1: $1\n3028_o[22:0]
Creating decoders for process `\rq_mult_parallel.$proc$peng_r3.v:16142$599'.
     1/1: $1\n3024_o[22:0]
Creating decoders for process `\rq_mult_parallel.$proc$peng_r3.v:16126$598'.
     1/1: $1\n3020_o[22:0]
Creating decoders for process `\rq_mult_parallel.$proc$peng_r3.v:16110$597'.
     1/1: $1\n3016_o[22:0]
Creating decoders for process `\rq_mult_parallel.$proc$peng_r3.v:16094$596'.
     1/1: $1\n3012_o[22:0]
Creating decoders for process `\rq_mult_parallel.$proc$peng_r3.v:16078$595'.
     1/1: $1\n3008_o[22:0]
Creating decoders for process `\rq_mult_parallel.$proc$peng_r3.v:16062$594'.
     1/1: $1\n3004_o[22:0]
Creating decoders for process `\rq_mult_parallel.$proc$peng_r3.v:16046$593'.
     1/1: $1\n3000_o[22:0]
Creating decoders for process `\rq_mult_parallel.$proc$peng_r3.v:16030$592'.
     1/1: $1\n2996_o[22:0]
Creating decoders for process `\rq_mult_parallel.$proc$peng_r3.v:16014$591'.
     1/1: $1\n2992_o[22:0]
Creating decoders for process `\rq_mult_parallel.$proc$peng_r3.v:15998$590'.
     1/1: $1\n2988_o[22:0]
Creating decoders for process `\rq_mult_parallel.$proc$peng_r3.v:15982$589'.
     1/1: $1\n2984_o[22:0]
Creating decoders for process `\rq_mult_parallel.$proc$peng_r3.v:15966$588'.
     1/1: $1\n2980_o[22:0]
Creating decoders for process `\rq_mult_parallel.$proc$peng_r3.v:15950$587'.
     1/1: $1\n2976_o[22:0]
Creating decoders for process `\rq_mult_parallel.$proc$peng_r3.v:15934$586'.
     1/1: $1\n2972_o[22:0]
Creating decoders for process `\rq_mult_parallel.$proc$peng_r3.v:15918$585'.
     1/1: $1\n2968_o[22:0]
Creating decoders for process `\rq_mult_parallel.$proc$peng_r3.v:15902$584'.
     1/1: $1\n2964_o[22:0]
Creating decoders for process `\rq_mult_parallel.$proc$peng_r3.v:15886$583'.
     1/1: $1\n2960_o[22:0]
Creating decoders for process `\rq_mult_parallel.$proc$peng_r3.v:15870$582'.
     1/1: $1\n2956_o[22:0]
Creating decoders for process `\rq_mult_parallel.$proc$peng_r3.v:15854$581'.
     1/1: $1\n2952_o[22:0]
Creating decoders for process `\rq_mult_parallel.$proc$peng_r3.v:15838$580'.
     1/1: $1\n2948_o[22:0]
Creating decoders for process `\rq_mult_parallel.$proc$peng_r3.v:15822$579'.
     1/1: $1\n2944_o[22:0]
Creating decoders for process `\rq_mult_parallel.$proc$peng_r3.v:15806$578'.
     1/1: $1\n2940_o[22:0]
Creating decoders for process `\rq_mult_parallel.$proc$peng_r3.v:15790$577'.
     1/1: $1\n2936_o[22:0]
Creating decoders for process `\rq_mult_parallel.$proc$peng_r3.v:15774$576'.
     1/1: $1\n2932_o[22:0]
Creating decoders for process `\rq_mult_parallel.$proc$peng_r3.v:15758$575'.
     1/1: $1\n2928_o[22:0]
Creating decoders for process `\rq_mult_parallel.$proc$peng_r3.v:15742$574'.
     1/1: $1\n2924_o[22:0]
Creating decoders for process `\rq_mult_parallel.$proc$peng_r3.v:15726$573'.
     1/1: $1\n2920_o[22:0]
Creating decoders for process `\rq_mult_parallel.$proc$peng_r3.v:15710$572'.
     1/1: $1\n2916_o[22:0]
Creating decoders for process `\rq_mult_parallel.$proc$peng_r3.v:15694$571'.
     1/1: $1\n2912_o[22:0]
Creating decoders for process `\rq_mult_parallel.$proc$peng_r3.v:15678$570'.
     1/1: $1\n2908_o[22:0]
Creating decoders for process `\rq_mult_parallel.$proc$peng_r3.v:15662$569'.
     1/1: $1\n2904_o[22:0]
Creating decoders for process `\rq_mult_parallel.$proc$peng_r3.v:15646$568'.
     1/1: $1\n2900_o[22:0]
Creating decoders for process `\rq_mult_parallel.$proc$peng_r3.v:15630$567'.
     1/1: $1\n2896_o[22:0]
Creating decoders for process `\rq_mult_parallel.$proc$peng_r3.v:15614$566'.
     1/1: $1\n2892_o[22:0]
Creating decoders for process `\rq_mult_parallel.$proc$peng_r3.v:15598$565'.
     1/1: $1\n2888_o[22:0]
Creating decoders for process `\rq_mult_parallel.$proc$peng_r3.v:15582$564'.
     1/1: $1\n2884_o[22:0]
Creating decoders for process `\rq_mult_parallel.$proc$peng_r3.v:15566$563'.
     1/1: $1\n2880_o[22:0]
Creating decoders for process `\rq_mult_parallel.$proc$peng_r3.v:15550$562'.
     1/1: $1\n2876_o[22:0]
Creating decoders for process `\rq_mult_parallel.$proc$peng_r3.v:15534$561'.
     1/1: $1\n2872_o[22:0]
Creating decoders for process `\rq_mult_parallel.$proc$peng_r3.v:15518$560'.
     1/1: $1\n2868_o[22:0]
Creating decoders for process `\rq_mult_parallel.$proc$peng_r3.v:15502$559'.
     1/1: $1\n2864_o[22:0]
Creating decoders for process `\rq_mult_parallel.$proc$peng_r3.v:15486$558'.
     1/1: $1\n2860_o[22:0]
Creating decoders for process `\rq_mult_parallel.$proc$peng_r3.v:15470$557'.
     1/1: $1\n2856_o[22:0]
Creating decoders for process `\rq_mult_parallel.$proc$peng_r3.v:15454$556'.
     1/1: $1\n2852_o[22:0]
Creating decoders for process `\rq_mult_parallel.$proc$peng_r3.v:15438$555'.
     1/1: $1\n2848_o[22:0]
Creating decoders for process `\rq_mult_parallel.$proc$peng_r3.v:15422$554'.
     1/1: $1\n2844_o[22:0]
Creating decoders for process `\rq_mult_parallel.$proc$peng_r3.v:15406$553'.
     1/1: $1\n2840_o[22:0]
Creating decoders for process `\rq_mult_parallel.$proc$peng_r3.v:15390$552'.
     1/1: $1\n2836_o[22:0]
Creating decoders for process `\rq_mult_parallel.$proc$peng_r3.v:15374$551'.
     1/1: $1\n2832_o[22:0]
Creating decoders for process `\rq_mult_parallel.$proc$peng_r3.v:15358$550'.
     1/1: $1\n2828_o[22:0]
Creating decoders for process `\rq_mult_parallel.$proc$peng_r3.v:15342$549'.
     1/1: $1\n2824_o[22:0]
Creating decoders for process `\rq_mult_parallel.$proc$peng_r3.v:15326$548'.
     1/1: $1\n2820_o[22:0]
Creating decoders for process `\rq_mult_parallel.$proc$peng_r3.v:15310$547'.
     1/1: $1\n2816_o[22:0]
Creating decoders for process `\rq_mult_parallel.$proc$peng_r3.v:15294$546'.
     1/1: $1\n2812_o[22:0]
Creating decoders for process `\rq_mult_parallel.$proc$peng_r3.v:15278$545'.
     1/1: $1\n2808_o[22:0]
Creating decoders for process `\rq_mult_parallel.$proc$peng_r3.v:15262$544'.
     1/1: $1\n2804_o[22:0]
Creating decoders for process `\rq_mult_parallel.$proc$peng_r3.v:15246$543'.
     1/1: $1\n2800_o[22:0]
Creating decoders for process `\rq_mult_parallel.$proc$peng_r3.v:15230$542'.
     1/1: $1\n2796_o[22:0]
Creating decoders for process `\rq_mult_parallel.$proc$peng_r3.v:15214$541'.
     1/1: $1\n2792_o[22:0]
Creating decoders for process `\rq_mult_parallel.$proc$peng_r3.v:15198$540'.
     1/1: $1\n2788_o[22:0]
Creating decoders for process `\rq_mult_parallel.$proc$peng_r3.v:15182$539'.
     1/1: $1\n2784_o[22:0]
Creating decoders for process `\rq_mult_parallel.$proc$peng_r3.v:15166$538'.
     1/1: $1\n2780_o[22:0]
Creating decoders for process `\rq_mult_parallel.$proc$peng_r3.v:15150$537'.
     1/1: $1\n2776_o[22:0]
Creating decoders for process `\rq_mult_parallel.$proc$peng_r3.v:15134$536'.
     1/1: $1\n2772_o[22:0]
Creating decoders for process `\rq_mult_parallel.$proc$peng_r3.v:15118$535'.
     1/1: $1\n2768_o[22:0]
Creating decoders for process `\rq_mult_parallel.$proc$peng_r3.v:15102$534'.
     1/1: $1\n2764_o[22:0]
Creating decoders for process `\rq_mult_parallel.$proc$peng_r3.v:15086$533'.
     1/1: $1\n2760_o[22:0]
Creating decoders for process `\rq_mult_parallel.$proc$peng_r3.v:15070$532'.
     1/1: $1\n2756_o[22:0]
Creating decoders for process `\rq_mult_parallel.$proc$peng_r3.v:15054$531'.
     1/1: $1\n2752_o[22:0]
Creating decoders for process `\rq_mult_parallel.$proc$peng_r3.v:15038$530'.
     1/1: $1\n2748_o[22:0]
Creating decoders for process `\rq_mult_parallel.$proc$peng_r3.v:15022$529'.
     1/1: $1\n2744_o[22:0]
Creating decoders for process `\rq_mult_parallel.$proc$peng_r3.v:15006$528'.
     1/1: $1\n2740_o[22:0]
Creating decoders for process `\rq_mult_parallel.$proc$peng_r3.v:14990$527'.
     1/1: $1\n2736_o[22:0]
Creating decoders for process `\rq_mult_parallel.$proc$peng_r3.v:14974$526'.
     1/1: $1\n2732_o[22:0]
Creating decoders for process `\rq_mult_parallel.$proc$peng_r3.v:14958$525'.
     1/1: $1\n2728_o[22:0]
Creating decoders for process `\rq_mult_parallel.$proc$peng_r3.v:14942$524'.
     1/1: $1\n2724_o[22:0]
Creating decoders for process `\rq_mult_parallel.$proc$peng_r3.v:14926$523'.
     1/1: $1\n2720_o[22:0]
Creating decoders for process `\rq_mult_parallel.$proc$peng_r3.v:14910$522'.
     1/1: $1\n2716_o[22:0]
Creating decoders for process `\rq_mult_parallel.$proc$peng_r3.v:14894$521'.
     1/1: $1\n2712_o[22:0]
Creating decoders for process `\rq_mult_parallel.$proc$peng_r3.v:14878$520'.
     1/1: $1\n2708_o[22:0]
Creating decoders for process `\rq_mult_parallel.$proc$peng_r3.v:14862$519'.
     1/1: $1\n2704_o[22:0]
Creating decoders for process `\rq_mult_parallel.$proc$peng_r3.v:14846$518'.
     1/1: $1\n2700_o[22:0]
Creating decoders for process `\rq_mult_parallel.$proc$peng_r3.v:14830$517'.
     1/1: $1\n2696_o[22:0]
Creating decoders for process `\rq_mult_parallel.$proc$peng_r3.v:14814$516'.
     1/1: $1\n2692_o[22:0]
Creating decoders for process `\rq_mult_parallel.$proc$peng_r3.v:14798$515'.
     1/1: $1\n2688_o[22:0]
Creating decoders for process `\rq_mult_parallel.$proc$peng_r3.v:14782$514'.
     1/1: $1\n2684_o[22:0]
Creating decoders for process `\rq_mult_parallel.$proc$peng_r3.v:14766$513'.
     1/1: $1\n2680_o[22:0]
Creating decoders for process `\rq_mult_parallel.$proc$peng_r3.v:14750$512'.
     1/1: $1\n2676_o[22:0]
Creating decoders for process `\rq_mult_parallel.$proc$peng_r3.v:14734$511'.
     1/1: $1\n2672_o[22:0]
Creating decoders for process `\rq_mult_parallel.$proc$peng_r3.v:14718$510'.
     1/1: $1\n2668_o[22:0]
Creating decoders for process `\rq_mult_parallel.$proc$peng_r3.v:14702$509'.
     1/1: $1\n2664_o[22:0]
Creating decoders for process `\rq_mult_parallel.$proc$peng_r3.v:14686$508'.
     1/1: $1\n2660_o[22:0]
Creating decoders for process `\rq_mult_parallel.$proc$peng_r3.v:14670$507'.
     1/1: $1\n2656_o[22:0]
Creating decoders for process `\rq_mult_parallel.$proc$peng_r3.v:14654$506'.
     1/1: $1\n2652_o[22:0]
Creating decoders for process `\rq_mult_parallel.$proc$peng_r3.v:14638$505'.
     1/1: $1\n2648_o[22:0]
Creating decoders for process `\rq_mult_parallel.$proc$peng_r3.v:14622$504'.
     1/1: $1\n2644_o[22:0]
Creating decoders for process `\rq_mult_parallel.$proc$peng_r3.v:14606$503'.
     1/1: $1\n2640_o[22:0]
Creating decoders for process `\rq_mult_parallel.$proc$peng_r3.v:14590$502'.
     1/1: $1\n2636_o[22:0]
Creating decoders for process `\rq_mult_parallel.$proc$peng_r3.v:14574$501'.
     1/1: $1\n2632_o[22:0]
Creating decoders for process `\rq_mult_parallel.$proc$peng_r3.v:14558$500'.
     1/1: $1\n2628_o[22:0]
Creating decoders for process `\rq_mult_parallel.$proc$peng_r3.v:14542$499'.
     1/1: $1\n2624_o[22:0]
Creating decoders for process `\rq_mult_parallel.$proc$peng_r3.v:14526$498'.
     1/1: $1\n2620_o[22:0]
Creating decoders for process `\rq_mult_parallel.$proc$peng_r3.v:14510$497'.
     1/1: $1\n2616_o[22:0]
Creating decoders for process `\rq_mult_parallel.$proc$peng_r3.v:14494$496'.
     1/1: $1\n2612_o[22:0]
Creating decoders for process `\rq_mult_parallel.$proc$peng_r3.v:14478$495'.
     1/1: $1\n2608_o[22:0]
Creating decoders for process `\rq_mult_parallel.$proc$peng_r3.v:14462$494'.
     1/1: $1\n2604_o[22:0]
Creating decoders for process `\rq_mult_parallel.$proc$peng_r3.v:14446$493'.
     1/1: $1\n2600_o[22:0]
Creating decoders for process `\rq_mult_parallel.$proc$peng_r3.v:14430$492'.
     1/1: $1\n2596_o[22:0]
Creating decoders for process `\rq_mult_parallel.$proc$peng_r3.v:14414$491'.
     1/1: $1\n2592_o[22:0]
Creating decoders for process `\rq_mult_parallel.$proc$peng_r3.v:14398$490'.
     1/1: $1\n2588_o[22:0]
Creating decoders for process `\rq_mult_parallel.$proc$peng_r3.v:14382$489'.
     1/1: $1\n2584_o[22:0]
Creating decoders for process `\rq_mult_parallel.$proc$peng_r3.v:14366$488'.
     1/1: $1\n2580_o[22:0]
Creating decoders for process `\rq_mult_parallel.$proc$peng_r3.v:14350$487'.
     1/1: $1\n2576_o[22:0]
Creating decoders for process `\rq_mult_parallel.$proc$peng_r3.v:14334$486'.
     1/1: $1\n2572_o[22:0]
Creating decoders for process `\rq_mult_parallel.$proc$peng_r3.v:14318$485'.
     1/1: $1\n2568_o[22:0]
Creating decoders for process `\rq_mult_parallel.$proc$peng_r3.v:14302$484'.
     1/1: $1\n2564_o[22:0]
Creating decoders for process `\rq_mult_parallel.$proc$peng_r3.v:14286$483'.
     1/1: $1\n2560_o[22:0]
Creating decoders for process `\rq_mult_parallel.$proc$peng_r3.v:14270$482'.
     1/1: $1\n2556_o[22:0]
Creating decoders for process `\rq_mult_parallel.$proc$peng_r3.v:14254$481'.
     1/1: $1\n2552_o[22:0]
Creating decoders for process `\rq_mult_parallel.$proc$peng_r3.v:14238$480'.
     1/1: $1\n2548_o[22:0]
Creating decoders for process `\rq_mult_parallel.$proc$peng_r3.v:14222$479'.
     1/1: $1\n2544_o[22:0]
Creating decoders for process `\rq_mult_parallel.$proc$peng_r3.v:14206$478'.
     1/1: $1\n2540_o[22:0]
Creating decoders for process `\rq_mult_parallel.$proc$peng_r3.v:14190$477'.
     1/1: $1\n2536_o[22:0]
Creating decoders for process `\rq_mult_parallel.$proc$peng_r3.v:14174$476'.
     1/1: $1\n2532_o[22:0]
Creating decoders for process `\rq_mult_parallel.$proc$peng_r3.v:14158$475'.
     1/1: $1\n2528_o[22:0]
Creating decoders for process `\rq_mult_parallel.$proc$peng_r3.v:14142$474'.
     1/1: $1\n2524_o[22:0]
Creating decoders for process `\rq_mult_parallel.$proc$peng_r3.v:14126$473'.
     1/1: $1\n2520_o[22:0]
Creating decoders for process `\rq_mult_parallel.$proc$peng_r3.v:14110$472'.
     1/1: $1\n2516_o[22:0]
Creating decoders for process `\rq_mult_parallel.$proc$peng_r3.v:14094$471'.
     1/1: $1\n2512_o[22:0]
Creating decoders for process `\rq_mult_parallel.$proc$peng_r3.v:14078$470'.
     1/1: $1\n2508_o[22:0]
Creating decoders for process `\rq_mult_parallel.$proc$peng_r3.v:14062$469'.
     1/1: $1\n2504_o[22:0]
Creating decoders for process `\rq_mult_parallel.$proc$peng_r3.v:14046$468'.
     1/1: $1\n2500_o[22:0]
Creating decoders for process `\rq_mult_parallel.$proc$peng_r3.v:14030$467'.
     1/1: $1\n2496_o[22:0]
Creating decoders for process `\rq_mult_parallel.$proc$peng_r3.v:14014$466'.
     1/1: $1\n2492_o[22:0]
Creating decoders for process `\rq_mult_parallel.$proc$peng_r3.v:13998$465'.
     1/1: $1\n2488_o[22:0]
Creating decoders for process `\rq_mult_parallel.$proc$peng_r3.v:13982$464'.
     1/1: $1\n2484_o[22:0]
Creating decoders for process `\rq_mult_parallel.$proc$peng_r3.v:13966$463'.
     1/1: $1\n2480_o[22:0]
Creating decoders for process `\rq_mult_parallel.$proc$peng_r3.v:13950$462'.
     1/1: $1\n2476_o[22:0]
Creating decoders for process `\rq_mult_parallel.$proc$peng_r3.v:13934$461'.
     1/1: $1\n2472_o[22:0]
Creating decoders for process `\rq_mult_parallel.$proc$peng_r3.v:13918$460'.
     1/1: $1\n2468_o[22:0]
Creating decoders for process `\rq_mult_parallel.$proc$peng_r3.v:13902$459'.
     1/1: $1\n2464_o[22:0]
Creating decoders for process `\rq_mult_parallel.$proc$peng_r3.v:13886$458'.
     1/1: $1\n2460_o[22:0]
Creating decoders for process `\rq_mult_parallel.$proc$peng_r3.v:13870$457'.
     1/1: $1\n2456_o[22:0]
Creating decoders for process `\rq_mult_parallel.$proc$peng_r3.v:13854$456'.
     1/1: $1\n2452_o[22:0]
Creating decoders for process `\rq_mult_parallel.$proc$peng_r3.v:13838$455'.
     1/1: $1\n2448_o[22:0]
Creating decoders for process `\rq_mult_parallel.$proc$peng_r3.v:13822$454'.
     1/1: $1\n2444_o[22:0]
Creating decoders for process `\rq_mult_parallel.$proc$peng_r3.v:13806$453'.
     1/1: $1\n2440_o[22:0]
Creating decoders for process `\rq_mult_parallel.$proc$peng_r3.v:13790$452'.
     1/1: $1\n2436_o[22:0]
Creating decoders for process `\rq_mult_parallel.$proc$peng_r3.v:13774$451'.
     1/1: $1\n2432_o[22:0]
Creating decoders for process `\rq_mult_parallel.$proc$peng_r3.v:13758$450'.
     1/1: $1\n2428_o[22:0]
Creating decoders for process `\rq_mult_parallel.$proc$peng_r3.v:13742$449'.
     1/1: $1\n2424_o[22:0]
Creating decoders for process `\rq_mult_parallel.$proc$peng_r3.v:13726$448'.
     1/1: $1\n2420_o[22:0]
Creating decoders for process `\rq_mult_parallel.$proc$peng_r3.v:13710$447'.
     1/1: $1\n2416_o[22:0]
Creating decoders for process `\rq_mult_parallel.$proc$peng_r3.v:13694$446'.
     1/1: $1\n2412_o[22:0]
Creating decoders for process `\rq_mult_parallel.$proc$peng_r3.v:13678$445'.
     1/1: $1\n2408_o[22:0]
Creating decoders for process `\rq_mult_parallel.$proc$peng_r3.v:13662$444'.
     1/1: $1\n2404_o[22:0]
Creating decoders for process `\rq_mult_parallel.$proc$peng_r3.v:13646$443'.
     1/1: $1\n2400_o[22:0]
Creating decoders for process `\rq_mult_parallel.$proc$peng_r3.v:13630$442'.
     1/1: $1\n2396_o[22:0]
Creating decoders for process `\rq_mult_parallel.$proc$peng_r3.v:13614$441'.
     1/1: $1\n2392_o[22:0]
Creating decoders for process `\rq_mult_parallel.$proc$peng_r3.v:13598$440'.
     1/1: $1\n2388_o[22:0]
Creating decoders for process `\rq_mult_parallel.$proc$peng_r3.v:13582$439'.
     1/1: $1\n2384_o[22:0]
Creating decoders for process `\rq_mult_parallel.$proc$peng_r3.v:13566$438'.
     1/1: $1\n2380_o[22:0]
Creating decoders for process `\rq_mult_parallel.$proc$peng_r3.v:13550$437'.
     1/1: $1\n2376_o[22:0]
Creating decoders for process `\rq_mult_parallel.$proc$peng_r3.v:13534$436'.
     1/1: $1\n2372_o[22:0]
Creating decoders for process `\rq_mult_parallel.$proc$peng_r3.v:13518$435'.
     1/1: $1\n2368_o[22:0]
Creating decoders for process `\rq_mult_parallel.$proc$peng_r3.v:13502$434'.
     1/1: $1\n2364_o[22:0]
Creating decoders for process `\rq_mult_parallel.$proc$peng_r3.v:13486$433'.
     1/1: $1\n2360_o[22:0]
Creating decoders for process `\rq_mult_parallel.$proc$peng_r3.v:13470$432'.
     1/1: $1\n2356_o[22:0]
Creating decoders for process `\rq_mult_parallel.$proc$peng_r3.v:13454$431'.
     1/1: $1\n2352_o[22:0]
Creating decoders for process `\rq_mult_parallel.$proc$peng_r3.v:13438$430'.
     1/1: $1\n2348_o[22:0]
Creating decoders for process `\rq_mult_parallel.$proc$peng_r3.v:13422$429'.
     1/1: $1\n2344_o[22:0]
Creating decoders for process `\rq_mult_parallel.$proc$peng_r3.v:13406$428'.
     1/1: $1\n2340_o[22:0]
Creating decoders for process `\rq_mult_parallel.$proc$peng_r3.v:13390$427'.
     1/1: $1\n2336_o[22:0]
Creating decoders for process `\rq_mult_parallel.$proc$peng_r3.v:13374$426'.
     1/1: $1\n2332_o[22:0]
Creating decoders for process `\rq_mult_parallel.$proc$peng_r3.v:13358$425'.
     1/1: $1\n2328_o[22:0]
Creating decoders for process `\rq_mult_parallel.$proc$peng_r3.v:13342$424'.
     1/1: $1\n2324_o[22:0]
Creating decoders for process `\rq_mult_parallel.$proc$peng_r3.v:13326$423'.
     1/1: $1\n2320_o[22:0]
Creating decoders for process `\rq_mult_parallel.$proc$peng_r3.v:13310$422'.
     1/1: $1\n2316_o[22:0]
Creating decoders for process `\rq_mult_parallel.$proc$peng_r3.v:13294$421'.
     1/1: $1\n2312_o[22:0]
Creating decoders for process `\rq_mult_parallel.$proc$peng_r3.v:13278$420'.
     1/1: $1\n2308_o[22:0]
Creating decoders for process `\rq_mult_parallel.$proc$peng_r3.v:13262$419'.
     1/1: $1\n2304_o[22:0]
Creating decoders for process `\rq_mult_parallel.$proc$peng_r3.v:13246$418'.
     1/1: $1\n2300_o[22:0]
Creating decoders for process `\rq_mult_parallel.$proc$peng_r3.v:13230$417'.
     1/1: $1\n2296_o[22:0]
Creating decoders for process `\rq_mult_parallel.$proc$peng_r3.v:13214$416'.
     1/1: $1\n2292_o[22:0]
Creating decoders for process `\rq_mult_parallel.$proc$peng_r3.v:13198$415'.
     1/1: $1\n2288_o[22:0]
Creating decoders for process `\rq_mult_parallel.$proc$peng_r3.v:13182$414'.
     1/1: $1\n2284_o[22:0]
Creating decoders for process `\rq_mult_parallel.$proc$peng_r3.v:13166$413'.
     1/1: $1\n2280_o[22:0]
Creating decoders for process `\rq_mult_parallel.$proc$peng_r3.v:13150$412'.
     1/1: $1\n2276_o[22:0]
Creating decoders for process `\rq_mult_parallel.$proc$peng_r3.v:13134$411'.
     1/1: $1\n2272_o[22:0]
Creating decoders for process `\rq_mult_parallel.$proc$peng_r3.v:13118$410'.
     1/1: $1\n2268_o[22:0]
Creating decoders for process `\rq_mult_parallel.$proc$peng_r3.v:13102$409'.
     1/1: $1\n2264_o[22:0]
Creating decoders for process `\rq_mult_parallel.$proc$peng_r3.v:13086$408'.
     1/1: $1\n2260_o[22:0]
Creating decoders for process `\rq_mult_parallel.$proc$peng_r3.v:13070$407'.
     1/1: $1\n2256_o[22:0]
Creating decoders for process `\rq_mult_parallel.$proc$peng_r3.v:13054$406'.
     1/1: $1\n2252_o[22:0]
Creating decoders for process `\rq_mult_parallel.$proc$peng_r3.v:13038$405'.
     1/1: $1\n2248_o[22:0]
Creating decoders for process `\rq_mult_parallel.$proc$peng_r3.v:13022$404'.
     1/1: $1\n2244_o[22:0]
Creating decoders for process `\rq_mult_parallel.$proc$peng_r3.v:13006$403'.
     1/1: $1\n2240_o[22:0]
Creating decoders for process `\rq_mult_parallel.$proc$peng_r3.v:12990$402'.
     1/1: $1\n2236_o[22:0]
Creating decoders for process `\rq_mult_parallel.$proc$peng_r3.v:12974$401'.
     1/1: $1\n2232_o[22:0]
Creating decoders for process `\rq_mult_parallel.$proc$peng_r3.v:12958$400'.
     1/1: $1\n2228_o[22:0]
Creating decoders for process `\rq_mult_parallel.$proc$peng_r3.v:12942$399'.
     1/1: $1\n2224_o[22:0]
Creating decoders for process `\rq_mult_parallel.$proc$peng_r3.v:12926$398'.
     1/1: $1\n2220_o[22:0]
Creating decoders for process `\rq_mult_parallel.$proc$peng_r3.v:12910$397'.
     1/1: $1\n2216_o[22:0]
Creating decoders for process `\rq_mult_parallel.$proc$peng_r3.v:12894$396'.
     1/1: $1\n2212_o[22:0]
Creating decoders for process `\rq_mult_parallel.$proc$peng_r3.v:12878$395'.
     1/1: $1\n2208_o[22:0]
Creating decoders for process `\rq_mult_parallel.$proc$peng_r3.v:12862$394'.
     1/1: $1\n2204_o[22:0]
Creating decoders for process `\rq_mult_parallel.$proc$peng_r3.v:12846$393'.
     1/1: $1\n2200_o[22:0]
Creating decoders for process `\rq_mult_parallel.$proc$peng_r3.v:12830$392'.
     1/1: $1\n2196_o[22:0]
Creating decoders for process `\rq_mult_parallel.$proc$peng_r3.v:12814$391'.
     1/1: $1\n2192_o[22:0]
Creating decoders for process `\rq_mult_parallel.$proc$peng_r3.v:12798$390'.
     1/1: $1\n2188_o[22:0]
Creating decoders for process `\rq_mult_parallel.$proc$peng_r3.v:12782$389'.
     1/1: $1\n2184_o[22:0]
Creating decoders for process `\rq_mult_parallel.$proc$peng_r3.v:12766$388'.
     1/1: $1\n2180_o[22:0]
Creating decoders for process `\rq_mult_parallel.$proc$peng_r3.v:12750$387'.
     1/1: $1\n2176_o[22:0]
Creating decoders for process `\rq_mult_parallel.$proc$peng_r3.v:12734$386'.
     1/1: $1\n2172_o[22:0]
Creating decoders for process `\rq_mult_parallel.$proc$peng_r3.v:12718$385'.
     1/1: $1\n2168_o[22:0]
Creating decoders for process `\rq_mult_parallel.$proc$peng_r3.v:12702$384'.
     1/1: $1\n2164_o[22:0]
Creating decoders for process `\rq_mult_parallel.$proc$peng_r3.v:12686$383'.
     1/1: $1\n2160_o[22:0]
Creating decoders for process `\rq_mult_parallel.$proc$peng_r3.v:12670$382'.
     1/1: $1\n2156_o[22:0]
Creating decoders for process `\rq_mult_parallel.$proc$peng_r3.v:12654$381'.
     1/1: $1\n2152_o[22:0]
Creating decoders for process `\rq_mult_parallel.$proc$peng_r3.v:12638$380'.
     1/1: $1\n2148_o[22:0]
Creating decoders for process `\rq_mult_parallel.$proc$peng_r3.v:12622$379'.
     1/1: $1\n2144_o[22:0]
Creating decoders for process `\rq_mult_parallel.$proc$peng_r3.v:12606$378'.
     1/1: $1\n2140_o[22:0]
Creating decoders for process `\rq_mult_parallel.$proc$peng_r3.v:12590$377'.
     1/1: $1\n2136_o[22:0]
Creating decoders for process `\rq_mult_parallel.$proc$peng_r3.v:12574$376'.
     1/1: $1\n2132_o[22:0]
Creating decoders for process `\rq_mult_parallel.$proc$peng_r3.v:12558$375'.
     1/1: $1\n2128_o[22:0]
Creating decoders for process `\rq_mult_parallel.$proc$peng_r3.v:12542$374'.
     1/1: $1\n2124_o[22:0]
Creating decoders for process `\rq_mult_parallel.$proc$peng_r3.v:12526$373'.
     1/1: $1\n2120_o[22:0]
Creating decoders for process `\rq_mult_parallel.$proc$peng_r3.v:12510$372'.
     1/1: $1\n2116_o[22:0]
Creating decoders for process `\rq_mult_parallel.$proc$peng_r3.v:12494$371'.
     1/1: $1\n2112_o[22:0]
Creating decoders for process `\rq_mult_parallel.$proc$peng_r3.v:12478$370'.
     1/1: $1\n2108_o[22:0]
Creating decoders for process `\rq_mult_parallel.$proc$peng_r3.v:12462$369'.
     1/1: $1\n2104_o[22:0]
Creating decoders for process `\rq_mult_parallel.$proc$peng_r3.v:12446$368'.
     1/1: $1\n2100_o[22:0]
Creating decoders for process `\rq_mult_parallel.$proc$peng_r3.v:12430$367'.
     1/1: $1\n2096_o[22:0]
Creating decoders for process `\rq_mult_parallel.$proc$peng_r3.v:12414$366'.
     1/1: $1\n2092_o[22:0]
Creating decoders for process `\rq_mult_parallel.$proc$peng_r3.v:12398$365'.
     1/1: $1\n2088_o[22:0]
Creating decoders for process `\rq_mult_parallel.$proc$peng_r3.v:12382$364'.
     1/1: $1\n2084_o[22:0]
Creating decoders for process `\rq_mult_parallel.$proc$peng_r3.v:12366$363'.
     1/1: $1\n2080_o[22:0]
Creating decoders for process `\rq_mult_parallel.$proc$peng_r3.v:12350$362'.
     1/1: $1\n2076_o[22:0]
Creating decoders for process `\rq_mult_parallel.$proc$peng_r3.v:12334$361'.
     1/1: $1\n2072_o[22:0]
Creating decoders for process `\rq_mult_parallel.$proc$peng_r3.v:12318$360'.
     1/1: $1\n2068_o[22:0]
Creating decoders for process `\rq_mult_parallel.$proc$peng_r3.v:12302$359'.
     1/1: $1\n2064_o[22:0]
Creating decoders for process `\rq_mult_parallel.$proc$peng_r3.v:12286$358'.
     1/1: $1\n2060_o[22:0]
Creating decoders for process `\rq_mult_parallel.$proc$peng_r3.v:12270$357'.
     1/1: $1\n2056_o[22:0]
Creating decoders for process `\rq_mult_parallel.$proc$peng_r3.v:12254$356'.
     1/1: $1\n2052_o[22:0]
Creating decoders for process `\rq_mult_parallel.$proc$peng_r3.v:12238$355'.
     1/1: $1\n2048_o[22:0]
Creating decoders for process `\rq_mult_parallel.$proc$peng_r3.v:12222$354'.
     1/1: $1\n2044_o[22:0]
Creating decoders for process `\rq_mult_parallel.$proc$peng_r3.v:12206$353'.
     1/1: $1\n2040_o[22:0]
Creating decoders for process `\rq_mult_parallel.$proc$peng_r3.v:12190$352'.
     1/1: $1\n2036_o[22:0]
Creating decoders for process `\rq_mult_parallel.$proc$peng_r3.v:12174$351'.
     1/1: $1\n2032_o[22:0]
Creating decoders for process `\rq_mult_parallel.$proc$peng_r3.v:12158$350'.
     1/1: $1\n2028_o[22:0]
Creating decoders for process `\rq_mult_parallel.$proc$peng_r3.v:12142$349'.
     1/1: $1\n2024_o[22:0]
Creating decoders for process `\rq_mult_parallel.$proc$peng_r3.v:12126$348'.
     1/1: $1\n2020_o[22:0]
Creating decoders for process `\rq_mult_parallel.$proc$peng_r3.v:12110$347'.
     1/1: $1\n2016_o[22:0]
Creating decoders for process `\rq_mult_parallel.$proc$peng_r3.v:12094$346'.
     1/1: $1\n2012_o[22:0]
Creating decoders for process `\rq_mult_parallel.$proc$peng_r3.v:12078$345'.
     1/1: $1\n2008_o[22:0]
Creating decoders for process `\rq_mult_parallel.$proc$peng_r3.v:12062$344'.
     1/1: $1\n2004_o[22:0]
Creating decoders for process `\rq_mult_parallel.$proc$peng_r3.v:12046$343'.
     1/1: $1\n2000_o[22:0]
Creating decoders for process `\rq_mult_parallel.$proc$peng_r3.v:12030$342'.
     1/1: $1\n1996_o[22:0]
Creating decoders for process `\rq_mult_parallel.$proc$peng_r3.v:12014$341'.
     1/1: $1\n1992_o[22:0]
Creating decoders for process `\rq_mult_parallel.$proc$peng_r3.v:11998$340'.
     1/1: $1\n1988_o[22:0]
Creating decoders for process `\rq_mult_parallel.$proc$peng_r3.v:11982$339'.
     1/1: $1\n1984_o[22:0]
Creating decoders for process `\rq_mult_parallel.$proc$peng_r3.v:11966$338'.
     1/1: $1\n1980_o[22:0]
Creating decoders for process `\rq_mult_parallel.$proc$peng_r3.v:11950$337'.
     1/1: $1\n1976_o[22:0]
Creating decoders for process `\rq_mult_parallel.$proc$peng_r3.v:11934$336'.
     1/1: $1\n1972_o[22:0]
Creating decoders for process `\rq_mult_parallel.$proc$peng_r3.v:11918$335'.
     1/1: $1\n1968_o[22:0]
Creating decoders for process `\rq_mult_parallel.$proc$peng_r3.v:11902$334'.
     1/1: $1\n1964_o[22:0]
Creating decoders for process `\rq_mult_parallel.$proc$peng_r3.v:11886$333'.
     1/1: $1\n1960_o[22:0]
Creating decoders for process `\rq_mult_parallel.$proc$peng_r3.v:11870$332'.
     1/1: $1\n1956_o[22:0]
Creating decoders for process `\rq_mult_parallel.$proc$peng_r3.v:11854$331'.
     1/1: $1\n1952_o[22:0]
Creating decoders for process `\rq_mult_parallel.$proc$peng_r3.v:11838$330'.
     1/1: $1\n1948_o[22:0]
Creating decoders for process `\rq_mult_parallel.$proc$peng_r3.v:11822$329'.
     1/1: $1\n1944_o[22:0]
Creating decoders for process `\rq_mult_parallel.$proc$peng_r3.v:11806$328'.
     1/1: $1\n1940_o[22:0]
Creating decoders for process `\rq_mult_parallel.$proc$peng_r3.v:11790$327'.
     1/1: $1\n1936_o[22:0]
Creating decoders for process `\rq_mult_parallel.$proc$peng_r3.v:11774$326'.
     1/1: $1\n1932_o[22:0]
Creating decoders for process `\rq_mult_parallel.$proc$peng_r3.v:11758$325'.
     1/1: $1\n1928_o[22:0]
Creating decoders for process `\rq_mult_parallel.$proc$peng_r3.v:11742$324'.
     1/1: $1\n1924_o[22:0]
Creating decoders for process `\rq_mult_parallel.$proc$peng_r3.v:11726$323'.
     1/1: $1\n1920_o[22:0]
Creating decoders for process `\rq_mult_parallel.$proc$peng_r3.v:11710$322'.
     1/1: $1\n1916_o[22:0]
Creating decoders for process `\rq_mult_parallel.$proc$peng_r3.v:11694$321'.
     1/1: $1\n1912_o[22:0]
Creating decoders for process `\rq_mult_parallel.$proc$peng_r3.v:11678$320'.
     1/1: $1\n1908_o[22:0]
Creating decoders for process `\rq_mult_parallel.$proc$peng_r3.v:11662$319'.
     1/1: $1\n1904_o[22:0]
Creating decoders for process `\rq_mult_parallel.$proc$peng_r3.v:11646$318'.
     1/1: $1\n1900_o[22:0]
Creating decoders for process `\rq_mult_parallel.$proc$peng_r3.v:11630$317'.
     1/1: $1\n1896_o[22:0]
Creating decoders for process `\rq_mult_parallel.$proc$peng_r3.v:11614$316'.
     1/1: $1\n1892_o[22:0]
Creating decoders for process `\rq_mult_parallel.$proc$peng_r3.v:11598$315'.
     1/1: $1\n1888_o[22:0]
Creating decoders for process `\rq_mult_parallel.$proc$peng_r3.v:11582$314'.
     1/1: $1\n1884_o[22:0]
Creating decoders for process `\rq_mult_parallel.$proc$peng_r3.v:11566$313'.
     1/1: $1\n1880_o[22:0]
Creating decoders for process `\rq_mult_parallel.$proc$peng_r3.v:11550$312'.
     1/1: $1\n1876_o[22:0]
Creating decoders for process `\rq_mult_parallel.$proc$peng_r3.v:11534$311'.
     1/1: $1\n1872_o[22:0]
Creating decoders for process `\rq_mult_parallel.$proc$peng_r3.v:11518$310'.
     1/1: $1\n1868_o[22:0]
Creating decoders for process `\rq_mult_parallel.$proc$peng_r3.v:11502$309'.
     1/1: $1\n1864_o[22:0]
Creating decoders for process `\rq_mult_parallel.$proc$peng_r3.v:11486$308'.
     1/1: $1\n1860_o[22:0]
Creating decoders for process `\rq_mult_parallel.$proc$peng_r3.v:11470$307'.
     1/1: $1\n1856_o[22:0]
Creating decoders for process `\rq_mult_parallel.$proc$peng_r3.v:11454$306'.
     1/1: $1\n1852_o[22:0]
Creating decoders for process `\rq_mult_parallel.$proc$peng_r3.v:11438$305'.
     1/1: $1\n1848_o[22:0]
Creating decoders for process `\rq_mult_parallel.$proc$peng_r3.v:11422$304'.
     1/1: $1\n1844_o[22:0]
Creating decoders for process `\rq_mult_parallel.$proc$peng_r3.v:11406$303'.
     1/1: $1\n1840_o[22:0]
Creating decoders for process `\rq_mult_parallel.$proc$peng_r3.v:11390$302'.
     1/1: $1\n1836_o[22:0]
Creating decoders for process `\rq_mult_parallel.$proc$peng_r3.v:11374$301'.
     1/1: $1\n1832_o[22:0]
Creating decoders for process `\rq_mult_parallel.$proc$peng_r3.v:11358$300'.
     1/1: $1\n1828_o[22:0]
Creating decoders for process `\rq_mult_parallel.$proc$peng_r3.v:11342$299'.
     1/1: $1\n1824_o[22:0]
Creating decoders for process `\rq_mult_parallel.$proc$peng_r3.v:11326$298'.
     1/1: $1\n1820_o[22:0]
Creating decoders for process `\rq_mult_parallel.$proc$peng_r3.v:11310$297'.
     1/1: $1\n1816_o[22:0]
Creating decoders for process `\rq_mult_parallel.$proc$peng_r3.v:11294$296'.
     1/1: $1\n1812_o[22:0]
Creating decoders for process `\rq_mult_parallel.$proc$peng_r3.v:11278$295'.
     1/1: $1\n1808_o[22:0]
Creating decoders for process `\rq_mult_parallel.$proc$peng_r3.v:11262$294'.
     1/1: $1\n1804_o[22:0]
Creating decoders for process `\rq_mult_parallel.$proc$peng_r3.v:11246$293'.
     1/1: $1\n1800_o[22:0]
Creating decoders for process `\rq_mult_parallel.$proc$peng_r3.v:11230$292'.
     1/1: $1\n1796_o[22:0]
Creating decoders for process `\rq_mult_parallel.$proc$peng_r3.v:11214$291'.
     1/1: $1\n1792_o[22:0]
Creating decoders for process `\rq_mult_parallel.$proc$peng_r3.v:11198$290'.
     1/1: $1\n1788_o[22:0]
Creating decoders for process `\rq_mult_parallel.$proc$peng_r3.v:11182$289'.
     1/1: $1\n1784_o[22:0]
Creating decoders for process `\rq_mult_parallel.$proc$peng_r3.v:11166$288'.
     1/1: $1\n1780_o[22:0]
Creating decoders for process `\rq_mult_parallel.$proc$peng_r3.v:11150$287'.
     1/1: $1\n1776_o[22:0]
Creating decoders for process `\rq_mult_parallel.$proc$peng_r3.v:11134$286'.
     1/1: $1\n1772_o[22:0]
Creating decoders for process `\rq_mult_parallel.$proc$peng_r3.v:11118$285'.
     1/1: $1\n1768_o[22:0]
Creating decoders for process `\rq_mult_parallel.$proc$peng_r3.v:11102$284'.
     1/1: $1\n1764_o[22:0]
Creating decoders for process `\rq_mult_parallel.$proc$peng_r3.v:11086$283'.
     1/1: $1\n1760_o[22:0]
Creating decoders for process `\rq_mult_parallel.$proc$peng_r3.v:11070$282'.
     1/1: $1\n1756_o[22:0]
Creating decoders for process `\rq_mult_parallel.$proc$peng_r3.v:11054$281'.
     1/1: $1\n1752_o[22:0]
Creating decoders for process `\rq_mult_parallel.$proc$peng_r3.v:11038$280'.
     1/1: $1\n1748_o[22:0]
Creating decoders for process `\rq_mult_parallel.$proc$peng_r3.v:11022$279'.
     1/1: $1\n1744_o[22:0]
Creating decoders for process `\rq_mult_parallel.$proc$peng_r3.v:11006$278'.
     1/1: $1\n1740_o[22:0]
Creating decoders for process `\rq_mult_parallel.$proc$peng_r3.v:10990$277'.
     1/1: $1\n1736_o[22:0]
Creating decoders for process `\rq_mult_parallel.$proc$peng_r3.v:10974$276'.
     1/1: $1\n1732_o[22:0]
Creating decoders for process `\rq_mult_parallel.$proc$peng_r3.v:10958$275'.
     1/1: $1\n1728_o[22:0]
Creating decoders for process `\rq_mult_parallel.$proc$peng_r3.v:10942$274'.
     1/1: $1\n1724_o[22:0]
Creating decoders for process `\rq_mult_parallel.$proc$peng_r3.v:10926$273'.
     1/1: $1\n1720_o[22:0]
Creating decoders for process `\rq_mult_parallel.$proc$peng_r3.v:10910$272'.
     1/1: $1\n1716_o[22:0]
Creating decoders for process `\rq_mult_parallel.$proc$peng_r3.v:10894$271'.
     1/1: $1\n1712_o[22:0]
Creating decoders for process `\rq_mult_parallel.$proc$peng_r3.v:10878$270'.
     1/1: $1\n1708_o[22:0]
Creating decoders for process `\rq_mult_parallel.$proc$peng_r3.v:10862$269'.
     1/1: $1\n1704_o[22:0]
Creating decoders for process `\rq_mult_parallel.$proc$peng_r3.v:10846$268'.
     1/1: $1\n1700_o[22:0]
Creating decoders for process `\rq_mult_parallel.$proc$peng_r3.v:10830$267'.
     1/1: $1\n1696_o[22:0]
Creating decoders for process `\rq_mult_parallel.$proc$peng_r3.v:10814$266'.
     1/1: $1\n1692_o[22:0]
Creating decoders for process `\rq_mult_parallel.$proc$peng_r3.v:10798$265'.
     1/1: $1\n1688_o[22:0]
Creating decoders for process `\rq_mult_parallel.$proc$peng_r3.v:10782$264'.
     1/1: $1\n1684_o[22:0]
Creating decoders for process `\rq_mult_parallel.$proc$peng_r3.v:10766$263'.
     1/1: $1\n1680_o[22:0]
Creating decoders for process `\rq_mult_parallel.$proc$peng_r3.v:10750$262'.
     1/1: $1\n1676_o[22:0]
Creating decoders for process `\rq_mult_parallel.$proc$peng_r3.v:10734$261'.
     1/1: $1\n1672_o[22:0]
Creating decoders for process `\rq_mult_parallel.$proc$peng_r3.v:10718$260'.
     1/1: $1\n1668_o[22:0]
Creating decoders for process `\rq_mult_parallel.$proc$peng_r3.v:10702$259'.
     1/1: $1\n1664_o[22:0]
Creating decoders for process `\rq_mult_parallel.$proc$peng_r3.v:10686$258'.
     1/1: $1\n1660_o[22:0]
Creating decoders for process `\rq_mult_parallel.$proc$peng_r3.v:10670$257'.
     1/1: $1\n1656_o[22:0]
Creating decoders for process `\rq_mult_parallel.$proc$peng_r3.v:10654$256'.
     1/1: $1\n1652_o[22:0]
Creating decoders for process `\rq_mult_parallel.$proc$peng_r3.v:10638$255'.
     1/1: $1\n1648_o[22:0]
Creating decoders for process `\rq_mult_parallel.$proc$peng_r3.v:10622$254'.
     1/1: $1\n1644_o[22:0]
Creating decoders for process `\rq_mult_parallel.$proc$peng_r3.v:10606$253'.
     1/1: $1\n1640_o[22:0]
Creating decoders for process `\rq_mult_parallel.$proc$peng_r3.v:10590$252'.
     1/1: $1\n1636_o[22:0]
Creating decoders for process `\rq_mult_parallel.$proc$peng_r3.v:10574$251'.
     1/1: $1\n1632_o[22:0]
Creating decoders for process `\rq_mult_parallel.$proc$peng_r3.v:10558$250'.
     1/1: $1\n1628_o[22:0]
Creating decoders for process `\rq_mult_parallel.$proc$peng_r3.v:10543$249'.
     1/1: $1\n1625_o[3:0]
Creating decoders for process `\rq_mult_parallel.$proc$peng_r3.v:10529$248'.
     1/1: $1\n1619_o[0:0]
Creating decoders for process `\rq_mult_parallel.$proc$peng_r3.v:10515$247'.
     1/1: $1\n1615_o[0:0]
Creating decoders for process `\modmul4591s.$proc$peng_r3.v:1000$206'.
Creating decoders for process `\modmul4591s.$proc$peng_r3.v:997$205'.
Creating decoders for process `\modmul4591s.$proc$peng_r3.v:994$204'.
Creating decoders for process `\modmul4591s.$proc$peng_r3.v:964$195'.
     1/1: $1\n7220_o[14:0]
Creating decoders for process `\mod4591svec28.$proc$peng_r3.v:713$163'.
     1/1: $1\n7780_o[11:0]
Creating decoders for process `\mod4591svec28.$proc$peng_r3.v:514$98'.
     1/1: $1\n7582_o[11:0]
Creating decoders for process `\mod4591svec28.$proc$peng_r3.v:347$33'.
     1/1: $1\n7384_o[11:0]

3.2.8. Executing PROC_DLATCH pass (convert process syncs to latches).
No latch inferred for signal `\rq_mult_parallel.\n4776_o' from process `\rq_mult_parallel.$proc$peng_r3.v:22883$1035'.
No latch inferred for signal `\rq_mult_parallel.\n4773_o' from process `\rq_mult_parallel.$proc$peng_r3.v:22873$1034'.
No latch inferred for signal `\rq_mult_parallel.\n4768_o' from process `\rq_mult_parallel.$proc$peng_r3.v:22860$1033'.
No latch inferred for signal `\rq_mult_parallel.\n4763_o' from process `\rq_mult_parallel.$proc$peng_r3.v:22847$1032'.
No latch inferred for signal `\rq_mult_parallel.\n4758_o' from process `\rq_mult_parallel.$proc$peng_r3.v:22834$1031'.
No latch inferred for signal `\rq_mult_parallel.\n4677_o' from process `\rq_mult_parallel.$proc$peng_r3.v:22746$1012'.
No latch inferred for signal `\rq_mult_parallel.\n4672_o' from process `\rq_mult_parallel.$proc$peng_r3.v:22732$1011'.
No latch inferred for signal `\rq_mult_parallel.\n4668_o' from process `\rq_mult_parallel.$proc$peng_r3.v:22718$1010'.
No latch inferred for signal `\rq_mult_parallel.\n4664_o' from process `\rq_mult_parallel.$proc$peng_r3.v:22702$1009'.
No latch inferred for signal `\rq_mult_parallel.\n4660_o' from process `\rq_mult_parallel.$proc$peng_r3.v:22686$1008'.
No latch inferred for signal `\rq_mult_parallel.\n4656_o' from process `\rq_mult_parallel.$proc$peng_r3.v:22670$1007'.
No latch inferred for signal `\rq_mult_parallel.\n4652_o' from process `\rq_mult_parallel.$proc$peng_r3.v:22654$1006'.
No latch inferred for signal `\rq_mult_parallel.\n4648_o' from process `\rq_mult_parallel.$proc$peng_r3.v:22638$1005'.
No latch inferred for signal `\rq_mult_parallel.\n4644_o' from process `\rq_mult_parallel.$proc$peng_r3.v:22622$1004'.
No latch inferred for signal `\rq_mult_parallel.\n4640_o' from process `\rq_mult_parallel.$proc$peng_r3.v:22606$1003'.
No latch inferred for signal `\rq_mult_parallel.\n4636_o' from process `\rq_mult_parallel.$proc$peng_r3.v:22590$1002'.
No latch inferred for signal `\rq_mult_parallel.\n4632_o' from process `\rq_mult_parallel.$proc$peng_r3.v:22574$1001'.
No latch inferred for signal `\rq_mult_parallel.\n4628_o' from process `\rq_mult_parallel.$proc$peng_r3.v:22558$1000'.
No latch inferred for signal `\rq_mult_parallel.\n4624_o' from process `\rq_mult_parallel.$proc$peng_r3.v:22542$999'.
No latch inferred for signal `\rq_mult_parallel.\n4620_o' from process `\rq_mult_parallel.$proc$peng_r3.v:22526$998'.
No latch inferred for signal `\rq_mult_parallel.\n4616_o' from process `\rq_mult_parallel.$proc$peng_r3.v:22510$997'.
No latch inferred for signal `\rq_mult_parallel.\n4612_o' from process `\rq_mult_parallel.$proc$peng_r3.v:22494$996'.
No latch inferred for signal `\rq_mult_parallel.\n4608_o' from process `\rq_mult_parallel.$proc$peng_r3.v:22478$995'.
No latch inferred for signal `\rq_mult_parallel.\n4604_o' from process `\rq_mult_parallel.$proc$peng_r3.v:22462$994'.
No latch inferred for signal `\rq_mult_parallel.\n4600_o' from process `\rq_mult_parallel.$proc$peng_r3.v:22446$993'.
No latch inferred for signal `\rq_mult_parallel.\n4596_o' from process `\rq_mult_parallel.$proc$peng_r3.v:22430$992'.
No latch inferred for signal `\rq_mult_parallel.\n4592_o' from process `\rq_mult_parallel.$proc$peng_r3.v:22414$991'.
No latch inferred for signal `\rq_mult_parallel.\n4588_o' from process `\rq_mult_parallel.$proc$peng_r3.v:22398$990'.
No latch inferred for signal `\rq_mult_parallel.\n4584_o' from process `\rq_mult_parallel.$proc$peng_r3.v:22382$989'.
No latch inferred for signal `\rq_mult_parallel.\n4580_o' from process `\rq_mult_parallel.$proc$peng_r3.v:22366$988'.
No latch inferred for signal `\rq_mult_parallel.\n4576_o' from process `\rq_mult_parallel.$proc$peng_r3.v:22350$987'.
No latch inferred for signal `\rq_mult_parallel.\n4572_o' from process `\rq_mult_parallel.$proc$peng_r3.v:22334$986'.
No latch inferred for signal `\rq_mult_parallel.\n4568_o' from process `\rq_mult_parallel.$proc$peng_r3.v:22318$985'.
No latch inferred for signal `\rq_mult_parallel.\n4564_o' from process `\rq_mult_parallel.$proc$peng_r3.v:22302$984'.
No latch inferred for signal `\rq_mult_parallel.\n4560_o' from process `\rq_mult_parallel.$proc$peng_r3.v:22286$983'.
No latch inferred for signal `\rq_mult_parallel.\n4556_o' from process `\rq_mult_parallel.$proc$peng_r3.v:22270$982'.
No latch inferred for signal `\rq_mult_parallel.\n4552_o' from process `\rq_mult_parallel.$proc$peng_r3.v:22254$981'.
No latch inferred for signal `\rq_mult_parallel.\n4548_o' from process `\rq_mult_parallel.$proc$peng_r3.v:22238$980'.
No latch inferred for signal `\rq_mult_parallel.\n4544_o' from process `\rq_mult_parallel.$proc$peng_r3.v:22222$979'.
No latch inferred for signal `\rq_mult_parallel.\n4540_o' from process `\rq_mult_parallel.$proc$peng_r3.v:22206$978'.
No latch inferred for signal `\rq_mult_parallel.\n4536_o' from process `\rq_mult_parallel.$proc$peng_r3.v:22190$977'.
No latch inferred for signal `\rq_mult_parallel.\n4532_o' from process `\rq_mult_parallel.$proc$peng_r3.v:22174$976'.
No latch inferred for signal `\rq_mult_parallel.\n4528_o' from process `\rq_mult_parallel.$proc$peng_r3.v:22158$975'.
No latch inferred for signal `\rq_mult_parallel.\n4524_o' from process `\rq_mult_parallel.$proc$peng_r3.v:22142$974'.
No latch inferred for signal `\rq_mult_parallel.\n4520_o' from process `\rq_mult_parallel.$proc$peng_r3.v:22126$973'.
No latch inferred for signal `\rq_mult_parallel.\n4516_o' from process `\rq_mult_parallel.$proc$peng_r3.v:22110$972'.
No latch inferred for signal `\rq_mult_parallel.\n4512_o' from process `\rq_mult_parallel.$proc$peng_r3.v:22094$971'.
No latch inferred for signal `\rq_mult_parallel.\n4508_o' from process `\rq_mult_parallel.$proc$peng_r3.v:22078$970'.
No latch inferred for signal `\rq_mult_parallel.\n4504_o' from process `\rq_mult_parallel.$proc$peng_r3.v:22062$969'.
No latch inferred for signal `\rq_mult_parallel.\n4500_o' from process `\rq_mult_parallel.$proc$peng_r3.v:22046$968'.
No latch inferred for signal `\rq_mult_parallel.\n4496_o' from process `\rq_mult_parallel.$proc$peng_r3.v:22030$967'.
No latch inferred for signal `\rq_mult_parallel.\n4492_o' from process `\rq_mult_parallel.$proc$peng_r3.v:22014$966'.
No latch inferred for signal `\rq_mult_parallel.\n4488_o' from process `\rq_mult_parallel.$proc$peng_r3.v:21998$965'.
No latch inferred for signal `\rq_mult_parallel.\n4484_o' from process `\rq_mult_parallel.$proc$peng_r3.v:21982$964'.
No latch inferred for signal `\rq_mult_parallel.\n4480_o' from process `\rq_mult_parallel.$proc$peng_r3.v:21966$963'.
No latch inferred for signal `\rq_mult_parallel.\n4476_o' from process `\rq_mult_parallel.$proc$peng_r3.v:21950$962'.
No latch inferred for signal `\rq_mult_parallel.\n4472_o' from process `\rq_mult_parallel.$proc$peng_r3.v:21934$961'.
No latch inferred for signal `\rq_mult_parallel.\n4468_o' from process `\rq_mult_parallel.$proc$peng_r3.v:21918$960'.
No latch inferred for signal `\rq_mult_parallel.\n4464_o' from process `\rq_mult_parallel.$proc$peng_r3.v:21902$959'.
No latch inferred for signal `\rq_mult_parallel.\n4460_o' from process `\rq_mult_parallel.$proc$peng_r3.v:21886$958'.
No latch inferred for signal `\rq_mult_parallel.\n4456_o' from process `\rq_mult_parallel.$proc$peng_r3.v:21870$957'.
No latch inferred for signal `\rq_mult_parallel.\n4452_o' from process `\rq_mult_parallel.$proc$peng_r3.v:21854$956'.
No latch inferred for signal `\rq_mult_parallel.\n4448_o' from process `\rq_mult_parallel.$proc$peng_r3.v:21838$955'.
No latch inferred for signal `\rq_mult_parallel.\n4444_o' from process `\rq_mult_parallel.$proc$peng_r3.v:21822$954'.
No latch inferred for signal `\rq_mult_parallel.\n4440_o' from process `\rq_mult_parallel.$proc$peng_r3.v:21806$953'.
No latch inferred for signal `\rq_mult_parallel.\n4436_o' from process `\rq_mult_parallel.$proc$peng_r3.v:21790$952'.
No latch inferred for signal `\rq_mult_parallel.\n4432_o' from process `\rq_mult_parallel.$proc$peng_r3.v:21774$951'.
No latch inferred for signal `\rq_mult_parallel.\n4428_o' from process `\rq_mult_parallel.$proc$peng_r3.v:21758$950'.
No latch inferred for signal `\rq_mult_parallel.\n4424_o' from process `\rq_mult_parallel.$proc$peng_r3.v:21742$949'.
No latch inferred for signal `\rq_mult_parallel.\n4420_o' from process `\rq_mult_parallel.$proc$peng_r3.v:21726$948'.
No latch inferred for signal `\rq_mult_parallel.\n4416_o' from process `\rq_mult_parallel.$proc$peng_r3.v:21710$947'.
No latch inferred for signal `\rq_mult_parallel.\n4412_o' from process `\rq_mult_parallel.$proc$peng_r3.v:21694$946'.
No latch inferred for signal `\rq_mult_parallel.\n4408_o' from process `\rq_mult_parallel.$proc$peng_r3.v:21678$945'.
No latch inferred for signal `\rq_mult_parallel.\n4404_o' from process `\rq_mult_parallel.$proc$peng_r3.v:21662$944'.
No latch inferred for signal `\rq_mult_parallel.\n4400_o' from process `\rq_mult_parallel.$proc$peng_r3.v:21646$943'.
No latch inferred for signal `\rq_mult_parallel.\n4396_o' from process `\rq_mult_parallel.$proc$peng_r3.v:21630$942'.
No latch inferred for signal `\rq_mult_parallel.\n4392_o' from process `\rq_mult_parallel.$proc$peng_r3.v:21614$941'.
No latch inferred for signal `\rq_mult_parallel.\n4388_o' from process `\rq_mult_parallel.$proc$peng_r3.v:21598$940'.
No latch inferred for signal `\rq_mult_parallel.\n4384_o' from process `\rq_mult_parallel.$proc$peng_r3.v:21582$939'.
No latch inferred for signal `\rq_mult_parallel.\n4380_o' from process `\rq_mult_parallel.$proc$peng_r3.v:21566$938'.
No latch inferred for signal `\rq_mult_parallel.\n4376_o' from process `\rq_mult_parallel.$proc$peng_r3.v:21550$937'.
No latch inferred for signal `\rq_mult_parallel.\n4372_o' from process `\rq_mult_parallel.$proc$peng_r3.v:21534$936'.
No latch inferred for signal `\rq_mult_parallel.\n4368_o' from process `\rq_mult_parallel.$proc$peng_r3.v:21518$935'.
No latch inferred for signal `\rq_mult_parallel.\n4364_o' from process `\rq_mult_parallel.$proc$peng_r3.v:21502$934'.
No latch inferred for signal `\rq_mult_parallel.\n4360_o' from process `\rq_mult_parallel.$proc$peng_r3.v:21486$933'.
No latch inferred for signal `\rq_mult_parallel.\n4356_o' from process `\rq_mult_parallel.$proc$peng_r3.v:21470$932'.
No latch inferred for signal `\rq_mult_parallel.\n4352_o' from process `\rq_mult_parallel.$proc$peng_r3.v:21454$931'.
No latch inferred for signal `\rq_mult_parallel.\n4348_o' from process `\rq_mult_parallel.$proc$peng_r3.v:21438$930'.
No latch inferred for signal `\rq_mult_parallel.\n4344_o' from process `\rq_mult_parallel.$proc$peng_r3.v:21422$929'.
No latch inferred for signal `\rq_mult_parallel.\n4340_o' from process `\rq_mult_parallel.$proc$peng_r3.v:21406$928'.
No latch inferred for signal `\rq_mult_parallel.\n4336_o' from process `\rq_mult_parallel.$proc$peng_r3.v:21390$927'.
No latch inferred for signal `\rq_mult_parallel.\n4332_o' from process `\rq_mult_parallel.$proc$peng_r3.v:21374$926'.
No latch inferred for signal `\rq_mult_parallel.\n4328_o' from process `\rq_mult_parallel.$proc$peng_r3.v:21358$925'.
No latch inferred for signal `\rq_mult_parallel.\n4324_o' from process `\rq_mult_parallel.$proc$peng_r3.v:21342$924'.
No latch inferred for signal `\rq_mult_parallel.\n4320_o' from process `\rq_mult_parallel.$proc$peng_r3.v:21326$923'.
No latch inferred for signal `\rq_mult_parallel.\n4316_o' from process `\rq_mult_parallel.$proc$peng_r3.v:21310$922'.
No latch inferred for signal `\rq_mult_parallel.\n4312_o' from process `\rq_mult_parallel.$proc$peng_r3.v:21294$921'.
No latch inferred for signal `\rq_mult_parallel.\n4308_o' from process `\rq_mult_parallel.$proc$peng_r3.v:21278$920'.
No latch inferred for signal `\rq_mult_parallel.\n4304_o' from process `\rq_mult_parallel.$proc$peng_r3.v:21262$919'.
No latch inferred for signal `\rq_mult_parallel.\n4300_o' from process `\rq_mult_parallel.$proc$peng_r3.v:21246$918'.
No latch inferred for signal `\rq_mult_parallel.\n4296_o' from process `\rq_mult_parallel.$proc$peng_r3.v:21230$917'.
No latch inferred for signal `\rq_mult_parallel.\n4292_o' from process `\rq_mult_parallel.$proc$peng_r3.v:21214$916'.
No latch inferred for signal `\rq_mult_parallel.\n4288_o' from process `\rq_mult_parallel.$proc$peng_r3.v:21198$915'.
No latch inferred for signal `\rq_mult_parallel.\n4284_o' from process `\rq_mult_parallel.$proc$peng_r3.v:21182$914'.
No latch inferred for signal `\rq_mult_parallel.\n4280_o' from process `\rq_mult_parallel.$proc$peng_r3.v:21166$913'.
No latch inferred for signal `\rq_mult_parallel.\n4276_o' from process `\rq_mult_parallel.$proc$peng_r3.v:21150$912'.
No latch inferred for signal `\rq_mult_parallel.\n4272_o' from process `\rq_mult_parallel.$proc$peng_r3.v:21134$911'.
No latch inferred for signal `\rq_mult_parallel.\n4268_o' from process `\rq_mult_parallel.$proc$peng_r3.v:21118$910'.
No latch inferred for signal `\rq_mult_parallel.\n4264_o' from process `\rq_mult_parallel.$proc$peng_r3.v:21102$909'.
No latch inferred for signal `\rq_mult_parallel.\n4260_o' from process `\rq_mult_parallel.$proc$peng_r3.v:21086$908'.
No latch inferred for signal `\rq_mult_parallel.\n4256_o' from process `\rq_mult_parallel.$proc$peng_r3.v:21070$907'.
No latch inferred for signal `\rq_mult_parallel.\n4252_o' from process `\rq_mult_parallel.$proc$peng_r3.v:21054$906'.
No latch inferred for signal `\rq_mult_parallel.\n4248_o' from process `\rq_mult_parallel.$proc$peng_r3.v:21038$905'.
No latch inferred for signal `\rq_mult_parallel.\n4244_o' from process `\rq_mult_parallel.$proc$peng_r3.v:21022$904'.
No latch inferred for signal `\rq_mult_parallel.\n4240_o' from process `\rq_mult_parallel.$proc$peng_r3.v:21006$903'.
No latch inferred for signal `\rq_mult_parallel.\n4236_o' from process `\rq_mult_parallel.$proc$peng_r3.v:20990$902'.
No latch inferred for signal `\rq_mult_parallel.\n4232_o' from process `\rq_mult_parallel.$proc$peng_r3.v:20974$901'.
No latch inferred for signal `\rq_mult_parallel.\n4228_o' from process `\rq_mult_parallel.$proc$peng_r3.v:20958$900'.
No latch inferred for signal `\rq_mult_parallel.\n4224_o' from process `\rq_mult_parallel.$proc$peng_r3.v:20942$899'.
No latch inferred for signal `\rq_mult_parallel.\n4220_o' from process `\rq_mult_parallel.$proc$peng_r3.v:20926$898'.
No latch inferred for signal `\rq_mult_parallel.\n4216_o' from process `\rq_mult_parallel.$proc$peng_r3.v:20910$897'.
No latch inferred for signal `\rq_mult_parallel.\n4212_o' from process `\rq_mult_parallel.$proc$peng_r3.v:20894$896'.
No latch inferred for signal `\rq_mult_parallel.\n4208_o' from process `\rq_mult_parallel.$proc$peng_r3.v:20878$895'.
No latch inferred for signal `\rq_mult_parallel.\n4204_o' from process `\rq_mult_parallel.$proc$peng_r3.v:20862$894'.
No latch inferred for signal `\rq_mult_parallel.\n4200_o' from process `\rq_mult_parallel.$proc$peng_r3.v:20846$893'.
No latch inferred for signal `\rq_mult_parallel.\n4196_o' from process `\rq_mult_parallel.$proc$peng_r3.v:20830$892'.
No latch inferred for signal `\rq_mult_parallel.\n4192_o' from process `\rq_mult_parallel.$proc$peng_r3.v:20814$891'.
No latch inferred for signal `\rq_mult_parallel.\n4188_o' from process `\rq_mult_parallel.$proc$peng_r3.v:20798$890'.
No latch inferred for signal `\rq_mult_parallel.\n4184_o' from process `\rq_mult_parallel.$proc$peng_r3.v:20782$889'.
No latch inferred for signal `\rq_mult_parallel.\n4180_o' from process `\rq_mult_parallel.$proc$peng_r3.v:20766$888'.
No latch inferred for signal `\rq_mult_parallel.\n4176_o' from process `\rq_mult_parallel.$proc$peng_r3.v:20750$887'.
No latch inferred for signal `\rq_mult_parallel.\n4172_o' from process `\rq_mult_parallel.$proc$peng_r3.v:20734$886'.
No latch inferred for signal `\rq_mult_parallel.\n4168_o' from process `\rq_mult_parallel.$proc$peng_r3.v:20718$885'.
No latch inferred for signal `\rq_mult_parallel.\n4164_o' from process `\rq_mult_parallel.$proc$peng_r3.v:20702$884'.
No latch inferred for signal `\rq_mult_parallel.\n4160_o' from process `\rq_mult_parallel.$proc$peng_r3.v:20686$883'.
No latch inferred for signal `\rq_mult_parallel.\n4156_o' from process `\rq_mult_parallel.$proc$peng_r3.v:20670$882'.
No latch inferred for signal `\rq_mult_parallel.\n4152_o' from process `\rq_mult_parallel.$proc$peng_r3.v:20654$881'.
No latch inferred for signal `\rq_mult_parallel.\n4148_o' from process `\rq_mult_parallel.$proc$peng_r3.v:20638$880'.
No latch inferred for signal `\rq_mult_parallel.\n4144_o' from process `\rq_mult_parallel.$proc$peng_r3.v:20622$879'.
No latch inferred for signal `\rq_mult_parallel.\n4140_o' from process `\rq_mult_parallel.$proc$peng_r3.v:20606$878'.
No latch inferred for signal `\rq_mult_parallel.\n4136_o' from process `\rq_mult_parallel.$proc$peng_r3.v:20590$877'.
No latch inferred for signal `\rq_mult_parallel.\n4132_o' from process `\rq_mult_parallel.$proc$peng_r3.v:20574$876'.
No latch inferred for signal `\rq_mult_parallel.\n4128_o' from process `\rq_mult_parallel.$proc$peng_r3.v:20558$875'.
No latch inferred for signal `\rq_mult_parallel.\n4124_o' from process `\rq_mult_parallel.$proc$peng_r3.v:20542$874'.
No latch inferred for signal `\rq_mult_parallel.\n4120_o' from process `\rq_mult_parallel.$proc$peng_r3.v:20526$873'.
No latch inferred for signal `\rq_mult_parallel.\n4116_o' from process `\rq_mult_parallel.$proc$peng_r3.v:20510$872'.
No latch inferred for signal `\rq_mult_parallel.\n4112_o' from process `\rq_mult_parallel.$proc$peng_r3.v:20494$871'.
No latch inferred for signal `\rq_mult_parallel.\n4108_o' from process `\rq_mult_parallel.$proc$peng_r3.v:20478$870'.
No latch inferred for signal `\rq_mult_parallel.\n4104_o' from process `\rq_mult_parallel.$proc$peng_r3.v:20462$869'.
No latch inferred for signal `\rq_mult_parallel.\n4100_o' from process `\rq_mult_parallel.$proc$peng_r3.v:20446$868'.
No latch inferred for signal `\rq_mult_parallel.\n4096_o' from process `\rq_mult_parallel.$proc$peng_r3.v:20430$867'.
No latch inferred for signal `\rq_mult_parallel.\n4092_o' from process `\rq_mult_parallel.$proc$peng_r3.v:20414$866'.
No latch inferred for signal `\rq_mult_parallel.\n4088_o' from process `\rq_mult_parallel.$proc$peng_r3.v:20398$865'.
No latch inferred for signal `\rq_mult_parallel.\n4084_o' from process `\rq_mult_parallel.$proc$peng_r3.v:20382$864'.
No latch inferred for signal `\rq_mult_parallel.\n4080_o' from process `\rq_mult_parallel.$proc$peng_r3.v:20366$863'.
No latch inferred for signal `\rq_mult_parallel.\n4076_o' from process `\rq_mult_parallel.$proc$peng_r3.v:20350$862'.
No latch inferred for signal `\rq_mult_parallel.\n4072_o' from process `\rq_mult_parallel.$proc$peng_r3.v:20334$861'.
No latch inferred for signal `\rq_mult_parallel.\n4068_o' from process `\rq_mult_parallel.$proc$peng_r3.v:20318$860'.
No latch inferred for signal `\rq_mult_parallel.\n4064_o' from process `\rq_mult_parallel.$proc$peng_r3.v:20302$859'.
No latch inferred for signal `\rq_mult_parallel.\n4060_o' from process `\rq_mult_parallel.$proc$peng_r3.v:20286$858'.
No latch inferred for signal `\rq_mult_parallel.\n4056_o' from process `\rq_mult_parallel.$proc$peng_r3.v:20270$857'.
No latch inferred for signal `\rq_mult_parallel.\n4052_o' from process `\rq_mult_parallel.$proc$peng_r3.v:20254$856'.
No latch inferred for signal `\rq_mult_parallel.\n4048_o' from process `\rq_mult_parallel.$proc$peng_r3.v:20238$855'.
No latch inferred for signal `\rq_mult_parallel.\n4044_o' from process `\rq_mult_parallel.$proc$peng_r3.v:20222$854'.
No latch inferred for signal `\rq_mult_parallel.\n4040_o' from process `\rq_mult_parallel.$proc$peng_r3.v:20206$853'.
No latch inferred for signal `\rq_mult_parallel.\n4036_o' from process `\rq_mult_parallel.$proc$peng_r3.v:20190$852'.
No latch inferred for signal `\rq_mult_parallel.\n4032_o' from process `\rq_mult_parallel.$proc$peng_r3.v:20174$851'.
No latch inferred for signal `\rq_mult_parallel.\n4028_o' from process `\rq_mult_parallel.$proc$peng_r3.v:20158$850'.
No latch inferred for signal `\rq_mult_parallel.\n4024_o' from process `\rq_mult_parallel.$proc$peng_r3.v:20142$849'.
No latch inferred for signal `\rq_mult_parallel.\n4020_o' from process `\rq_mult_parallel.$proc$peng_r3.v:20126$848'.
No latch inferred for signal `\rq_mult_parallel.\n4016_o' from process `\rq_mult_parallel.$proc$peng_r3.v:20110$847'.
No latch inferred for signal `\rq_mult_parallel.\n4012_o' from process `\rq_mult_parallel.$proc$peng_r3.v:20094$846'.
No latch inferred for signal `\rq_mult_parallel.\n4008_o' from process `\rq_mult_parallel.$proc$peng_r3.v:20078$845'.
No latch inferred for signal `\rq_mult_parallel.\n4004_o' from process `\rq_mult_parallel.$proc$peng_r3.v:20062$844'.
No latch inferred for signal `\rq_mult_parallel.\n4000_o' from process `\rq_mult_parallel.$proc$peng_r3.v:20046$843'.
No latch inferred for signal `\rq_mult_parallel.\n3996_o' from process `\rq_mult_parallel.$proc$peng_r3.v:20030$842'.
No latch inferred for signal `\rq_mult_parallel.\n3992_o' from process `\rq_mult_parallel.$proc$peng_r3.v:20014$841'.
No latch inferred for signal `\rq_mult_parallel.\n3988_o' from process `\rq_mult_parallel.$proc$peng_r3.v:19998$840'.
No latch inferred for signal `\rq_mult_parallel.\n3984_o' from process `\rq_mult_parallel.$proc$peng_r3.v:19982$839'.
No latch inferred for signal `\rq_mult_parallel.\n3980_o' from process `\rq_mult_parallel.$proc$peng_r3.v:19966$838'.
No latch inferred for signal `\rq_mult_parallel.\n3976_o' from process `\rq_mult_parallel.$proc$peng_r3.v:19950$837'.
No latch inferred for signal `\rq_mult_parallel.\n3972_o' from process `\rq_mult_parallel.$proc$peng_r3.v:19934$836'.
No latch inferred for signal `\rq_mult_parallel.\n3968_o' from process `\rq_mult_parallel.$proc$peng_r3.v:19918$835'.
No latch inferred for signal `\rq_mult_parallel.\n3964_o' from process `\rq_mult_parallel.$proc$peng_r3.v:19902$834'.
No latch inferred for signal `\rq_mult_parallel.\n3960_o' from process `\rq_mult_parallel.$proc$peng_r3.v:19886$833'.
No latch inferred for signal `\rq_mult_parallel.\n3956_o' from process `\rq_mult_parallel.$proc$peng_r3.v:19870$832'.
No latch inferred for signal `\rq_mult_parallel.\n3952_o' from process `\rq_mult_parallel.$proc$peng_r3.v:19854$831'.
No latch inferred for signal `\rq_mult_parallel.\n3948_o' from process `\rq_mult_parallel.$proc$peng_r3.v:19838$830'.
No latch inferred for signal `\rq_mult_parallel.\n3944_o' from process `\rq_mult_parallel.$proc$peng_r3.v:19822$829'.
No latch inferred for signal `\rq_mult_parallel.\n3940_o' from process `\rq_mult_parallel.$proc$peng_r3.v:19806$828'.
No latch inferred for signal `\rq_mult_parallel.\n3936_o' from process `\rq_mult_parallel.$proc$peng_r3.v:19790$827'.
No latch inferred for signal `\rq_mult_parallel.\n3932_o' from process `\rq_mult_parallel.$proc$peng_r3.v:19774$826'.
No latch inferred for signal `\rq_mult_parallel.\n3928_o' from process `\rq_mult_parallel.$proc$peng_r3.v:19758$825'.
No latch inferred for signal `\rq_mult_parallel.\n3924_o' from process `\rq_mult_parallel.$proc$peng_r3.v:19742$824'.
No latch inferred for signal `\rq_mult_parallel.\n3920_o' from process `\rq_mult_parallel.$proc$peng_r3.v:19726$823'.
No latch inferred for signal `\rq_mult_parallel.\n3916_o' from process `\rq_mult_parallel.$proc$peng_r3.v:19710$822'.
No latch inferred for signal `\rq_mult_parallel.\n3912_o' from process `\rq_mult_parallel.$proc$peng_r3.v:19694$821'.
No latch inferred for signal `\rq_mult_parallel.\n3908_o' from process `\rq_mult_parallel.$proc$peng_r3.v:19678$820'.
No latch inferred for signal `\rq_mult_parallel.\n3904_o' from process `\rq_mult_parallel.$proc$peng_r3.v:19662$819'.
No latch inferred for signal `\rq_mult_parallel.\n3900_o' from process `\rq_mult_parallel.$proc$peng_r3.v:19646$818'.
No latch inferred for signal `\rq_mult_parallel.\n3896_o' from process `\rq_mult_parallel.$proc$peng_r3.v:19630$817'.
No latch inferred for signal `\rq_mult_parallel.\n3892_o' from process `\rq_mult_parallel.$proc$peng_r3.v:19614$816'.
No latch inferred for signal `\rq_mult_parallel.\n3888_o' from process `\rq_mult_parallel.$proc$peng_r3.v:19598$815'.
No latch inferred for signal `\rq_mult_parallel.\n3884_o' from process `\rq_mult_parallel.$proc$peng_r3.v:19582$814'.
No latch inferred for signal `\rq_mult_parallel.\n3880_o' from process `\rq_mult_parallel.$proc$peng_r3.v:19566$813'.
No latch inferred for signal `\rq_mult_parallel.\n3876_o' from process `\rq_mult_parallel.$proc$peng_r3.v:19550$812'.
No latch inferred for signal `\rq_mult_parallel.\n3872_o' from process `\rq_mult_parallel.$proc$peng_r3.v:19534$811'.
No latch inferred for signal `\rq_mult_parallel.\n3868_o' from process `\rq_mult_parallel.$proc$peng_r3.v:19518$810'.
No latch inferred for signal `\rq_mult_parallel.\n3864_o' from process `\rq_mult_parallel.$proc$peng_r3.v:19502$809'.
No latch inferred for signal `\rq_mult_parallel.\n3860_o' from process `\rq_mult_parallel.$proc$peng_r3.v:19486$808'.
No latch inferred for signal `\rq_mult_parallel.\n3856_o' from process `\rq_mult_parallel.$proc$peng_r3.v:19470$807'.
No latch inferred for signal `\rq_mult_parallel.\n3852_o' from process `\rq_mult_parallel.$proc$peng_r3.v:19454$806'.
No latch inferred for signal `\rq_mult_parallel.\n3848_o' from process `\rq_mult_parallel.$proc$peng_r3.v:19438$805'.
No latch inferred for signal `\rq_mult_parallel.\n3844_o' from process `\rq_mult_parallel.$proc$peng_r3.v:19422$804'.
No latch inferred for signal `\rq_mult_parallel.\n3840_o' from process `\rq_mult_parallel.$proc$peng_r3.v:19406$803'.
No latch inferred for signal `\rq_mult_parallel.\n3836_o' from process `\rq_mult_parallel.$proc$peng_r3.v:19390$802'.
No latch inferred for signal `\rq_mult_parallel.\n3832_o' from process `\rq_mult_parallel.$proc$peng_r3.v:19374$801'.
No latch inferred for signal `\rq_mult_parallel.\n3828_o' from process `\rq_mult_parallel.$proc$peng_r3.v:19358$800'.
No latch inferred for signal `\rq_mult_parallel.\n3824_o' from process `\rq_mult_parallel.$proc$peng_r3.v:19342$799'.
No latch inferred for signal `\rq_mult_parallel.\n3820_o' from process `\rq_mult_parallel.$proc$peng_r3.v:19326$798'.
No latch inferred for signal `\rq_mult_parallel.\n3816_o' from process `\rq_mult_parallel.$proc$peng_r3.v:19310$797'.
No latch inferred for signal `\rq_mult_parallel.\n3812_o' from process `\rq_mult_parallel.$proc$peng_r3.v:19294$796'.
No latch inferred for signal `\rq_mult_parallel.\n3808_o' from process `\rq_mult_parallel.$proc$peng_r3.v:19278$795'.
No latch inferred for signal `\rq_mult_parallel.\n3804_o' from process `\rq_mult_parallel.$proc$peng_r3.v:19262$794'.
No latch inferred for signal `\rq_mult_parallel.\n3800_o' from process `\rq_mult_parallel.$proc$peng_r3.v:19246$793'.
No latch inferred for signal `\rq_mult_parallel.\n3796_o' from process `\rq_mult_parallel.$proc$peng_r3.v:19230$792'.
No latch inferred for signal `\rq_mult_parallel.\n3792_o' from process `\rq_mult_parallel.$proc$peng_r3.v:19214$791'.
No latch inferred for signal `\rq_mult_parallel.\n3788_o' from process `\rq_mult_parallel.$proc$peng_r3.v:19198$790'.
No latch inferred for signal `\rq_mult_parallel.\n3784_o' from process `\rq_mult_parallel.$proc$peng_r3.v:19182$789'.
No latch inferred for signal `\rq_mult_parallel.\n3780_o' from process `\rq_mult_parallel.$proc$peng_r3.v:19166$788'.
No latch inferred for signal `\rq_mult_parallel.\n3776_o' from process `\rq_mult_parallel.$proc$peng_r3.v:19150$787'.
No latch inferred for signal `\rq_mult_parallel.\n3772_o' from process `\rq_mult_parallel.$proc$peng_r3.v:19134$786'.
No latch inferred for signal `\rq_mult_parallel.\n3768_o' from process `\rq_mult_parallel.$proc$peng_r3.v:19118$785'.
No latch inferred for signal `\rq_mult_parallel.\n3764_o' from process `\rq_mult_parallel.$proc$peng_r3.v:19102$784'.
No latch inferred for signal `\rq_mult_parallel.\n3760_o' from process `\rq_mult_parallel.$proc$peng_r3.v:19086$783'.
No latch inferred for signal `\rq_mult_parallel.\n3756_o' from process `\rq_mult_parallel.$proc$peng_r3.v:19070$782'.
No latch inferred for signal `\rq_mult_parallel.\n3752_o' from process `\rq_mult_parallel.$proc$peng_r3.v:19054$781'.
No latch inferred for signal `\rq_mult_parallel.\n3748_o' from process `\rq_mult_parallel.$proc$peng_r3.v:19038$780'.
No latch inferred for signal `\rq_mult_parallel.\n3744_o' from process `\rq_mult_parallel.$proc$peng_r3.v:19022$779'.
No latch inferred for signal `\rq_mult_parallel.\n3740_o' from process `\rq_mult_parallel.$proc$peng_r3.v:19006$778'.
No latch inferred for signal `\rq_mult_parallel.\n3736_o' from process `\rq_mult_parallel.$proc$peng_r3.v:18990$777'.
No latch inferred for signal `\rq_mult_parallel.\n3732_o' from process `\rq_mult_parallel.$proc$peng_r3.v:18974$776'.
No latch inferred for signal `\rq_mult_parallel.\n3728_o' from process `\rq_mult_parallel.$proc$peng_r3.v:18958$775'.
No latch inferred for signal `\rq_mult_parallel.\n3724_o' from process `\rq_mult_parallel.$proc$peng_r3.v:18942$774'.
No latch inferred for signal `\rq_mult_parallel.\n3720_o' from process `\rq_mult_parallel.$proc$peng_r3.v:18926$773'.
No latch inferred for signal `\rq_mult_parallel.\n3716_o' from process `\rq_mult_parallel.$proc$peng_r3.v:18910$772'.
No latch inferred for signal `\rq_mult_parallel.\n3712_o' from process `\rq_mult_parallel.$proc$peng_r3.v:18894$771'.
No latch inferred for signal `\rq_mult_parallel.\n3708_o' from process `\rq_mult_parallel.$proc$peng_r3.v:18878$770'.
No latch inferred for signal `\rq_mult_parallel.\n3704_o' from process `\rq_mult_parallel.$proc$peng_r3.v:18862$769'.
No latch inferred for signal `\rq_mult_parallel.\n3700_o' from process `\rq_mult_parallel.$proc$peng_r3.v:18846$768'.
No latch inferred for signal `\rq_mult_parallel.\n3696_o' from process `\rq_mult_parallel.$proc$peng_r3.v:18830$767'.
No latch inferred for signal `\rq_mult_parallel.\n3692_o' from process `\rq_mult_parallel.$proc$peng_r3.v:18814$766'.
No latch inferred for signal `\rq_mult_parallel.\n3688_o' from process `\rq_mult_parallel.$proc$peng_r3.v:18798$765'.
No latch inferred for signal `\rq_mult_parallel.\n3684_o' from process `\rq_mult_parallel.$proc$peng_r3.v:18782$764'.
No latch inferred for signal `\rq_mult_parallel.\n3680_o' from process `\rq_mult_parallel.$proc$peng_r3.v:18766$763'.
No latch inferred for signal `\rq_mult_parallel.\n3676_o' from process `\rq_mult_parallel.$proc$peng_r3.v:18750$762'.
No latch inferred for signal `\rq_mult_parallel.\n3672_o' from process `\rq_mult_parallel.$proc$peng_r3.v:18734$761'.
No latch inferred for signal `\rq_mult_parallel.\n3668_o' from process `\rq_mult_parallel.$proc$peng_r3.v:18718$760'.
No latch inferred for signal `\rq_mult_parallel.\n3664_o' from process `\rq_mult_parallel.$proc$peng_r3.v:18702$759'.
No latch inferred for signal `\rq_mult_parallel.\n3660_o' from process `\rq_mult_parallel.$proc$peng_r3.v:18686$758'.
No latch inferred for signal `\rq_mult_parallel.\n3656_o' from process `\rq_mult_parallel.$proc$peng_r3.v:18670$757'.
No latch inferred for signal `\rq_mult_parallel.\n3652_o' from process `\rq_mult_parallel.$proc$peng_r3.v:18654$756'.
No latch inferred for signal `\rq_mult_parallel.\n3648_o' from process `\rq_mult_parallel.$proc$peng_r3.v:18638$755'.
No latch inferred for signal `\rq_mult_parallel.\n3644_o' from process `\rq_mult_parallel.$proc$peng_r3.v:18622$754'.
No latch inferred for signal `\rq_mult_parallel.\n3640_o' from process `\rq_mult_parallel.$proc$peng_r3.v:18606$753'.
No latch inferred for signal `\rq_mult_parallel.\n3636_o' from process `\rq_mult_parallel.$proc$peng_r3.v:18590$752'.
No latch inferred for signal `\rq_mult_parallel.\n3632_o' from process `\rq_mult_parallel.$proc$peng_r3.v:18574$751'.
No latch inferred for signal `\rq_mult_parallel.\n3628_o' from process `\rq_mult_parallel.$proc$peng_r3.v:18558$750'.
No latch inferred for signal `\rq_mult_parallel.\n3624_o' from process `\rq_mult_parallel.$proc$peng_r3.v:18542$749'.
No latch inferred for signal `\rq_mult_parallel.\n3620_o' from process `\rq_mult_parallel.$proc$peng_r3.v:18526$748'.
No latch inferred for signal `\rq_mult_parallel.\n3616_o' from process `\rq_mult_parallel.$proc$peng_r3.v:18510$747'.
No latch inferred for signal `\rq_mult_parallel.\n3612_o' from process `\rq_mult_parallel.$proc$peng_r3.v:18494$746'.
No latch inferred for signal `\rq_mult_parallel.\n3608_o' from process `\rq_mult_parallel.$proc$peng_r3.v:18478$745'.
No latch inferred for signal `\rq_mult_parallel.\n3604_o' from process `\rq_mult_parallel.$proc$peng_r3.v:18462$744'.
No latch inferred for signal `\rq_mult_parallel.\n3600_o' from process `\rq_mult_parallel.$proc$peng_r3.v:18446$743'.
No latch inferred for signal `\rq_mult_parallel.\n3596_o' from process `\rq_mult_parallel.$proc$peng_r3.v:18430$742'.
No latch inferred for signal `\rq_mult_parallel.\n3592_o' from process `\rq_mult_parallel.$proc$peng_r3.v:18414$741'.
No latch inferred for signal `\rq_mult_parallel.\n3588_o' from process `\rq_mult_parallel.$proc$peng_r3.v:18398$740'.
No latch inferred for signal `\rq_mult_parallel.\n3584_o' from process `\rq_mult_parallel.$proc$peng_r3.v:18382$739'.
No latch inferred for signal `\rq_mult_parallel.\n3580_o' from process `\rq_mult_parallel.$proc$peng_r3.v:18366$738'.
No latch inferred for signal `\rq_mult_parallel.\n3576_o' from process `\rq_mult_parallel.$proc$peng_r3.v:18350$737'.
No latch inferred for signal `\rq_mult_parallel.\n3572_o' from process `\rq_mult_parallel.$proc$peng_r3.v:18334$736'.
No latch inferred for signal `\rq_mult_parallel.\n3568_o' from process `\rq_mult_parallel.$proc$peng_r3.v:18318$735'.
No latch inferred for signal `\rq_mult_parallel.\n3564_o' from process `\rq_mult_parallel.$proc$peng_r3.v:18302$734'.
No latch inferred for signal `\rq_mult_parallel.\n3560_o' from process `\rq_mult_parallel.$proc$peng_r3.v:18286$733'.
No latch inferred for signal `\rq_mult_parallel.\n3556_o' from process `\rq_mult_parallel.$proc$peng_r3.v:18270$732'.
No latch inferred for signal `\rq_mult_parallel.\n3552_o' from process `\rq_mult_parallel.$proc$peng_r3.v:18254$731'.
No latch inferred for signal `\rq_mult_parallel.\n3548_o' from process `\rq_mult_parallel.$proc$peng_r3.v:18238$730'.
No latch inferred for signal `\rq_mult_parallel.\n3544_o' from process `\rq_mult_parallel.$proc$peng_r3.v:18222$729'.
No latch inferred for signal `\rq_mult_parallel.\n3540_o' from process `\rq_mult_parallel.$proc$peng_r3.v:18206$728'.
No latch inferred for signal `\rq_mult_parallel.\n3536_o' from process `\rq_mult_parallel.$proc$peng_r3.v:18190$727'.
No latch inferred for signal `\rq_mult_parallel.\n3532_o' from process `\rq_mult_parallel.$proc$peng_r3.v:18174$726'.
No latch inferred for signal `\rq_mult_parallel.\n3528_o' from process `\rq_mult_parallel.$proc$peng_r3.v:18158$725'.
No latch inferred for signal `\rq_mult_parallel.\n3524_o' from process `\rq_mult_parallel.$proc$peng_r3.v:18142$724'.
No latch inferred for signal `\rq_mult_parallel.\n3520_o' from process `\rq_mult_parallel.$proc$peng_r3.v:18126$723'.
No latch inferred for signal `\rq_mult_parallel.\n3516_o' from process `\rq_mult_parallel.$proc$peng_r3.v:18110$722'.
No latch inferred for signal `\rq_mult_parallel.\n3512_o' from process `\rq_mult_parallel.$proc$peng_r3.v:18094$721'.
No latch inferred for signal `\rq_mult_parallel.\n3508_o' from process `\rq_mult_parallel.$proc$peng_r3.v:18078$720'.
No latch inferred for signal `\rq_mult_parallel.\n3504_o' from process `\rq_mult_parallel.$proc$peng_r3.v:18062$719'.
No latch inferred for signal `\rq_mult_parallel.\n3500_o' from process `\rq_mult_parallel.$proc$peng_r3.v:18046$718'.
No latch inferred for signal `\rq_mult_parallel.\n3496_o' from process `\rq_mult_parallel.$proc$peng_r3.v:18030$717'.
No latch inferred for signal `\rq_mult_parallel.\n3492_o' from process `\rq_mult_parallel.$proc$peng_r3.v:18014$716'.
No latch inferred for signal `\rq_mult_parallel.\n3488_o' from process `\rq_mult_parallel.$proc$peng_r3.v:17998$715'.
No latch inferred for signal `\rq_mult_parallel.\n3484_o' from process `\rq_mult_parallel.$proc$peng_r3.v:17982$714'.
No latch inferred for signal `\rq_mult_parallel.\n3480_o' from process `\rq_mult_parallel.$proc$peng_r3.v:17966$713'.
No latch inferred for signal `\rq_mult_parallel.\n3476_o' from process `\rq_mult_parallel.$proc$peng_r3.v:17950$712'.
No latch inferred for signal `\rq_mult_parallel.\n3472_o' from process `\rq_mult_parallel.$proc$peng_r3.v:17934$711'.
No latch inferred for signal `\rq_mult_parallel.\n3468_o' from process `\rq_mult_parallel.$proc$peng_r3.v:17918$710'.
No latch inferred for signal `\rq_mult_parallel.\n3464_o' from process `\rq_mult_parallel.$proc$peng_r3.v:17902$709'.
No latch inferred for signal `\rq_mult_parallel.\n3460_o' from process `\rq_mult_parallel.$proc$peng_r3.v:17886$708'.
No latch inferred for signal `\rq_mult_parallel.\n3456_o' from process `\rq_mult_parallel.$proc$peng_r3.v:17870$707'.
No latch inferred for signal `\rq_mult_parallel.\n3452_o' from process `\rq_mult_parallel.$proc$peng_r3.v:17854$706'.
No latch inferred for signal `\rq_mult_parallel.\n3448_o' from process `\rq_mult_parallel.$proc$peng_r3.v:17838$705'.
No latch inferred for signal `\rq_mult_parallel.\n3444_o' from process `\rq_mult_parallel.$proc$peng_r3.v:17822$704'.
No latch inferred for signal `\rq_mult_parallel.\n3440_o' from process `\rq_mult_parallel.$proc$peng_r3.v:17806$703'.
No latch inferred for signal `\rq_mult_parallel.\n3436_o' from process `\rq_mult_parallel.$proc$peng_r3.v:17790$702'.
No latch inferred for signal `\rq_mult_parallel.\n3432_o' from process `\rq_mult_parallel.$proc$peng_r3.v:17774$701'.
No latch inferred for signal `\rq_mult_parallel.\n3428_o' from process `\rq_mult_parallel.$proc$peng_r3.v:17758$700'.
No latch inferred for signal `\rq_mult_parallel.\n3424_o' from process `\rq_mult_parallel.$proc$peng_r3.v:17742$699'.
No latch inferred for signal `\rq_mult_parallel.\n3420_o' from process `\rq_mult_parallel.$proc$peng_r3.v:17726$698'.
No latch inferred for signal `\rq_mult_parallel.\n3416_o' from process `\rq_mult_parallel.$proc$peng_r3.v:17710$697'.
No latch inferred for signal `\rq_mult_parallel.\n3412_o' from process `\rq_mult_parallel.$proc$peng_r3.v:17694$696'.
No latch inferred for signal `\rq_mult_parallel.\n3408_o' from process `\rq_mult_parallel.$proc$peng_r3.v:17678$695'.
No latch inferred for signal `\rq_mult_parallel.\n3404_o' from process `\rq_mult_parallel.$proc$peng_r3.v:17662$694'.
No latch inferred for signal `\rq_mult_parallel.\n3400_o' from process `\rq_mult_parallel.$proc$peng_r3.v:17646$693'.
No latch inferred for signal `\rq_mult_parallel.\n3396_o' from process `\rq_mult_parallel.$proc$peng_r3.v:17630$692'.
No latch inferred for signal `\rq_mult_parallel.\n3392_o' from process `\rq_mult_parallel.$proc$peng_r3.v:17614$691'.
No latch inferred for signal `\rq_mult_parallel.\n3388_o' from process `\rq_mult_parallel.$proc$peng_r3.v:17598$690'.
No latch inferred for signal `\rq_mult_parallel.\n3384_o' from process `\rq_mult_parallel.$proc$peng_r3.v:17582$689'.
No latch inferred for signal `\rq_mult_parallel.\n3380_o' from process `\rq_mult_parallel.$proc$peng_r3.v:17566$688'.
No latch inferred for signal `\rq_mult_parallel.\n3376_o' from process `\rq_mult_parallel.$proc$peng_r3.v:17550$687'.
No latch inferred for signal `\rq_mult_parallel.\n3372_o' from process `\rq_mult_parallel.$proc$peng_r3.v:17534$686'.
No latch inferred for signal `\rq_mult_parallel.\n3368_o' from process `\rq_mult_parallel.$proc$peng_r3.v:17518$685'.
No latch inferred for signal `\rq_mult_parallel.\n3364_o' from process `\rq_mult_parallel.$proc$peng_r3.v:17502$684'.
No latch inferred for signal `\rq_mult_parallel.\n3360_o' from process `\rq_mult_parallel.$proc$peng_r3.v:17486$683'.
No latch inferred for signal `\rq_mult_parallel.\n3356_o' from process `\rq_mult_parallel.$proc$peng_r3.v:17470$682'.
No latch inferred for signal `\rq_mult_parallel.\n3352_o' from process `\rq_mult_parallel.$proc$peng_r3.v:17454$681'.
No latch inferred for signal `\rq_mult_parallel.\n3348_o' from process `\rq_mult_parallel.$proc$peng_r3.v:17438$680'.
No latch inferred for signal `\rq_mult_parallel.\n3344_o' from process `\rq_mult_parallel.$proc$peng_r3.v:17422$679'.
No latch inferred for signal `\rq_mult_parallel.\n3340_o' from process `\rq_mult_parallel.$proc$peng_r3.v:17406$678'.
No latch inferred for signal `\rq_mult_parallel.\n3336_o' from process `\rq_mult_parallel.$proc$peng_r3.v:17390$677'.
No latch inferred for signal `\rq_mult_parallel.\n3332_o' from process `\rq_mult_parallel.$proc$peng_r3.v:17374$676'.
No latch inferred for signal `\rq_mult_parallel.\n3328_o' from process `\rq_mult_parallel.$proc$peng_r3.v:17358$675'.
No latch inferred for signal `\rq_mult_parallel.\n3324_o' from process `\rq_mult_parallel.$proc$peng_r3.v:17342$674'.
No latch inferred for signal `\rq_mult_parallel.\n3320_o' from process `\rq_mult_parallel.$proc$peng_r3.v:17326$673'.
No latch inferred for signal `\rq_mult_parallel.\n3316_o' from process `\rq_mult_parallel.$proc$peng_r3.v:17310$672'.
No latch inferred for signal `\rq_mult_parallel.\n3312_o' from process `\rq_mult_parallel.$proc$peng_r3.v:17294$671'.
No latch inferred for signal `\rq_mult_parallel.\n3308_o' from process `\rq_mult_parallel.$proc$peng_r3.v:17278$670'.
No latch inferred for signal `\rq_mult_parallel.\n3304_o' from process `\rq_mult_parallel.$proc$peng_r3.v:17262$669'.
No latch inferred for signal `\rq_mult_parallel.\n3300_o' from process `\rq_mult_parallel.$proc$peng_r3.v:17246$668'.
No latch inferred for signal `\rq_mult_parallel.\n3296_o' from process `\rq_mult_parallel.$proc$peng_r3.v:17230$667'.
No latch inferred for signal `\rq_mult_parallel.\n3292_o' from process `\rq_mult_parallel.$proc$peng_r3.v:17214$666'.
No latch inferred for signal `\rq_mult_parallel.\n3288_o' from process `\rq_mult_parallel.$proc$peng_r3.v:17198$665'.
No latch inferred for signal `\rq_mult_parallel.\n3284_o' from process `\rq_mult_parallel.$proc$peng_r3.v:17182$664'.
No latch inferred for signal `\rq_mult_parallel.\n3280_o' from process `\rq_mult_parallel.$proc$peng_r3.v:17166$663'.
No latch inferred for signal `\rq_mult_parallel.\n3276_o' from process `\rq_mult_parallel.$proc$peng_r3.v:17150$662'.
No latch inferred for signal `\rq_mult_parallel.\n3272_o' from process `\rq_mult_parallel.$proc$peng_r3.v:17134$661'.
No latch inferred for signal `\rq_mult_parallel.\n3268_o' from process `\rq_mult_parallel.$proc$peng_r3.v:17118$660'.
No latch inferred for signal `\rq_mult_parallel.\n3264_o' from process `\rq_mult_parallel.$proc$peng_r3.v:17102$659'.
No latch inferred for signal `\rq_mult_parallel.\n3260_o' from process `\rq_mult_parallel.$proc$peng_r3.v:17086$658'.
No latch inferred for signal `\rq_mult_parallel.\n3256_o' from process `\rq_mult_parallel.$proc$peng_r3.v:17070$657'.
No latch inferred for signal `\rq_mult_parallel.\n3252_o' from process `\rq_mult_parallel.$proc$peng_r3.v:17054$656'.
No latch inferred for signal `\rq_mult_parallel.\n3248_o' from process `\rq_mult_parallel.$proc$peng_r3.v:17038$655'.
No latch inferred for signal `\rq_mult_parallel.\n3244_o' from process `\rq_mult_parallel.$proc$peng_r3.v:17022$654'.
No latch inferred for signal `\rq_mult_parallel.\n3240_o' from process `\rq_mult_parallel.$proc$peng_r3.v:17006$653'.
No latch inferred for signal `\rq_mult_parallel.\n3236_o' from process `\rq_mult_parallel.$proc$peng_r3.v:16990$652'.
No latch inferred for signal `\rq_mult_parallel.\n3232_o' from process `\rq_mult_parallel.$proc$peng_r3.v:16974$651'.
No latch inferred for signal `\rq_mult_parallel.\n3228_o' from process `\rq_mult_parallel.$proc$peng_r3.v:16958$650'.
No latch inferred for signal `\rq_mult_parallel.\n3224_o' from process `\rq_mult_parallel.$proc$peng_r3.v:16942$649'.
No latch inferred for signal `\rq_mult_parallel.\n3220_o' from process `\rq_mult_parallel.$proc$peng_r3.v:16926$648'.
No latch inferred for signal `\rq_mult_parallel.\n3216_o' from process `\rq_mult_parallel.$proc$peng_r3.v:16910$647'.
No latch inferred for signal `\rq_mult_parallel.\n3212_o' from process `\rq_mult_parallel.$proc$peng_r3.v:16894$646'.
No latch inferred for signal `\rq_mult_parallel.\n3208_o' from process `\rq_mult_parallel.$proc$peng_r3.v:16878$645'.
No latch inferred for signal `\rq_mult_parallel.\n3204_o' from process `\rq_mult_parallel.$proc$peng_r3.v:16862$644'.
No latch inferred for signal `\rq_mult_parallel.\n3200_o' from process `\rq_mult_parallel.$proc$peng_r3.v:16846$643'.
No latch inferred for signal `\rq_mult_parallel.\n3196_o' from process `\rq_mult_parallel.$proc$peng_r3.v:16830$642'.
No latch inferred for signal `\rq_mult_parallel.\n3192_o' from process `\rq_mult_parallel.$proc$peng_r3.v:16814$641'.
No latch inferred for signal `\rq_mult_parallel.\n3188_o' from process `\rq_mult_parallel.$proc$peng_r3.v:16798$640'.
No latch inferred for signal `\rq_mult_parallel.\n3184_o' from process `\rq_mult_parallel.$proc$peng_r3.v:16782$639'.
No latch inferred for signal `\rq_mult_parallel.\n3180_o' from process `\rq_mult_parallel.$proc$peng_r3.v:16766$638'.
No latch inferred for signal `\rq_mult_parallel.\n3176_o' from process `\rq_mult_parallel.$proc$peng_r3.v:16750$637'.
No latch inferred for signal `\rq_mult_parallel.\n3172_o' from process `\rq_mult_parallel.$proc$peng_r3.v:16734$636'.
No latch inferred for signal `\rq_mult_parallel.\n3168_o' from process `\rq_mult_parallel.$proc$peng_r3.v:16718$635'.
No latch inferred for signal `\rq_mult_parallel.\n3164_o' from process `\rq_mult_parallel.$proc$peng_r3.v:16702$634'.
No latch inferred for signal `\rq_mult_parallel.\n3160_o' from process `\rq_mult_parallel.$proc$peng_r3.v:16686$633'.
No latch inferred for signal `\rq_mult_parallel.\n3156_o' from process `\rq_mult_parallel.$proc$peng_r3.v:16670$632'.
No latch inferred for signal `\rq_mult_parallel.\n3152_o' from process `\rq_mult_parallel.$proc$peng_r3.v:16654$631'.
No latch inferred for signal `\rq_mult_parallel.\n3148_o' from process `\rq_mult_parallel.$proc$peng_r3.v:16638$630'.
No latch inferred for signal `\rq_mult_parallel.\n3144_o' from process `\rq_mult_parallel.$proc$peng_r3.v:16622$629'.
No latch inferred for signal `\rq_mult_parallel.\n3140_o' from process `\rq_mult_parallel.$proc$peng_r3.v:16606$628'.
No latch inferred for signal `\rq_mult_parallel.\n3136_o' from process `\rq_mult_parallel.$proc$peng_r3.v:16590$627'.
No latch inferred for signal `\rq_mult_parallel.\n3132_o' from process `\rq_mult_parallel.$proc$peng_r3.v:16574$626'.
No latch inferred for signal `\rq_mult_parallel.\n3128_o' from process `\rq_mult_parallel.$proc$peng_r3.v:16558$625'.
No latch inferred for signal `\rq_mult_parallel.\n3124_o' from process `\rq_mult_parallel.$proc$peng_r3.v:16542$624'.
No latch inferred for signal `\rq_mult_parallel.\n3120_o' from process `\rq_mult_parallel.$proc$peng_r3.v:16526$623'.
No latch inferred for signal `\rq_mult_parallel.\n3116_o' from process `\rq_mult_parallel.$proc$peng_r3.v:16510$622'.
No latch inferred for signal `\rq_mult_parallel.\n3112_o' from process `\rq_mult_parallel.$proc$peng_r3.v:16494$621'.
No latch inferred for signal `\rq_mult_parallel.\n3108_o' from process `\rq_mult_parallel.$proc$peng_r3.v:16478$620'.
No latch inferred for signal `\rq_mult_parallel.\n3104_o' from process `\rq_mult_parallel.$proc$peng_r3.v:16462$619'.
No latch inferred for signal `\rq_mult_parallel.\n3100_o' from process `\rq_mult_parallel.$proc$peng_r3.v:16446$618'.
No latch inferred for signal `\rq_mult_parallel.\n3096_o' from process `\rq_mult_parallel.$proc$peng_r3.v:16430$617'.
No latch inferred for signal `\rq_mult_parallel.\n3092_o' from process `\rq_mult_parallel.$proc$peng_r3.v:16414$616'.
No latch inferred for signal `\rq_mult_parallel.\n3088_o' from process `\rq_mult_parallel.$proc$peng_r3.v:16398$615'.
No latch inferred for signal `\rq_mult_parallel.\n3084_o' from process `\rq_mult_parallel.$proc$peng_r3.v:16382$614'.
No latch inferred for signal `\rq_mult_parallel.\n3080_o' from process `\rq_mult_parallel.$proc$peng_r3.v:16366$613'.
No latch inferred for signal `\rq_mult_parallel.\n3076_o' from process `\rq_mult_parallel.$proc$peng_r3.v:16350$612'.
No latch inferred for signal `\rq_mult_parallel.\n3072_o' from process `\rq_mult_parallel.$proc$peng_r3.v:16334$611'.
No latch inferred for signal `\rq_mult_parallel.\n3068_o' from process `\rq_mult_parallel.$proc$peng_r3.v:16318$610'.
No latch inferred for signal `\rq_mult_parallel.\n3064_o' from process `\rq_mult_parallel.$proc$peng_r3.v:16302$609'.
No latch inferred for signal `\rq_mult_parallel.\n3060_o' from process `\rq_mult_parallel.$proc$peng_r3.v:16286$608'.
No latch inferred for signal `\rq_mult_parallel.\n3056_o' from process `\rq_mult_parallel.$proc$peng_r3.v:16270$607'.
No latch inferred for signal `\rq_mult_parallel.\n3052_o' from process `\rq_mult_parallel.$proc$peng_r3.v:16254$606'.
No latch inferred for signal `\rq_mult_parallel.\n3048_o' from process `\rq_mult_parallel.$proc$peng_r3.v:16238$605'.
No latch inferred for signal `\rq_mult_parallel.\n3044_o' from process `\rq_mult_parallel.$proc$peng_r3.v:16222$604'.
No latch inferred for signal `\rq_mult_parallel.\n3040_o' from process `\rq_mult_parallel.$proc$peng_r3.v:16206$603'.
No latch inferred for signal `\rq_mult_parallel.\n3036_o' from process `\rq_mult_parallel.$proc$peng_r3.v:16190$602'.
No latch inferred for signal `\rq_mult_parallel.\n3032_o' from process `\rq_mult_parallel.$proc$peng_r3.v:16174$601'.
No latch inferred for signal `\rq_mult_parallel.\n3028_o' from process `\rq_mult_parallel.$proc$peng_r3.v:16158$600'.
No latch inferred for signal `\rq_mult_parallel.\n3024_o' from process `\rq_mult_parallel.$proc$peng_r3.v:16142$599'.
No latch inferred for signal `\rq_mult_parallel.\n3020_o' from process `\rq_mult_parallel.$proc$peng_r3.v:16126$598'.
No latch inferred for signal `\rq_mult_parallel.\n3016_o' from process `\rq_mult_parallel.$proc$peng_r3.v:16110$597'.
No latch inferred for signal `\rq_mult_parallel.\n3012_o' from process `\rq_mult_parallel.$proc$peng_r3.v:16094$596'.
No latch inferred for signal `\rq_mult_parallel.\n3008_o' from process `\rq_mult_parallel.$proc$peng_r3.v:16078$595'.
No latch inferred for signal `\rq_mult_parallel.\n3004_o' from process `\rq_mult_parallel.$proc$peng_r3.v:16062$594'.
No latch inferred for signal `\rq_mult_parallel.\n3000_o' from process `\rq_mult_parallel.$proc$peng_r3.v:16046$593'.
No latch inferred for signal `\rq_mult_parallel.\n2996_o' from process `\rq_mult_parallel.$proc$peng_r3.v:16030$592'.
No latch inferred for signal `\rq_mult_parallel.\n2992_o' from process `\rq_mult_parallel.$proc$peng_r3.v:16014$591'.
No latch inferred for signal `\rq_mult_parallel.\n2988_o' from process `\rq_mult_parallel.$proc$peng_r3.v:15998$590'.
No latch inferred for signal `\rq_mult_parallel.\n2984_o' from process `\rq_mult_parallel.$proc$peng_r3.v:15982$589'.
No latch inferred for signal `\rq_mult_parallel.\n2980_o' from process `\rq_mult_parallel.$proc$peng_r3.v:15966$588'.
No latch inferred for signal `\rq_mult_parallel.\n2976_o' from process `\rq_mult_parallel.$proc$peng_r3.v:15950$587'.
No latch inferred for signal `\rq_mult_parallel.\n2972_o' from process `\rq_mult_parallel.$proc$peng_r3.v:15934$586'.
No latch inferred for signal `\rq_mult_parallel.\n2968_o' from process `\rq_mult_parallel.$proc$peng_r3.v:15918$585'.
No latch inferred for signal `\rq_mult_parallel.\n2964_o' from process `\rq_mult_parallel.$proc$peng_r3.v:15902$584'.
No latch inferred for signal `\rq_mult_parallel.\n2960_o' from process `\rq_mult_parallel.$proc$peng_r3.v:15886$583'.
No latch inferred for signal `\rq_mult_parallel.\n2956_o' from process `\rq_mult_parallel.$proc$peng_r3.v:15870$582'.
No latch inferred for signal `\rq_mult_parallel.\n2952_o' from process `\rq_mult_parallel.$proc$peng_r3.v:15854$581'.
No latch inferred for signal `\rq_mult_parallel.\n2948_o' from process `\rq_mult_parallel.$proc$peng_r3.v:15838$580'.
No latch inferred for signal `\rq_mult_parallel.\n2944_o' from process `\rq_mult_parallel.$proc$peng_r3.v:15822$579'.
No latch inferred for signal `\rq_mult_parallel.\n2940_o' from process `\rq_mult_parallel.$proc$peng_r3.v:15806$578'.
No latch inferred for signal `\rq_mult_parallel.\n2936_o' from process `\rq_mult_parallel.$proc$peng_r3.v:15790$577'.
No latch inferred for signal `\rq_mult_parallel.\n2932_o' from process `\rq_mult_parallel.$proc$peng_r3.v:15774$576'.
No latch inferred for signal `\rq_mult_parallel.\n2928_o' from process `\rq_mult_parallel.$proc$peng_r3.v:15758$575'.
No latch inferred for signal `\rq_mult_parallel.\n2924_o' from process `\rq_mult_parallel.$proc$peng_r3.v:15742$574'.
No latch inferred for signal `\rq_mult_parallel.\n2920_o' from process `\rq_mult_parallel.$proc$peng_r3.v:15726$573'.
No latch inferred for signal `\rq_mult_parallel.\n2916_o' from process `\rq_mult_parallel.$proc$peng_r3.v:15710$572'.
No latch inferred for signal `\rq_mult_parallel.\n2912_o' from process `\rq_mult_parallel.$proc$peng_r3.v:15694$571'.
No latch inferred for signal `\rq_mult_parallel.\n2908_o' from process `\rq_mult_parallel.$proc$peng_r3.v:15678$570'.
No latch inferred for signal `\rq_mult_parallel.\n2904_o' from process `\rq_mult_parallel.$proc$peng_r3.v:15662$569'.
No latch inferred for signal `\rq_mult_parallel.\n2900_o' from process `\rq_mult_parallel.$proc$peng_r3.v:15646$568'.
No latch inferred for signal `\rq_mult_parallel.\n2896_o' from process `\rq_mult_parallel.$proc$peng_r3.v:15630$567'.
No latch inferred for signal `\rq_mult_parallel.\n2892_o' from process `\rq_mult_parallel.$proc$peng_r3.v:15614$566'.
No latch inferred for signal `\rq_mult_parallel.\n2888_o' from process `\rq_mult_parallel.$proc$peng_r3.v:15598$565'.
No latch inferred for signal `\rq_mult_parallel.\n2884_o' from process `\rq_mult_parallel.$proc$peng_r3.v:15582$564'.
No latch inferred for signal `\rq_mult_parallel.\n2880_o' from process `\rq_mult_parallel.$proc$peng_r3.v:15566$563'.
No latch inferred for signal `\rq_mult_parallel.\n2876_o' from process `\rq_mult_parallel.$proc$peng_r3.v:15550$562'.
No latch inferred for signal `\rq_mult_parallel.\n2872_o' from process `\rq_mult_parallel.$proc$peng_r3.v:15534$561'.
No latch inferred for signal `\rq_mult_parallel.\n2868_o' from process `\rq_mult_parallel.$proc$peng_r3.v:15518$560'.
No latch inferred for signal `\rq_mult_parallel.\n2864_o' from process `\rq_mult_parallel.$proc$peng_r3.v:15502$559'.
No latch inferred for signal `\rq_mult_parallel.\n2860_o' from process `\rq_mult_parallel.$proc$peng_r3.v:15486$558'.
No latch inferred for signal `\rq_mult_parallel.\n2856_o' from process `\rq_mult_parallel.$proc$peng_r3.v:15470$557'.
No latch inferred for signal `\rq_mult_parallel.\n2852_o' from process `\rq_mult_parallel.$proc$peng_r3.v:15454$556'.
No latch inferred for signal `\rq_mult_parallel.\n2848_o' from process `\rq_mult_parallel.$proc$peng_r3.v:15438$555'.
No latch inferred for signal `\rq_mult_parallel.\n2844_o' from process `\rq_mult_parallel.$proc$peng_r3.v:15422$554'.
No latch inferred for signal `\rq_mult_parallel.\n2840_o' from process `\rq_mult_parallel.$proc$peng_r3.v:15406$553'.
No latch inferred for signal `\rq_mult_parallel.\n2836_o' from process `\rq_mult_parallel.$proc$peng_r3.v:15390$552'.
No latch inferred for signal `\rq_mult_parallel.\n2832_o' from process `\rq_mult_parallel.$proc$peng_r3.v:15374$551'.
No latch inferred for signal `\rq_mult_parallel.\n2828_o' from process `\rq_mult_parallel.$proc$peng_r3.v:15358$550'.
No latch inferred for signal `\rq_mult_parallel.\n2824_o' from process `\rq_mult_parallel.$proc$peng_r3.v:15342$549'.
No latch inferred for signal `\rq_mult_parallel.\n2820_o' from process `\rq_mult_parallel.$proc$peng_r3.v:15326$548'.
No latch inferred for signal `\rq_mult_parallel.\n2816_o' from process `\rq_mult_parallel.$proc$peng_r3.v:15310$547'.
No latch inferred for signal `\rq_mult_parallel.\n2812_o' from process `\rq_mult_parallel.$proc$peng_r3.v:15294$546'.
No latch inferred for signal `\rq_mult_parallel.\n2808_o' from process `\rq_mult_parallel.$proc$peng_r3.v:15278$545'.
No latch inferred for signal `\rq_mult_parallel.\n2804_o' from process `\rq_mult_parallel.$proc$peng_r3.v:15262$544'.
No latch inferred for signal `\rq_mult_parallel.\n2800_o' from process `\rq_mult_parallel.$proc$peng_r3.v:15246$543'.
No latch inferred for signal `\rq_mult_parallel.\n2796_o' from process `\rq_mult_parallel.$proc$peng_r3.v:15230$542'.
No latch inferred for signal `\rq_mult_parallel.\n2792_o' from process `\rq_mult_parallel.$proc$peng_r3.v:15214$541'.
No latch inferred for signal `\rq_mult_parallel.\n2788_o' from process `\rq_mult_parallel.$proc$peng_r3.v:15198$540'.
No latch inferred for signal `\rq_mult_parallel.\n2784_o' from process `\rq_mult_parallel.$proc$peng_r3.v:15182$539'.
No latch inferred for signal `\rq_mult_parallel.\n2780_o' from process `\rq_mult_parallel.$proc$peng_r3.v:15166$538'.
No latch inferred for signal `\rq_mult_parallel.\n2776_o' from process `\rq_mult_parallel.$proc$peng_r3.v:15150$537'.
No latch inferred for signal `\rq_mult_parallel.\n2772_o' from process `\rq_mult_parallel.$proc$peng_r3.v:15134$536'.
No latch inferred for signal `\rq_mult_parallel.\n2768_o' from process `\rq_mult_parallel.$proc$peng_r3.v:15118$535'.
No latch inferred for signal `\rq_mult_parallel.\n2764_o' from process `\rq_mult_parallel.$proc$peng_r3.v:15102$534'.
No latch inferred for signal `\rq_mult_parallel.\n2760_o' from process `\rq_mult_parallel.$proc$peng_r3.v:15086$533'.
No latch inferred for signal `\rq_mult_parallel.\n2756_o' from process `\rq_mult_parallel.$proc$peng_r3.v:15070$532'.
No latch inferred for signal `\rq_mult_parallel.\n2752_o' from process `\rq_mult_parallel.$proc$peng_r3.v:15054$531'.
No latch inferred for signal `\rq_mult_parallel.\n2748_o' from process `\rq_mult_parallel.$proc$peng_r3.v:15038$530'.
No latch inferred for signal `\rq_mult_parallel.\n2744_o' from process `\rq_mult_parallel.$proc$peng_r3.v:15022$529'.
No latch inferred for signal `\rq_mult_parallel.\n2740_o' from process `\rq_mult_parallel.$proc$peng_r3.v:15006$528'.
No latch inferred for signal `\rq_mult_parallel.\n2736_o' from process `\rq_mult_parallel.$proc$peng_r3.v:14990$527'.
No latch inferred for signal `\rq_mult_parallel.\n2732_o' from process `\rq_mult_parallel.$proc$peng_r3.v:14974$526'.
No latch inferred for signal `\rq_mult_parallel.\n2728_o' from process `\rq_mult_parallel.$proc$peng_r3.v:14958$525'.
No latch inferred for signal `\rq_mult_parallel.\n2724_o' from process `\rq_mult_parallel.$proc$peng_r3.v:14942$524'.
No latch inferred for signal `\rq_mult_parallel.\n2720_o' from process `\rq_mult_parallel.$proc$peng_r3.v:14926$523'.
No latch inferred for signal `\rq_mult_parallel.\n2716_o' from process `\rq_mult_parallel.$proc$peng_r3.v:14910$522'.
No latch inferred for signal `\rq_mult_parallel.\n2712_o' from process `\rq_mult_parallel.$proc$peng_r3.v:14894$521'.
No latch inferred for signal `\rq_mult_parallel.\n2708_o' from process `\rq_mult_parallel.$proc$peng_r3.v:14878$520'.
No latch inferred for signal `\rq_mult_parallel.\n2704_o' from process `\rq_mult_parallel.$proc$peng_r3.v:14862$519'.
No latch inferred for signal `\rq_mult_parallel.\n2700_o' from process `\rq_mult_parallel.$proc$peng_r3.v:14846$518'.
No latch inferred for signal `\rq_mult_parallel.\n2696_o' from process `\rq_mult_parallel.$proc$peng_r3.v:14830$517'.
No latch inferred for signal `\rq_mult_parallel.\n2692_o' from process `\rq_mult_parallel.$proc$peng_r3.v:14814$516'.
No latch inferred for signal `\rq_mult_parallel.\n2688_o' from process `\rq_mult_parallel.$proc$peng_r3.v:14798$515'.
No latch inferred for signal `\rq_mult_parallel.\n2684_o' from process `\rq_mult_parallel.$proc$peng_r3.v:14782$514'.
No latch inferred for signal `\rq_mult_parallel.\n2680_o' from process `\rq_mult_parallel.$proc$peng_r3.v:14766$513'.
No latch inferred for signal `\rq_mult_parallel.\n2676_o' from process `\rq_mult_parallel.$proc$peng_r3.v:14750$512'.
No latch inferred for signal `\rq_mult_parallel.\n2672_o' from process `\rq_mult_parallel.$proc$peng_r3.v:14734$511'.
No latch inferred for signal `\rq_mult_parallel.\n2668_o' from process `\rq_mult_parallel.$proc$peng_r3.v:14718$510'.
No latch inferred for signal `\rq_mult_parallel.\n2664_o' from process `\rq_mult_parallel.$proc$peng_r3.v:14702$509'.
No latch inferred for signal `\rq_mult_parallel.\n2660_o' from process `\rq_mult_parallel.$proc$peng_r3.v:14686$508'.
No latch inferred for signal `\rq_mult_parallel.\n2656_o' from process `\rq_mult_parallel.$proc$peng_r3.v:14670$507'.
No latch inferred for signal `\rq_mult_parallel.\n2652_o' from process `\rq_mult_parallel.$proc$peng_r3.v:14654$506'.
No latch inferred for signal `\rq_mult_parallel.\n2648_o' from process `\rq_mult_parallel.$proc$peng_r3.v:14638$505'.
No latch inferred for signal `\rq_mult_parallel.\n2644_o' from process `\rq_mult_parallel.$proc$peng_r3.v:14622$504'.
No latch inferred for signal `\rq_mult_parallel.\n2640_o' from process `\rq_mult_parallel.$proc$peng_r3.v:14606$503'.
No latch inferred for signal `\rq_mult_parallel.\n2636_o' from process `\rq_mult_parallel.$proc$peng_r3.v:14590$502'.
No latch inferred for signal `\rq_mult_parallel.\n2632_o' from process `\rq_mult_parallel.$proc$peng_r3.v:14574$501'.
No latch inferred for signal `\rq_mult_parallel.\n2628_o' from process `\rq_mult_parallel.$proc$peng_r3.v:14558$500'.
No latch inferred for signal `\rq_mult_parallel.\n2624_o' from process `\rq_mult_parallel.$proc$peng_r3.v:14542$499'.
No latch inferred for signal `\rq_mult_parallel.\n2620_o' from process `\rq_mult_parallel.$proc$peng_r3.v:14526$498'.
No latch inferred for signal `\rq_mult_parallel.\n2616_o' from process `\rq_mult_parallel.$proc$peng_r3.v:14510$497'.
No latch inferred for signal `\rq_mult_parallel.\n2612_o' from process `\rq_mult_parallel.$proc$peng_r3.v:14494$496'.
No latch inferred for signal `\rq_mult_parallel.\n2608_o' from process `\rq_mult_parallel.$proc$peng_r3.v:14478$495'.
No latch inferred for signal `\rq_mult_parallel.\n2604_o' from process `\rq_mult_parallel.$proc$peng_r3.v:14462$494'.
No latch inferred for signal `\rq_mult_parallel.\n2600_o' from process `\rq_mult_parallel.$proc$peng_r3.v:14446$493'.
No latch inferred for signal `\rq_mult_parallel.\n2596_o' from process `\rq_mult_parallel.$proc$peng_r3.v:14430$492'.
No latch inferred for signal `\rq_mult_parallel.\n2592_o' from process `\rq_mult_parallel.$proc$peng_r3.v:14414$491'.
No latch inferred for signal `\rq_mult_parallel.\n2588_o' from process `\rq_mult_parallel.$proc$peng_r3.v:14398$490'.
No latch inferred for signal `\rq_mult_parallel.\n2584_o' from process `\rq_mult_parallel.$proc$peng_r3.v:14382$489'.
No latch inferred for signal `\rq_mult_parallel.\n2580_o' from process `\rq_mult_parallel.$proc$peng_r3.v:14366$488'.
No latch inferred for signal `\rq_mult_parallel.\n2576_o' from process `\rq_mult_parallel.$proc$peng_r3.v:14350$487'.
No latch inferred for signal `\rq_mult_parallel.\n2572_o' from process `\rq_mult_parallel.$proc$peng_r3.v:14334$486'.
No latch inferred for signal `\rq_mult_parallel.\n2568_o' from process `\rq_mult_parallel.$proc$peng_r3.v:14318$485'.
No latch inferred for signal `\rq_mult_parallel.\n2564_o' from process `\rq_mult_parallel.$proc$peng_r3.v:14302$484'.
No latch inferred for signal `\rq_mult_parallel.\n2560_o' from process `\rq_mult_parallel.$proc$peng_r3.v:14286$483'.
No latch inferred for signal `\rq_mult_parallel.\n2556_o' from process `\rq_mult_parallel.$proc$peng_r3.v:14270$482'.
No latch inferred for signal `\rq_mult_parallel.\n2552_o' from process `\rq_mult_parallel.$proc$peng_r3.v:14254$481'.
No latch inferred for signal `\rq_mult_parallel.\n2548_o' from process `\rq_mult_parallel.$proc$peng_r3.v:14238$480'.
No latch inferred for signal `\rq_mult_parallel.\n2544_o' from process `\rq_mult_parallel.$proc$peng_r3.v:14222$479'.
No latch inferred for signal `\rq_mult_parallel.\n2540_o' from process `\rq_mult_parallel.$proc$peng_r3.v:14206$478'.
No latch inferred for signal `\rq_mult_parallel.\n2536_o' from process `\rq_mult_parallel.$proc$peng_r3.v:14190$477'.
No latch inferred for signal `\rq_mult_parallel.\n2532_o' from process `\rq_mult_parallel.$proc$peng_r3.v:14174$476'.
No latch inferred for signal `\rq_mult_parallel.\n2528_o' from process `\rq_mult_parallel.$proc$peng_r3.v:14158$475'.
No latch inferred for signal `\rq_mult_parallel.\n2524_o' from process `\rq_mult_parallel.$proc$peng_r3.v:14142$474'.
No latch inferred for signal `\rq_mult_parallel.\n2520_o' from process `\rq_mult_parallel.$proc$peng_r3.v:14126$473'.
No latch inferred for signal `\rq_mult_parallel.\n2516_o' from process `\rq_mult_parallel.$proc$peng_r3.v:14110$472'.
No latch inferred for signal `\rq_mult_parallel.\n2512_o' from process `\rq_mult_parallel.$proc$peng_r3.v:14094$471'.
No latch inferred for signal `\rq_mult_parallel.\n2508_o' from process `\rq_mult_parallel.$proc$peng_r3.v:14078$470'.
No latch inferred for signal `\rq_mult_parallel.\n2504_o' from process `\rq_mult_parallel.$proc$peng_r3.v:14062$469'.
No latch inferred for signal `\rq_mult_parallel.\n2500_o' from process `\rq_mult_parallel.$proc$peng_r3.v:14046$468'.
No latch inferred for signal `\rq_mult_parallel.\n2496_o' from process `\rq_mult_parallel.$proc$peng_r3.v:14030$467'.
No latch inferred for signal `\rq_mult_parallel.\n2492_o' from process `\rq_mult_parallel.$proc$peng_r3.v:14014$466'.
No latch inferred for signal `\rq_mult_parallel.\n2488_o' from process `\rq_mult_parallel.$proc$peng_r3.v:13998$465'.
No latch inferred for signal `\rq_mult_parallel.\n2484_o' from process `\rq_mult_parallel.$proc$peng_r3.v:13982$464'.
No latch inferred for signal `\rq_mult_parallel.\n2480_o' from process `\rq_mult_parallel.$proc$peng_r3.v:13966$463'.
No latch inferred for signal `\rq_mult_parallel.\n2476_o' from process `\rq_mult_parallel.$proc$peng_r3.v:13950$462'.
No latch inferred for signal `\rq_mult_parallel.\n2472_o' from process `\rq_mult_parallel.$proc$peng_r3.v:13934$461'.
No latch inferred for signal `\rq_mult_parallel.\n2468_o' from process `\rq_mult_parallel.$proc$peng_r3.v:13918$460'.
No latch inferred for signal `\rq_mult_parallel.\n2464_o' from process `\rq_mult_parallel.$proc$peng_r3.v:13902$459'.
No latch inferred for signal `\rq_mult_parallel.\n2460_o' from process `\rq_mult_parallel.$proc$peng_r3.v:13886$458'.
No latch inferred for signal `\rq_mult_parallel.\n2456_o' from process `\rq_mult_parallel.$proc$peng_r3.v:13870$457'.
No latch inferred for signal `\rq_mult_parallel.\n2452_o' from process `\rq_mult_parallel.$proc$peng_r3.v:13854$456'.
No latch inferred for signal `\rq_mult_parallel.\n2448_o' from process `\rq_mult_parallel.$proc$peng_r3.v:13838$455'.
No latch inferred for signal `\rq_mult_parallel.\n2444_o' from process `\rq_mult_parallel.$proc$peng_r3.v:13822$454'.
No latch inferred for signal `\rq_mult_parallel.\n2440_o' from process `\rq_mult_parallel.$proc$peng_r3.v:13806$453'.
No latch inferred for signal `\rq_mult_parallel.\n2436_o' from process `\rq_mult_parallel.$proc$peng_r3.v:13790$452'.
No latch inferred for signal `\rq_mult_parallel.\n2432_o' from process `\rq_mult_parallel.$proc$peng_r3.v:13774$451'.
No latch inferred for signal `\rq_mult_parallel.\n2428_o' from process `\rq_mult_parallel.$proc$peng_r3.v:13758$450'.
No latch inferred for signal `\rq_mult_parallel.\n2424_o' from process `\rq_mult_parallel.$proc$peng_r3.v:13742$449'.
No latch inferred for signal `\rq_mult_parallel.\n2420_o' from process `\rq_mult_parallel.$proc$peng_r3.v:13726$448'.
No latch inferred for signal `\rq_mult_parallel.\n2416_o' from process `\rq_mult_parallel.$proc$peng_r3.v:13710$447'.
No latch inferred for signal `\rq_mult_parallel.\n2412_o' from process `\rq_mult_parallel.$proc$peng_r3.v:13694$446'.
No latch inferred for signal `\rq_mult_parallel.\n2408_o' from process `\rq_mult_parallel.$proc$peng_r3.v:13678$445'.
No latch inferred for signal `\rq_mult_parallel.\n2404_o' from process `\rq_mult_parallel.$proc$peng_r3.v:13662$444'.
No latch inferred for signal `\rq_mult_parallel.\n2400_o' from process `\rq_mult_parallel.$proc$peng_r3.v:13646$443'.
No latch inferred for signal `\rq_mult_parallel.\n2396_o' from process `\rq_mult_parallel.$proc$peng_r3.v:13630$442'.
No latch inferred for signal `\rq_mult_parallel.\n2392_o' from process `\rq_mult_parallel.$proc$peng_r3.v:13614$441'.
No latch inferred for signal `\rq_mult_parallel.\n2388_o' from process `\rq_mult_parallel.$proc$peng_r3.v:13598$440'.
No latch inferred for signal `\rq_mult_parallel.\n2384_o' from process `\rq_mult_parallel.$proc$peng_r3.v:13582$439'.
No latch inferred for signal `\rq_mult_parallel.\n2380_o' from process `\rq_mult_parallel.$proc$peng_r3.v:13566$438'.
No latch inferred for signal `\rq_mult_parallel.\n2376_o' from process `\rq_mult_parallel.$proc$peng_r3.v:13550$437'.
No latch inferred for signal `\rq_mult_parallel.\n2372_o' from process `\rq_mult_parallel.$proc$peng_r3.v:13534$436'.
No latch inferred for signal `\rq_mult_parallel.\n2368_o' from process `\rq_mult_parallel.$proc$peng_r3.v:13518$435'.
No latch inferred for signal `\rq_mult_parallel.\n2364_o' from process `\rq_mult_parallel.$proc$peng_r3.v:13502$434'.
No latch inferred for signal `\rq_mult_parallel.\n2360_o' from process `\rq_mult_parallel.$proc$peng_r3.v:13486$433'.
No latch inferred for signal `\rq_mult_parallel.\n2356_o' from process `\rq_mult_parallel.$proc$peng_r3.v:13470$432'.
No latch inferred for signal `\rq_mult_parallel.\n2352_o' from process `\rq_mult_parallel.$proc$peng_r3.v:13454$431'.
No latch inferred for signal `\rq_mult_parallel.\n2348_o' from process `\rq_mult_parallel.$proc$peng_r3.v:13438$430'.
No latch inferred for signal `\rq_mult_parallel.\n2344_o' from process `\rq_mult_parallel.$proc$peng_r3.v:13422$429'.
No latch inferred for signal `\rq_mult_parallel.\n2340_o' from process `\rq_mult_parallel.$proc$peng_r3.v:13406$428'.
No latch inferred for signal `\rq_mult_parallel.\n2336_o' from process `\rq_mult_parallel.$proc$peng_r3.v:13390$427'.
No latch inferred for signal `\rq_mult_parallel.\n2332_o' from process `\rq_mult_parallel.$proc$peng_r3.v:13374$426'.
No latch inferred for signal `\rq_mult_parallel.\n2328_o' from process `\rq_mult_parallel.$proc$peng_r3.v:13358$425'.
No latch inferred for signal `\rq_mult_parallel.\n2324_o' from process `\rq_mult_parallel.$proc$peng_r3.v:13342$424'.
No latch inferred for signal `\rq_mult_parallel.\n2320_o' from process `\rq_mult_parallel.$proc$peng_r3.v:13326$423'.
No latch inferred for signal `\rq_mult_parallel.\n2316_o' from process `\rq_mult_parallel.$proc$peng_r3.v:13310$422'.
No latch inferred for signal `\rq_mult_parallel.\n2312_o' from process `\rq_mult_parallel.$proc$peng_r3.v:13294$421'.
No latch inferred for signal `\rq_mult_parallel.\n2308_o' from process `\rq_mult_parallel.$proc$peng_r3.v:13278$420'.
No latch inferred for signal `\rq_mult_parallel.\n2304_o' from process `\rq_mult_parallel.$proc$peng_r3.v:13262$419'.
No latch inferred for signal `\rq_mult_parallel.\n2300_o' from process `\rq_mult_parallel.$proc$peng_r3.v:13246$418'.
No latch inferred for signal `\rq_mult_parallel.\n2296_o' from process `\rq_mult_parallel.$proc$peng_r3.v:13230$417'.
No latch inferred for signal `\rq_mult_parallel.\n2292_o' from process `\rq_mult_parallel.$proc$peng_r3.v:13214$416'.
No latch inferred for signal `\rq_mult_parallel.\n2288_o' from process `\rq_mult_parallel.$proc$peng_r3.v:13198$415'.
No latch inferred for signal `\rq_mult_parallel.\n2284_o' from process `\rq_mult_parallel.$proc$peng_r3.v:13182$414'.
No latch inferred for signal `\rq_mult_parallel.\n2280_o' from process `\rq_mult_parallel.$proc$peng_r3.v:13166$413'.
No latch inferred for signal `\rq_mult_parallel.\n2276_o' from process `\rq_mult_parallel.$proc$peng_r3.v:13150$412'.
No latch inferred for signal `\rq_mult_parallel.\n2272_o' from process `\rq_mult_parallel.$proc$peng_r3.v:13134$411'.
No latch inferred for signal `\rq_mult_parallel.\n2268_o' from process `\rq_mult_parallel.$proc$peng_r3.v:13118$410'.
No latch inferred for signal `\rq_mult_parallel.\n2264_o' from process `\rq_mult_parallel.$proc$peng_r3.v:13102$409'.
No latch inferred for signal `\rq_mult_parallel.\n2260_o' from process `\rq_mult_parallel.$proc$peng_r3.v:13086$408'.
No latch inferred for signal `\rq_mult_parallel.\n2256_o' from process `\rq_mult_parallel.$proc$peng_r3.v:13070$407'.
No latch inferred for signal `\rq_mult_parallel.\n2252_o' from process `\rq_mult_parallel.$proc$peng_r3.v:13054$406'.
No latch inferred for signal `\rq_mult_parallel.\n2248_o' from process `\rq_mult_parallel.$proc$peng_r3.v:13038$405'.
No latch inferred for signal `\rq_mult_parallel.\n2244_o' from process `\rq_mult_parallel.$proc$peng_r3.v:13022$404'.
No latch inferred for signal `\rq_mult_parallel.\n2240_o' from process `\rq_mult_parallel.$proc$peng_r3.v:13006$403'.
No latch inferred for signal `\rq_mult_parallel.\n2236_o' from process `\rq_mult_parallel.$proc$peng_r3.v:12990$402'.
No latch inferred for signal `\rq_mult_parallel.\n2232_o' from process `\rq_mult_parallel.$proc$peng_r3.v:12974$401'.
No latch inferred for signal `\rq_mult_parallel.\n2228_o' from process `\rq_mult_parallel.$proc$peng_r3.v:12958$400'.
No latch inferred for signal `\rq_mult_parallel.\n2224_o' from process `\rq_mult_parallel.$proc$peng_r3.v:12942$399'.
No latch inferred for signal `\rq_mult_parallel.\n2220_o' from process `\rq_mult_parallel.$proc$peng_r3.v:12926$398'.
No latch inferred for signal `\rq_mult_parallel.\n2216_o' from process `\rq_mult_parallel.$proc$peng_r3.v:12910$397'.
No latch inferred for signal `\rq_mult_parallel.\n2212_o' from process `\rq_mult_parallel.$proc$peng_r3.v:12894$396'.
No latch inferred for signal `\rq_mult_parallel.\n2208_o' from process `\rq_mult_parallel.$proc$peng_r3.v:12878$395'.
No latch inferred for signal `\rq_mult_parallel.\n2204_o' from process `\rq_mult_parallel.$proc$peng_r3.v:12862$394'.
No latch inferred for signal `\rq_mult_parallel.\n2200_o' from process `\rq_mult_parallel.$proc$peng_r3.v:12846$393'.
No latch inferred for signal `\rq_mult_parallel.\n2196_o' from process `\rq_mult_parallel.$proc$peng_r3.v:12830$392'.
No latch inferred for signal `\rq_mult_parallel.\n2192_o' from process `\rq_mult_parallel.$proc$peng_r3.v:12814$391'.
No latch inferred for signal `\rq_mult_parallel.\n2188_o' from process `\rq_mult_parallel.$proc$peng_r3.v:12798$390'.
No latch inferred for signal `\rq_mult_parallel.\n2184_o' from process `\rq_mult_parallel.$proc$peng_r3.v:12782$389'.
No latch inferred for signal `\rq_mult_parallel.\n2180_o' from process `\rq_mult_parallel.$proc$peng_r3.v:12766$388'.
No latch inferred for signal `\rq_mult_parallel.\n2176_o' from process `\rq_mult_parallel.$proc$peng_r3.v:12750$387'.
No latch inferred for signal `\rq_mult_parallel.\n2172_o' from process `\rq_mult_parallel.$proc$peng_r3.v:12734$386'.
No latch inferred for signal `\rq_mult_parallel.\n2168_o' from process `\rq_mult_parallel.$proc$peng_r3.v:12718$385'.
No latch inferred for signal `\rq_mult_parallel.\n2164_o' from process `\rq_mult_parallel.$proc$peng_r3.v:12702$384'.
No latch inferred for signal `\rq_mult_parallel.\n2160_o' from process `\rq_mult_parallel.$proc$peng_r3.v:12686$383'.
No latch inferred for signal `\rq_mult_parallel.\n2156_o' from process `\rq_mult_parallel.$proc$peng_r3.v:12670$382'.
No latch inferred for signal `\rq_mult_parallel.\n2152_o' from process `\rq_mult_parallel.$proc$peng_r3.v:12654$381'.
No latch inferred for signal `\rq_mult_parallel.\n2148_o' from process `\rq_mult_parallel.$proc$peng_r3.v:12638$380'.
No latch inferred for signal `\rq_mult_parallel.\n2144_o' from process `\rq_mult_parallel.$proc$peng_r3.v:12622$379'.
No latch inferred for signal `\rq_mult_parallel.\n2140_o' from process `\rq_mult_parallel.$proc$peng_r3.v:12606$378'.
No latch inferred for signal `\rq_mult_parallel.\n2136_o' from process `\rq_mult_parallel.$proc$peng_r3.v:12590$377'.
No latch inferred for signal `\rq_mult_parallel.\n2132_o' from process `\rq_mult_parallel.$proc$peng_r3.v:12574$376'.
No latch inferred for signal `\rq_mult_parallel.\n2128_o' from process `\rq_mult_parallel.$proc$peng_r3.v:12558$375'.
No latch inferred for signal `\rq_mult_parallel.\n2124_o' from process `\rq_mult_parallel.$proc$peng_r3.v:12542$374'.
No latch inferred for signal `\rq_mult_parallel.\n2120_o' from process `\rq_mult_parallel.$proc$peng_r3.v:12526$373'.
No latch inferred for signal `\rq_mult_parallel.\n2116_o' from process `\rq_mult_parallel.$proc$peng_r3.v:12510$372'.
No latch inferred for signal `\rq_mult_parallel.\n2112_o' from process `\rq_mult_parallel.$proc$peng_r3.v:12494$371'.
No latch inferred for signal `\rq_mult_parallel.\n2108_o' from process `\rq_mult_parallel.$proc$peng_r3.v:12478$370'.
No latch inferred for signal `\rq_mult_parallel.\n2104_o' from process `\rq_mult_parallel.$proc$peng_r3.v:12462$369'.
No latch inferred for signal `\rq_mult_parallel.\n2100_o' from process `\rq_mult_parallel.$proc$peng_r3.v:12446$368'.
No latch inferred for signal `\rq_mult_parallel.\n2096_o' from process `\rq_mult_parallel.$proc$peng_r3.v:12430$367'.
No latch inferred for signal `\rq_mult_parallel.\n2092_o' from process `\rq_mult_parallel.$proc$peng_r3.v:12414$366'.
No latch inferred for signal `\rq_mult_parallel.\n2088_o' from process `\rq_mult_parallel.$proc$peng_r3.v:12398$365'.
No latch inferred for signal `\rq_mult_parallel.\n2084_o' from process `\rq_mult_parallel.$proc$peng_r3.v:12382$364'.
No latch inferred for signal `\rq_mult_parallel.\n2080_o' from process `\rq_mult_parallel.$proc$peng_r3.v:12366$363'.
No latch inferred for signal `\rq_mult_parallel.\n2076_o' from process `\rq_mult_parallel.$proc$peng_r3.v:12350$362'.
No latch inferred for signal `\rq_mult_parallel.\n2072_o' from process `\rq_mult_parallel.$proc$peng_r3.v:12334$361'.
No latch inferred for signal `\rq_mult_parallel.\n2068_o' from process `\rq_mult_parallel.$proc$peng_r3.v:12318$360'.
No latch inferred for signal `\rq_mult_parallel.\n2064_o' from process `\rq_mult_parallel.$proc$peng_r3.v:12302$359'.
No latch inferred for signal `\rq_mult_parallel.\n2060_o' from process `\rq_mult_parallel.$proc$peng_r3.v:12286$358'.
No latch inferred for signal `\rq_mult_parallel.\n2056_o' from process `\rq_mult_parallel.$proc$peng_r3.v:12270$357'.
No latch inferred for signal `\rq_mult_parallel.\n2052_o' from process `\rq_mult_parallel.$proc$peng_r3.v:12254$356'.
No latch inferred for signal `\rq_mult_parallel.\n2048_o' from process `\rq_mult_parallel.$proc$peng_r3.v:12238$355'.
No latch inferred for signal `\rq_mult_parallel.\n2044_o' from process `\rq_mult_parallel.$proc$peng_r3.v:12222$354'.
No latch inferred for signal `\rq_mult_parallel.\n2040_o' from process `\rq_mult_parallel.$proc$peng_r3.v:12206$353'.
No latch inferred for signal `\rq_mult_parallel.\n2036_o' from process `\rq_mult_parallel.$proc$peng_r3.v:12190$352'.
No latch inferred for signal `\rq_mult_parallel.\n2032_o' from process `\rq_mult_parallel.$proc$peng_r3.v:12174$351'.
No latch inferred for signal `\rq_mult_parallel.\n2028_o' from process `\rq_mult_parallel.$proc$peng_r3.v:12158$350'.
No latch inferred for signal `\rq_mult_parallel.\n2024_o' from process `\rq_mult_parallel.$proc$peng_r3.v:12142$349'.
No latch inferred for signal `\rq_mult_parallel.\n2020_o' from process `\rq_mult_parallel.$proc$peng_r3.v:12126$348'.
No latch inferred for signal `\rq_mult_parallel.\n2016_o' from process `\rq_mult_parallel.$proc$peng_r3.v:12110$347'.
No latch inferred for signal `\rq_mult_parallel.\n2012_o' from process `\rq_mult_parallel.$proc$peng_r3.v:12094$346'.
No latch inferred for signal `\rq_mult_parallel.\n2008_o' from process `\rq_mult_parallel.$proc$peng_r3.v:12078$345'.
No latch inferred for signal `\rq_mult_parallel.\n2004_o' from process `\rq_mult_parallel.$proc$peng_r3.v:12062$344'.
No latch inferred for signal `\rq_mult_parallel.\n2000_o' from process `\rq_mult_parallel.$proc$peng_r3.v:12046$343'.
No latch inferred for signal `\rq_mult_parallel.\n1996_o' from process `\rq_mult_parallel.$proc$peng_r3.v:12030$342'.
No latch inferred for signal `\rq_mult_parallel.\n1992_o' from process `\rq_mult_parallel.$proc$peng_r3.v:12014$341'.
No latch inferred for signal `\rq_mult_parallel.\n1988_o' from process `\rq_mult_parallel.$proc$peng_r3.v:11998$340'.
No latch inferred for signal `\rq_mult_parallel.\n1984_o' from process `\rq_mult_parallel.$proc$peng_r3.v:11982$339'.
No latch inferred for signal `\rq_mult_parallel.\n1980_o' from process `\rq_mult_parallel.$proc$peng_r3.v:11966$338'.
No latch inferred for signal `\rq_mult_parallel.\n1976_o' from process `\rq_mult_parallel.$proc$peng_r3.v:11950$337'.
No latch inferred for signal `\rq_mult_parallel.\n1972_o' from process `\rq_mult_parallel.$proc$peng_r3.v:11934$336'.
No latch inferred for signal `\rq_mult_parallel.\n1968_o' from process `\rq_mult_parallel.$proc$peng_r3.v:11918$335'.
No latch inferred for signal `\rq_mult_parallel.\n1964_o' from process `\rq_mult_parallel.$proc$peng_r3.v:11902$334'.
No latch inferred for signal `\rq_mult_parallel.\n1960_o' from process `\rq_mult_parallel.$proc$peng_r3.v:11886$333'.
No latch inferred for signal `\rq_mult_parallel.\n1956_o' from process `\rq_mult_parallel.$proc$peng_r3.v:11870$332'.
No latch inferred for signal `\rq_mult_parallel.\n1952_o' from process `\rq_mult_parallel.$proc$peng_r3.v:11854$331'.
No latch inferred for signal `\rq_mult_parallel.\n1948_o' from process `\rq_mult_parallel.$proc$peng_r3.v:11838$330'.
No latch inferred for signal `\rq_mult_parallel.\n1944_o' from process `\rq_mult_parallel.$proc$peng_r3.v:11822$329'.
No latch inferred for signal `\rq_mult_parallel.\n1940_o' from process `\rq_mult_parallel.$proc$peng_r3.v:11806$328'.
No latch inferred for signal `\rq_mult_parallel.\n1936_o' from process `\rq_mult_parallel.$proc$peng_r3.v:11790$327'.
No latch inferred for signal `\rq_mult_parallel.\n1932_o' from process `\rq_mult_parallel.$proc$peng_r3.v:11774$326'.
No latch inferred for signal `\rq_mult_parallel.\n1928_o' from process `\rq_mult_parallel.$proc$peng_r3.v:11758$325'.
No latch inferred for signal `\rq_mult_parallel.\n1924_o' from process `\rq_mult_parallel.$proc$peng_r3.v:11742$324'.
No latch inferred for signal `\rq_mult_parallel.\n1920_o' from process `\rq_mult_parallel.$proc$peng_r3.v:11726$323'.
No latch inferred for signal `\rq_mult_parallel.\n1916_o' from process `\rq_mult_parallel.$proc$peng_r3.v:11710$322'.
No latch inferred for signal `\rq_mult_parallel.\n1912_o' from process `\rq_mult_parallel.$proc$peng_r3.v:11694$321'.
No latch inferred for signal `\rq_mult_parallel.\n1908_o' from process `\rq_mult_parallel.$proc$peng_r3.v:11678$320'.
No latch inferred for signal `\rq_mult_parallel.\n1904_o' from process `\rq_mult_parallel.$proc$peng_r3.v:11662$319'.
No latch inferred for signal `\rq_mult_parallel.\n1900_o' from process `\rq_mult_parallel.$proc$peng_r3.v:11646$318'.
No latch inferred for signal `\rq_mult_parallel.\n1896_o' from process `\rq_mult_parallel.$proc$peng_r3.v:11630$317'.
No latch inferred for signal `\rq_mult_parallel.\n1892_o' from process `\rq_mult_parallel.$proc$peng_r3.v:11614$316'.
No latch inferred for signal `\rq_mult_parallel.\n1888_o' from process `\rq_mult_parallel.$proc$peng_r3.v:11598$315'.
No latch inferred for signal `\rq_mult_parallel.\n1884_o' from process `\rq_mult_parallel.$proc$peng_r3.v:11582$314'.
No latch inferred for signal `\rq_mult_parallel.\n1880_o' from process `\rq_mult_parallel.$proc$peng_r3.v:11566$313'.
No latch inferred for signal `\rq_mult_parallel.\n1876_o' from process `\rq_mult_parallel.$proc$peng_r3.v:11550$312'.
No latch inferred for signal `\rq_mult_parallel.\n1872_o' from process `\rq_mult_parallel.$proc$peng_r3.v:11534$311'.
No latch inferred for signal `\rq_mult_parallel.\n1868_o' from process `\rq_mult_parallel.$proc$peng_r3.v:11518$310'.
No latch inferred for signal `\rq_mult_parallel.\n1864_o' from process `\rq_mult_parallel.$proc$peng_r3.v:11502$309'.
No latch inferred for signal `\rq_mult_parallel.\n1860_o' from process `\rq_mult_parallel.$proc$peng_r3.v:11486$308'.
No latch inferred for signal `\rq_mult_parallel.\n1856_o' from process `\rq_mult_parallel.$proc$peng_r3.v:11470$307'.
No latch inferred for signal `\rq_mult_parallel.\n1852_o' from process `\rq_mult_parallel.$proc$peng_r3.v:11454$306'.
No latch inferred for signal `\rq_mult_parallel.\n1848_o' from process `\rq_mult_parallel.$proc$peng_r3.v:11438$305'.
No latch inferred for signal `\rq_mult_parallel.\n1844_o' from process `\rq_mult_parallel.$proc$peng_r3.v:11422$304'.
No latch inferred for signal `\rq_mult_parallel.\n1840_o' from process `\rq_mult_parallel.$proc$peng_r3.v:11406$303'.
No latch inferred for signal `\rq_mult_parallel.\n1836_o' from process `\rq_mult_parallel.$proc$peng_r3.v:11390$302'.
No latch inferred for signal `\rq_mult_parallel.\n1832_o' from process `\rq_mult_parallel.$proc$peng_r3.v:11374$301'.
No latch inferred for signal `\rq_mult_parallel.\n1828_o' from process `\rq_mult_parallel.$proc$peng_r3.v:11358$300'.
No latch inferred for signal `\rq_mult_parallel.\n1824_o' from process `\rq_mult_parallel.$proc$peng_r3.v:11342$299'.
No latch inferred for signal `\rq_mult_parallel.\n1820_o' from process `\rq_mult_parallel.$proc$peng_r3.v:11326$298'.
No latch inferred for signal `\rq_mult_parallel.\n1816_o' from process `\rq_mult_parallel.$proc$peng_r3.v:11310$297'.
No latch inferred for signal `\rq_mult_parallel.\n1812_o' from process `\rq_mult_parallel.$proc$peng_r3.v:11294$296'.
No latch inferred for signal `\rq_mult_parallel.\n1808_o' from process `\rq_mult_parallel.$proc$peng_r3.v:11278$295'.
No latch inferred for signal `\rq_mult_parallel.\n1804_o' from process `\rq_mult_parallel.$proc$peng_r3.v:11262$294'.
No latch inferred for signal `\rq_mult_parallel.\n1800_o' from process `\rq_mult_parallel.$proc$peng_r3.v:11246$293'.
No latch inferred for signal `\rq_mult_parallel.\n1796_o' from process `\rq_mult_parallel.$proc$peng_r3.v:11230$292'.
No latch inferred for signal `\rq_mult_parallel.\n1792_o' from process `\rq_mult_parallel.$proc$peng_r3.v:11214$291'.
No latch inferred for signal `\rq_mult_parallel.\n1788_o' from process `\rq_mult_parallel.$proc$peng_r3.v:11198$290'.
No latch inferred for signal `\rq_mult_parallel.\n1784_o' from process `\rq_mult_parallel.$proc$peng_r3.v:11182$289'.
No latch inferred for signal `\rq_mult_parallel.\n1780_o' from process `\rq_mult_parallel.$proc$peng_r3.v:11166$288'.
No latch inferred for signal `\rq_mult_parallel.\n1776_o' from process `\rq_mult_parallel.$proc$peng_r3.v:11150$287'.
No latch inferred for signal `\rq_mult_parallel.\n1772_o' from process `\rq_mult_parallel.$proc$peng_r3.v:11134$286'.
No latch inferred for signal `\rq_mult_parallel.\n1768_o' from process `\rq_mult_parallel.$proc$peng_r3.v:11118$285'.
No latch inferred for signal `\rq_mult_parallel.\n1764_o' from process `\rq_mult_parallel.$proc$peng_r3.v:11102$284'.
No latch inferred for signal `\rq_mult_parallel.\n1760_o' from process `\rq_mult_parallel.$proc$peng_r3.v:11086$283'.
No latch inferred for signal `\rq_mult_parallel.\n1756_o' from process `\rq_mult_parallel.$proc$peng_r3.v:11070$282'.
No latch inferred for signal `\rq_mult_parallel.\n1752_o' from process `\rq_mult_parallel.$proc$peng_r3.v:11054$281'.
No latch inferred for signal `\rq_mult_parallel.\n1748_o' from process `\rq_mult_parallel.$proc$peng_r3.v:11038$280'.
No latch inferred for signal `\rq_mult_parallel.\n1744_o' from process `\rq_mult_parallel.$proc$peng_r3.v:11022$279'.
No latch inferred for signal `\rq_mult_parallel.\n1740_o' from process `\rq_mult_parallel.$proc$peng_r3.v:11006$278'.
No latch inferred for signal `\rq_mult_parallel.\n1736_o' from process `\rq_mult_parallel.$proc$peng_r3.v:10990$277'.
No latch inferred for signal `\rq_mult_parallel.\n1732_o' from process `\rq_mult_parallel.$proc$peng_r3.v:10974$276'.
No latch inferred for signal `\rq_mult_parallel.\n1728_o' from process `\rq_mult_parallel.$proc$peng_r3.v:10958$275'.
No latch inferred for signal `\rq_mult_parallel.\n1724_o' from process `\rq_mult_parallel.$proc$peng_r3.v:10942$274'.
No latch inferred for signal `\rq_mult_parallel.\n1720_o' from process `\rq_mult_parallel.$proc$peng_r3.v:10926$273'.
No latch inferred for signal `\rq_mult_parallel.\n1716_o' from process `\rq_mult_parallel.$proc$peng_r3.v:10910$272'.
No latch inferred for signal `\rq_mult_parallel.\n1712_o' from process `\rq_mult_parallel.$proc$peng_r3.v:10894$271'.
No latch inferred for signal `\rq_mult_parallel.\n1708_o' from process `\rq_mult_parallel.$proc$peng_r3.v:10878$270'.
No latch inferred for signal `\rq_mult_parallel.\n1704_o' from process `\rq_mult_parallel.$proc$peng_r3.v:10862$269'.
No latch inferred for signal `\rq_mult_parallel.\n1700_o' from process `\rq_mult_parallel.$proc$peng_r3.v:10846$268'.
No latch inferred for signal `\rq_mult_parallel.\n1696_o' from process `\rq_mult_parallel.$proc$peng_r3.v:10830$267'.
No latch inferred for signal `\rq_mult_parallel.\n1692_o' from process `\rq_mult_parallel.$proc$peng_r3.v:10814$266'.
No latch inferred for signal `\rq_mult_parallel.\n1688_o' from process `\rq_mult_parallel.$proc$peng_r3.v:10798$265'.
No latch inferred for signal `\rq_mult_parallel.\n1684_o' from process `\rq_mult_parallel.$proc$peng_r3.v:10782$264'.
No latch inferred for signal `\rq_mult_parallel.\n1680_o' from process `\rq_mult_parallel.$proc$peng_r3.v:10766$263'.
No latch inferred for signal `\rq_mult_parallel.\n1676_o' from process `\rq_mult_parallel.$proc$peng_r3.v:10750$262'.
No latch inferred for signal `\rq_mult_parallel.\n1672_o' from process `\rq_mult_parallel.$proc$peng_r3.v:10734$261'.
No latch inferred for signal `\rq_mult_parallel.\n1668_o' from process `\rq_mult_parallel.$proc$peng_r3.v:10718$260'.
No latch inferred for signal `\rq_mult_parallel.\n1664_o' from process `\rq_mult_parallel.$proc$peng_r3.v:10702$259'.
No latch inferred for signal `\rq_mult_parallel.\n1660_o' from process `\rq_mult_parallel.$proc$peng_r3.v:10686$258'.
No latch inferred for signal `\rq_mult_parallel.\n1656_o' from process `\rq_mult_parallel.$proc$peng_r3.v:10670$257'.
No latch inferred for signal `\rq_mult_parallel.\n1652_o' from process `\rq_mult_parallel.$proc$peng_r3.v:10654$256'.
No latch inferred for signal `\rq_mult_parallel.\n1648_o' from process `\rq_mult_parallel.$proc$peng_r3.v:10638$255'.
No latch inferred for signal `\rq_mult_parallel.\n1644_o' from process `\rq_mult_parallel.$proc$peng_r3.v:10622$254'.
No latch inferred for signal `\rq_mult_parallel.\n1640_o' from process `\rq_mult_parallel.$proc$peng_r3.v:10606$253'.
No latch inferred for signal `\rq_mult_parallel.\n1636_o' from process `\rq_mult_parallel.$proc$peng_r3.v:10590$252'.
No latch inferred for signal `\rq_mult_parallel.\n1632_o' from process `\rq_mult_parallel.$proc$peng_r3.v:10574$251'.
No latch inferred for signal `\rq_mult_parallel.\n1628_o' from process `\rq_mult_parallel.$proc$peng_r3.v:10558$250'.
No latch inferred for signal `\rq_mult_parallel.\n1625_o' from process `\rq_mult_parallel.$proc$peng_r3.v:10543$249'.
No latch inferred for signal `\rq_mult_parallel.\n1619_o' from process `\rq_mult_parallel.$proc$peng_r3.v:10529$248'.
No latch inferred for signal `\rq_mult_parallel.\n1615_o' from process `\rq_mult_parallel.$proc$peng_r3.v:10515$247'.
No latch inferred for signal `\modmul4591s.\n7220_o' from process `\modmul4591s.$proc$peng_r3.v:964$195'.
No latch inferred for signal `\mod4591svec28.\n7780_o' from process `\mod4591svec28.$proc$peng_r3.v:713$163'.
No latch inferred for signal `\mod4591svec28.\n7582_o' from process `\mod4591svec28.$proc$peng_r3.v:514$98'.
No latch inferred for signal `\mod4591svec28.\n7384_o' from process `\mod4591svec28.$proc$peng_r3.v:347$33'.

3.2.9. Executing PROC_DFF pass (convert process syncs to FFs).
Creating register for signal `\rq_mult_parallel.\n7109_q' using process `\rq_mult_parallel.$proc$peng_r3.v:30586$1062'.
  created $dff cell `$procdff$9696' with positive edge clock.
Creating register for signal `\rq_mult_parallel.\n7106_q' using process `\rq_mult_parallel.$proc$peng_r3.v:30579$1059'.
  created $dff cell `$procdff$9697' with positive edge clock.
Creating register for signal `\rq_mult_parallel.\n7105_q' using process `\rq_mult_parallel.$proc$peng_r3.v:30576$1058'.
  created $dff cell `$procdff$9698' with positive edge clock.
Creating register for signal `\rq_mult_parallel.\n7101_q' using process `\rq_mult_parallel.$proc$peng_r3.v:30567$1055'.
  created $dff cell `$procdff$9699' with positive edge clock.
Creating register for signal `\rq_mult_parallel.\n7100_q' using process `\rq_mult_parallel.$proc$peng_r3.v:30564$1054'.
  created $dff cell `$procdff$9700' with positive edge clock.
Creating register for signal `\rq_mult_parallel.\n7099_q' using process `\rq_mult_parallel.$proc$peng_r3.v:30561$1053'.
  created $dff cell `$procdff$9701' with positive edge clock.
Creating register for signal `\rq_mult_parallel.\n7098_q' using process `\rq_mult_parallel.$proc$peng_r3.v:30558$1052'.
  created $dff cell `$procdff$9702' with positive edge clock.
Creating register for signal `\rq_mult_parallel.\n7095_q' using process `\rq_mult_parallel.$proc$peng_r3.v:30551$1049'.
  created $dff cell `$procdff$9703' with positive edge clock.
Creating register for signal `\rq_mult_parallel.\n7092_q' using process `\rq_mult_parallel.$proc$peng_r3.v:30544$1046'.
  created $dff cell `$procdff$9704' with positive edge clock.
Creating register for signal `\rq_mult_parallel.\n7089_q' using process `\rq_mult_parallel.$proc$peng_r3.v:30537$1043'.
  created $dff cell `$procdff$9705' with positive edge clock.
Creating register for signal `\rq_mult_parallel.\n7086_q' using process `\rq_mult_parallel.$proc$peng_r3.v:30530$1040'.
  created $dff cell `$procdff$9706' with positive edge clock.
Creating register for signal `\rq_mult_parallel.\n7083_q' using process `\rq_mult_parallel.$proc$peng_r3.v:30520$1037'.
  created $adff cell `$procdff$9707' with positive edge clock and positive level reset.
Creating register for signal `\rq_mult_parallel.\n7082_q' using process `\rq_mult_parallel.$proc$peng_r3.v:30514$1036'.
  created $adff cell `$procdff$9708' with positive edge clock and positive level reset.
Creating register for signal `\modmul4591s.\n7248_q' using process `\modmul4591s.$proc$peng_r3.v:1000$206'.
  created $dff cell `$procdff$9709' with positive edge clock.
Creating register for signal `\modmul4591s.\n7247_q' using process `\modmul4591s.$proc$peng_r3.v:997$205'.
  created $dff cell `$procdff$9710' with positive edge clock.
Creating register for signal `\modmul4591s.\n7246_q' using process `\modmul4591s.$proc$peng_r3.v:994$204'.
  created $dff cell `$procdff$9711' with positive edge clock.

3.2.10. Executing PROC_MEMWR pass (convert process memory writes to cells).

3.2.11. Executing PROC_CLEAN pass (remove empty switches from decision trees).
Removing empty process `rq_mult_parallel.$proc$peng_r3.v:30586$1062'.
Removing empty process `rq_mult_parallel.$proc$peng_r3.v:30579$1059'.
Removing empty process `rq_mult_parallel.$proc$peng_r3.v:30576$1058'.
Removing empty process `rq_mult_parallel.$proc$peng_r3.v:30567$1055'.
Removing empty process `rq_mult_parallel.$proc$peng_r3.v:30564$1054'.
Removing empty process `rq_mult_parallel.$proc$peng_r3.v:30561$1053'.
Removing empty process `rq_mult_parallel.$proc$peng_r3.v:30558$1052'.
Removing empty process `rq_mult_parallel.$proc$peng_r3.v:30551$1049'.
Removing empty process `rq_mult_parallel.$proc$peng_r3.v:30544$1046'.
Removing empty process `rq_mult_parallel.$proc$peng_r3.v:30537$1043'.
Removing empty process `rq_mult_parallel.$proc$peng_r3.v:30530$1040'.
Removing empty process `rq_mult_parallel.$proc$peng_r3.v:30520$1037'.
Removing empty process `rq_mult_parallel.$proc$peng_r3.v:30514$1036'.
Found and cleaned up 1 empty switch in `\rq_mult_parallel.$proc$peng_r3.v:22883$1035'.
Removing empty process `rq_mult_parallel.$proc$peng_r3.v:22883$1035'.
Found and cleaned up 1 empty switch in `\rq_mult_parallel.$proc$peng_r3.v:22873$1034'.
Removing empty process `rq_mult_parallel.$proc$peng_r3.v:22873$1034'.
Found and cleaned up 1 empty switch in `\rq_mult_parallel.$proc$peng_r3.v:22860$1033'.
Removing empty process `rq_mult_parallel.$proc$peng_r3.v:22860$1033'.
Found and cleaned up 1 empty switch in `\rq_mult_parallel.$proc$peng_r3.v:22847$1032'.
Removing empty process `rq_mult_parallel.$proc$peng_r3.v:22847$1032'.
Found and cleaned up 1 empty switch in `\rq_mult_parallel.$proc$peng_r3.v:22834$1031'.
Removing empty process `rq_mult_parallel.$proc$peng_r3.v:22834$1031'.
Found and cleaned up 1 empty switch in `\rq_mult_parallel.$proc$peng_r3.v:22746$1012'.
Removing empty process `rq_mult_parallel.$proc$peng_r3.v:22746$1012'.
Found and cleaned up 1 empty switch in `\rq_mult_parallel.$proc$peng_r3.v:22732$1011'.
Removing empty process `rq_mult_parallel.$proc$peng_r3.v:22732$1011'.
Found and cleaned up 1 empty switch in `\rq_mult_parallel.$proc$peng_r3.v:22718$1010'.
Removing empty process `rq_mult_parallel.$proc$peng_r3.v:22718$1010'.
Found and cleaned up 1 empty switch in `\rq_mult_parallel.$proc$peng_r3.v:22702$1009'.
Removing empty process `rq_mult_parallel.$proc$peng_r3.v:22702$1009'.
Found and cleaned up 1 empty switch in `\rq_mult_parallel.$proc$peng_r3.v:22686$1008'.
Removing empty process `rq_mult_parallel.$proc$peng_r3.v:22686$1008'.
Found and cleaned up 1 empty switch in `\rq_mult_parallel.$proc$peng_r3.v:22670$1007'.
Removing empty process `rq_mult_parallel.$proc$peng_r3.v:22670$1007'.
Found and cleaned up 1 empty switch in `\rq_mult_parallel.$proc$peng_r3.v:22654$1006'.
Removing empty process `rq_mult_parallel.$proc$peng_r3.v:22654$1006'.
Found and cleaned up 1 empty switch in `\rq_mult_parallel.$proc$peng_r3.v:22638$1005'.
Removing empty process `rq_mult_parallel.$proc$peng_r3.v:22638$1005'.
Found and cleaned up 1 empty switch in `\rq_mult_parallel.$proc$peng_r3.v:22622$1004'.
Removing empty process `rq_mult_parallel.$proc$peng_r3.v:22622$1004'.
Found and cleaned up 1 empty switch in `\rq_mult_parallel.$proc$peng_r3.v:22606$1003'.
Removing empty process `rq_mult_parallel.$proc$peng_r3.v:22606$1003'.
Found and cleaned up 1 empty switch in `\rq_mult_parallel.$proc$peng_r3.v:22590$1002'.
Removing empty process `rq_mult_parallel.$proc$peng_r3.v:22590$1002'.
Found and cleaned up 1 empty switch in `\rq_mult_parallel.$proc$peng_r3.v:22574$1001'.
Removing empty process `rq_mult_parallel.$proc$peng_r3.v:22574$1001'.
Found and cleaned up 1 empty switch in `\rq_mult_parallel.$proc$peng_r3.v:22558$1000'.
Removing empty process `rq_mult_parallel.$proc$peng_r3.v:22558$1000'.
Found and cleaned up 1 empty switch in `\rq_mult_parallel.$proc$peng_r3.v:22542$999'.
Removing empty process `rq_mult_parallel.$proc$peng_r3.v:22542$999'.
Found and cleaned up 1 empty switch in `\rq_mult_parallel.$proc$peng_r3.v:22526$998'.
Removing empty process `rq_mult_parallel.$proc$peng_r3.v:22526$998'.
Found and cleaned up 1 empty switch in `\rq_mult_parallel.$proc$peng_r3.v:22510$997'.
Removing empty process `rq_mult_parallel.$proc$peng_r3.v:22510$997'.
Found and cleaned up 1 empty switch in `\rq_mult_parallel.$proc$peng_r3.v:22494$996'.
Removing empty process `rq_mult_parallel.$proc$peng_r3.v:22494$996'.
Found and cleaned up 1 empty switch in `\rq_mult_parallel.$proc$peng_r3.v:22478$995'.
Removing empty process `rq_mult_parallel.$proc$peng_r3.v:22478$995'.
Found and cleaned up 1 empty switch in `\rq_mult_parallel.$proc$peng_r3.v:22462$994'.
Removing empty process `rq_mult_parallel.$proc$peng_r3.v:22462$994'.
Found and cleaned up 1 empty switch in `\rq_mult_parallel.$proc$peng_r3.v:22446$993'.
Removing empty process `rq_mult_parallel.$proc$peng_r3.v:22446$993'.
Found and cleaned up 1 empty switch in `\rq_mult_parallel.$proc$peng_r3.v:22430$992'.
Removing empty process `rq_mult_parallel.$proc$peng_r3.v:22430$992'.
Found and cleaned up 1 empty switch in `\rq_mult_parallel.$proc$peng_r3.v:22414$991'.
Removing empty process `rq_mult_parallel.$proc$peng_r3.v:22414$991'.
Found and cleaned up 1 empty switch in `\rq_mult_parallel.$proc$peng_r3.v:22398$990'.
Removing empty process `rq_mult_parallel.$proc$peng_r3.v:22398$990'.
Found and cleaned up 1 empty switch in `\rq_mult_parallel.$proc$peng_r3.v:22382$989'.
Removing empty process `rq_mult_parallel.$proc$peng_r3.v:22382$989'.
Found and cleaned up 1 empty switch in `\rq_mult_parallel.$proc$peng_r3.v:22366$988'.
Removing empty process `rq_mult_parallel.$proc$peng_r3.v:22366$988'.
Found and cleaned up 1 empty switch in `\rq_mult_parallel.$proc$peng_r3.v:22350$987'.
Removing empty process `rq_mult_parallel.$proc$peng_r3.v:22350$987'.
Found and cleaned up 1 empty switch in `\rq_mult_parallel.$proc$peng_r3.v:22334$986'.
Removing empty process `rq_mult_parallel.$proc$peng_r3.v:22334$986'.
Found and cleaned up 1 empty switch in `\rq_mult_parallel.$proc$peng_r3.v:22318$985'.
Removing empty process `rq_mult_parallel.$proc$peng_r3.v:22318$985'.
Found and cleaned up 1 empty switch in `\rq_mult_parallel.$proc$peng_r3.v:22302$984'.
Removing empty process `rq_mult_parallel.$proc$peng_r3.v:22302$984'.
Found and cleaned up 1 empty switch in `\rq_mult_parallel.$proc$peng_r3.v:22286$983'.
Removing empty process `rq_mult_parallel.$proc$peng_r3.v:22286$983'.
Found and cleaned up 1 empty switch in `\rq_mult_parallel.$proc$peng_r3.v:22270$982'.
Removing empty process `rq_mult_parallel.$proc$peng_r3.v:22270$982'.
Found and cleaned up 1 empty switch in `\rq_mult_parallel.$proc$peng_r3.v:22254$981'.
Removing empty process `rq_mult_parallel.$proc$peng_r3.v:22254$981'.
Found and cleaned up 1 empty switch in `\rq_mult_parallel.$proc$peng_r3.v:22238$980'.
Removing empty process `rq_mult_parallel.$proc$peng_r3.v:22238$980'.
Found and cleaned up 1 empty switch in `\rq_mult_parallel.$proc$peng_r3.v:22222$979'.
Removing empty process `rq_mult_parallel.$proc$peng_r3.v:22222$979'.
Found and cleaned up 1 empty switch in `\rq_mult_parallel.$proc$peng_r3.v:22206$978'.
Removing empty process `rq_mult_parallel.$proc$peng_r3.v:22206$978'.
Found and cleaned up 1 empty switch in `\rq_mult_parallel.$proc$peng_r3.v:22190$977'.
Removing empty process `rq_mult_parallel.$proc$peng_r3.v:22190$977'.
Found and cleaned up 1 empty switch in `\rq_mult_parallel.$proc$peng_r3.v:22174$976'.
Removing empty process `rq_mult_parallel.$proc$peng_r3.v:22174$976'.
Found and cleaned up 1 empty switch in `\rq_mult_parallel.$proc$peng_r3.v:22158$975'.
Removing empty process `rq_mult_parallel.$proc$peng_r3.v:22158$975'.
Found and cleaned up 1 empty switch in `\rq_mult_parallel.$proc$peng_r3.v:22142$974'.
Removing empty process `rq_mult_parallel.$proc$peng_r3.v:22142$974'.
Found and cleaned up 1 empty switch in `\rq_mult_parallel.$proc$peng_r3.v:22126$973'.
Removing empty process `rq_mult_parallel.$proc$peng_r3.v:22126$973'.
Found and cleaned up 1 empty switch in `\rq_mult_parallel.$proc$peng_r3.v:22110$972'.
Removing empty process `rq_mult_parallel.$proc$peng_r3.v:22110$972'.
Found and cleaned up 1 empty switch in `\rq_mult_parallel.$proc$peng_r3.v:22094$971'.
Removing empty process `rq_mult_parallel.$proc$peng_r3.v:22094$971'.
Found and cleaned up 1 empty switch in `\rq_mult_parallel.$proc$peng_r3.v:22078$970'.
Removing empty process `rq_mult_parallel.$proc$peng_r3.v:22078$970'.
Found and cleaned up 1 empty switch in `\rq_mult_parallel.$proc$peng_r3.v:22062$969'.
Removing empty process `rq_mult_parallel.$proc$peng_r3.v:22062$969'.
Found and cleaned up 1 empty switch in `\rq_mult_parallel.$proc$peng_r3.v:22046$968'.
Removing empty process `rq_mult_parallel.$proc$peng_r3.v:22046$968'.
Found and cleaned up 1 empty switch in `\rq_mult_parallel.$proc$peng_r3.v:22030$967'.
Removing empty process `rq_mult_parallel.$proc$peng_r3.v:22030$967'.
Found and cleaned up 1 empty switch in `\rq_mult_parallel.$proc$peng_r3.v:22014$966'.
Removing empty process `rq_mult_parallel.$proc$peng_r3.v:22014$966'.
Found and cleaned up 1 empty switch in `\rq_mult_parallel.$proc$peng_r3.v:21998$965'.
Removing empty process `rq_mult_parallel.$proc$peng_r3.v:21998$965'.
Found and cleaned up 1 empty switch in `\rq_mult_parallel.$proc$peng_r3.v:21982$964'.
Removing empty process `rq_mult_parallel.$proc$peng_r3.v:21982$964'.
Found and cleaned up 1 empty switch in `\rq_mult_parallel.$proc$peng_r3.v:21966$963'.
Removing empty process `rq_mult_parallel.$proc$peng_r3.v:21966$963'.
Found and cleaned up 1 empty switch in `\rq_mult_parallel.$proc$peng_r3.v:21950$962'.
Removing empty process `rq_mult_parallel.$proc$peng_r3.v:21950$962'.
Found and cleaned up 1 empty switch in `\rq_mult_parallel.$proc$peng_r3.v:21934$961'.
Removing empty process `rq_mult_parallel.$proc$peng_r3.v:21934$961'.
Found and cleaned up 1 empty switch in `\rq_mult_parallel.$proc$peng_r3.v:21918$960'.
Removing empty process `rq_mult_parallel.$proc$peng_r3.v:21918$960'.
Found and cleaned up 1 empty switch in `\rq_mult_parallel.$proc$peng_r3.v:21902$959'.
Removing empty process `rq_mult_parallel.$proc$peng_r3.v:21902$959'.
Found and cleaned up 1 empty switch in `\rq_mult_parallel.$proc$peng_r3.v:21886$958'.
Removing empty process `rq_mult_parallel.$proc$peng_r3.v:21886$958'.
Found and cleaned up 1 empty switch in `\rq_mult_parallel.$proc$peng_r3.v:21870$957'.
Removing empty process `rq_mult_parallel.$proc$peng_r3.v:21870$957'.
Found and cleaned up 1 empty switch in `\rq_mult_parallel.$proc$peng_r3.v:21854$956'.
Removing empty process `rq_mult_parallel.$proc$peng_r3.v:21854$956'.
Found and cleaned up 1 empty switch in `\rq_mult_parallel.$proc$peng_r3.v:21838$955'.
Removing empty process `rq_mult_parallel.$proc$peng_r3.v:21838$955'.
Found and cleaned up 1 empty switch in `\rq_mult_parallel.$proc$peng_r3.v:21822$954'.
Removing empty process `rq_mult_parallel.$proc$peng_r3.v:21822$954'.
Found and cleaned up 1 empty switch in `\rq_mult_parallel.$proc$peng_r3.v:21806$953'.
Removing empty process `rq_mult_parallel.$proc$peng_r3.v:21806$953'.
Found and cleaned up 1 empty switch in `\rq_mult_parallel.$proc$peng_r3.v:21790$952'.
Removing empty process `rq_mult_parallel.$proc$peng_r3.v:21790$952'.
Found and cleaned up 1 empty switch in `\rq_mult_parallel.$proc$peng_r3.v:21774$951'.
Removing empty process `rq_mult_parallel.$proc$peng_r3.v:21774$951'.
Found and cleaned up 1 empty switch in `\rq_mult_parallel.$proc$peng_r3.v:21758$950'.
Removing empty process `rq_mult_parallel.$proc$peng_r3.v:21758$950'.
Found and cleaned up 1 empty switch in `\rq_mult_parallel.$proc$peng_r3.v:21742$949'.
Removing empty process `rq_mult_parallel.$proc$peng_r3.v:21742$949'.
Found and cleaned up 1 empty switch in `\rq_mult_parallel.$proc$peng_r3.v:21726$948'.
Removing empty process `rq_mult_parallel.$proc$peng_r3.v:21726$948'.
Found and cleaned up 1 empty switch in `\rq_mult_parallel.$proc$peng_r3.v:21710$947'.
Removing empty process `rq_mult_parallel.$proc$peng_r3.v:21710$947'.
Found and cleaned up 1 empty switch in `\rq_mult_parallel.$proc$peng_r3.v:21694$946'.
Removing empty process `rq_mult_parallel.$proc$peng_r3.v:21694$946'.
Found and cleaned up 1 empty switch in `\rq_mult_parallel.$proc$peng_r3.v:21678$945'.
Removing empty process `rq_mult_parallel.$proc$peng_r3.v:21678$945'.
Found and cleaned up 1 empty switch in `\rq_mult_parallel.$proc$peng_r3.v:21662$944'.
Removing empty process `rq_mult_parallel.$proc$peng_r3.v:21662$944'.
Found and cleaned up 1 empty switch in `\rq_mult_parallel.$proc$peng_r3.v:21646$943'.
Removing empty process `rq_mult_parallel.$proc$peng_r3.v:21646$943'.
Found and cleaned up 1 empty switch in `\rq_mult_parallel.$proc$peng_r3.v:21630$942'.
Removing empty process `rq_mult_parallel.$proc$peng_r3.v:21630$942'.
Found and cleaned up 1 empty switch in `\rq_mult_parallel.$proc$peng_r3.v:21614$941'.
Removing empty process `rq_mult_parallel.$proc$peng_r3.v:21614$941'.
Found and cleaned up 1 empty switch in `\rq_mult_parallel.$proc$peng_r3.v:21598$940'.
Removing empty process `rq_mult_parallel.$proc$peng_r3.v:21598$940'.
Found and cleaned up 1 empty switch in `\rq_mult_parallel.$proc$peng_r3.v:21582$939'.
Removing empty process `rq_mult_parallel.$proc$peng_r3.v:21582$939'.
Found and cleaned up 1 empty switch in `\rq_mult_parallel.$proc$peng_r3.v:21566$938'.
Removing empty process `rq_mult_parallel.$proc$peng_r3.v:21566$938'.
Found and cleaned up 1 empty switch in `\rq_mult_parallel.$proc$peng_r3.v:21550$937'.
Removing empty process `rq_mult_parallel.$proc$peng_r3.v:21550$937'.
Found and cleaned up 1 empty switch in `\rq_mult_parallel.$proc$peng_r3.v:21534$936'.
Removing empty process `rq_mult_parallel.$proc$peng_r3.v:21534$936'.
Found and cleaned up 1 empty switch in `\rq_mult_parallel.$proc$peng_r3.v:21518$935'.
Removing empty process `rq_mult_parallel.$proc$peng_r3.v:21518$935'.
Found and cleaned up 1 empty switch in `\rq_mult_parallel.$proc$peng_r3.v:21502$934'.
Removing empty process `rq_mult_parallel.$proc$peng_r3.v:21502$934'.
Found and cleaned up 1 empty switch in `\rq_mult_parallel.$proc$peng_r3.v:21486$933'.
Removing empty process `rq_mult_parallel.$proc$peng_r3.v:21486$933'.
Found and cleaned up 1 empty switch in `\rq_mult_parallel.$proc$peng_r3.v:21470$932'.
Removing empty process `rq_mult_parallel.$proc$peng_r3.v:21470$932'.
Found and cleaned up 1 empty switch in `\rq_mult_parallel.$proc$peng_r3.v:21454$931'.
Removing empty process `rq_mult_parallel.$proc$peng_r3.v:21454$931'.
Found and cleaned up 1 empty switch in `\rq_mult_parallel.$proc$peng_r3.v:21438$930'.
Removing empty process `rq_mult_parallel.$proc$peng_r3.v:21438$930'.
Found and cleaned up 1 empty switch in `\rq_mult_parallel.$proc$peng_r3.v:21422$929'.
Removing empty process `rq_mult_parallel.$proc$peng_r3.v:21422$929'.
Found and cleaned up 1 empty switch in `\rq_mult_parallel.$proc$peng_r3.v:21406$928'.
Removing empty process `rq_mult_parallel.$proc$peng_r3.v:21406$928'.
Found and cleaned up 1 empty switch in `\rq_mult_parallel.$proc$peng_r3.v:21390$927'.
Removing empty process `rq_mult_parallel.$proc$peng_r3.v:21390$927'.
Found and cleaned up 1 empty switch in `\rq_mult_parallel.$proc$peng_r3.v:21374$926'.
Removing empty process `rq_mult_parallel.$proc$peng_r3.v:21374$926'.
Found and cleaned up 1 empty switch in `\rq_mult_parallel.$proc$peng_r3.v:21358$925'.
Removing empty process `rq_mult_parallel.$proc$peng_r3.v:21358$925'.
Found and cleaned up 1 empty switch in `\rq_mult_parallel.$proc$peng_r3.v:21342$924'.
Removing empty process `rq_mult_parallel.$proc$peng_r3.v:21342$924'.
Found and cleaned up 1 empty switch in `\rq_mult_parallel.$proc$peng_r3.v:21326$923'.
Removing empty process `rq_mult_parallel.$proc$peng_r3.v:21326$923'.
Found and cleaned up 1 empty switch in `\rq_mult_parallel.$proc$peng_r3.v:21310$922'.
Removing empty process `rq_mult_parallel.$proc$peng_r3.v:21310$922'.
Found and cleaned up 1 empty switch in `\rq_mult_parallel.$proc$peng_r3.v:21294$921'.
Removing empty process `rq_mult_parallel.$proc$peng_r3.v:21294$921'.
Found and cleaned up 1 empty switch in `\rq_mult_parallel.$proc$peng_r3.v:21278$920'.
Removing empty process `rq_mult_parallel.$proc$peng_r3.v:21278$920'.
Found and cleaned up 1 empty switch in `\rq_mult_parallel.$proc$peng_r3.v:21262$919'.
Removing empty process `rq_mult_parallel.$proc$peng_r3.v:21262$919'.
Found and cleaned up 1 empty switch in `\rq_mult_parallel.$proc$peng_r3.v:21246$918'.
Removing empty process `rq_mult_parallel.$proc$peng_r3.v:21246$918'.
Found and cleaned up 1 empty switch in `\rq_mult_parallel.$proc$peng_r3.v:21230$917'.
Removing empty process `rq_mult_parallel.$proc$peng_r3.v:21230$917'.
Found and cleaned up 1 empty switch in `\rq_mult_parallel.$proc$peng_r3.v:21214$916'.
Removing empty process `rq_mult_parallel.$proc$peng_r3.v:21214$916'.
Found and cleaned up 1 empty switch in `\rq_mult_parallel.$proc$peng_r3.v:21198$915'.
Removing empty process `rq_mult_parallel.$proc$peng_r3.v:21198$915'.
Found and cleaned up 1 empty switch in `\rq_mult_parallel.$proc$peng_r3.v:21182$914'.
Removing empty process `rq_mult_parallel.$proc$peng_r3.v:21182$914'.
Found and cleaned up 1 empty switch in `\rq_mult_parallel.$proc$peng_r3.v:21166$913'.
Removing empty process `rq_mult_parallel.$proc$peng_r3.v:21166$913'.
Found and cleaned up 1 empty switch in `\rq_mult_parallel.$proc$peng_r3.v:21150$912'.
Removing empty process `rq_mult_parallel.$proc$peng_r3.v:21150$912'.
Found and cleaned up 1 empty switch in `\rq_mult_parallel.$proc$peng_r3.v:21134$911'.
Removing empty process `rq_mult_parallel.$proc$peng_r3.v:21134$911'.
Found and cleaned up 1 empty switch in `\rq_mult_parallel.$proc$peng_r3.v:21118$910'.
Removing empty process `rq_mult_parallel.$proc$peng_r3.v:21118$910'.
Found and cleaned up 1 empty switch in `\rq_mult_parallel.$proc$peng_r3.v:21102$909'.
Removing empty process `rq_mult_parallel.$proc$peng_r3.v:21102$909'.
Found and cleaned up 1 empty switch in `\rq_mult_parallel.$proc$peng_r3.v:21086$908'.
Removing empty process `rq_mult_parallel.$proc$peng_r3.v:21086$908'.
Found and cleaned up 1 empty switch in `\rq_mult_parallel.$proc$peng_r3.v:21070$907'.
Removing empty process `rq_mult_parallel.$proc$peng_r3.v:21070$907'.
Found and cleaned up 1 empty switch in `\rq_mult_parallel.$proc$peng_r3.v:21054$906'.
Removing empty process `rq_mult_parallel.$proc$peng_r3.v:21054$906'.
Found and cleaned up 1 empty switch in `\rq_mult_parallel.$proc$peng_r3.v:21038$905'.
Removing empty process `rq_mult_parallel.$proc$peng_r3.v:21038$905'.
Found and cleaned up 1 empty switch in `\rq_mult_parallel.$proc$peng_r3.v:21022$904'.
Removing empty process `rq_mult_parallel.$proc$peng_r3.v:21022$904'.
Found and cleaned up 1 empty switch in `\rq_mult_parallel.$proc$peng_r3.v:21006$903'.
Removing empty process `rq_mult_parallel.$proc$peng_r3.v:21006$903'.
Found and cleaned up 1 empty switch in `\rq_mult_parallel.$proc$peng_r3.v:20990$902'.
Removing empty process `rq_mult_parallel.$proc$peng_r3.v:20990$902'.
Found and cleaned up 1 empty switch in `\rq_mult_parallel.$proc$peng_r3.v:20974$901'.
Removing empty process `rq_mult_parallel.$proc$peng_r3.v:20974$901'.
Found and cleaned up 1 empty switch in `\rq_mult_parallel.$proc$peng_r3.v:20958$900'.
Removing empty process `rq_mult_parallel.$proc$peng_r3.v:20958$900'.
Found and cleaned up 1 empty switch in `\rq_mult_parallel.$proc$peng_r3.v:20942$899'.
Removing empty process `rq_mult_parallel.$proc$peng_r3.v:20942$899'.
Found and cleaned up 1 empty switch in `\rq_mult_parallel.$proc$peng_r3.v:20926$898'.
Removing empty process `rq_mult_parallel.$proc$peng_r3.v:20926$898'.
Found and cleaned up 1 empty switch in `\rq_mult_parallel.$proc$peng_r3.v:20910$897'.
Removing empty process `rq_mult_parallel.$proc$peng_r3.v:20910$897'.
Found and cleaned up 1 empty switch in `\rq_mult_parallel.$proc$peng_r3.v:20894$896'.
Removing empty process `rq_mult_parallel.$proc$peng_r3.v:20894$896'.
Found and cleaned up 1 empty switch in `\rq_mult_parallel.$proc$peng_r3.v:20878$895'.
Removing empty process `rq_mult_parallel.$proc$peng_r3.v:20878$895'.
Found and cleaned up 1 empty switch in `\rq_mult_parallel.$proc$peng_r3.v:20862$894'.
Removing empty process `rq_mult_parallel.$proc$peng_r3.v:20862$894'.
Found and cleaned up 1 empty switch in `\rq_mult_parallel.$proc$peng_r3.v:20846$893'.
Removing empty process `rq_mult_parallel.$proc$peng_r3.v:20846$893'.
Found and cleaned up 1 empty switch in `\rq_mult_parallel.$proc$peng_r3.v:20830$892'.
Removing empty process `rq_mult_parallel.$proc$peng_r3.v:20830$892'.
Found and cleaned up 1 empty switch in `\rq_mult_parallel.$proc$peng_r3.v:20814$891'.
Removing empty process `rq_mult_parallel.$proc$peng_r3.v:20814$891'.
Found and cleaned up 1 empty switch in `\rq_mult_parallel.$proc$peng_r3.v:20798$890'.
Removing empty process `rq_mult_parallel.$proc$peng_r3.v:20798$890'.
Found and cleaned up 1 empty switch in `\rq_mult_parallel.$proc$peng_r3.v:20782$889'.
Removing empty process `rq_mult_parallel.$proc$peng_r3.v:20782$889'.
Found and cleaned up 1 empty switch in `\rq_mult_parallel.$proc$peng_r3.v:20766$888'.
Removing empty process `rq_mult_parallel.$proc$peng_r3.v:20766$888'.
Found and cleaned up 1 empty switch in `\rq_mult_parallel.$proc$peng_r3.v:20750$887'.
Removing empty process `rq_mult_parallel.$proc$peng_r3.v:20750$887'.
Found and cleaned up 1 empty switch in `\rq_mult_parallel.$proc$peng_r3.v:20734$886'.
Removing empty process `rq_mult_parallel.$proc$peng_r3.v:20734$886'.
Found and cleaned up 1 empty switch in `\rq_mult_parallel.$proc$peng_r3.v:20718$885'.
Removing empty process `rq_mult_parallel.$proc$peng_r3.v:20718$885'.
Found and cleaned up 1 empty switch in `\rq_mult_parallel.$proc$peng_r3.v:20702$884'.
Removing empty process `rq_mult_parallel.$proc$peng_r3.v:20702$884'.
Found and cleaned up 1 empty switch in `\rq_mult_parallel.$proc$peng_r3.v:20686$883'.
Removing empty process `rq_mult_parallel.$proc$peng_r3.v:20686$883'.
Found and cleaned up 1 empty switch in `\rq_mult_parallel.$proc$peng_r3.v:20670$882'.
Removing empty process `rq_mult_parallel.$proc$peng_r3.v:20670$882'.
Found and cleaned up 1 empty switch in `\rq_mult_parallel.$proc$peng_r3.v:20654$881'.
Removing empty process `rq_mult_parallel.$proc$peng_r3.v:20654$881'.
Found and cleaned up 1 empty switch in `\rq_mult_parallel.$proc$peng_r3.v:20638$880'.
Removing empty process `rq_mult_parallel.$proc$peng_r3.v:20638$880'.
Found and cleaned up 1 empty switch in `\rq_mult_parallel.$proc$peng_r3.v:20622$879'.
Removing empty process `rq_mult_parallel.$proc$peng_r3.v:20622$879'.
Found and cleaned up 1 empty switch in `\rq_mult_parallel.$proc$peng_r3.v:20606$878'.
Removing empty process `rq_mult_parallel.$proc$peng_r3.v:20606$878'.
Found and cleaned up 1 empty switch in `\rq_mult_parallel.$proc$peng_r3.v:20590$877'.
Removing empty process `rq_mult_parallel.$proc$peng_r3.v:20590$877'.
Found and cleaned up 1 empty switch in `\rq_mult_parallel.$proc$peng_r3.v:20574$876'.
Removing empty process `rq_mult_parallel.$proc$peng_r3.v:20574$876'.
Found and cleaned up 1 empty switch in `\rq_mult_parallel.$proc$peng_r3.v:20558$875'.
Removing empty process `rq_mult_parallel.$proc$peng_r3.v:20558$875'.
Found and cleaned up 1 empty switch in `\rq_mult_parallel.$proc$peng_r3.v:20542$874'.
Removing empty process `rq_mult_parallel.$proc$peng_r3.v:20542$874'.
Found and cleaned up 1 empty switch in `\rq_mult_parallel.$proc$peng_r3.v:20526$873'.
Removing empty process `rq_mult_parallel.$proc$peng_r3.v:20526$873'.
Found and cleaned up 1 empty switch in `\rq_mult_parallel.$proc$peng_r3.v:20510$872'.
Removing empty process `rq_mult_parallel.$proc$peng_r3.v:20510$872'.
Found and cleaned up 1 empty switch in `\rq_mult_parallel.$proc$peng_r3.v:20494$871'.
Removing empty process `rq_mult_parallel.$proc$peng_r3.v:20494$871'.
Found and cleaned up 1 empty switch in `\rq_mult_parallel.$proc$peng_r3.v:20478$870'.
Removing empty process `rq_mult_parallel.$proc$peng_r3.v:20478$870'.
Found and cleaned up 1 empty switch in `\rq_mult_parallel.$proc$peng_r3.v:20462$869'.
Removing empty process `rq_mult_parallel.$proc$peng_r3.v:20462$869'.
Found and cleaned up 1 empty switch in `\rq_mult_parallel.$proc$peng_r3.v:20446$868'.
Removing empty process `rq_mult_parallel.$proc$peng_r3.v:20446$868'.
Found and cleaned up 1 empty switch in `\rq_mult_parallel.$proc$peng_r3.v:20430$867'.
Removing empty process `rq_mult_parallel.$proc$peng_r3.v:20430$867'.
Found and cleaned up 1 empty switch in `\rq_mult_parallel.$proc$peng_r3.v:20414$866'.
Removing empty process `rq_mult_parallel.$proc$peng_r3.v:20414$866'.
Found and cleaned up 1 empty switch in `\rq_mult_parallel.$proc$peng_r3.v:20398$865'.
Removing empty process `rq_mult_parallel.$proc$peng_r3.v:20398$865'.
Found and cleaned up 1 empty switch in `\rq_mult_parallel.$proc$peng_r3.v:20382$864'.
Removing empty process `rq_mult_parallel.$proc$peng_r3.v:20382$864'.
Found and cleaned up 1 empty switch in `\rq_mult_parallel.$proc$peng_r3.v:20366$863'.
Removing empty process `rq_mult_parallel.$proc$peng_r3.v:20366$863'.
Found and cleaned up 1 empty switch in `\rq_mult_parallel.$proc$peng_r3.v:20350$862'.
Removing empty process `rq_mult_parallel.$proc$peng_r3.v:20350$862'.
Found and cleaned up 1 empty switch in `\rq_mult_parallel.$proc$peng_r3.v:20334$861'.
Removing empty process `rq_mult_parallel.$proc$peng_r3.v:20334$861'.
Found and cleaned up 1 empty switch in `\rq_mult_parallel.$proc$peng_r3.v:20318$860'.
Removing empty process `rq_mult_parallel.$proc$peng_r3.v:20318$860'.
Found and cleaned up 1 empty switch in `\rq_mult_parallel.$proc$peng_r3.v:20302$859'.
Removing empty process `rq_mult_parallel.$proc$peng_r3.v:20302$859'.
Found and cleaned up 1 empty switch in `\rq_mult_parallel.$proc$peng_r3.v:20286$858'.
Removing empty process `rq_mult_parallel.$proc$peng_r3.v:20286$858'.
Found and cleaned up 1 empty switch in `\rq_mult_parallel.$proc$peng_r3.v:20270$857'.
Removing empty process `rq_mult_parallel.$proc$peng_r3.v:20270$857'.
Found and cleaned up 1 empty switch in `\rq_mult_parallel.$proc$peng_r3.v:20254$856'.
Removing empty process `rq_mult_parallel.$proc$peng_r3.v:20254$856'.
Found and cleaned up 1 empty switch in `\rq_mult_parallel.$proc$peng_r3.v:20238$855'.
Removing empty process `rq_mult_parallel.$proc$peng_r3.v:20238$855'.
Found and cleaned up 1 empty switch in `\rq_mult_parallel.$proc$peng_r3.v:20222$854'.
Removing empty process `rq_mult_parallel.$proc$peng_r3.v:20222$854'.
Found and cleaned up 1 empty switch in `\rq_mult_parallel.$proc$peng_r3.v:20206$853'.
Removing empty process `rq_mult_parallel.$proc$peng_r3.v:20206$853'.
Found and cleaned up 1 empty switch in `\rq_mult_parallel.$proc$peng_r3.v:20190$852'.
Removing empty process `rq_mult_parallel.$proc$peng_r3.v:20190$852'.
Found and cleaned up 1 empty switch in `\rq_mult_parallel.$proc$peng_r3.v:20174$851'.
Removing empty process `rq_mult_parallel.$proc$peng_r3.v:20174$851'.
Found and cleaned up 1 empty switch in `\rq_mult_parallel.$proc$peng_r3.v:20158$850'.
Removing empty process `rq_mult_parallel.$proc$peng_r3.v:20158$850'.
Found and cleaned up 1 empty switch in `\rq_mult_parallel.$proc$peng_r3.v:20142$849'.
Removing empty process `rq_mult_parallel.$proc$peng_r3.v:20142$849'.
Found and cleaned up 1 empty switch in `\rq_mult_parallel.$proc$peng_r3.v:20126$848'.
Removing empty process `rq_mult_parallel.$proc$peng_r3.v:20126$848'.
Found and cleaned up 1 empty switch in `\rq_mult_parallel.$proc$peng_r3.v:20110$847'.
Removing empty process `rq_mult_parallel.$proc$peng_r3.v:20110$847'.
Found and cleaned up 1 empty switch in `\rq_mult_parallel.$proc$peng_r3.v:20094$846'.
Removing empty process `rq_mult_parallel.$proc$peng_r3.v:20094$846'.
Found and cleaned up 1 empty switch in `\rq_mult_parallel.$proc$peng_r3.v:20078$845'.
Removing empty process `rq_mult_parallel.$proc$peng_r3.v:20078$845'.
Found and cleaned up 1 empty switch in `\rq_mult_parallel.$proc$peng_r3.v:20062$844'.
Removing empty process `rq_mult_parallel.$proc$peng_r3.v:20062$844'.
Found and cleaned up 1 empty switch in `\rq_mult_parallel.$proc$peng_r3.v:20046$843'.
Removing empty process `rq_mult_parallel.$proc$peng_r3.v:20046$843'.
Found and cleaned up 1 empty switch in `\rq_mult_parallel.$proc$peng_r3.v:20030$842'.
Removing empty process `rq_mult_parallel.$proc$peng_r3.v:20030$842'.
Found and cleaned up 1 empty switch in `\rq_mult_parallel.$proc$peng_r3.v:20014$841'.
Removing empty process `rq_mult_parallel.$proc$peng_r3.v:20014$841'.
Found and cleaned up 1 empty switch in `\rq_mult_parallel.$proc$peng_r3.v:19998$840'.
Removing empty process `rq_mult_parallel.$proc$peng_r3.v:19998$840'.
Found and cleaned up 1 empty switch in `\rq_mult_parallel.$proc$peng_r3.v:19982$839'.
Removing empty process `rq_mult_parallel.$proc$peng_r3.v:19982$839'.
Found and cleaned up 1 empty switch in `\rq_mult_parallel.$proc$peng_r3.v:19966$838'.
Removing empty process `rq_mult_parallel.$proc$peng_r3.v:19966$838'.
Found and cleaned up 1 empty switch in `\rq_mult_parallel.$proc$peng_r3.v:19950$837'.
Removing empty process `rq_mult_parallel.$proc$peng_r3.v:19950$837'.
Found and cleaned up 1 empty switch in `\rq_mult_parallel.$proc$peng_r3.v:19934$836'.
Removing empty process `rq_mult_parallel.$proc$peng_r3.v:19934$836'.
Found and cleaned up 1 empty switch in `\rq_mult_parallel.$proc$peng_r3.v:19918$835'.
Removing empty process `rq_mult_parallel.$proc$peng_r3.v:19918$835'.
Found and cleaned up 1 empty switch in `\rq_mult_parallel.$proc$peng_r3.v:19902$834'.
Removing empty process `rq_mult_parallel.$proc$peng_r3.v:19902$834'.
Found and cleaned up 1 empty switch in `\rq_mult_parallel.$proc$peng_r3.v:19886$833'.
Removing empty process `rq_mult_parallel.$proc$peng_r3.v:19886$833'.
Found and cleaned up 1 empty switch in `\rq_mult_parallel.$proc$peng_r3.v:19870$832'.
Removing empty process `rq_mult_parallel.$proc$peng_r3.v:19870$832'.
Found and cleaned up 1 empty switch in `\rq_mult_parallel.$proc$peng_r3.v:19854$831'.
Removing empty process `rq_mult_parallel.$proc$peng_r3.v:19854$831'.
Found and cleaned up 1 empty switch in `\rq_mult_parallel.$proc$peng_r3.v:19838$830'.
Removing empty process `rq_mult_parallel.$proc$peng_r3.v:19838$830'.
Found and cleaned up 1 empty switch in `\rq_mult_parallel.$proc$peng_r3.v:19822$829'.
Removing empty process `rq_mult_parallel.$proc$peng_r3.v:19822$829'.
Found and cleaned up 1 empty switch in `\rq_mult_parallel.$proc$peng_r3.v:19806$828'.
Removing empty process `rq_mult_parallel.$proc$peng_r3.v:19806$828'.
Found and cleaned up 1 empty switch in `\rq_mult_parallel.$proc$peng_r3.v:19790$827'.
Removing empty process `rq_mult_parallel.$proc$peng_r3.v:19790$827'.
Found and cleaned up 1 empty switch in `\rq_mult_parallel.$proc$peng_r3.v:19774$826'.
Removing empty process `rq_mult_parallel.$proc$peng_r3.v:19774$826'.
Found and cleaned up 1 empty switch in `\rq_mult_parallel.$proc$peng_r3.v:19758$825'.
Removing empty process `rq_mult_parallel.$proc$peng_r3.v:19758$825'.
Found and cleaned up 1 empty switch in `\rq_mult_parallel.$proc$peng_r3.v:19742$824'.
Removing empty process `rq_mult_parallel.$proc$peng_r3.v:19742$824'.
Found and cleaned up 1 empty switch in `\rq_mult_parallel.$proc$peng_r3.v:19726$823'.
Removing empty process `rq_mult_parallel.$proc$peng_r3.v:19726$823'.
Found and cleaned up 1 empty switch in `\rq_mult_parallel.$proc$peng_r3.v:19710$822'.
Removing empty process `rq_mult_parallel.$proc$peng_r3.v:19710$822'.
Found and cleaned up 1 empty switch in `\rq_mult_parallel.$proc$peng_r3.v:19694$821'.
Removing empty process `rq_mult_parallel.$proc$peng_r3.v:19694$821'.
Found and cleaned up 1 empty switch in `\rq_mult_parallel.$proc$peng_r3.v:19678$820'.
Removing empty process `rq_mult_parallel.$proc$peng_r3.v:19678$820'.
Found and cleaned up 1 empty switch in `\rq_mult_parallel.$proc$peng_r3.v:19662$819'.
Removing empty process `rq_mult_parallel.$proc$peng_r3.v:19662$819'.
Found and cleaned up 1 empty switch in `\rq_mult_parallel.$proc$peng_r3.v:19646$818'.
Removing empty process `rq_mult_parallel.$proc$peng_r3.v:19646$818'.
Found and cleaned up 1 empty switch in `\rq_mult_parallel.$proc$peng_r3.v:19630$817'.
Removing empty process `rq_mult_parallel.$proc$peng_r3.v:19630$817'.
Found and cleaned up 1 empty switch in `\rq_mult_parallel.$proc$peng_r3.v:19614$816'.
Removing empty process `rq_mult_parallel.$proc$peng_r3.v:19614$816'.
Found and cleaned up 1 empty switch in `\rq_mult_parallel.$proc$peng_r3.v:19598$815'.
Removing empty process `rq_mult_parallel.$proc$peng_r3.v:19598$815'.
Found and cleaned up 1 empty switch in `\rq_mult_parallel.$proc$peng_r3.v:19582$814'.
Removing empty process `rq_mult_parallel.$proc$peng_r3.v:19582$814'.
Found and cleaned up 1 empty switch in `\rq_mult_parallel.$proc$peng_r3.v:19566$813'.
Removing empty process `rq_mult_parallel.$proc$peng_r3.v:19566$813'.
Found and cleaned up 1 empty switch in `\rq_mult_parallel.$proc$peng_r3.v:19550$812'.
Removing empty process `rq_mult_parallel.$proc$peng_r3.v:19550$812'.
Found and cleaned up 1 empty switch in `\rq_mult_parallel.$proc$peng_r3.v:19534$811'.
Removing empty process `rq_mult_parallel.$proc$peng_r3.v:19534$811'.
Found and cleaned up 1 empty switch in `\rq_mult_parallel.$proc$peng_r3.v:19518$810'.
Removing empty process `rq_mult_parallel.$proc$peng_r3.v:19518$810'.
Found and cleaned up 1 empty switch in `\rq_mult_parallel.$proc$peng_r3.v:19502$809'.
Removing empty process `rq_mult_parallel.$proc$peng_r3.v:19502$809'.
Found and cleaned up 1 empty switch in `\rq_mult_parallel.$proc$peng_r3.v:19486$808'.
Removing empty process `rq_mult_parallel.$proc$peng_r3.v:19486$808'.
Found and cleaned up 1 empty switch in `\rq_mult_parallel.$proc$peng_r3.v:19470$807'.
Removing empty process `rq_mult_parallel.$proc$peng_r3.v:19470$807'.
Found and cleaned up 1 empty switch in `\rq_mult_parallel.$proc$peng_r3.v:19454$806'.
Removing empty process `rq_mult_parallel.$proc$peng_r3.v:19454$806'.
Found and cleaned up 1 empty switch in `\rq_mult_parallel.$proc$peng_r3.v:19438$805'.
Removing empty process `rq_mult_parallel.$proc$peng_r3.v:19438$805'.
Found and cleaned up 1 empty switch in `\rq_mult_parallel.$proc$peng_r3.v:19422$804'.
Removing empty process `rq_mult_parallel.$proc$peng_r3.v:19422$804'.
Found and cleaned up 1 empty switch in `\rq_mult_parallel.$proc$peng_r3.v:19406$803'.
Removing empty process `rq_mult_parallel.$proc$peng_r3.v:19406$803'.
Found and cleaned up 1 empty switch in `\rq_mult_parallel.$proc$peng_r3.v:19390$802'.
Removing empty process `rq_mult_parallel.$proc$peng_r3.v:19390$802'.
Found and cleaned up 1 empty switch in `\rq_mult_parallel.$proc$peng_r3.v:19374$801'.
Removing empty process `rq_mult_parallel.$proc$peng_r3.v:19374$801'.
Found and cleaned up 1 empty switch in `\rq_mult_parallel.$proc$peng_r3.v:19358$800'.
Removing empty process `rq_mult_parallel.$proc$peng_r3.v:19358$800'.
Found and cleaned up 1 empty switch in `\rq_mult_parallel.$proc$peng_r3.v:19342$799'.
Removing empty process `rq_mult_parallel.$proc$peng_r3.v:19342$799'.
Found and cleaned up 1 empty switch in `\rq_mult_parallel.$proc$peng_r3.v:19326$798'.
Removing empty process `rq_mult_parallel.$proc$peng_r3.v:19326$798'.
Found and cleaned up 1 empty switch in `\rq_mult_parallel.$proc$peng_r3.v:19310$797'.
Removing empty process `rq_mult_parallel.$proc$peng_r3.v:19310$797'.
Found and cleaned up 1 empty switch in `\rq_mult_parallel.$proc$peng_r3.v:19294$796'.
Removing empty process `rq_mult_parallel.$proc$peng_r3.v:19294$796'.
Found and cleaned up 1 empty switch in `\rq_mult_parallel.$proc$peng_r3.v:19278$795'.
Removing empty process `rq_mult_parallel.$proc$peng_r3.v:19278$795'.
Found and cleaned up 1 empty switch in `\rq_mult_parallel.$proc$peng_r3.v:19262$794'.
Removing empty process `rq_mult_parallel.$proc$peng_r3.v:19262$794'.
Found and cleaned up 1 empty switch in `\rq_mult_parallel.$proc$peng_r3.v:19246$793'.
Removing empty process `rq_mult_parallel.$proc$peng_r3.v:19246$793'.
Found and cleaned up 1 empty switch in `\rq_mult_parallel.$proc$peng_r3.v:19230$792'.
Removing empty process `rq_mult_parallel.$proc$peng_r3.v:19230$792'.
Found and cleaned up 1 empty switch in `\rq_mult_parallel.$proc$peng_r3.v:19214$791'.
Removing empty process `rq_mult_parallel.$proc$peng_r3.v:19214$791'.
Found and cleaned up 1 empty switch in `\rq_mult_parallel.$proc$peng_r3.v:19198$790'.
Removing empty process `rq_mult_parallel.$proc$peng_r3.v:19198$790'.
Found and cleaned up 1 empty switch in `\rq_mult_parallel.$proc$peng_r3.v:19182$789'.
Removing empty process `rq_mult_parallel.$proc$peng_r3.v:19182$789'.
Found and cleaned up 1 empty switch in `\rq_mult_parallel.$proc$peng_r3.v:19166$788'.
Removing empty process `rq_mult_parallel.$proc$peng_r3.v:19166$788'.
Found and cleaned up 1 empty switch in `\rq_mult_parallel.$proc$peng_r3.v:19150$787'.
Removing empty process `rq_mult_parallel.$proc$peng_r3.v:19150$787'.
Found and cleaned up 1 empty switch in `\rq_mult_parallel.$proc$peng_r3.v:19134$786'.
Removing empty process `rq_mult_parallel.$proc$peng_r3.v:19134$786'.
Found and cleaned up 1 empty switch in `\rq_mult_parallel.$proc$peng_r3.v:19118$785'.
Removing empty process `rq_mult_parallel.$proc$peng_r3.v:19118$785'.
Found and cleaned up 1 empty switch in `\rq_mult_parallel.$proc$peng_r3.v:19102$784'.
Removing empty process `rq_mult_parallel.$proc$peng_r3.v:19102$784'.
Found and cleaned up 1 empty switch in `\rq_mult_parallel.$proc$peng_r3.v:19086$783'.
Removing empty process `rq_mult_parallel.$proc$peng_r3.v:19086$783'.
Found and cleaned up 1 empty switch in `\rq_mult_parallel.$proc$peng_r3.v:19070$782'.
Removing empty process `rq_mult_parallel.$proc$peng_r3.v:19070$782'.
Found and cleaned up 1 empty switch in `\rq_mult_parallel.$proc$peng_r3.v:19054$781'.
Removing empty process `rq_mult_parallel.$proc$peng_r3.v:19054$781'.
Found and cleaned up 1 empty switch in `\rq_mult_parallel.$proc$peng_r3.v:19038$780'.
Removing empty process `rq_mult_parallel.$proc$peng_r3.v:19038$780'.
Found and cleaned up 1 empty switch in `\rq_mult_parallel.$proc$peng_r3.v:19022$779'.
Removing empty process `rq_mult_parallel.$proc$peng_r3.v:19022$779'.
Found and cleaned up 1 empty switch in `\rq_mult_parallel.$proc$peng_r3.v:19006$778'.
Removing empty process `rq_mult_parallel.$proc$peng_r3.v:19006$778'.
Found and cleaned up 1 empty switch in `\rq_mult_parallel.$proc$peng_r3.v:18990$777'.
Removing empty process `rq_mult_parallel.$proc$peng_r3.v:18990$777'.
Found and cleaned up 1 empty switch in `\rq_mult_parallel.$proc$peng_r3.v:18974$776'.
Removing empty process `rq_mult_parallel.$proc$peng_r3.v:18974$776'.
Found and cleaned up 1 empty switch in `\rq_mult_parallel.$proc$peng_r3.v:18958$775'.
Removing empty process `rq_mult_parallel.$proc$peng_r3.v:18958$775'.
Found and cleaned up 1 empty switch in `\rq_mult_parallel.$proc$peng_r3.v:18942$774'.
Removing empty process `rq_mult_parallel.$proc$peng_r3.v:18942$774'.
Found and cleaned up 1 empty switch in `\rq_mult_parallel.$proc$peng_r3.v:18926$773'.
Removing empty process `rq_mult_parallel.$proc$peng_r3.v:18926$773'.
Found and cleaned up 1 empty switch in `\rq_mult_parallel.$proc$peng_r3.v:18910$772'.
Removing empty process `rq_mult_parallel.$proc$peng_r3.v:18910$772'.
Found and cleaned up 1 empty switch in `\rq_mult_parallel.$proc$peng_r3.v:18894$771'.
Removing empty process `rq_mult_parallel.$proc$peng_r3.v:18894$771'.
Found and cleaned up 1 empty switch in `\rq_mult_parallel.$proc$peng_r3.v:18878$770'.
Removing empty process `rq_mult_parallel.$proc$peng_r3.v:18878$770'.
Found and cleaned up 1 empty switch in `\rq_mult_parallel.$proc$peng_r3.v:18862$769'.
Removing empty process `rq_mult_parallel.$proc$peng_r3.v:18862$769'.
Found and cleaned up 1 empty switch in `\rq_mult_parallel.$proc$peng_r3.v:18846$768'.
Removing empty process `rq_mult_parallel.$proc$peng_r3.v:18846$768'.
Found and cleaned up 1 empty switch in `\rq_mult_parallel.$proc$peng_r3.v:18830$767'.
Removing empty process `rq_mult_parallel.$proc$peng_r3.v:18830$767'.
Found and cleaned up 1 empty switch in `\rq_mult_parallel.$proc$peng_r3.v:18814$766'.
Removing empty process `rq_mult_parallel.$proc$peng_r3.v:18814$766'.
Found and cleaned up 1 empty switch in `\rq_mult_parallel.$proc$peng_r3.v:18798$765'.
Removing empty process `rq_mult_parallel.$proc$peng_r3.v:18798$765'.
Found and cleaned up 1 empty switch in `\rq_mult_parallel.$proc$peng_r3.v:18782$764'.
Removing empty process `rq_mult_parallel.$proc$peng_r3.v:18782$764'.
Found and cleaned up 1 empty switch in `\rq_mult_parallel.$proc$peng_r3.v:18766$763'.
Removing empty process `rq_mult_parallel.$proc$peng_r3.v:18766$763'.
Found and cleaned up 1 empty switch in `\rq_mult_parallel.$proc$peng_r3.v:18750$762'.
Removing empty process `rq_mult_parallel.$proc$peng_r3.v:18750$762'.
Found and cleaned up 1 empty switch in `\rq_mult_parallel.$proc$peng_r3.v:18734$761'.
Removing empty process `rq_mult_parallel.$proc$peng_r3.v:18734$761'.
Found and cleaned up 1 empty switch in `\rq_mult_parallel.$proc$peng_r3.v:18718$760'.
Removing empty process `rq_mult_parallel.$proc$peng_r3.v:18718$760'.
Found and cleaned up 1 empty switch in `\rq_mult_parallel.$proc$peng_r3.v:18702$759'.
Removing empty process `rq_mult_parallel.$proc$peng_r3.v:18702$759'.
Found and cleaned up 1 empty switch in `\rq_mult_parallel.$proc$peng_r3.v:18686$758'.
Removing empty process `rq_mult_parallel.$proc$peng_r3.v:18686$758'.
Found and cleaned up 1 empty switch in `\rq_mult_parallel.$proc$peng_r3.v:18670$757'.
Removing empty process `rq_mult_parallel.$proc$peng_r3.v:18670$757'.
Found and cleaned up 1 empty switch in `\rq_mult_parallel.$proc$peng_r3.v:18654$756'.
Removing empty process `rq_mult_parallel.$proc$peng_r3.v:18654$756'.
Found and cleaned up 1 empty switch in `\rq_mult_parallel.$proc$peng_r3.v:18638$755'.
Removing empty process `rq_mult_parallel.$proc$peng_r3.v:18638$755'.
Found and cleaned up 1 empty switch in `\rq_mult_parallel.$proc$peng_r3.v:18622$754'.
Removing empty process `rq_mult_parallel.$proc$peng_r3.v:18622$754'.
Found and cleaned up 1 empty switch in `\rq_mult_parallel.$proc$peng_r3.v:18606$753'.
Removing empty process `rq_mult_parallel.$proc$peng_r3.v:18606$753'.
Found and cleaned up 1 empty switch in `\rq_mult_parallel.$proc$peng_r3.v:18590$752'.
Removing empty process `rq_mult_parallel.$proc$peng_r3.v:18590$752'.
Found and cleaned up 1 empty switch in `\rq_mult_parallel.$proc$peng_r3.v:18574$751'.
Removing empty process `rq_mult_parallel.$proc$peng_r3.v:18574$751'.
Found and cleaned up 1 empty switch in `\rq_mult_parallel.$proc$peng_r3.v:18558$750'.
Removing empty process `rq_mult_parallel.$proc$peng_r3.v:18558$750'.
Found and cleaned up 1 empty switch in `\rq_mult_parallel.$proc$peng_r3.v:18542$749'.
Removing empty process `rq_mult_parallel.$proc$peng_r3.v:18542$749'.
Found and cleaned up 1 empty switch in `\rq_mult_parallel.$proc$peng_r3.v:18526$748'.
Removing empty process `rq_mult_parallel.$proc$peng_r3.v:18526$748'.
Found and cleaned up 1 empty switch in `\rq_mult_parallel.$proc$peng_r3.v:18510$747'.
Removing empty process `rq_mult_parallel.$proc$peng_r3.v:18510$747'.
Found and cleaned up 1 empty switch in `\rq_mult_parallel.$proc$peng_r3.v:18494$746'.
Removing empty process `rq_mult_parallel.$proc$peng_r3.v:18494$746'.
Found and cleaned up 1 empty switch in `\rq_mult_parallel.$proc$peng_r3.v:18478$745'.
Removing empty process `rq_mult_parallel.$proc$peng_r3.v:18478$745'.
Found and cleaned up 1 empty switch in `\rq_mult_parallel.$proc$peng_r3.v:18462$744'.
Removing empty process `rq_mult_parallel.$proc$peng_r3.v:18462$744'.
Found and cleaned up 1 empty switch in `\rq_mult_parallel.$proc$peng_r3.v:18446$743'.
Removing empty process `rq_mult_parallel.$proc$peng_r3.v:18446$743'.
Found and cleaned up 1 empty switch in `\rq_mult_parallel.$proc$peng_r3.v:18430$742'.
Removing empty process `rq_mult_parallel.$proc$peng_r3.v:18430$742'.
Found and cleaned up 1 empty switch in `\rq_mult_parallel.$proc$peng_r3.v:18414$741'.
Removing empty process `rq_mult_parallel.$proc$peng_r3.v:18414$741'.
Found and cleaned up 1 empty switch in `\rq_mult_parallel.$proc$peng_r3.v:18398$740'.
Removing empty process `rq_mult_parallel.$proc$peng_r3.v:18398$740'.
Found and cleaned up 1 empty switch in `\rq_mult_parallel.$proc$peng_r3.v:18382$739'.
Removing empty process `rq_mult_parallel.$proc$peng_r3.v:18382$739'.
Found and cleaned up 1 empty switch in `\rq_mult_parallel.$proc$peng_r3.v:18366$738'.
Removing empty process `rq_mult_parallel.$proc$peng_r3.v:18366$738'.
Found and cleaned up 1 empty switch in `\rq_mult_parallel.$proc$peng_r3.v:18350$737'.
Removing empty process `rq_mult_parallel.$proc$peng_r3.v:18350$737'.
Found and cleaned up 1 empty switch in `\rq_mult_parallel.$proc$peng_r3.v:18334$736'.
Removing empty process `rq_mult_parallel.$proc$peng_r3.v:18334$736'.
Found and cleaned up 1 empty switch in `\rq_mult_parallel.$proc$peng_r3.v:18318$735'.
Removing empty process `rq_mult_parallel.$proc$peng_r3.v:18318$735'.
Found and cleaned up 1 empty switch in `\rq_mult_parallel.$proc$peng_r3.v:18302$734'.
Removing empty process `rq_mult_parallel.$proc$peng_r3.v:18302$734'.
Found and cleaned up 1 empty switch in `\rq_mult_parallel.$proc$peng_r3.v:18286$733'.
Removing empty process `rq_mult_parallel.$proc$peng_r3.v:18286$733'.
Found and cleaned up 1 empty switch in `\rq_mult_parallel.$proc$peng_r3.v:18270$732'.
Removing empty process `rq_mult_parallel.$proc$peng_r3.v:18270$732'.
Found and cleaned up 1 empty switch in `\rq_mult_parallel.$proc$peng_r3.v:18254$731'.
Removing empty process `rq_mult_parallel.$proc$peng_r3.v:18254$731'.
Found and cleaned up 1 empty switch in `\rq_mult_parallel.$proc$peng_r3.v:18238$730'.
Removing empty process `rq_mult_parallel.$proc$peng_r3.v:18238$730'.
Found and cleaned up 1 empty switch in `\rq_mult_parallel.$proc$peng_r3.v:18222$729'.
Removing empty process `rq_mult_parallel.$proc$peng_r3.v:18222$729'.
Found and cleaned up 1 empty switch in `\rq_mult_parallel.$proc$peng_r3.v:18206$728'.
Removing empty process `rq_mult_parallel.$proc$peng_r3.v:18206$728'.
Found and cleaned up 1 empty switch in `\rq_mult_parallel.$proc$peng_r3.v:18190$727'.
Removing empty process `rq_mult_parallel.$proc$peng_r3.v:18190$727'.
Found and cleaned up 1 empty switch in `\rq_mult_parallel.$proc$peng_r3.v:18174$726'.
Removing empty process `rq_mult_parallel.$proc$peng_r3.v:18174$726'.
Found and cleaned up 1 empty switch in `\rq_mult_parallel.$proc$peng_r3.v:18158$725'.
Removing empty process `rq_mult_parallel.$proc$peng_r3.v:18158$725'.
Found and cleaned up 1 empty switch in `\rq_mult_parallel.$proc$peng_r3.v:18142$724'.
Removing empty process `rq_mult_parallel.$proc$peng_r3.v:18142$724'.
Found and cleaned up 1 empty switch in `\rq_mult_parallel.$proc$peng_r3.v:18126$723'.
Removing empty process `rq_mult_parallel.$proc$peng_r3.v:18126$723'.
Found and cleaned up 1 empty switch in `\rq_mult_parallel.$proc$peng_r3.v:18110$722'.
Removing empty process `rq_mult_parallel.$proc$peng_r3.v:18110$722'.
Found and cleaned up 1 empty switch in `\rq_mult_parallel.$proc$peng_r3.v:18094$721'.
Removing empty process `rq_mult_parallel.$proc$peng_r3.v:18094$721'.
Found and cleaned up 1 empty switch in `\rq_mult_parallel.$proc$peng_r3.v:18078$720'.
Removing empty process `rq_mult_parallel.$proc$peng_r3.v:18078$720'.
Found and cleaned up 1 empty switch in `\rq_mult_parallel.$proc$peng_r3.v:18062$719'.
Removing empty process `rq_mult_parallel.$proc$peng_r3.v:18062$719'.
Found and cleaned up 1 empty switch in `\rq_mult_parallel.$proc$peng_r3.v:18046$718'.
Removing empty process `rq_mult_parallel.$proc$peng_r3.v:18046$718'.
Found and cleaned up 1 empty switch in `\rq_mult_parallel.$proc$peng_r3.v:18030$717'.
Removing empty process `rq_mult_parallel.$proc$peng_r3.v:18030$717'.
Found and cleaned up 1 empty switch in `\rq_mult_parallel.$proc$peng_r3.v:18014$716'.
Removing empty process `rq_mult_parallel.$proc$peng_r3.v:18014$716'.
Found and cleaned up 1 empty switch in `\rq_mult_parallel.$proc$peng_r3.v:17998$715'.
Removing empty process `rq_mult_parallel.$proc$peng_r3.v:17998$715'.
Found and cleaned up 1 empty switch in `\rq_mult_parallel.$proc$peng_r3.v:17982$714'.
Removing empty process `rq_mult_parallel.$proc$peng_r3.v:17982$714'.
Found and cleaned up 1 empty switch in `\rq_mult_parallel.$proc$peng_r3.v:17966$713'.
Removing empty process `rq_mult_parallel.$proc$peng_r3.v:17966$713'.
Found and cleaned up 1 empty switch in `\rq_mult_parallel.$proc$peng_r3.v:17950$712'.
Removing empty process `rq_mult_parallel.$proc$peng_r3.v:17950$712'.
Found and cleaned up 1 empty switch in `\rq_mult_parallel.$proc$peng_r3.v:17934$711'.
Removing empty process `rq_mult_parallel.$proc$peng_r3.v:17934$711'.
Found and cleaned up 1 empty switch in `\rq_mult_parallel.$proc$peng_r3.v:17918$710'.
Removing empty process `rq_mult_parallel.$proc$peng_r3.v:17918$710'.
Found and cleaned up 1 empty switch in `\rq_mult_parallel.$proc$peng_r3.v:17902$709'.
Removing empty process `rq_mult_parallel.$proc$peng_r3.v:17902$709'.
Found and cleaned up 1 empty switch in `\rq_mult_parallel.$proc$peng_r3.v:17886$708'.
Removing empty process `rq_mult_parallel.$proc$peng_r3.v:17886$708'.
Found and cleaned up 1 empty switch in `\rq_mult_parallel.$proc$peng_r3.v:17870$707'.
Removing empty process `rq_mult_parallel.$proc$peng_r3.v:17870$707'.
Found and cleaned up 1 empty switch in `\rq_mult_parallel.$proc$peng_r3.v:17854$706'.
Removing empty process `rq_mult_parallel.$proc$peng_r3.v:17854$706'.
Found and cleaned up 1 empty switch in `\rq_mult_parallel.$proc$peng_r3.v:17838$705'.
Removing empty process `rq_mult_parallel.$proc$peng_r3.v:17838$705'.
Found and cleaned up 1 empty switch in `\rq_mult_parallel.$proc$peng_r3.v:17822$704'.
Removing empty process `rq_mult_parallel.$proc$peng_r3.v:17822$704'.
Found and cleaned up 1 empty switch in `\rq_mult_parallel.$proc$peng_r3.v:17806$703'.
Removing empty process `rq_mult_parallel.$proc$peng_r3.v:17806$703'.
Found and cleaned up 1 empty switch in `\rq_mult_parallel.$proc$peng_r3.v:17790$702'.
Removing empty process `rq_mult_parallel.$proc$peng_r3.v:17790$702'.
Found and cleaned up 1 empty switch in `\rq_mult_parallel.$proc$peng_r3.v:17774$701'.
Removing empty process `rq_mult_parallel.$proc$peng_r3.v:17774$701'.
Found and cleaned up 1 empty switch in `\rq_mult_parallel.$proc$peng_r3.v:17758$700'.
Removing empty process `rq_mult_parallel.$proc$peng_r3.v:17758$700'.
Found and cleaned up 1 empty switch in `\rq_mult_parallel.$proc$peng_r3.v:17742$699'.
Removing empty process `rq_mult_parallel.$proc$peng_r3.v:17742$699'.
Found and cleaned up 1 empty switch in `\rq_mult_parallel.$proc$peng_r3.v:17726$698'.
Removing empty process `rq_mult_parallel.$proc$peng_r3.v:17726$698'.
Found and cleaned up 1 empty switch in `\rq_mult_parallel.$proc$peng_r3.v:17710$697'.
Removing empty process `rq_mult_parallel.$proc$peng_r3.v:17710$697'.
Found and cleaned up 1 empty switch in `\rq_mult_parallel.$proc$peng_r3.v:17694$696'.
Removing empty process `rq_mult_parallel.$proc$peng_r3.v:17694$696'.
Found and cleaned up 1 empty switch in `\rq_mult_parallel.$proc$peng_r3.v:17678$695'.
Removing empty process `rq_mult_parallel.$proc$peng_r3.v:17678$695'.
Found and cleaned up 1 empty switch in `\rq_mult_parallel.$proc$peng_r3.v:17662$694'.
Removing empty process `rq_mult_parallel.$proc$peng_r3.v:17662$694'.
Found and cleaned up 1 empty switch in `\rq_mult_parallel.$proc$peng_r3.v:17646$693'.
Removing empty process `rq_mult_parallel.$proc$peng_r3.v:17646$693'.
Found and cleaned up 1 empty switch in `\rq_mult_parallel.$proc$peng_r3.v:17630$692'.
Removing empty process `rq_mult_parallel.$proc$peng_r3.v:17630$692'.
Found and cleaned up 1 empty switch in `\rq_mult_parallel.$proc$peng_r3.v:17614$691'.
Removing empty process `rq_mult_parallel.$proc$peng_r3.v:17614$691'.
Found and cleaned up 1 empty switch in `\rq_mult_parallel.$proc$peng_r3.v:17598$690'.
Removing empty process `rq_mult_parallel.$proc$peng_r3.v:17598$690'.
Found and cleaned up 1 empty switch in `\rq_mult_parallel.$proc$peng_r3.v:17582$689'.
Removing empty process `rq_mult_parallel.$proc$peng_r3.v:17582$689'.
Found and cleaned up 1 empty switch in `\rq_mult_parallel.$proc$peng_r3.v:17566$688'.
Removing empty process `rq_mult_parallel.$proc$peng_r3.v:17566$688'.
Found and cleaned up 1 empty switch in `\rq_mult_parallel.$proc$peng_r3.v:17550$687'.
Removing empty process `rq_mult_parallel.$proc$peng_r3.v:17550$687'.
Found and cleaned up 1 empty switch in `\rq_mult_parallel.$proc$peng_r3.v:17534$686'.
Removing empty process `rq_mult_parallel.$proc$peng_r3.v:17534$686'.
Found and cleaned up 1 empty switch in `\rq_mult_parallel.$proc$peng_r3.v:17518$685'.
Removing empty process `rq_mult_parallel.$proc$peng_r3.v:17518$685'.
Found and cleaned up 1 empty switch in `\rq_mult_parallel.$proc$peng_r3.v:17502$684'.
Removing empty process `rq_mult_parallel.$proc$peng_r3.v:17502$684'.
Found and cleaned up 1 empty switch in `\rq_mult_parallel.$proc$peng_r3.v:17486$683'.
Removing empty process `rq_mult_parallel.$proc$peng_r3.v:17486$683'.
Found and cleaned up 1 empty switch in `\rq_mult_parallel.$proc$peng_r3.v:17470$682'.
Removing empty process `rq_mult_parallel.$proc$peng_r3.v:17470$682'.
Found and cleaned up 1 empty switch in `\rq_mult_parallel.$proc$peng_r3.v:17454$681'.
Removing empty process `rq_mult_parallel.$proc$peng_r3.v:17454$681'.
Found and cleaned up 1 empty switch in `\rq_mult_parallel.$proc$peng_r3.v:17438$680'.
Removing empty process `rq_mult_parallel.$proc$peng_r3.v:17438$680'.
Found and cleaned up 1 empty switch in `\rq_mult_parallel.$proc$peng_r3.v:17422$679'.
Removing empty process `rq_mult_parallel.$proc$peng_r3.v:17422$679'.
Found and cleaned up 1 empty switch in `\rq_mult_parallel.$proc$peng_r3.v:17406$678'.
Removing empty process `rq_mult_parallel.$proc$peng_r3.v:17406$678'.
Found and cleaned up 1 empty switch in `\rq_mult_parallel.$proc$peng_r3.v:17390$677'.
Removing empty process `rq_mult_parallel.$proc$peng_r3.v:17390$677'.
Found and cleaned up 1 empty switch in `\rq_mult_parallel.$proc$peng_r3.v:17374$676'.
Removing empty process `rq_mult_parallel.$proc$peng_r3.v:17374$676'.
Found and cleaned up 1 empty switch in `\rq_mult_parallel.$proc$peng_r3.v:17358$675'.
Removing empty process `rq_mult_parallel.$proc$peng_r3.v:17358$675'.
Found and cleaned up 1 empty switch in `\rq_mult_parallel.$proc$peng_r3.v:17342$674'.
Removing empty process `rq_mult_parallel.$proc$peng_r3.v:17342$674'.
Found and cleaned up 1 empty switch in `\rq_mult_parallel.$proc$peng_r3.v:17326$673'.
Removing empty process `rq_mult_parallel.$proc$peng_r3.v:17326$673'.
Found and cleaned up 1 empty switch in `\rq_mult_parallel.$proc$peng_r3.v:17310$672'.
Removing empty process `rq_mult_parallel.$proc$peng_r3.v:17310$672'.
Found and cleaned up 1 empty switch in `\rq_mult_parallel.$proc$peng_r3.v:17294$671'.
Removing empty process `rq_mult_parallel.$proc$peng_r3.v:17294$671'.
Found and cleaned up 1 empty switch in `\rq_mult_parallel.$proc$peng_r3.v:17278$670'.
Removing empty process `rq_mult_parallel.$proc$peng_r3.v:17278$670'.
Found and cleaned up 1 empty switch in `\rq_mult_parallel.$proc$peng_r3.v:17262$669'.
Removing empty process `rq_mult_parallel.$proc$peng_r3.v:17262$669'.
Found and cleaned up 1 empty switch in `\rq_mult_parallel.$proc$peng_r3.v:17246$668'.
Removing empty process `rq_mult_parallel.$proc$peng_r3.v:17246$668'.
Found and cleaned up 1 empty switch in `\rq_mult_parallel.$proc$peng_r3.v:17230$667'.
Removing empty process `rq_mult_parallel.$proc$peng_r3.v:17230$667'.
Found and cleaned up 1 empty switch in `\rq_mult_parallel.$proc$peng_r3.v:17214$666'.
Removing empty process `rq_mult_parallel.$proc$peng_r3.v:17214$666'.
Found and cleaned up 1 empty switch in `\rq_mult_parallel.$proc$peng_r3.v:17198$665'.
Removing empty process `rq_mult_parallel.$proc$peng_r3.v:17198$665'.
Found and cleaned up 1 empty switch in `\rq_mult_parallel.$proc$peng_r3.v:17182$664'.
Removing empty process `rq_mult_parallel.$proc$peng_r3.v:17182$664'.
Found and cleaned up 1 empty switch in `\rq_mult_parallel.$proc$peng_r3.v:17166$663'.
Removing empty process `rq_mult_parallel.$proc$peng_r3.v:17166$663'.
Found and cleaned up 1 empty switch in `\rq_mult_parallel.$proc$peng_r3.v:17150$662'.
Removing empty process `rq_mult_parallel.$proc$peng_r3.v:17150$662'.
Found and cleaned up 1 empty switch in `\rq_mult_parallel.$proc$peng_r3.v:17134$661'.
Removing empty process `rq_mult_parallel.$proc$peng_r3.v:17134$661'.
Found and cleaned up 1 empty switch in `\rq_mult_parallel.$proc$peng_r3.v:17118$660'.
Removing empty process `rq_mult_parallel.$proc$peng_r3.v:17118$660'.
Found and cleaned up 1 empty switch in `\rq_mult_parallel.$proc$peng_r3.v:17102$659'.
Removing empty process `rq_mult_parallel.$proc$peng_r3.v:17102$659'.
Found and cleaned up 1 empty switch in `\rq_mult_parallel.$proc$peng_r3.v:17086$658'.
Removing empty process `rq_mult_parallel.$proc$peng_r3.v:17086$658'.
Found and cleaned up 1 empty switch in `\rq_mult_parallel.$proc$peng_r3.v:17070$657'.
Removing empty process `rq_mult_parallel.$proc$peng_r3.v:17070$657'.
Found and cleaned up 1 empty switch in `\rq_mult_parallel.$proc$peng_r3.v:17054$656'.
Removing empty process `rq_mult_parallel.$proc$peng_r3.v:17054$656'.
Found and cleaned up 1 empty switch in `\rq_mult_parallel.$proc$peng_r3.v:17038$655'.
Removing empty process `rq_mult_parallel.$proc$peng_r3.v:17038$655'.
Found and cleaned up 1 empty switch in `\rq_mult_parallel.$proc$peng_r3.v:17022$654'.
Removing empty process `rq_mult_parallel.$proc$peng_r3.v:17022$654'.
Found and cleaned up 1 empty switch in `\rq_mult_parallel.$proc$peng_r3.v:17006$653'.
Removing empty process `rq_mult_parallel.$proc$peng_r3.v:17006$653'.
Found and cleaned up 1 empty switch in `\rq_mult_parallel.$proc$peng_r3.v:16990$652'.
Removing empty process `rq_mult_parallel.$proc$peng_r3.v:16990$652'.
Found and cleaned up 1 empty switch in `\rq_mult_parallel.$proc$peng_r3.v:16974$651'.
Removing empty process `rq_mult_parallel.$proc$peng_r3.v:16974$651'.
Found and cleaned up 1 empty switch in `\rq_mult_parallel.$proc$peng_r3.v:16958$650'.
Removing empty process `rq_mult_parallel.$proc$peng_r3.v:16958$650'.
Found and cleaned up 1 empty switch in `\rq_mult_parallel.$proc$peng_r3.v:16942$649'.
Removing empty process `rq_mult_parallel.$proc$peng_r3.v:16942$649'.
Found and cleaned up 1 empty switch in `\rq_mult_parallel.$proc$peng_r3.v:16926$648'.
Removing empty process `rq_mult_parallel.$proc$peng_r3.v:16926$648'.
Found and cleaned up 1 empty switch in `\rq_mult_parallel.$proc$peng_r3.v:16910$647'.
Removing empty process `rq_mult_parallel.$proc$peng_r3.v:16910$647'.
Found and cleaned up 1 empty switch in `\rq_mult_parallel.$proc$peng_r3.v:16894$646'.
Removing empty process `rq_mult_parallel.$proc$peng_r3.v:16894$646'.
Found and cleaned up 1 empty switch in `\rq_mult_parallel.$proc$peng_r3.v:16878$645'.
Removing empty process `rq_mult_parallel.$proc$peng_r3.v:16878$645'.
Found and cleaned up 1 empty switch in `\rq_mult_parallel.$proc$peng_r3.v:16862$644'.
Removing empty process `rq_mult_parallel.$proc$peng_r3.v:16862$644'.
Found and cleaned up 1 empty switch in `\rq_mult_parallel.$proc$peng_r3.v:16846$643'.
Removing empty process `rq_mult_parallel.$proc$peng_r3.v:16846$643'.
Found and cleaned up 1 empty switch in `\rq_mult_parallel.$proc$peng_r3.v:16830$642'.
Removing empty process `rq_mult_parallel.$proc$peng_r3.v:16830$642'.
Found and cleaned up 1 empty switch in `\rq_mult_parallel.$proc$peng_r3.v:16814$641'.
Removing empty process `rq_mult_parallel.$proc$peng_r3.v:16814$641'.
Found and cleaned up 1 empty switch in `\rq_mult_parallel.$proc$peng_r3.v:16798$640'.
Removing empty process `rq_mult_parallel.$proc$peng_r3.v:16798$640'.
Found and cleaned up 1 empty switch in `\rq_mult_parallel.$proc$peng_r3.v:16782$639'.
Removing empty process `rq_mult_parallel.$proc$peng_r3.v:16782$639'.
Found and cleaned up 1 empty switch in `\rq_mult_parallel.$proc$peng_r3.v:16766$638'.
Removing empty process `rq_mult_parallel.$proc$peng_r3.v:16766$638'.
Found and cleaned up 1 empty switch in `\rq_mult_parallel.$proc$peng_r3.v:16750$637'.
Removing empty process `rq_mult_parallel.$proc$peng_r3.v:16750$637'.
Found and cleaned up 1 empty switch in `\rq_mult_parallel.$proc$peng_r3.v:16734$636'.
Removing empty process `rq_mult_parallel.$proc$peng_r3.v:16734$636'.
Found and cleaned up 1 empty switch in `\rq_mult_parallel.$proc$peng_r3.v:16718$635'.
Removing empty process `rq_mult_parallel.$proc$peng_r3.v:16718$635'.
Found and cleaned up 1 empty switch in `\rq_mult_parallel.$proc$peng_r3.v:16702$634'.
Removing empty process `rq_mult_parallel.$proc$peng_r3.v:16702$634'.
Found and cleaned up 1 empty switch in `\rq_mult_parallel.$proc$peng_r3.v:16686$633'.
Removing empty process `rq_mult_parallel.$proc$peng_r3.v:16686$633'.
Found and cleaned up 1 empty switch in `\rq_mult_parallel.$proc$peng_r3.v:16670$632'.
Removing empty process `rq_mult_parallel.$proc$peng_r3.v:16670$632'.
Found and cleaned up 1 empty switch in `\rq_mult_parallel.$proc$peng_r3.v:16654$631'.
Removing empty process `rq_mult_parallel.$proc$peng_r3.v:16654$631'.
Found and cleaned up 1 empty switch in `\rq_mult_parallel.$proc$peng_r3.v:16638$630'.
Removing empty process `rq_mult_parallel.$proc$peng_r3.v:16638$630'.
Found and cleaned up 1 empty switch in `\rq_mult_parallel.$proc$peng_r3.v:16622$629'.
Removing empty process `rq_mult_parallel.$proc$peng_r3.v:16622$629'.
Found and cleaned up 1 empty switch in `\rq_mult_parallel.$proc$peng_r3.v:16606$628'.
Removing empty process `rq_mult_parallel.$proc$peng_r3.v:16606$628'.
Found and cleaned up 1 empty switch in `\rq_mult_parallel.$proc$peng_r3.v:16590$627'.
Removing empty process `rq_mult_parallel.$proc$peng_r3.v:16590$627'.
Found and cleaned up 1 empty switch in `\rq_mult_parallel.$proc$peng_r3.v:16574$626'.
Removing empty process `rq_mult_parallel.$proc$peng_r3.v:16574$626'.
Found and cleaned up 1 empty switch in `\rq_mult_parallel.$proc$peng_r3.v:16558$625'.
Removing empty process `rq_mult_parallel.$proc$peng_r3.v:16558$625'.
Found and cleaned up 1 empty switch in `\rq_mult_parallel.$proc$peng_r3.v:16542$624'.
Removing empty process `rq_mult_parallel.$proc$peng_r3.v:16542$624'.
Found and cleaned up 1 empty switch in `\rq_mult_parallel.$proc$peng_r3.v:16526$623'.
Removing empty process `rq_mult_parallel.$proc$peng_r3.v:16526$623'.
Found and cleaned up 1 empty switch in `\rq_mult_parallel.$proc$peng_r3.v:16510$622'.
Removing empty process `rq_mult_parallel.$proc$peng_r3.v:16510$622'.
Found and cleaned up 1 empty switch in `\rq_mult_parallel.$proc$peng_r3.v:16494$621'.
Removing empty process `rq_mult_parallel.$proc$peng_r3.v:16494$621'.
Found and cleaned up 1 empty switch in `\rq_mult_parallel.$proc$peng_r3.v:16478$620'.
Removing empty process `rq_mult_parallel.$proc$peng_r3.v:16478$620'.
Found and cleaned up 1 empty switch in `\rq_mult_parallel.$proc$peng_r3.v:16462$619'.
Removing empty process `rq_mult_parallel.$proc$peng_r3.v:16462$619'.
Found and cleaned up 1 empty switch in `\rq_mult_parallel.$proc$peng_r3.v:16446$618'.
Removing empty process `rq_mult_parallel.$proc$peng_r3.v:16446$618'.
Found and cleaned up 1 empty switch in `\rq_mult_parallel.$proc$peng_r3.v:16430$617'.
Removing empty process `rq_mult_parallel.$proc$peng_r3.v:16430$617'.
Found and cleaned up 1 empty switch in `\rq_mult_parallel.$proc$peng_r3.v:16414$616'.
Removing empty process `rq_mult_parallel.$proc$peng_r3.v:16414$616'.
Found and cleaned up 1 empty switch in `\rq_mult_parallel.$proc$peng_r3.v:16398$615'.
Removing empty process `rq_mult_parallel.$proc$peng_r3.v:16398$615'.
Found and cleaned up 1 empty switch in `\rq_mult_parallel.$proc$peng_r3.v:16382$614'.
Removing empty process `rq_mult_parallel.$proc$peng_r3.v:16382$614'.
Found and cleaned up 1 empty switch in `\rq_mult_parallel.$proc$peng_r3.v:16366$613'.
Removing empty process `rq_mult_parallel.$proc$peng_r3.v:16366$613'.
Found and cleaned up 1 empty switch in `\rq_mult_parallel.$proc$peng_r3.v:16350$612'.
Removing empty process `rq_mult_parallel.$proc$peng_r3.v:16350$612'.
Found and cleaned up 1 empty switch in `\rq_mult_parallel.$proc$peng_r3.v:16334$611'.
Removing empty process `rq_mult_parallel.$proc$peng_r3.v:16334$611'.
Found and cleaned up 1 empty switch in `\rq_mult_parallel.$proc$peng_r3.v:16318$610'.
Removing empty process `rq_mult_parallel.$proc$peng_r3.v:16318$610'.
Found and cleaned up 1 empty switch in `\rq_mult_parallel.$proc$peng_r3.v:16302$609'.
Removing empty process `rq_mult_parallel.$proc$peng_r3.v:16302$609'.
Found and cleaned up 1 empty switch in `\rq_mult_parallel.$proc$peng_r3.v:16286$608'.
Removing empty process `rq_mult_parallel.$proc$peng_r3.v:16286$608'.
Found and cleaned up 1 empty switch in `\rq_mult_parallel.$proc$peng_r3.v:16270$607'.
Removing empty process `rq_mult_parallel.$proc$peng_r3.v:16270$607'.
Found and cleaned up 1 empty switch in `\rq_mult_parallel.$proc$peng_r3.v:16254$606'.
Removing empty process `rq_mult_parallel.$proc$peng_r3.v:16254$606'.
Found and cleaned up 1 empty switch in `\rq_mult_parallel.$proc$peng_r3.v:16238$605'.
Removing empty process `rq_mult_parallel.$proc$peng_r3.v:16238$605'.
Found and cleaned up 1 empty switch in `\rq_mult_parallel.$proc$peng_r3.v:16222$604'.
Removing empty process `rq_mult_parallel.$proc$peng_r3.v:16222$604'.
Found and cleaned up 1 empty switch in `\rq_mult_parallel.$proc$peng_r3.v:16206$603'.
Removing empty process `rq_mult_parallel.$proc$peng_r3.v:16206$603'.
Found and cleaned up 1 empty switch in `\rq_mult_parallel.$proc$peng_r3.v:16190$602'.
Removing empty process `rq_mult_parallel.$proc$peng_r3.v:16190$602'.
Found and cleaned up 1 empty switch in `\rq_mult_parallel.$proc$peng_r3.v:16174$601'.
Removing empty process `rq_mult_parallel.$proc$peng_r3.v:16174$601'.
Found and cleaned up 1 empty switch in `\rq_mult_parallel.$proc$peng_r3.v:16158$600'.
Removing empty process `rq_mult_parallel.$proc$peng_r3.v:16158$600'.
Found and cleaned up 1 empty switch in `\rq_mult_parallel.$proc$peng_r3.v:16142$599'.
Removing empty process `rq_mult_parallel.$proc$peng_r3.v:16142$599'.
Found and cleaned up 1 empty switch in `\rq_mult_parallel.$proc$peng_r3.v:16126$598'.
Removing empty process `rq_mult_parallel.$proc$peng_r3.v:16126$598'.
Found and cleaned up 1 empty switch in `\rq_mult_parallel.$proc$peng_r3.v:16110$597'.
Removing empty process `rq_mult_parallel.$proc$peng_r3.v:16110$597'.
Found and cleaned up 1 empty switch in `\rq_mult_parallel.$proc$peng_r3.v:16094$596'.
Removing empty process `rq_mult_parallel.$proc$peng_r3.v:16094$596'.
Found and cleaned up 1 empty switch in `\rq_mult_parallel.$proc$peng_r3.v:16078$595'.
Removing empty process `rq_mult_parallel.$proc$peng_r3.v:16078$595'.
Found and cleaned up 1 empty switch in `\rq_mult_parallel.$proc$peng_r3.v:16062$594'.
Removing empty process `rq_mult_parallel.$proc$peng_r3.v:16062$594'.
Found and cleaned up 1 empty switch in `\rq_mult_parallel.$proc$peng_r3.v:16046$593'.
Removing empty process `rq_mult_parallel.$proc$peng_r3.v:16046$593'.
Found and cleaned up 1 empty switch in `\rq_mult_parallel.$proc$peng_r3.v:16030$592'.
Removing empty process `rq_mult_parallel.$proc$peng_r3.v:16030$592'.
Found and cleaned up 1 empty switch in `\rq_mult_parallel.$proc$peng_r3.v:16014$591'.
Removing empty process `rq_mult_parallel.$proc$peng_r3.v:16014$591'.
Found and cleaned up 1 empty switch in `\rq_mult_parallel.$proc$peng_r3.v:15998$590'.
Removing empty process `rq_mult_parallel.$proc$peng_r3.v:15998$590'.
Found and cleaned up 1 empty switch in `\rq_mult_parallel.$proc$peng_r3.v:15982$589'.
Removing empty process `rq_mult_parallel.$proc$peng_r3.v:15982$589'.
Found and cleaned up 1 empty switch in `\rq_mult_parallel.$proc$peng_r3.v:15966$588'.
Removing empty process `rq_mult_parallel.$proc$peng_r3.v:15966$588'.
Found and cleaned up 1 empty switch in `\rq_mult_parallel.$proc$peng_r3.v:15950$587'.
Removing empty process `rq_mult_parallel.$proc$peng_r3.v:15950$587'.
Found and cleaned up 1 empty switch in `\rq_mult_parallel.$proc$peng_r3.v:15934$586'.
Removing empty process `rq_mult_parallel.$proc$peng_r3.v:15934$586'.
Found and cleaned up 1 empty switch in `\rq_mult_parallel.$proc$peng_r3.v:15918$585'.
Removing empty process `rq_mult_parallel.$proc$peng_r3.v:15918$585'.
Found and cleaned up 1 empty switch in `\rq_mult_parallel.$proc$peng_r3.v:15902$584'.
Removing empty process `rq_mult_parallel.$proc$peng_r3.v:15902$584'.
Found and cleaned up 1 empty switch in `\rq_mult_parallel.$proc$peng_r3.v:15886$583'.
Removing empty process `rq_mult_parallel.$proc$peng_r3.v:15886$583'.
Found and cleaned up 1 empty switch in `\rq_mult_parallel.$proc$peng_r3.v:15870$582'.
Removing empty process `rq_mult_parallel.$proc$peng_r3.v:15870$582'.
Found and cleaned up 1 empty switch in `\rq_mult_parallel.$proc$peng_r3.v:15854$581'.
Removing empty process `rq_mult_parallel.$proc$peng_r3.v:15854$581'.
Found and cleaned up 1 empty switch in `\rq_mult_parallel.$proc$peng_r3.v:15838$580'.
Removing empty process `rq_mult_parallel.$proc$peng_r3.v:15838$580'.
Found and cleaned up 1 empty switch in `\rq_mult_parallel.$proc$peng_r3.v:15822$579'.
Removing empty process `rq_mult_parallel.$proc$peng_r3.v:15822$579'.
Found and cleaned up 1 empty switch in `\rq_mult_parallel.$proc$peng_r3.v:15806$578'.
Removing empty process `rq_mult_parallel.$proc$peng_r3.v:15806$578'.
Found and cleaned up 1 empty switch in `\rq_mult_parallel.$proc$peng_r3.v:15790$577'.
Removing empty process `rq_mult_parallel.$proc$peng_r3.v:15790$577'.
Found and cleaned up 1 empty switch in `\rq_mult_parallel.$proc$peng_r3.v:15774$576'.
Removing empty process `rq_mult_parallel.$proc$peng_r3.v:15774$576'.
Found and cleaned up 1 empty switch in `\rq_mult_parallel.$proc$peng_r3.v:15758$575'.
Removing empty process `rq_mult_parallel.$proc$peng_r3.v:15758$575'.
Found and cleaned up 1 empty switch in `\rq_mult_parallel.$proc$peng_r3.v:15742$574'.
Removing empty process `rq_mult_parallel.$proc$peng_r3.v:15742$574'.
Found and cleaned up 1 empty switch in `\rq_mult_parallel.$proc$peng_r3.v:15726$573'.
Removing empty process `rq_mult_parallel.$proc$peng_r3.v:15726$573'.
Found and cleaned up 1 empty switch in `\rq_mult_parallel.$proc$peng_r3.v:15710$572'.
Removing empty process `rq_mult_parallel.$proc$peng_r3.v:15710$572'.
Found and cleaned up 1 empty switch in `\rq_mult_parallel.$proc$peng_r3.v:15694$571'.
Removing empty process `rq_mult_parallel.$proc$peng_r3.v:15694$571'.
Found and cleaned up 1 empty switch in `\rq_mult_parallel.$proc$peng_r3.v:15678$570'.
Removing empty process `rq_mult_parallel.$proc$peng_r3.v:15678$570'.
Found and cleaned up 1 empty switch in `\rq_mult_parallel.$proc$peng_r3.v:15662$569'.
Removing empty process `rq_mult_parallel.$proc$peng_r3.v:15662$569'.
Found and cleaned up 1 empty switch in `\rq_mult_parallel.$proc$peng_r3.v:15646$568'.
Removing empty process `rq_mult_parallel.$proc$peng_r3.v:15646$568'.
Found and cleaned up 1 empty switch in `\rq_mult_parallel.$proc$peng_r3.v:15630$567'.
Removing empty process `rq_mult_parallel.$proc$peng_r3.v:15630$567'.
Found and cleaned up 1 empty switch in `\rq_mult_parallel.$proc$peng_r3.v:15614$566'.
Removing empty process `rq_mult_parallel.$proc$peng_r3.v:15614$566'.
Found and cleaned up 1 empty switch in `\rq_mult_parallel.$proc$peng_r3.v:15598$565'.
Removing empty process `rq_mult_parallel.$proc$peng_r3.v:15598$565'.
Found and cleaned up 1 empty switch in `\rq_mult_parallel.$proc$peng_r3.v:15582$564'.
Removing empty process `rq_mult_parallel.$proc$peng_r3.v:15582$564'.
Found and cleaned up 1 empty switch in `\rq_mult_parallel.$proc$peng_r3.v:15566$563'.
Removing empty process `rq_mult_parallel.$proc$peng_r3.v:15566$563'.
Found and cleaned up 1 empty switch in `\rq_mult_parallel.$proc$peng_r3.v:15550$562'.
Removing empty process `rq_mult_parallel.$proc$peng_r3.v:15550$562'.
Found and cleaned up 1 empty switch in `\rq_mult_parallel.$proc$peng_r3.v:15534$561'.
Removing empty process `rq_mult_parallel.$proc$peng_r3.v:15534$561'.
Found and cleaned up 1 empty switch in `\rq_mult_parallel.$proc$peng_r3.v:15518$560'.
Removing empty process `rq_mult_parallel.$proc$peng_r3.v:15518$560'.
Found and cleaned up 1 empty switch in `\rq_mult_parallel.$proc$peng_r3.v:15502$559'.
Removing empty process `rq_mult_parallel.$proc$peng_r3.v:15502$559'.
Found and cleaned up 1 empty switch in `\rq_mult_parallel.$proc$peng_r3.v:15486$558'.
Removing empty process `rq_mult_parallel.$proc$peng_r3.v:15486$558'.
Found and cleaned up 1 empty switch in `\rq_mult_parallel.$proc$peng_r3.v:15470$557'.
Removing empty process `rq_mult_parallel.$proc$peng_r3.v:15470$557'.
Found and cleaned up 1 empty switch in `\rq_mult_parallel.$proc$peng_r3.v:15454$556'.
Removing empty process `rq_mult_parallel.$proc$peng_r3.v:15454$556'.
Found and cleaned up 1 empty switch in `\rq_mult_parallel.$proc$peng_r3.v:15438$555'.
Removing empty process `rq_mult_parallel.$proc$peng_r3.v:15438$555'.
Found and cleaned up 1 empty switch in `\rq_mult_parallel.$proc$peng_r3.v:15422$554'.
Removing empty process `rq_mult_parallel.$proc$peng_r3.v:15422$554'.
Found and cleaned up 1 empty switch in `\rq_mult_parallel.$proc$peng_r3.v:15406$553'.
Removing empty process `rq_mult_parallel.$proc$peng_r3.v:15406$553'.
Found and cleaned up 1 empty switch in `\rq_mult_parallel.$proc$peng_r3.v:15390$552'.
Removing empty process `rq_mult_parallel.$proc$peng_r3.v:15390$552'.
Found and cleaned up 1 empty switch in `\rq_mult_parallel.$proc$peng_r3.v:15374$551'.
Removing empty process `rq_mult_parallel.$proc$peng_r3.v:15374$551'.
Found and cleaned up 1 empty switch in `\rq_mult_parallel.$proc$peng_r3.v:15358$550'.
Removing empty process `rq_mult_parallel.$proc$peng_r3.v:15358$550'.
Found and cleaned up 1 empty switch in `\rq_mult_parallel.$proc$peng_r3.v:15342$549'.
Removing empty process `rq_mult_parallel.$proc$peng_r3.v:15342$549'.
Found and cleaned up 1 empty switch in `\rq_mult_parallel.$proc$peng_r3.v:15326$548'.
Removing empty process `rq_mult_parallel.$proc$peng_r3.v:15326$548'.
Found and cleaned up 1 empty switch in `\rq_mult_parallel.$proc$peng_r3.v:15310$547'.
Removing empty process `rq_mult_parallel.$proc$peng_r3.v:15310$547'.
Found and cleaned up 1 empty switch in `\rq_mult_parallel.$proc$peng_r3.v:15294$546'.
Removing empty process `rq_mult_parallel.$proc$peng_r3.v:15294$546'.
Found and cleaned up 1 empty switch in `\rq_mult_parallel.$proc$peng_r3.v:15278$545'.
Removing empty process `rq_mult_parallel.$proc$peng_r3.v:15278$545'.
Found and cleaned up 1 empty switch in `\rq_mult_parallel.$proc$peng_r3.v:15262$544'.
Removing empty process `rq_mult_parallel.$proc$peng_r3.v:15262$544'.
Found and cleaned up 1 empty switch in `\rq_mult_parallel.$proc$peng_r3.v:15246$543'.
Removing empty process `rq_mult_parallel.$proc$peng_r3.v:15246$543'.
Found and cleaned up 1 empty switch in `\rq_mult_parallel.$proc$peng_r3.v:15230$542'.
Removing empty process `rq_mult_parallel.$proc$peng_r3.v:15230$542'.
Found and cleaned up 1 empty switch in `\rq_mult_parallel.$proc$peng_r3.v:15214$541'.
Removing empty process `rq_mult_parallel.$proc$peng_r3.v:15214$541'.
Found and cleaned up 1 empty switch in `\rq_mult_parallel.$proc$peng_r3.v:15198$540'.
Removing empty process `rq_mult_parallel.$proc$peng_r3.v:15198$540'.
Found and cleaned up 1 empty switch in `\rq_mult_parallel.$proc$peng_r3.v:15182$539'.
Removing empty process `rq_mult_parallel.$proc$peng_r3.v:15182$539'.
Found and cleaned up 1 empty switch in `\rq_mult_parallel.$proc$peng_r3.v:15166$538'.
Removing empty process `rq_mult_parallel.$proc$peng_r3.v:15166$538'.
Found and cleaned up 1 empty switch in `\rq_mult_parallel.$proc$peng_r3.v:15150$537'.
Removing empty process `rq_mult_parallel.$proc$peng_r3.v:15150$537'.
Found and cleaned up 1 empty switch in `\rq_mult_parallel.$proc$peng_r3.v:15134$536'.
Removing empty process `rq_mult_parallel.$proc$peng_r3.v:15134$536'.
Found and cleaned up 1 empty switch in `\rq_mult_parallel.$proc$peng_r3.v:15118$535'.
Removing empty process `rq_mult_parallel.$proc$peng_r3.v:15118$535'.
Found and cleaned up 1 empty switch in `\rq_mult_parallel.$proc$peng_r3.v:15102$534'.
Removing empty process `rq_mult_parallel.$proc$peng_r3.v:15102$534'.
Found and cleaned up 1 empty switch in `\rq_mult_parallel.$proc$peng_r3.v:15086$533'.
Removing empty process `rq_mult_parallel.$proc$peng_r3.v:15086$533'.
Found and cleaned up 1 empty switch in `\rq_mult_parallel.$proc$peng_r3.v:15070$532'.
Removing empty process `rq_mult_parallel.$proc$peng_r3.v:15070$532'.
Found and cleaned up 1 empty switch in `\rq_mult_parallel.$proc$peng_r3.v:15054$531'.
Removing empty process `rq_mult_parallel.$proc$peng_r3.v:15054$531'.
Found and cleaned up 1 empty switch in `\rq_mult_parallel.$proc$peng_r3.v:15038$530'.
Removing empty process `rq_mult_parallel.$proc$peng_r3.v:15038$530'.
Found and cleaned up 1 empty switch in `\rq_mult_parallel.$proc$peng_r3.v:15022$529'.
Removing empty process `rq_mult_parallel.$proc$peng_r3.v:15022$529'.
Found and cleaned up 1 empty switch in `\rq_mult_parallel.$proc$peng_r3.v:15006$528'.
Removing empty process `rq_mult_parallel.$proc$peng_r3.v:15006$528'.
Found and cleaned up 1 empty switch in `\rq_mult_parallel.$proc$peng_r3.v:14990$527'.
Removing empty process `rq_mult_parallel.$proc$peng_r3.v:14990$527'.
Found and cleaned up 1 empty switch in `\rq_mult_parallel.$proc$peng_r3.v:14974$526'.
Removing empty process `rq_mult_parallel.$proc$peng_r3.v:14974$526'.
Found and cleaned up 1 empty switch in `\rq_mult_parallel.$proc$peng_r3.v:14958$525'.
Removing empty process `rq_mult_parallel.$proc$peng_r3.v:14958$525'.
Found and cleaned up 1 empty switch in `\rq_mult_parallel.$proc$peng_r3.v:14942$524'.
Removing empty process `rq_mult_parallel.$proc$peng_r3.v:14942$524'.
Found and cleaned up 1 empty switch in `\rq_mult_parallel.$proc$peng_r3.v:14926$523'.
Removing empty process `rq_mult_parallel.$proc$peng_r3.v:14926$523'.
Found and cleaned up 1 empty switch in `\rq_mult_parallel.$proc$peng_r3.v:14910$522'.
Removing empty process `rq_mult_parallel.$proc$peng_r3.v:14910$522'.
Found and cleaned up 1 empty switch in `\rq_mult_parallel.$proc$peng_r3.v:14894$521'.
Removing empty process `rq_mult_parallel.$proc$peng_r3.v:14894$521'.
Found and cleaned up 1 empty switch in `\rq_mult_parallel.$proc$peng_r3.v:14878$520'.
Removing empty process `rq_mult_parallel.$proc$peng_r3.v:14878$520'.
Found and cleaned up 1 empty switch in `\rq_mult_parallel.$proc$peng_r3.v:14862$519'.
Removing empty process `rq_mult_parallel.$proc$peng_r3.v:14862$519'.
Found and cleaned up 1 empty switch in `\rq_mult_parallel.$proc$peng_r3.v:14846$518'.
Removing empty process `rq_mult_parallel.$proc$peng_r3.v:14846$518'.
Found and cleaned up 1 empty switch in `\rq_mult_parallel.$proc$peng_r3.v:14830$517'.
Removing empty process `rq_mult_parallel.$proc$peng_r3.v:14830$517'.
Found and cleaned up 1 empty switch in `\rq_mult_parallel.$proc$peng_r3.v:14814$516'.
Removing empty process `rq_mult_parallel.$proc$peng_r3.v:14814$516'.
Found and cleaned up 1 empty switch in `\rq_mult_parallel.$proc$peng_r3.v:14798$515'.
Removing empty process `rq_mult_parallel.$proc$peng_r3.v:14798$515'.
Found and cleaned up 1 empty switch in `\rq_mult_parallel.$proc$peng_r3.v:14782$514'.
Removing empty process `rq_mult_parallel.$proc$peng_r3.v:14782$514'.
Found and cleaned up 1 empty switch in `\rq_mult_parallel.$proc$peng_r3.v:14766$513'.
Removing empty process `rq_mult_parallel.$proc$peng_r3.v:14766$513'.
Found and cleaned up 1 empty switch in `\rq_mult_parallel.$proc$peng_r3.v:14750$512'.
Removing empty process `rq_mult_parallel.$proc$peng_r3.v:14750$512'.
Found and cleaned up 1 empty switch in `\rq_mult_parallel.$proc$peng_r3.v:14734$511'.
Removing empty process `rq_mult_parallel.$proc$peng_r3.v:14734$511'.
Found and cleaned up 1 empty switch in `\rq_mult_parallel.$proc$peng_r3.v:14718$510'.
Removing empty process `rq_mult_parallel.$proc$peng_r3.v:14718$510'.
Found and cleaned up 1 empty switch in `\rq_mult_parallel.$proc$peng_r3.v:14702$509'.
Removing empty process `rq_mult_parallel.$proc$peng_r3.v:14702$509'.
Found and cleaned up 1 empty switch in `\rq_mult_parallel.$proc$peng_r3.v:14686$508'.
Removing empty process `rq_mult_parallel.$proc$peng_r3.v:14686$508'.
Found and cleaned up 1 empty switch in `\rq_mult_parallel.$proc$peng_r3.v:14670$507'.
Removing empty process `rq_mult_parallel.$proc$peng_r3.v:14670$507'.
Found and cleaned up 1 empty switch in `\rq_mult_parallel.$proc$peng_r3.v:14654$506'.
Removing empty process `rq_mult_parallel.$proc$peng_r3.v:14654$506'.
Found and cleaned up 1 empty switch in `\rq_mult_parallel.$proc$peng_r3.v:14638$505'.
Removing empty process `rq_mult_parallel.$proc$peng_r3.v:14638$505'.
Found and cleaned up 1 empty switch in `\rq_mult_parallel.$proc$peng_r3.v:14622$504'.
Removing empty process `rq_mult_parallel.$proc$peng_r3.v:14622$504'.
Found and cleaned up 1 empty switch in `\rq_mult_parallel.$proc$peng_r3.v:14606$503'.
Removing empty process `rq_mult_parallel.$proc$peng_r3.v:14606$503'.
Found and cleaned up 1 empty switch in `\rq_mult_parallel.$proc$peng_r3.v:14590$502'.
Removing empty process `rq_mult_parallel.$proc$peng_r3.v:14590$502'.
Found and cleaned up 1 empty switch in `\rq_mult_parallel.$proc$peng_r3.v:14574$501'.
Removing empty process `rq_mult_parallel.$proc$peng_r3.v:14574$501'.
Found and cleaned up 1 empty switch in `\rq_mult_parallel.$proc$peng_r3.v:14558$500'.
Removing empty process `rq_mult_parallel.$proc$peng_r3.v:14558$500'.
Found and cleaned up 1 empty switch in `\rq_mult_parallel.$proc$peng_r3.v:14542$499'.
Removing empty process `rq_mult_parallel.$proc$peng_r3.v:14542$499'.
Found and cleaned up 1 empty switch in `\rq_mult_parallel.$proc$peng_r3.v:14526$498'.
Removing empty process `rq_mult_parallel.$proc$peng_r3.v:14526$498'.
Found and cleaned up 1 empty switch in `\rq_mult_parallel.$proc$peng_r3.v:14510$497'.
Removing empty process `rq_mult_parallel.$proc$peng_r3.v:14510$497'.
Found and cleaned up 1 empty switch in `\rq_mult_parallel.$proc$peng_r3.v:14494$496'.
Removing empty process `rq_mult_parallel.$proc$peng_r3.v:14494$496'.
Found and cleaned up 1 empty switch in `\rq_mult_parallel.$proc$peng_r3.v:14478$495'.
Removing empty process `rq_mult_parallel.$proc$peng_r3.v:14478$495'.
Found and cleaned up 1 empty switch in `\rq_mult_parallel.$proc$peng_r3.v:14462$494'.
Removing empty process `rq_mult_parallel.$proc$peng_r3.v:14462$494'.
Found and cleaned up 1 empty switch in `\rq_mult_parallel.$proc$peng_r3.v:14446$493'.
Removing empty process `rq_mult_parallel.$proc$peng_r3.v:14446$493'.
Found and cleaned up 1 empty switch in `\rq_mult_parallel.$proc$peng_r3.v:14430$492'.
Removing empty process `rq_mult_parallel.$proc$peng_r3.v:14430$492'.
Found and cleaned up 1 empty switch in `\rq_mult_parallel.$proc$peng_r3.v:14414$491'.
Removing empty process `rq_mult_parallel.$proc$peng_r3.v:14414$491'.
Found and cleaned up 1 empty switch in `\rq_mult_parallel.$proc$peng_r3.v:14398$490'.
Removing empty process `rq_mult_parallel.$proc$peng_r3.v:14398$490'.
Found and cleaned up 1 empty switch in `\rq_mult_parallel.$proc$peng_r3.v:14382$489'.
Removing empty process `rq_mult_parallel.$proc$peng_r3.v:14382$489'.
Found and cleaned up 1 empty switch in `\rq_mult_parallel.$proc$peng_r3.v:14366$488'.
Removing empty process `rq_mult_parallel.$proc$peng_r3.v:14366$488'.
Found and cleaned up 1 empty switch in `\rq_mult_parallel.$proc$peng_r3.v:14350$487'.
Removing empty process `rq_mult_parallel.$proc$peng_r3.v:14350$487'.
Found and cleaned up 1 empty switch in `\rq_mult_parallel.$proc$peng_r3.v:14334$486'.
Removing empty process `rq_mult_parallel.$proc$peng_r3.v:14334$486'.
Found and cleaned up 1 empty switch in `\rq_mult_parallel.$proc$peng_r3.v:14318$485'.
Removing empty process `rq_mult_parallel.$proc$peng_r3.v:14318$485'.
Found and cleaned up 1 empty switch in `\rq_mult_parallel.$proc$peng_r3.v:14302$484'.
Removing empty process `rq_mult_parallel.$proc$peng_r3.v:14302$484'.
Found and cleaned up 1 empty switch in `\rq_mult_parallel.$proc$peng_r3.v:14286$483'.
Removing empty process `rq_mult_parallel.$proc$peng_r3.v:14286$483'.
Found and cleaned up 1 empty switch in `\rq_mult_parallel.$proc$peng_r3.v:14270$482'.
Removing empty process `rq_mult_parallel.$proc$peng_r3.v:14270$482'.
Found and cleaned up 1 empty switch in `\rq_mult_parallel.$proc$peng_r3.v:14254$481'.
Removing empty process `rq_mult_parallel.$proc$peng_r3.v:14254$481'.
Found and cleaned up 1 empty switch in `\rq_mult_parallel.$proc$peng_r3.v:14238$480'.
Removing empty process `rq_mult_parallel.$proc$peng_r3.v:14238$480'.
Found and cleaned up 1 empty switch in `\rq_mult_parallel.$proc$peng_r3.v:14222$479'.
Removing empty process `rq_mult_parallel.$proc$peng_r3.v:14222$479'.
Found and cleaned up 1 empty switch in `\rq_mult_parallel.$proc$peng_r3.v:14206$478'.
Removing empty process `rq_mult_parallel.$proc$peng_r3.v:14206$478'.
Found and cleaned up 1 empty switch in `\rq_mult_parallel.$proc$peng_r3.v:14190$477'.
Removing empty process `rq_mult_parallel.$proc$peng_r3.v:14190$477'.
Found and cleaned up 1 empty switch in `\rq_mult_parallel.$proc$peng_r3.v:14174$476'.
Removing empty process `rq_mult_parallel.$proc$peng_r3.v:14174$476'.
Found and cleaned up 1 empty switch in `\rq_mult_parallel.$proc$peng_r3.v:14158$475'.
Removing empty process `rq_mult_parallel.$proc$peng_r3.v:14158$475'.
Found and cleaned up 1 empty switch in `\rq_mult_parallel.$proc$peng_r3.v:14142$474'.
Removing empty process `rq_mult_parallel.$proc$peng_r3.v:14142$474'.
Found and cleaned up 1 empty switch in `\rq_mult_parallel.$proc$peng_r3.v:14126$473'.
Removing empty process `rq_mult_parallel.$proc$peng_r3.v:14126$473'.
Found and cleaned up 1 empty switch in `\rq_mult_parallel.$proc$peng_r3.v:14110$472'.
Removing empty process `rq_mult_parallel.$proc$peng_r3.v:14110$472'.
Found and cleaned up 1 empty switch in `\rq_mult_parallel.$proc$peng_r3.v:14094$471'.
Removing empty process `rq_mult_parallel.$proc$peng_r3.v:14094$471'.
Found and cleaned up 1 empty switch in `\rq_mult_parallel.$proc$peng_r3.v:14078$470'.
Removing empty process `rq_mult_parallel.$proc$peng_r3.v:14078$470'.
Found and cleaned up 1 empty switch in `\rq_mult_parallel.$proc$peng_r3.v:14062$469'.
Removing empty process `rq_mult_parallel.$proc$peng_r3.v:14062$469'.
Found and cleaned up 1 empty switch in `\rq_mult_parallel.$proc$peng_r3.v:14046$468'.
Removing empty process `rq_mult_parallel.$proc$peng_r3.v:14046$468'.
Found and cleaned up 1 empty switch in `\rq_mult_parallel.$proc$peng_r3.v:14030$467'.
Removing empty process `rq_mult_parallel.$proc$peng_r3.v:14030$467'.
Found and cleaned up 1 empty switch in `\rq_mult_parallel.$proc$peng_r3.v:14014$466'.
Removing empty process `rq_mult_parallel.$proc$peng_r3.v:14014$466'.
Found and cleaned up 1 empty switch in `\rq_mult_parallel.$proc$peng_r3.v:13998$465'.
Removing empty process `rq_mult_parallel.$proc$peng_r3.v:13998$465'.
Found and cleaned up 1 empty switch in `\rq_mult_parallel.$proc$peng_r3.v:13982$464'.
Removing empty process `rq_mult_parallel.$proc$peng_r3.v:13982$464'.
Found and cleaned up 1 empty switch in `\rq_mult_parallel.$proc$peng_r3.v:13966$463'.
Removing empty process `rq_mult_parallel.$proc$peng_r3.v:13966$463'.
Found and cleaned up 1 empty switch in `\rq_mult_parallel.$proc$peng_r3.v:13950$462'.
Removing empty process `rq_mult_parallel.$proc$peng_r3.v:13950$462'.
Found and cleaned up 1 empty switch in `\rq_mult_parallel.$proc$peng_r3.v:13934$461'.
Removing empty process `rq_mult_parallel.$proc$peng_r3.v:13934$461'.
Found and cleaned up 1 empty switch in `\rq_mult_parallel.$proc$peng_r3.v:13918$460'.
Removing empty process `rq_mult_parallel.$proc$peng_r3.v:13918$460'.
Found and cleaned up 1 empty switch in `\rq_mult_parallel.$proc$peng_r3.v:13902$459'.
Removing empty process `rq_mult_parallel.$proc$peng_r3.v:13902$459'.
Found and cleaned up 1 empty switch in `\rq_mult_parallel.$proc$peng_r3.v:13886$458'.
Removing empty process `rq_mult_parallel.$proc$peng_r3.v:13886$458'.
Found and cleaned up 1 empty switch in `\rq_mult_parallel.$proc$peng_r3.v:13870$457'.
Removing empty process `rq_mult_parallel.$proc$peng_r3.v:13870$457'.
Found and cleaned up 1 empty switch in `\rq_mult_parallel.$proc$peng_r3.v:13854$456'.
Removing empty process `rq_mult_parallel.$proc$peng_r3.v:13854$456'.
Found and cleaned up 1 empty switch in `\rq_mult_parallel.$proc$peng_r3.v:13838$455'.
Removing empty process `rq_mult_parallel.$proc$peng_r3.v:13838$455'.
Found and cleaned up 1 empty switch in `\rq_mult_parallel.$proc$peng_r3.v:13822$454'.
Removing empty process `rq_mult_parallel.$proc$peng_r3.v:13822$454'.
Found and cleaned up 1 empty switch in `\rq_mult_parallel.$proc$peng_r3.v:13806$453'.
Removing empty process `rq_mult_parallel.$proc$peng_r3.v:13806$453'.
Found and cleaned up 1 empty switch in `\rq_mult_parallel.$proc$peng_r3.v:13790$452'.
Removing empty process `rq_mult_parallel.$proc$peng_r3.v:13790$452'.
Found and cleaned up 1 empty switch in `\rq_mult_parallel.$proc$peng_r3.v:13774$451'.
Removing empty process `rq_mult_parallel.$proc$peng_r3.v:13774$451'.
Found and cleaned up 1 empty switch in `\rq_mult_parallel.$proc$peng_r3.v:13758$450'.
Removing empty process `rq_mult_parallel.$proc$peng_r3.v:13758$450'.
Found and cleaned up 1 empty switch in `\rq_mult_parallel.$proc$peng_r3.v:13742$449'.
Removing empty process `rq_mult_parallel.$proc$peng_r3.v:13742$449'.
Found and cleaned up 1 empty switch in `\rq_mult_parallel.$proc$peng_r3.v:13726$448'.
Removing empty process `rq_mult_parallel.$proc$peng_r3.v:13726$448'.
Found and cleaned up 1 empty switch in `\rq_mult_parallel.$proc$peng_r3.v:13710$447'.
Removing empty process `rq_mult_parallel.$proc$peng_r3.v:13710$447'.
Found and cleaned up 1 empty switch in `\rq_mult_parallel.$proc$peng_r3.v:13694$446'.
Removing empty process `rq_mult_parallel.$proc$peng_r3.v:13694$446'.
Found and cleaned up 1 empty switch in `\rq_mult_parallel.$proc$peng_r3.v:13678$445'.
Removing empty process `rq_mult_parallel.$proc$peng_r3.v:13678$445'.
Found and cleaned up 1 empty switch in `\rq_mult_parallel.$proc$peng_r3.v:13662$444'.
Removing empty process `rq_mult_parallel.$proc$peng_r3.v:13662$444'.
Found and cleaned up 1 empty switch in `\rq_mult_parallel.$proc$peng_r3.v:13646$443'.
Removing empty process `rq_mult_parallel.$proc$peng_r3.v:13646$443'.
Found and cleaned up 1 empty switch in `\rq_mult_parallel.$proc$peng_r3.v:13630$442'.
Removing empty process `rq_mult_parallel.$proc$peng_r3.v:13630$442'.
Found and cleaned up 1 empty switch in `\rq_mult_parallel.$proc$peng_r3.v:13614$441'.
Removing empty process `rq_mult_parallel.$proc$peng_r3.v:13614$441'.
Found and cleaned up 1 empty switch in `\rq_mult_parallel.$proc$peng_r3.v:13598$440'.
Removing empty process `rq_mult_parallel.$proc$peng_r3.v:13598$440'.
Found and cleaned up 1 empty switch in `\rq_mult_parallel.$proc$peng_r3.v:13582$439'.
Removing empty process `rq_mult_parallel.$proc$peng_r3.v:13582$439'.
Found and cleaned up 1 empty switch in `\rq_mult_parallel.$proc$peng_r3.v:13566$438'.
Removing empty process `rq_mult_parallel.$proc$peng_r3.v:13566$438'.
Found and cleaned up 1 empty switch in `\rq_mult_parallel.$proc$peng_r3.v:13550$437'.
Removing empty process `rq_mult_parallel.$proc$peng_r3.v:13550$437'.
Found and cleaned up 1 empty switch in `\rq_mult_parallel.$proc$peng_r3.v:13534$436'.
Removing empty process `rq_mult_parallel.$proc$peng_r3.v:13534$436'.
Found and cleaned up 1 empty switch in `\rq_mult_parallel.$proc$peng_r3.v:13518$435'.
Removing empty process `rq_mult_parallel.$proc$peng_r3.v:13518$435'.
Found and cleaned up 1 empty switch in `\rq_mult_parallel.$proc$peng_r3.v:13502$434'.
Removing empty process `rq_mult_parallel.$proc$peng_r3.v:13502$434'.
Found and cleaned up 1 empty switch in `\rq_mult_parallel.$proc$peng_r3.v:13486$433'.
Removing empty process `rq_mult_parallel.$proc$peng_r3.v:13486$433'.
Found and cleaned up 1 empty switch in `\rq_mult_parallel.$proc$peng_r3.v:13470$432'.
Removing empty process `rq_mult_parallel.$proc$peng_r3.v:13470$432'.
Found and cleaned up 1 empty switch in `\rq_mult_parallel.$proc$peng_r3.v:13454$431'.
Removing empty process `rq_mult_parallel.$proc$peng_r3.v:13454$431'.
Found and cleaned up 1 empty switch in `\rq_mult_parallel.$proc$peng_r3.v:13438$430'.
Removing empty process `rq_mult_parallel.$proc$peng_r3.v:13438$430'.
Found and cleaned up 1 empty switch in `\rq_mult_parallel.$proc$peng_r3.v:13422$429'.
Removing empty process `rq_mult_parallel.$proc$peng_r3.v:13422$429'.
Found and cleaned up 1 empty switch in `\rq_mult_parallel.$proc$peng_r3.v:13406$428'.
Removing empty process `rq_mult_parallel.$proc$peng_r3.v:13406$428'.
Found and cleaned up 1 empty switch in `\rq_mult_parallel.$proc$peng_r3.v:13390$427'.
Removing empty process `rq_mult_parallel.$proc$peng_r3.v:13390$427'.
Found and cleaned up 1 empty switch in `\rq_mult_parallel.$proc$peng_r3.v:13374$426'.
Removing empty process `rq_mult_parallel.$proc$peng_r3.v:13374$426'.
Found and cleaned up 1 empty switch in `\rq_mult_parallel.$proc$peng_r3.v:13358$425'.
Removing empty process `rq_mult_parallel.$proc$peng_r3.v:13358$425'.
Found and cleaned up 1 empty switch in `\rq_mult_parallel.$proc$peng_r3.v:13342$424'.
Removing empty process `rq_mult_parallel.$proc$peng_r3.v:13342$424'.
Found and cleaned up 1 empty switch in `\rq_mult_parallel.$proc$peng_r3.v:13326$423'.
Removing empty process `rq_mult_parallel.$proc$peng_r3.v:13326$423'.
Found and cleaned up 1 empty switch in `\rq_mult_parallel.$proc$peng_r3.v:13310$422'.
Removing empty process `rq_mult_parallel.$proc$peng_r3.v:13310$422'.
Found and cleaned up 1 empty switch in `\rq_mult_parallel.$proc$peng_r3.v:13294$421'.
Removing empty process `rq_mult_parallel.$proc$peng_r3.v:13294$421'.
Found and cleaned up 1 empty switch in `\rq_mult_parallel.$proc$peng_r3.v:13278$420'.
Removing empty process `rq_mult_parallel.$proc$peng_r3.v:13278$420'.
Found and cleaned up 1 empty switch in `\rq_mult_parallel.$proc$peng_r3.v:13262$419'.
Removing empty process `rq_mult_parallel.$proc$peng_r3.v:13262$419'.
Found and cleaned up 1 empty switch in `\rq_mult_parallel.$proc$peng_r3.v:13246$418'.
Removing empty process `rq_mult_parallel.$proc$peng_r3.v:13246$418'.
Found and cleaned up 1 empty switch in `\rq_mult_parallel.$proc$peng_r3.v:13230$417'.
Removing empty process `rq_mult_parallel.$proc$peng_r3.v:13230$417'.
Found and cleaned up 1 empty switch in `\rq_mult_parallel.$proc$peng_r3.v:13214$416'.
Removing empty process `rq_mult_parallel.$proc$peng_r3.v:13214$416'.
Found and cleaned up 1 empty switch in `\rq_mult_parallel.$proc$peng_r3.v:13198$415'.
Removing empty process `rq_mult_parallel.$proc$peng_r3.v:13198$415'.
Found and cleaned up 1 empty switch in `\rq_mult_parallel.$proc$peng_r3.v:13182$414'.
Removing empty process `rq_mult_parallel.$proc$peng_r3.v:13182$414'.
Found and cleaned up 1 empty switch in `\rq_mult_parallel.$proc$peng_r3.v:13166$413'.
Removing empty process `rq_mult_parallel.$proc$peng_r3.v:13166$413'.
Found and cleaned up 1 empty switch in `\rq_mult_parallel.$proc$peng_r3.v:13150$412'.
Removing empty process `rq_mult_parallel.$proc$peng_r3.v:13150$412'.
Found and cleaned up 1 empty switch in `\rq_mult_parallel.$proc$peng_r3.v:13134$411'.
Removing empty process `rq_mult_parallel.$proc$peng_r3.v:13134$411'.
Found and cleaned up 1 empty switch in `\rq_mult_parallel.$proc$peng_r3.v:13118$410'.
Removing empty process `rq_mult_parallel.$proc$peng_r3.v:13118$410'.
Found and cleaned up 1 empty switch in `\rq_mult_parallel.$proc$peng_r3.v:13102$409'.
Removing empty process `rq_mult_parallel.$proc$peng_r3.v:13102$409'.
Found and cleaned up 1 empty switch in `\rq_mult_parallel.$proc$peng_r3.v:13086$408'.
Removing empty process `rq_mult_parallel.$proc$peng_r3.v:13086$408'.
Found and cleaned up 1 empty switch in `\rq_mult_parallel.$proc$peng_r3.v:13070$407'.
Removing empty process `rq_mult_parallel.$proc$peng_r3.v:13070$407'.
Found and cleaned up 1 empty switch in `\rq_mult_parallel.$proc$peng_r3.v:13054$406'.
Removing empty process `rq_mult_parallel.$proc$peng_r3.v:13054$406'.
Found and cleaned up 1 empty switch in `\rq_mult_parallel.$proc$peng_r3.v:13038$405'.
Removing empty process `rq_mult_parallel.$proc$peng_r3.v:13038$405'.
Found and cleaned up 1 empty switch in `\rq_mult_parallel.$proc$peng_r3.v:13022$404'.
Removing empty process `rq_mult_parallel.$proc$peng_r3.v:13022$404'.
Found and cleaned up 1 empty switch in `\rq_mult_parallel.$proc$peng_r3.v:13006$403'.
Removing empty process `rq_mult_parallel.$proc$peng_r3.v:13006$403'.
Found and cleaned up 1 empty switch in `\rq_mult_parallel.$proc$peng_r3.v:12990$402'.
Removing empty process `rq_mult_parallel.$proc$peng_r3.v:12990$402'.
Found and cleaned up 1 empty switch in `\rq_mult_parallel.$proc$peng_r3.v:12974$401'.
Removing empty process `rq_mult_parallel.$proc$peng_r3.v:12974$401'.
Found and cleaned up 1 empty switch in `\rq_mult_parallel.$proc$peng_r3.v:12958$400'.
Removing empty process `rq_mult_parallel.$proc$peng_r3.v:12958$400'.
Found and cleaned up 1 empty switch in `\rq_mult_parallel.$proc$peng_r3.v:12942$399'.
Removing empty process `rq_mult_parallel.$proc$peng_r3.v:12942$399'.
Found and cleaned up 1 empty switch in `\rq_mult_parallel.$proc$peng_r3.v:12926$398'.
Removing empty process `rq_mult_parallel.$proc$peng_r3.v:12926$398'.
Found and cleaned up 1 empty switch in `\rq_mult_parallel.$proc$peng_r3.v:12910$397'.
Removing empty process `rq_mult_parallel.$proc$peng_r3.v:12910$397'.
Found and cleaned up 1 empty switch in `\rq_mult_parallel.$proc$peng_r3.v:12894$396'.
Removing empty process `rq_mult_parallel.$proc$peng_r3.v:12894$396'.
Found and cleaned up 1 empty switch in `\rq_mult_parallel.$proc$peng_r3.v:12878$395'.
Removing empty process `rq_mult_parallel.$proc$peng_r3.v:12878$395'.
Found and cleaned up 1 empty switch in `\rq_mult_parallel.$proc$peng_r3.v:12862$394'.
Removing empty process `rq_mult_parallel.$proc$peng_r3.v:12862$394'.
Found and cleaned up 1 empty switch in `\rq_mult_parallel.$proc$peng_r3.v:12846$393'.
Removing empty process `rq_mult_parallel.$proc$peng_r3.v:12846$393'.
Found and cleaned up 1 empty switch in `\rq_mult_parallel.$proc$peng_r3.v:12830$392'.
Removing empty process `rq_mult_parallel.$proc$peng_r3.v:12830$392'.
Found and cleaned up 1 empty switch in `\rq_mult_parallel.$proc$peng_r3.v:12814$391'.
Removing empty process `rq_mult_parallel.$proc$peng_r3.v:12814$391'.
Found and cleaned up 1 empty switch in `\rq_mult_parallel.$proc$peng_r3.v:12798$390'.
Removing empty process `rq_mult_parallel.$proc$peng_r3.v:12798$390'.
Found and cleaned up 1 empty switch in `\rq_mult_parallel.$proc$peng_r3.v:12782$389'.
Removing empty process `rq_mult_parallel.$proc$peng_r3.v:12782$389'.
Found and cleaned up 1 empty switch in `\rq_mult_parallel.$proc$peng_r3.v:12766$388'.
Removing empty process `rq_mult_parallel.$proc$peng_r3.v:12766$388'.
Found and cleaned up 1 empty switch in `\rq_mult_parallel.$proc$peng_r3.v:12750$387'.
Removing empty process `rq_mult_parallel.$proc$peng_r3.v:12750$387'.
Found and cleaned up 1 empty switch in `\rq_mult_parallel.$proc$peng_r3.v:12734$386'.
Removing empty process `rq_mult_parallel.$proc$peng_r3.v:12734$386'.
Found and cleaned up 1 empty switch in `\rq_mult_parallel.$proc$peng_r3.v:12718$385'.
Removing empty process `rq_mult_parallel.$proc$peng_r3.v:12718$385'.
Found and cleaned up 1 empty switch in `\rq_mult_parallel.$proc$peng_r3.v:12702$384'.
Removing empty process `rq_mult_parallel.$proc$peng_r3.v:12702$384'.
Found and cleaned up 1 empty switch in `\rq_mult_parallel.$proc$peng_r3.v:12686$383'.
Removing empty process `rq_mult_parallel.$proc$peng_r3.v:12686$383'.
Found and cleaned up 1 empty switch in `\rq_mult_parallel.$proc$peng_r3.v:12670$382'.
Removing empty process `rq_mult_parallel.$proc$peng_r3.v:12670$382'.
Found and cleaned up 1 empty switch in `\rq_mult_parallel.$proc$peng_r3.v:12654$381'.
Removing empty process `rq_mult_parallel.$proc$peng_r3.v:12654$381'.
Found and cleaned up 1 empty switch in `\rq_mult_parallel.$proc$peng_r3.v:12638$380'.
Removing empty process `rq_mult_parallel.$proc$peng_r3.v:12638$380'.
Found and cleaned up 1 empty switch in `\rq_mult_parallel.$proc$peng_r3.v:12622$379'.
Removing empty process `rq_mult_parallel.$proc$peng_r3.v:12622$379'.
Found and cleaned up 1 empty switch in `\rq_mult_parallel.$proc$peng_r3.v:12606$378'.
Removing empty process `rq_mult_parallel.$proc$peng_r3.v:12606$378'.
Found and cleaned up 1 empty switch in `\rq_mult_parallel.$proc$peng_r3.v:12590$377'.
Removing empty process `rq_mult_parallel.$proc$peng_r3.v:12590$377'.
Found and cleaned up 1 empty switch in `\rq_mult_parallel.$proc$peng_r3.v:12574$376'.
Removing empty process `rq_mult_parallel.$proc$peng_r3.v:12574$376'.
Found and cleaned up 1 empty switch in `\rq_mult_parallel.$proc$peng_r3.v:12558$375'.
Removing empty process `rq_mult_parallel.$proc$peng_r3.v:12558$375'.
Found and cleaned up 1 empty switch in `\rq_mult_parallel.$proc$peng_r3.v:12542$374'.
Removing empty process `rq_mult_parallel.$proc$peng_r3.v:12542$374'.
Found and cleaned up 1 empty switch in `\rq_mult_parallel.$proc$peng_r3.v:12526$373'.
Removing empty process `rq_mult_parallel.$proc$peng_r3.v:12526$373'.
Found and cleaned up 1 empty switch in `\rq_mult_parallel.$proc$peng_r3.v:12510$372'.
Removing empty process `rq_mult_parallel.$proc$peng_r3.v:12510$372'.
Found and cleaned up 1 empty switch in `\rq_mult_parallel.$proc$peng_r3.v:12494$371'.
Removing empty process `rq_mult_parallel.$proc$peng_r3.v:12494$371'.
Found and cleaned up 1 empty switch in `\rq_mult_parallel.$proc$peng_r3.v:12478$370'.
Removing empty process `rq_mult_parallel.$proc$peng_r3.v:12478$370'.
Found and cleaned up 1 empty switch in `\rq_mult_parallel.$proc$peng_r3.v:12462$369'.
Removing empty process `rq_mult_parallel.$proc$peng_r3.v:12462$369'.
Found and cleaned up 1 empty switch in `\rq_mult_parallel.$proc$peng_r3.v:12446$368'.
Removing empty process `rq_mult_parallel.$proc$peng_r3.v:12446$368'.
Found and cleaned up 1 empty switch in `\rq_mult_parallel.$proc$peng_r3.v:12430$367'.
Removing empty process `rq_mult_parallel.$proc$peng_r3.v:12430$367'.
Found and cleaned up 1 empty switch in `\rq_mult_parallel.$proc$peng_r3.v:12414$366'.
Removing empty process `rq_mult_parallel.$proc$peng_r3.v:12414$366'.
Found and cleaned up 1 empty switch in `\rq_mult_parallel.$proc$peng_r3.v:12398$365'.
Removing empty process `rq_mult_parallel.$proc$peng_r3.v:12398$365'.
Found and cleaned up 1 empty switch in `\rq_mult_parallel.$proc$peng_r3.v:12382$364'.
Removing empty process `rq_mult_parallel.$proc$peng_r3.v:12382$364'.
Found and cleaned up 1 empty switch in `\rq_mult_parallel.$proc$peng_r3.v:12366$363'.
Removing empty process `rq_mult_parallel.$proc$peng_r3.v:12366$363'.
Found and cleaned up 1 empty switch in `\rq_mult_parallel.$proc$peng_r3.v:12350$362'.
Removing empty process `rq_mult_parallel.$proc$peng_r3.v:12350$362'.
Found and cleaned up 1 empty switch in `\rq_mult_parallel.$proc$peng_r3.v:12334$361'.
Removing empty process `rq_mult_parallel.$proc$peng_r3.v:12334$361'.
Found and cleaned up 1 empty switch in `\rq_mult_parallel.$proc$peng_r3.v:12318$360'.
Removing empty process `rq_mult_parallel.$proc$peng_r3.v:12318$360'.
Found and cleaned up 1 empty switch in `\rq_mult_parallel.$proc$peng_r3.v:12302$359'.
Removing empty process `rq_mult_parallel.$proc$peng_r3.v:12302$359'.
Found and cleaned up 1 empty switch in `\rq_mult_parallel.$proc$peng_r3.v:12286$358'.
Removing empty process `rq_mult_parallel.$proc$peng_r3.v:12286$358'.
Found and cleaned up 1 empty switch in `\rq_mult_parallel.$proc$peng_r3.v:12270$357'.
Removing empty process `rq_mult_parallel.$proc$peng_r3.v:12270$357'.
Found and cleaned up 1 empty switch in `\rq_mult_parallel.$proc$peng_r3.v:12254$356'.
Removing empty process `rq_mult_parallel.$proc$peng_r3.v:12254$356'.
Found and cleaned up 1 empty switch in `\rq_mult_parallel.$proc$peng_r3.v:12238$355'.
Removing empty process `rq_mult_parallel.$proc$peng_r3.v:12238$355'.
Found and cleaned up 1 empty switch in `\rq_mult_parallel.$proc$peng_r3.v:12222$354'.
Removing empty process `rq_mult_parallel.$proc$peng_r3.v:12222$354'.
Found and cleaned up 1 empty switch in `\rq_mult_parallel.$proc$peng_r3.v:12206$353'.
Removing empty process `rq_mult_parallel.$proc$peng_r3.v:12206$353'.
Found and cleaned up 1 empty switch in `\rq_mult_parallel.$proc$peng_r3.v:12190$352'.
Removing empty process `rq_mult_parallel.$proc$peng_r3.v:12190$352'.
Found and cleaned up 1 empty switch in `\rq_mult_parallel.$proc$peng_r3.v:12174$351'.
Removing empty process `rq_mult_parallel.$proc$peng_r3.v:12174$351'.
Found and cleaned up 1 empty switch in `\rq_mult_parallel.$proc$peng_r3.v:12158$350'.
Removing empty process `rq_mult_parallel.$proc$peng_r3.v:12158$350'.
Found and cleaned up 1 empty switch in `\rq_mult_parallel.$proc$peng_r3.v:12142$349'.
Removing empty process `rq_mult_parallel.$proc$peng_r3.v:12142$349'.
Found and cleaned up 1 empty switch in `\rq_mult_parallel.$proc$peng_r3.v:12126$348'.
Removing empty process `rq_mult_parallel.$proc$peng_r3.v:12126$348'.
Found and cleaned up 1 empty switch in `\rq_mult_parallel.$proc$peng_r3.v:12110$347'.
Removing empty process `rq_mult_parallel.$proc$peng_r3.v:12110$347'.
Found and cleaned up 1 empty switch in `\rq_mult_parallel.$proc$peng_r3.v:12094$346'.
Removing empty process `rq_mult_parallel.$proc$peng_r3.v:12094$346'.
Found and cleaned up 1 empty switch in `\rq_mult_parallel.$proc$peng_r3.v:12078$345'.
Removing empty process `rq_mult_parallel.$proc$peng_r3.v:12078$345'.
Found and cleaned up 1 empty switch in `\rq_mult_parallel.$proc$peng_r3.v:12062$344'.
Removing empty process `rq_mult_parallel.$proc$peng_r3.v:12062$344'.
Found and cleaned up 1 empty switch in `\rq_mult_parallel.$proc$peng_r3.v:12046$343'.
Removing empty process `rq_mult_parallel.$proc$peng_r3.v:12046$343'.
Found and cleaned up 1 empty switch in `\rq_mult_parallel.$proc$peng_r3.v:12030$342'.
Removing empty process `rq_mult_parallel.$proc$peng_r3.v:12030$342'.
Found and cleaned up 1 empty switch in `\rq_mult_parallel.$proc$peng_r3.v:12014$341'.
Removing empty process `rq_mult_parallel.$proc$peng_r3.v:12014$341'.
Found and cleaned up 1 empty switch in `\rq_mult_parallel.$proc$peng_r3.v:11998$340'.
Removing empty process `rq_mult_parallel.$proc$peng_r3.v:11998$340'.
Found and cleaned up 1 empty switch in `\rq_mult_parallel.$proc$peng_r3.v:11982$339'.
Removing empty process `rq_mult_parallel.$proc$peng_r3.v:11982$339'.
Found and cleaned up 1 empty switch in `\rq_mult_parallel.$proc$peng_r3.v:11966$338'.
Removing empty process `rq_mult_parallel.$proc$peng_r3.v:11966$338'.
Found and cleaned up 1 empty switch in `\rq_mult_parallel.$proc$peng_r3.v:11950$337'.
Removing empty process `rq_mult_parallel.$proc$peng_r3.v:11950$337'.
Found and cleaned up 1 empty switch in `\rq_mult_parallel.$proc$peng_r3.v:11934$336'.
Removing empty process `rq_mult_parallel.$proc$peng_r3.v:11934$336'.
Found and cleaned up 1 empty switch in `\rq_mult_parallel.$proc$peng_r3.v:11918$335'.
Removing empty process `rq_mult_parallel.$proc$peng_r3.v:11918$335'.
Found and cleaned up 1 empty switch in `\rq_mult_parallel.$proc$peng_r3.v:11902$334'.
Removing empty process `rq_mult_parallel.$proc$peng_r3.v:11902$334'.
Found and cleaned up 1 empty switch in `\rq_mult_parallel.$proc$peng_r3.v:11886$333'.
Removing empty process `rq_mult_parallel.$proc$peng_r3.v:11886$333'.
Found and cleaned up 1 empty switch in `\rq_mult_parallel.$proc$peng_r3.v:11870$332'.
Removing empty process `rq_mult_parallel.$proc$peng_r3.v:11870$332'.
Found and cleaned up 1 empty switch in `\rq_mult_parallel.$proc$peng_r3.v:11854$331'.
Removing empty process `rq_mult_parallel.$proc$peng_r3.v:11854$331'.
Found and cleaned up 1 empty switch in `\rq_mult_parallel.$proc$peng_r3.v:11838$330'.
Removing empty process `rq_mult_parallel.$proc$peng_r3.v:11838$330'.
Found and cleaned up 1 empty switch in `\rq_mult_parallel.$proc$peng_r3.v:11822$329'.
Removing empty process `rq_mult_parallel.$proc$peng_r3.v:11822$329'.
Found and cleaned up 1 empty switch in `\rq_mult_parallel.$proc$peng_r3.v:11806$328'.
Removing empty process `rq_mult_parallel.$proc$peng_r3.v:11806$328'.
Found and cleaned up 1 empty switch in `\rq_mult_parallel.$proc$peng_r3.v:11790$327'.
Removing empty process `rq_mult_parallel.$proc$peng_r3.v:11790$327'.
Found and cleaned up 1 empty switch in `\rq_mult_parallel.$proc$peng_r3.v:11774$326'.
Removing empty process `rq_mult_parallel.$proc$peng_r3.v:11774$326'.
Found and cleaned up 1 empty switch in `\rq_mult_parallel.$proc$peng_r3.v:11758$325'.
Removing empty process `rq_mult_parallel.$proc$peng_r3.v:11758$325'.
Found and cleaned up 1 empty switch in `\rq_mult_parallel.$proc$peng_r3.v:11742$324'.
Removing empty process `rq_mult_parallel.$proc$peng_r3.v:11742$324'.
Found and cleaned up 1 empty switch in `\rq_mult_parallel.$proc$peng_r3.v:11726$323'.
Removing empty process `rq_mult_parallel.$proc$peng_r3.v:11726$323'.
Found and cleaned up 1 empty switch in `\rq_mult_parallel.$proc$peng_r3.v:11710$322'.
Removing empty process `rq_mult_parallel.$proc$peng_r3.v:11710$322'.
Found and cleaned up 1 empty switch in `\rq_mult_parallel.$proc$peng_r3.v:11694$321'.
Removing empty process `rq_mult_parallel.$proc$peng_r3.v:11694$321'.
Found and cleaned up 1 empty switch in `\rq_mult_parallel.$proc$peng_r3.v:11678$320'.
Removing empty process `rq_mult_parallel.$proc$peng_r3.v:11678$320'.
Found and cleaned up 1 empty switch in `\rq_mult_parallel.$proc$peng_r3.v:11662$319'.
Removing empty process `rq_mult_parallel.$proc$peng_r3.v:11662$319'.
Found and cleaned up 1 empty switch in `\rq_mult_parallel.$proc$peng_r3.v:11646$318'.
Removing empty process `rq_mult_parallel.$proc$peng_r3.v:11646$318'.
Found and cleaned up 1 empty switch in `\rq_mult_parallel.$proc$peng_r3.v:11630$317'.
Removing empty process `rq_mult_parallel.$proc$peng_r3.v:11630$317'.
Found and cleaned up 1 empty switch in `\rq_mult_parallel.$proc$peng_r3.v:11614$316'.
Removing empty process `rq_mult_parallel.$proc$peng_r3.v:11614$316'.
Found and cleaned up 1 empty switch in `\rq_mult_parallel.$proc$peng_r3.v:11598$315'.
Removing empty process `rq_mult_parallel.$proc$peng_r3.v:11598$315'.
Found and cleaned up 1 empty switch in `\rq_mult_parallel.$proc$peng_r3.v:11582$314'.
Removing empty process `rq_mult_parallel.$proc$peng_r3.v:11582$314'.
Found and cleaned up 1 empty switch in `\rq_mult_parallel.$proc$peng_r3.v:11566$313'.
Removing empty process `rq_mult_parallel.$proc$peng_r3.v:11566$313'.
Found and cleaned up 1 empty switch in `\rq_mult_parallel.$proc$peng_r3.v:11550$312'.
Removing empty process `rq_mult_parallel.$proc$peng_r3.v:11550$312'.
Found and cleaned up 1 empty switch in `\rq_mult_parallel.$proc$peng_r3.v:11534$311'.
Removing empty process `rq_mult_parallel.$proc$peng_r3.v:11534$311'.
Found and cleaned up 1 empty switch in `\rq_mult_parallel.$proc$peng_r3.v:11518$310'.
Removing empty process `rq_mult_parallel.$proc$peng_r3.v:11518$310'.
Found and cleaned up 1 empty switch in `\rq_mult_parallel.$proc$peng_r3.v:11502$309'.
Removing empty process `rq_mult_parallel.$proc$peng_r3.v:11502$309'.
Found and cleaned up 1 empty switch in `\rq_mult_parallel.$proc$peng_r3.v:11486$308'.
Removing empty process `rq_mult_parallel.$proc$peng_r3.v:11486$308'.
Found and cleaned up 1 empty switch in `\rq_mult_parallel.$proc$peng_r3.v:11470$307'.
Removing empty process `rq_mult_parallel.$proc$peng_r3.v:11470$307'.
Found and cleaned up 1 empty switch in `\rq_mult_parallel.$proc$peng_r3.v:11454$306'.
Removing empty process `rq_mult_parallel.$proc$peng_r3.v:11454$306'.
Found and cleaned up 1 empty switch in `\rq_mult_parallel.$proc$peng_r3.v:11438$305'.
Removing empty process `rq_mult_parallel.$proc$peng_r3.v:11438$305'.
Found and cleaned up 1 empty switch in `\rq_mult_parallel.$proc$peng_r3.v:11422$304'.
Removing empty process `rq_mult_parallel.$proc$peng_r3.v:11422$304'.
Found and cleaned up 1 empty switch in `\rq_mult_parallel.$proc$peng_r3.v:11406$303'.
Removing empty process `rq_mult_parallel.$proc$peng_r3.v:11406$303'.
Found and cleaned up 1 empty switch in `\rq_mult_parallel.$proc$peng_r3.v:11390$302'.
Removing empty process `rq_mult_parallel.$proc$peng_r3.v:11390$302'.
Found and cleaned up 1 empty switch in `\rq_mult_parallel.$proc$peng_r3.v:11374$301'.
Removing empty process `rq_mult_parallel.$proc$peng_r3.v:11374$301'.
Found and cleaned up 1 empty switch in `\rq_mult_parallel.$proc$peng_r3.v:11358$300'.
Removing empty process `rq_mult_parallel.$proc$peng_r3.v:11358$300'.
Found and cleaned up 1 empty switch in `\rq_mult_parallel.$proc$peng_r3.v:11342$299'.
Removing empty process `rq_mult_parallel.$proc$peng_r3.v:11342$299'.
Found and cleaned up 1 empty switch in `\rq_mult_parallel.$proc$peng_r3.v:11326$298'.
Removing empty process `rq_mult_parallel.$proc$peng_r3.v:11326$298'.
Found and cleaned up 1 empty switch in `\rq_mult_parallel.$proc$peng_r3.v:11310$297'.
Removing empty process `rq_mult_parallel.$proc$peng_r3.v:11310$297'.
Found and cleaned up 1 empty switch in `\rq_mult_parallel.$proc$peng_r3.v:11294$296'.
Removing empty process `rq_mult_parallel.$proc$peng_r3.v:11294$296'.
Found and cleaned up 1 empty switch in `\rq_mult_parallel.$proc$peng_r3.v:11278$295'.
Removing empty process `rq_mult_parallel.$proc$peng_r3.v:11278$295'.
Found and cleaned up 1 empty switch in `\rq_mult_parallel.$proc$peng_r3.v:11262$294'.
Removing empty process `rq_mult_parallel.$proc$peng_r3.v:11262$294'.
Found and cleaned up 1 empty switch in `\rq_mult_parallel.$proc$peng_r3.v:11246$293'.
Removing empty process `rq_mult_parallel.$proc$peng_r3.v:11246$293'.
Found and cleaned up 1 empty switch in `\rq_mult_parallel.$proc$peng_r3.v:11230$292'.
Removing empty process `rq_mult_parallel.$proc$peng_r3.v:11230$292'.
Found and cleaned up 1 empty switch in `\rq_mult_parallel.$proc$peng_r3.v:11214$291'.
Removing empty process `rq_mult_parallel.$proc$peng_r3.v:11214$291'.
Found and cleaned up 1 empty switch in `\rq_mult_parallel.$proc$peng_r3.v:11198$290'.
Removing empty process `rq_mult_parallel.$proc$peng_r3.v:11198$290'.
Found and cleaned up 1 empty switch in `\rq_mult_parallel.$proc$peng_r3.v:11182$289'.
Removing empty process `rq_mult_parallel.$proc$peng_r3.v:11182$289'.
Found and cleaned up 1 empty switch in `\rq_mult_parallel.$proc$peng_r3.v:11166$288'.
Removing empty process `rq_mult_parallel.$proc$peng_r3.v:11166$288'.
Found and cleaned up 1 empty switch in `\rq_mult_parallel.$proc$peng_r3.v:11150$287'.
Removing empty process `rq_mult_parallel.$proc$peng_r3.v:11150$287'.
Found and cleaned up 1 empty switch in `\rq_mult_parallel.$proc$peng_r3.v:11134$286'.
Removing empty process `rq_mult_parallel.$proc$peng_r3.v:11134$286'.
Found and cleaned up 1 empty switch in `\rq_mult_parallel.$proc$peng_r3.v:11118$285'.
Removing empty process `rq_mult_parallel.$proc$peng_r3.v:11118$285'.
Found and cleaned up 1 empty switch in `\rq_mult_parallel.$proc$peng_r3.v:11102$284'.
Removing empty process `rq_mult_parallel.$proc$peng_r3.v:11102$284'.
Found and cleaned up 1 empty switch in `\rq_mult_parallel.$proc$peng_r3.v:11086$283'.
Removing empty process `rq_mult_parallel.$proc$peng_r3.v:11086$283'.
Found and cleaned up 1 empty switch in `\rq_mult_parallel.$proc$peng_r3.v:11070$282'.
Removing empty process `rq_mult_parallel.$proc$peng_r3.v:11070$282'.
Found and cleaned up 1 empty switch in `\rq_mult_parallel.$proc$peng_r3.v:11054$281'.
Removing empty process `rq_mult_parallel.$proc$peng_r3.v:11054$281'.
Found and cleaned up 1 empty switch in `\rq_mult_parallel.$proc$peng_r3.v:11038$280'.
Removing empty process `rq_mult_parallel.$proc$peng_r3.v:11038$280'.
Found and cleaned up 1 empty switch in `\rq_mult_parallel.$proc$peng_r3.v:11022$279'.
Removing empty process `rq_mult_parallel.$proc$peng_r3.v:11022$279'.
Found and cleaned up 1 empty switch in `\rq_mult_parallel.$proc$peng_r3.v:11006$278'.
Removing empty process `rq_mult_parallel.$proc$peng_r3.v:11006$278'.
Found and cleaned up 1 empty switch in `\rq_mult_parallel.$proc$peng_r3.v:10990$277'.
Removing empty process `rq_mult_parallel.$proc$peng_r3.v:10990$277'.
Found and cleaned up 1 empty switch in `\rq_mult_parallel.$proc$peng_r3.v:10974$276'.
Removing empty process `rq_mult_parallel.$proc$peng_r3.v:10974$276'.
Found and cleaned up 1 empty switch in `\rq_mult_parallel.$proc$peng_r3.v:10958$275'.
Removing empty process `rq_mult_parallel.$proc$peng_r3.v:10958$275'.
Found and cleaned up 1 empty switch in `\rq_mult_parallel.$proc$peng_r3.v:10942$274'.
Removing empty process `rq_mult_parallel.$proc$peng_r3.v:10942$274'.
Found and cleaned up 1 empty switch in `\rq_mult_parallel.$proc$peng_r3.v:10926$273'.
Removing empty process `rq_mult_parallel.$proc$peng_r3.v:10926$273'.
Found and cleaned up 1 empty switch in `\rq_mult_parallel.$proc$peng_r3.v:10910$272'.
Removing empty process `rq_mult_parallel.$proc$peng_r3.v:10910$272'.
Found and cleaned up 1 empty switch in `\rq_mult_parallel.$proc$peng_r3.v:10894$271'.
Removing empty process `rq_mult_parallel.$proc$peng_r3.v:10894$271'.
Found and cleaned up 1 empty switch in `\rq_mult_parallel.$proc$peng_r3.v:10878$270'.
Removing empty process `rq_mult_parallel.$proc$peng_r3.v:10878$270'.
Found and cleaned up 1 empty switch in `\rq_mult_parallel.$proc$peng_r3.v:10862$269'.
Removing empty process `rq_mult_parallel.$proc$peng_r3.v:10862$269'.
Found and cleaned up 1 empty switch in `\rq_mult_parallel.$proc$peng_r3.v:10846$268'.
Removing empty process `rq_mult_parallel.$proc$peng_r3.v:10846$268'.
Found and cleaned up 1 empty switch in `\rq_mult_parallel.$proc$peng_r3.v:10830$267'.
Removing empty process `rq_mult_parallel.$proc$peng_r3.v:10830$267'.
Found and cleaned up 1 empty switch in `\rq_mult_parallel.$proc$peng_r3.v:10814$266'.
Removing empty process `rq_mult_parallel.$proc$peng_r3.v:10814$266'.
Found and cleaned up 1 empty switch in `\rq_mult_parallel.$proc$peng_r3.v:10798$265'.
Removing empty process `rq_mult_parallel.$proc$peng_r3.v:10798$265'.
Found and cleaned up 1 empty switch in `\rq_mult_parallel.$proc$peng_r3.v:10782$264'.
Removing empty process `rq_mult_parallel.$proc$peng_r3.v:10782$264'.
Found and cleaned up 1 empty switch in `\rq_mult_parallel.$proc$peng_r3.v:10766$263'.
Removing empty process `rq_mult_parallel.$proc$peng_r3.v:10766$263'.
Found and cleaned up 1 empty switch in `\rq_mult_parallel.$proc$peng_r3.v:10750$262'.
Removing empty process `rq_mult_parallel.$proc$peng_r3.v:10750$262'.
Found and cleaned up 1 empty switch in `\rq_mult_parallel.$proc$peng_r3.v:10734$261'.
Removing empty process `rq_mult_parallel.$proc$peng_r3.v:10734$261'.
Found and cleaned up 1 empty switch in `\rq_mult_parallel.$proc$peng_r3.v:10718$260'.
Removing empty process `rq_mult_parallel.$proc$peng_r3.v:10718$260'.
Found and cleaned up 1 empty switch in `\rq_mult_parallel.$proc$peng_r3.v:10702$259'.
Removing empty process `rq_mult_parallel.$proc$peng_r3.v:10702$259'.
Found and cleaned up 1 empty switch in `\rq_mult_parallel.$proc$peng_r3.v:10686$258'.
Removing empty process `rq_mult_parallel.$proc$peng_r3.v:10686$258'.
Found and cleaned up 1 empty switch in `\rq_mult_parallel.$proc$peng_r3.v:10670$257'.
Removing empty process `rq_mult_parallel.$proc$peng_r3.v:10670$257'.
Found and cleaned up 1 empty switch in `\rq_mult_parallel.$proc$peng_r3.v:10654$256'.
Removing empty process `rq_mult_parallel.$proc$peng_r3.v:10654$256'.
Found and cleaned up 1 empty switch in `\rq_mult_parallel.$proc$peng_r3.v:10638$255'.
Removing empty process `rq_mult_parallel.$proc$peng_r3.v:10638$255'.
Found and cleaned up 1 empty switch in `\rq_mult_parallel.$proc$peng_r3.v:10622$254'.
Removing empty process `rq_mult_parallel.$proc$peng_r3.v:10622$254'.
Found and cleaned up 1 empty switch in `\rq_mult_parallel.$proc$peng_r3.v:10606$253'.
Removing empty process `rq_mult_parallel.$proc$peng_r3.v:10606$253'.
Found and cleaned up 1 empty switch in `\rq_mult_parallel.$proc$peng_r3.v:10590$252'.
Removing empty process `rq_mult_parallel.$proc$peng_r3.v:10590$252'.
Found and cleaned up 1 empty switch in `\rq_mult_parallel.$proc$peng_r3.v:10574$251'.
Removing empty process `rq_mult_parallel.$proc$peng_r3.v:10574$251'.
Found and cleaned up 1 empty switch in `\rq_mult_parallel.$proc$peng_r3.v:10558$250'.
Removing empty process `rq_mult_parallel.$proc$peng_r3.v:10558$250'.
Found and cleaned up 1 empty switch in `\rq_mult_parallel.$proc$peng_r3.v:10543$249'.
Removing empty process `rq_mult_parallel.$proc$peng_r3.v:10543$249'.
Found and cleaned up 1 empty switch in `\rq_mult_parallel.$proc$peng_r3.v:10529$248'.
Removing empty process `rq_mult_parallel.$proc$peng_r3.v:10529$248'.
Found and cleaned up 1 empty switch in `\rq_mult_parallel.$proc$peng_r3.v:10515$247'.
Removing empty process `rq_mult_parallel.$proc$peng_r3.v:10515$247'.
Removing empty process `modmul4591s.$proc$peng_r3.v:1000$206'.
Removing empty process `modmul4591s.$proc$peng_r3.v:997$205'.
Removing empty process `modmul4591s.$proc$peng_r3.v:994$204'.
Found and cleaned up 1 empty switch in `\modmul4591s.$proc$peng_r3.v:964$195'.
Removing empty process `modmul4591s.$proc$peng_r3.v:964$195'.
Found and cleaned up 1 empty switch in `\mod4591svec28.$proc$peng_r3.v:713$163'.
Removing empty process `mod4591svec28.$proc$peng_r3.v:713$163'.
Found and cleaned up 1 empty switch in `\mod4591svec28.$proc$peng_r3.v:514$98'.
Removing empty process `mod4591svec28.$proc$peng_r3.v:514$98'.
Found and cleaned up 1 empty switch in `\mod4591svec28.$proc$peng_r3.v:347$33'.
Removing empty process `mod4591svec28.$proc$peng_r3.v:347$33'.
Cleaned up 775 empty switches.

3.2.12. Executing OPT_EXPR pass (perform const folding).
Optimizing module rq_mult_parallel.
<suppressed ~9 debug messages>
Optimizing module rq_fma_v2.
<suppressed ~2 debug messages>
Optimizing module modq_freeze.
Optimizing module modmul4591s.
<suppressed ~1 debug messages>
Optimizing module mod4591svec28.
<suppressed ~3 debug messages>

3.3. Executing OPT_EXPR pass (perform const folding).
Optimizing module rq_mult_parallel.
<suppressed ~2 debug messages>
Optimizing module rq_fma_v2.
Optimizing module modq_freeze.
Optimizing module modmul4591s.
Optimizing module mod4591svec28.

3.4. Executing OPT_CLEAN pass (remove unused cells and wires).
Finding unused cells or wires in module \rq_mult_parallel..
Finding unused cells or wires in module \rq_fma_v2..
Finding unused cells or wires in module \modq_freeze..
Finding unused cells or wires in module \modmul4591s..
Finding unused cells or wires in module \mod4591svec28..
Removed 8 unused cells and 2620 unused wires.
<suppressed ~20 debug messages>

3.5. Executing CHECK pass (checking for obvious problems).
Checking module mod4591svec28...
Checking module modmul4591s...
Checking module modq_freeze...
Checking module rq_fma_v2...
Checking module rq_mult_parallel...
Found and reported 0 problems.

3.6. Executing OPT pass (performing simple optimizations).

3.6.1. Executing OPT_EXPR pass (perform const folding).
Optimizing module mod4591svec28.
Optimizing module modmul4591s.
Optimizing module modq_freeze.
Optimizing module rq_fma_v2.
Optimizing module rq_mult_parallel.

3.6.2. Executing OPT_MERGE pass (detect identical cells).
Finding identical cells in module `\mod4591svec28'.
Finding identical cells in module `\modmul4591s'.
Finding identical cells in module `\modq_freeze'.
Finding identical cells in module `\rq_fma_v2'.
Finding identical cells in module `\rq_mult_parallel'.
<suppressed ~20742 debug messages>
Removed a total of 6914 cells.

3.6.3. Executing OPT_MUXTREE pass (detect dead branches in mux trees).
Running muxtree optimizer on module \mod4591svec28..
  Creating internal representation of mux trees.
  Evaluating internal representation of mux trees.
  Analyzing evaluation results.
Running muxtree optimizer on module \modmul4591s..
  Creating internal representation of mux trees.
  Evaluating internal representation of mux trees.
  Analyzing evaluation results.
Running muxtree optimizer on module \modq_freeze..
  Creating internal representation of mux trees.
  No muxes found in this module.
Running muxtree optimizer on module \rq_fma_v2..
  Creating internal representation of mux trees.
  Evaluating internal representation of mux trees.
  Analyzing evaluation results.
Running muxtree optimizer on module \rq_mult_parallel..
  Creating internal representation of mux trees.
  Evaluating internal representation of mux trees.
  Analyzing evaluation results.
Removed 0 multiplexer ports.
<suppressed ~17 debug messages>

3.6.4. Executing OPT_REDUCE pass (consolidate $*mux and $reduce_* inputs).
  Optimizing cells in module \mod4591svec28.
  Optimizing cells in module \modmul4591s.
  Optimizing cells in module \modq_freeze.
  Optimizing cells in module \rq_fma_v2.
  Optimizing cells in module \rq_mult_parallel.
    New ctrl vector for $pmux cell $procmux$2155: { $procmux$1107_CMP $auto$opt_reduce.cc:134:opt_pmux$9715 $auto$opt_reduce.cc:134:opt_pmux$9713 }
    New ctrl vector for $pmux cell $procmux$4806: { $procmux$1107_CMP $auto$opt_reduce.cc:134:opt_pmux$9719 $auto$opt_reduce.cc:134:opt_pmux$9717 }
    New ctrl vector for $pmux cell $procmux$8623: { $procmux$1107_CMP $auto$opt_reduce.cc:134:opt_pmux$9723 $auto$opt_reduce.cc:134:opt_pmux$9721 }
    New ctrl vector for $pmux cell $procmux$7809: { $procmux$1107_CMP $auto$opt_reduce.cc:134:opt_pmux$9727 $auto$opt_reduce.cc:134:opt_pmux$9725 }
    New ctrl vector for $pmux cell $procmux$2342: { $procmux$1107_CMP $auto$opt_reduce.cc:134:opt_pmux$9731 $auto$opt_reduce.cc:134:opt_pmux$9729 }
    New ctrl vector for $pmux cell $procmux$3035: { $procmux$1107_CMP $auto$opt_reduce.cc:134:opt_pmux$9735 $auto$opt_reduce.cc:134:opt_pmux$9733 }
    New ctrl vector for $pmux cell $procmux$5290: { $procmux$1107_CMP $auto$opt_reduce.cc:134:opt_pmux$9739 $auto$opt_reduce.cc:134:opt_pmux$9737 }
    New ctrl vector for $pmux cell $procmux$4377: { $procmux$1107_CMP $auto$opt_reduce.cc:134:opt_pmux$9743 $auto$opt_reduce.cc:134:opt_pmux$9741 }
    New ctrl vector for $pmux cell $procmux$3321: { $procmux$1107_CMP $auto$opt_reduce.cc:134:opt_pmux$9747 $auto$opt_reduce.cc:134:opt_pmux$9745 }
    New ctrl vector for $pmux cell $procmux$7083: { $procmux$1107_CMP $auto$opt_reduce.cc:134:opt_pmux$9751 $auto$opt_reduce.cc:134:opt_pmux$9749 }
    New ctrl vector for $pmux cell $procmux$6423: { $procmux$1107_CMP $auto$opt_reduce.cc:134:opt_pmux$9755 $auto$opt_reduce.cc:134:opt_pmux$9753 }
    New ctrl vector for $pmux cell $procmux$8634: { $procmux$1107_CMP $auto$opt_reduce.cc:134:opt_pmux$9759 $auto$opt_reduce.cc:134:opt_pmux$9757 }
    New ctrl vector for $pmux cell $procmux$5829: { $procmux$1107_CMP $auto$opt_reduce.cc:134:opt_pmux$9763 $auto$opt_reduce.cc:134:opt_pmux$9761 }
    New ctrl vector for $pmux cell $procmux$7820: { $procmux$1107_CMP $auto$opt_reduce.cc:134:opt_pmux$9767 $auto$opt_reduce.cc:134:opt_pmux$9765 }
    New ctrl vector for $pmux cell $procmux$2551: { $procmux$1107_CMP $auto$opt_reduce.cc:134:opt_pmux$9771 $auto$opt_reduce.cc:134:opt_pmux$9769 }
    New ctrl vector for $pmux cell $procmux$2782: { $procmux$1107_CMP $auto$opt_reduce.cc:134:opt_pmux$9775 $auto$opt_reduce.cc:134:opt_pmux$9773 }
    New ctrl vector for $pmux cell $procmux$3640: { $procmux$1107_CMP $auto$opt_reduce.cc:134:opt_pmux$9779 $auto$opt_reduce.cc:134:opt_pmux$9777 }
    New ctrl vector for $pmux cell $procmux$3992: { $procmux$1107_CMP $auto$opt_reduce.cc:134:opt_pmux$9783 $auto$opt_reduce.cc:134:opt_pmux$9781 }
    New ctrl vector for $pmux cell $procmux$4817: { $procmux$1107_CMP $auto$opt_reduce.cc:134:opt_pmux$9787 $auto$opt_reduce.cc:134:opt_pmux$9785 }
    New ctrl vector for $pmux cell $procmux$5301: { $procmux$1107_CMP $auto$opt_reduce.cc:134:opt_pmux$9791 $auto$opt_reduce.cc:134:opt_pmux$9789 }
    New ctrl vector for $pmux cell $procmux$8645: { $procmux$1107_CMP $auto$opt_reduce.cc:134:opt_pmux$9795 $auto$opt_reduce.cc:134:opt_pmux$9793 }
    New ctrl vector for $pmux cell $procmux$7094: { $procmux$1107_CMP $auto$opt_reduce.cc:134:opt_pmux$9799 $auto$opt_reduce.cc:134:opt_pmux$9797 }
    New ctrl vector for $pmux cell $procmux$1990: { $procmux$1107_CMP $auto$opt_reduce.cc:134:opt_pmux$9803 $auto$opt_reduce.cc:134:opt_pmux$9801 }
    New ctrl vector for $pmux cell $procmux$7831: { $procmux$1107_CMP $auto$opt_reduce.cc:134:opt_pmux$9807 $auto$opt_reduce.cc:134:opt_pmux$9805 }
    New ctrl vector for $pmux cell $procmux$6434: { $procmux$1107_CMP $auto$opt_reduce.cc:134:opt_pmux$9811 $auto$opt_reduce.cc:134:opt_pmux$9809 }
    New ctrl vector for $pmux cell $procmux$5840: { $procmux$1107_CMP $auto$opt_reduce.cc:134:opt_pmux$9815 $auto$opt_reduce.cc:134:opt_pmux$9813 }
    New ctrl vector for $pmux cell $procmux$1704: { $procmux$1107_CMP $auto$opt_reduce.cc:134:opt_pmux$9819 $auto$opt_reduce.cc:134:opt_pmux$9817 }
    New ctrl vector for $pmux cell $procmux$4388: { $procmux$1107_CMP $auto$opt_reduce.cc:134:opt_pmux$9823 $auto$opt_reduce.cc:134:opt_pmux$9821 }
    New ctrl vector for $pmux cell $procmux$1064: { $auto$opt_reduce.cc:134:opt_pmux$9825 $procmux$1066_CMP $procmux$1065_CMP }
    New ctrl vector for $pmux cell $procmux$8656: { $procmux$1107_CMP $auto$opt_reduce.cc:134:opt_pmux$9829 $auto$opt_reduce.cc:134:opt_pmux$9827 }
    New ctrl vector for $pmux cell $procmux$1583: { $procmux$1107_CMP $auto$opt_reduce.cc:134:opt_pmux$9833 $auto$opt_reduce.cc:134:opt_pmux$9831 }
    New ctrl vector for $pmux cell $procmux$3046: { $procmux$1107_CMP $auto$opt_reduce.cc:134:opt_pmux$9837 $auto$opt_reduce.cc:134:opt_pmux$9835 }
    New ctrl vector for $pmux cell $procmux$7105: { $procmux$1107_CMP $auto$opt_reduce.cc:134:opt_pmux$9841 $auto$opt_reduce.cc:134:opt_pmux$9839 }
    New ctrl vector for $pmux cell $procmux$7842: { $procmux$1107_CMP $auto$opt_reduce.cc:134:opt_pmux$9845 $auto$opt_reduce.cc:134:opt_pmux$9843 }
    New ctrl vector for $pmux cell $procmux$3332: { $procmux$1107_CMP $auto$opt_reduce.cc:134:opt_pmux$9849 $auto$opt_reduce.cc:134:opt_pmux$9847 }
    New ctrl vector for $pmux cell $procmux$4828: { $procmux$1107_CMP $auto$opt_reduce.cc:134:opt_pmux$9853 $auto$opt_reduce.cc:134:opt_pmux$9851 }
    New ctrl vector for $pmux cell $procmux$6445: { $procmux$1107_CMP $auto$opt_reduce.cc:134:opt_pmux$9857 $auto$opt_reduce.cc:134:opt_pmux$9855 }
    New ctrl vector for $pmux cell $procmux$5312: { $procmux$1107_CMP $auto$opt_reduce.cc:134:opt_pmux$9861 $auto$opt_reduce.cc:134:opt_pmux$9859 }
    New ctrl vector for $pmux cell $procmux$1473: { $procmux$1107_CMP $auto$opt_reduce.cc:134:opt_pmux$9865 $auto$opt_reduce.cc:134:opt_pmux$9863 }
    New ctrl vector for $pmux cell $procmux$8667: { $procmux$1107_CMP $auto$opt_reduce.cc:134:opt_pmux$9869 $auto$opt_reduce.cc:134:opt_pmux$9867 }
    New ctrl vector for $pmux cell $procmux$5851: { $procmux$1107_CMP $auto$opt_reduce.cc:134:opt_pmux$9873 $auto$opt_reduce.cc:134:opt_pmux$9871 }
    New ctrl vector for $pmux cell $procmux$4003: { $procmux$1107_CMP $auto$opt_reduce.cc:134:opt_pmux$9877 $auto$opt_reduce.cc:134:opt_pmux$9875 }
    New ctrl vector for $pmux cell $procmux$3651: { $procmux$1107_CMP $auto$opt_reduce.cc:134:opt_pmux$9881 $auto$opt_reduce.cc:134:opt_pmux$9879 }
    New ctrl vector for $pmux cell $procmux$1374: { $procmux$1107_CMP $auto$opt_reduce.cc:134:opt_pmux$9885 $auto$opt_reduce.cc:134:opt_pmux$9883 }
    New ctrl vector for $pmux cell $procmux$7853: { $procmux$1107_CMP $auto$opt_reduce.cc:134:opt_pmux$9889 $auto$opt_reduce.cc:134:opt_pmux$9887 }
    New ctrl vector for $pmux cell $procmux$7116: { $procmux$1107_CMP $auto$opt_reduce.cc:134:opt_pmux$9893 $auto$opt_reduce.cc:134:opt_pmux$9891 }
    New ctrl vector for $pmux cell $procmux$2353: { $procmux$1107_CMP $auto$opt_reduce.cc:134:opt_pmux$9897 $auto$opt_reduce.cc:134:opt_pmux$9895 }
    New ctrl vector for $pmux cell $procmux$4399: { $procmux$1107_CMP $auto$opt_reduce.cc:134:opt_pmux$9901 $auto$opt_reduce.cc:134:opt_pmux$9899 }
    New ctrl vector for $pmux cell $procmux$2793: { $procmux$1107_CMP $auto$opt_reduce.cc:134:opt_pmux$9905 $auto$opt_reduce.cc:134:opt_pmux$9903 }
    New ctrl vector for $pmux cell $procmux$8678: { $procmux$1107_CMP $auto$opt_reduce.cc:134:opt_pmux$9909 $auto$opt_reduce.cc:134:opt_pmux$9907 }
    New ctrl vector for $pmux cell $procmux$6456: { $procmux$1107_CMP $auto$opt_reduce.cc:134:opt_pmux$9913 $auto$opt_reduce.cc:134:opt_pmux$9911 }
    New ctrl vector for $pmux cell $procmux$2562: { $procmux$1107_CMP $auto$opt_reduce.cc:134:opt_pmux$9917 $auto$opt_reduce.cc:134:opt_pmux$9915 }
    New ctrl vector for $pmux cell $procmux$2166: { $procmux$1107_CMP $auto$opt_reduce.cc:134:opt_pmux$9921 $auto$opt_reduce.cc:134:opt_pmux$9919 }
    New ctrl vector for $pmux cell $procmux$5323: { $procmux$1107_CMP $auto$opt_reduce.cc:134:opt_pmux$9925 $auto$opt_reduce.cc:134:opt_pmux$9923 }
    New ctrl vector for $pmux cell $procmux$5862: { $procmux$1107_CMP $auto$opt_reduce.cc:134:opt_pmux$9929 $auto$opt_reduce.cc:134:opt_pmux$9927 }
    New ctrl vector for $pmux cell $procmux$7864: { $procmux$1107_CMP $auto$opt_reduce.cc:134:opt_pmux$9933 $auto$opt_reduce.cc:134:opt_pmux$9931 }
    New ctrl vector for $pmux cell $procmux$4839: { $procmux$1107_CMP $auto$opt_reduce.cc:134:opt_pmux$9937 $auto$opt_reduce.cc:134:opt_pmux$9935 }
    New ctrl vector for $pmux cell $procmux$7127: { $procmux$1107_CMP $auto$opt_reduce.cc:134:opt_pmux$9941 $auto$opt_reduce.cc:134:opt_pmux$9939 }
    New ctrl vector for $pmux cell $procmux$1132: { $procmux$1107_CMP $auto$opt_reduce.cc:134:opt_pmux$9945 $auto$opt_reduce.cc:134:opt_pmux$9943 }
    New ctrl vector for $pmux cell $procmux$8689: { $procmux$1107_CMP $auto$opt_reduce.cc:134:opt_pmux$9949 $auto$opt_reduce.cc:134:opt_pmux$9947 }
    New ctrl vector for $pmux cell $procmux$1847: { $procmux$1107_CMP $auto$opt_reduce.cc:134:opt_pmux$9953 $auto$opt_reduce.cc:134:opt_pmux$9951 }
    New ctrl vector for $pmux cell $procmux$1286: { $procmux$1107_CMP $auto$opt_reduce.cc:134:opt_pmux$9957 $auto$opt_reduce.cc:134:opt_pmux$9955 }
    New ctrl vector for $pmux cell $procmux$4014: { $procmux$1107_CMP $auto$opt_reduce.cc:134:opt_pmux$9961 $auto$opt_reduce.cc:134:opt_pmux$9959 }
    New ctrl vector for $pmux cell $procmux$6467: { $procmux$1107_CMP $auto$opt_reduce.cc:134:opt_pmux$9965 $auto$opt_reduce.cc:134:opt_pmux$9963 }
    New ctrl vector for $pmux cell $procmux$3343: { $procmux$1107_CMP $auto$opt_reduce.cc:134:opt_pmux$9969 $auto$opt_reduce.cc:134:opt_pmux$9967 }
    New ctrl vector for $pmux cell $procmux$3662: { $procmux$1107_CMP $auto$opt_reduce.cc:134:opt_pmux$9973 $auto$opt_reduce.cc:134:opt_pmux$9971 }
    New ctrl vector for $pmux cell $procmux$7875: { $procmux$1107_CMP $auto$opt_reduce.cc:134:opt_pmux$9977 $auto$opt_reduce.cc:134:opt_pmux$9975 }
    New ctrl vector for $pmux cell $procmux$4410: { $procmux$1107_CMP $auto$opt_reduce.cc:134:opt_pmux$9981 $auto$opt_reduce.cc:134:opt_pmux$9979 }
    New ctrl vector for $pmux cell $procmux$3057: { $procmux$1107_CMP $auto$opt_reduce.cc:134:opt_pmux$9985 $auto$opt_reduce.cc:134:opt_pmux$9983 }
    New ctrl vector for $pmux cell $procmux$8700: { $procmux$1107_CMP $auto$opt_reduce.cc:134:opt_pmux$9989 $auto$opt_reduce.cc:134:opt_pmux$9987 }
    New ctrl vector for $pmux cell $procmux$7138: { $procmux$1107_CMP $auto$opt_reduce.cc:134:opt_pmux$9993 $auto$opt_reduce.cc:134:opt_pmux$9991 }
    New ctrl vector for $pmux cell $procmux$5873: { $procmux$1107_CMP $auto$opt_reduce.cc:134:opt_pmux$9997 $auto$opt_reduce.cc:134:opt_pmux$9995 }
    New ctrl vector for $pmux cell $procmux$5334: { $procmux$1107_CMP $auto$opt_reduce.cc:134:opt_pmux$10001 $auto$opt_reduce.cc:134:opt_pmux$9999 }
    New ctrl vector for $pmux cell $procmux$2001: { $procmux$1107_CMP $auto$opt_reduce.cc:134:opt_pmux$10005 $auto$opt_reduce.cc:134:opt_pmux$10003 }
    New ctrl vector for $pmux cell $procmux$4850: { $procmux$1107_CMP $auto$opt_reduce.cc:134:opt_pmux$10009 $auto$opt_reduce.cc:134:opt_pmux$10007 }
    New ctrl vector for $pmux cell $procmux$6478: { $procmux$1107_CMP $auto$opt_reduce.cc:134:opt_pmux$10013 $auto$opt_reduce.cc:134:opt_pmux$10011 }
    New ctrl vector for $pmux cell $procmux$7886: { $procmux$1107_CMP $auto$opt_reduce.cc:134:opt_pmux$10017 $auto$opt_reduce.cc:134:opt_pmux$10015 }
    New ctrl vector for $pmux cell $procmux$8711: { $procmux$1107_CMP $auto$opt_reduce.cc:134:opt_pmux$10021 $auto$opt_reduce.cc:134:opt_pmux$10019 }
    New ctrl vector for $pmux cell $procmux$2804: { $procmux$1107_CMP $auto$opt_reduce.cc:134:opt_pmux$10025 $auto$opt_reduce.cc:134:opt_pmux$10023 }
    New ctrl vector for $pmux cell $procmux$7149: { $procmux$1107_CMP $auto$opt_reduce.cc:134:opt_pmux$10029 $auto$opt_reduce.cc:134:opt_pmux$10027 }
    New ctrl vector for $pmux cell $procmux$1715: { $procmux$1107_CMP $auto$opt_reduce.cc:134:opt_pmux$10033 $auto$opt_reduce.cc:134:opt_pmux$10031 }
    New ctrl vector for $pmux cell $procmux$4025: { $procmux$1107_CMP $auto$opt_reduce.cc:134:opt_pmux$10037 $auto$opt_reduce.cc:134:opt_pmux$10035 }
    New ctrl vector for $pmux cell $procmux$5884: { $procmux$1107_CMP $auto$opt_reduce.cc:134:opt_pmux$10041 $auto$opt_reduce.cc:134:opt_pmux$10039 }
    New ctrl vector for $pmux cell $procmux$2573: { $procmux$1107_CMP $auto$opt_reduce.cc:134:opt_pmux$10045 $auto$opt_reduce.cc:134:opt_pmux$10043 }
    New ctrl vector for $pmux cell $procmux$5345: { $procmux$1107_CMP $auto$opt_reduce.cc:134:opt_pmux$10049 $auto$opt_reduce.cc:134:opt_pmux$10047 }
    New ctrl vector for $pmux cell $procmux$7897: { $procmux$1107_CMP $auto$opt_reduce.cc:134:opt_pmux$10053 $auto$opt_reduce.cc:134:opt_pmux$10051 }
    New ctrl vector for $pmux cell $procmux$8722: { $procmux$1107_CMP $auto$opt_reduce.cc:134:opt_pmux$10057 $auto$opt_reduce.cc:134:opt_pmux$10055 }
    New ctrl vector for $pmux cell $procmux$4421: { $procmux$1107_CMP $auto$opt_reduce.cc:134:opt_pmux$10061 $auto$opt_reduce.cc:134:opt_pmux$10059 }
    New ctrl vector for $pmux cell $procmux$6489: { $procmux$1107_CMP $auto$opt_reduce.cc:134:opt_pmux$10065 $auto$opt_reduce.cc:134:opt_pmux$10063 }
    New ctrl vector for $pmux cell $procmux$2364: { $procmux$1107_CMP $auto$opt_reduce.cc:134:opt_pmux$10069 $auto$opt_reduce.cc:134:opt_pmux$10067 }
    New ctrl vector for $pmux cell $procmux$4861: { $procmux$1107_CMP $auto$opt_reduce.cc:134:opt_pmux$10073 $auto$opt_reduce.cc:134:opt_pmux$10071 }
    New ctrl vector for $pmux cell $procmux$7160: { $procmux$1107_CMP $auto$opt_reduce.cc:134:opt_pmux$10077 $auto$opt_reduce.cc:134:opt_pmux$10075 }
    New ctrl vector for $pmux cell $procmux$3673: { $procmux$1107_CMP $auto$opt_reduce.cc:134:opt_pmux$10081 $auto$opt_reduce.cc:134:opt_pmux$10079 }
    New ctrl vector for $pmux cell $procmux$3354: { $procmux$1107_CMP $auto$opt_reduce.cc:134:opt_pmux$10085 $auto$opt_reduce.cc:134:opt_pmux$10083 }
    New ctrl vector for $pmux cell $procmux$1209: { $procmux$1107_CMP $auto$opt_reduce.cc:134:opt_pmux$10089 $auto$opt_reduce.cc:134:opt_pmux$10087 }
    New ctrl vector for $pmux cell $procmux$3068: { $procmux$1107_CMP $auto$opt_reduce.cc:134:opt_pmux$10093 $auto$opt_reduce.cc:134:opt_pmux$10091 }
    New ctrl vector for $pmux cell $procmux$8733: { $procmux$1107_CMP $auto$opt_reduce.cc:134:opt_pmux$10097 $auto$opt_reduce.cc:134:opt_pmux$10095 }
    New ctrl vector for $pmux cell $procmux$7908: { $procmux$1107_CMP $auto$opt_reduce.cc:134:opt_pmux$10101 $auto$opt_reduce.cc:134:opt_pmux$10099 }
    New ctrl vector for $pmux cell $procmux$5895: { $procmux$1107_CMP $auto$opt_reduce.cc:134:opt_pmux$10105 $auto$opt_reduce.cc:134:opt_pmux$10103 }
    New ctrl vector for $pmux cell $procmux$2177: { $procmux$1107_CMP $auto$opt_reduce.cc:134:opt_pmux$10109 $auto$opt_reduce.cc:134:opt_pmux$10107 }
    New ctrl vector for $pmux cell $procmux$6500: { $procmux$1107_CMP $auto$opt_reduce.cc:134:opt_pmux$10113 $auto$opt_reduce.cc:134:opt_pmux$10111 }
    New ctrl vector for $pmux cell $procmux$5356: { $procmux$1107_CMP $auto$opt_reduce.cc:134:opt_pmux$10117 $auto$opt_reduce.cc:134:opt_pmux$10115 }
    New ctrl vector for $pmux cell $procmux$7171: { $procmux$1107_CMP $auto$opt_reduce.cc:134:opt_pmux$10121 $auto$opt_reduce.cc:134:opt_pmux$10119 }
    New ctrl vector for $pmux cell $procmux$1594: { $procmux$1107_CMP $auto$opt_reduce.cc:134:opt_pmux$10125 $auto$opt_reduce.cc:134:opt_pmux$10123 }
    New ctrl vector for $pmux cell $procmux$4036: { $procmux$1107_CMP $auto$opt_reduce.cc:134:opt_pmux$10129 $auto$opt_reduce.cc:134:opt_pmux$10127 }
    New ctrl vector for $pmux cell $procmux$8744: { $procmux$1107_CMP $auto$opt_reduce.cc:134:opt_pmux$10133 $auto$opt_reduce.cc:134:opt_pmux$10131 }
    New ctrl vector for $pmux cell $procmux$4432: { $procmux$1107_CMP $auto$opt_reduce.cc:134:opt_pmux$10137 $auto$opt_reduce.cc:134:opt_pmux$10135 }
    New ctrl vector for $pmux cell $procmux$7919: { $procmux$1107_CMP $auto$opt_reduce.cc:134:opt_pmux$10141 $auto$opt_reduce.cc:134:opt_pmux$10139 }
    New ctrl vector for $pmux cell $procmux$4872: { $procmux$1107_CMP $auto$opt_reduce.cc:134:opt_pmux$10145 $auto$opt_reduce.cc:134:opt_pmux$10143 }
    New ctrl vector for $pmux cell $procmux$1858: { $procmux$1107_CMP $auto$opt_reduce.cc:134:opt_pmux$10149 $auto$opt_reduce.cc:134:opt_pmux$10147 }
    New ctrl vector for $pmux cell $procmux$5906: { $procmux$1107_CMP $auto$opt_reduce.cc:134:opt_pmux$10153 $auto$opt_reduce.cc:134:opt_pmux$10151 }
    New ctrl vector for $pmux cell $procmux$2815: { $procmux$1107_CMP $auto$opt_reduce.cc:134:opt_pmux$10157 $auto$opt_reduce.cc:134:opt_pmux$10155 }
    New ctrl vector for $pmux cell $procmux$6511: { $procmux$1107_CMP $auto$opt_reduce.cc:134:opt_pmux$10161 $auto$opt_reduce.cc:134:opt_pmux$10159 }
    New ctrl vector for $pmux cell $procmux$7182: { $procmux$1107_CMP $auto$opt_reduce.cc:134:opt_pmux$10165 $auto$opt_reduce.cc:134:opt_pmux$10163 }
    New ctrl vector for $pmux cell $procmux$8755: { $procmux$1107_CMP $auto$opt_reduce.cc:134:opt_pmux$10169 $auto$opt_reduce.cc:134:opt_pmux$10167 }
    New ctrl vector for $pmux cell $procmux$3684: { $procmux$1107_CMP $auto$opt_reduce.cc:134:opt_pmux$10173 $auto$opt_reduce.cc:134:opt_pmux$10171 }
    New ctrl vector for $pmux cell $procmux$2012: { $procmux$1107_CMP $auto$opt_reduce.cc:134:opt_pmux$10177 $auto$opt_reduce.cc:134:opt_pmux$10175 }
    New ctrl vector for $pmux cell $procmux$7930: { $procmux$1107_CMP $auto$opt_reduce.cc:134:opt_pmux$10181 $auto$opt_reduce.cc:134:opt_pmux$10179 }
    New ctrl vector for $pmux cell $procmux$5367: { $procmux$1107_CMP $auto$opt_reduce.cc:134:opt_pmux$10185 $auto$opt_reduce.cc:134:opt_pmux$10183 }
    New ctrl vector for $pmux cell $procmux$3365: { $procmux$1107_CMP $auto$opt_reduce.cc:134:opt_pmux$10189 $auto$opt_reduce.cc:134:opt_pmux$10187 }
    New ctrl vector for $pmux cell $procmux$1484: { $procmux$1107_CMP $auto$opt_reduce.cc:134:opt_pmux$10193 $auto$opt_reduce.cc:134:opt_pmux$10191 }
    New ctrl vector for $pmux cell $procmux$2584: { $procmux$1107_CMP $auto$opt_reduce.cc:134:opt_pmux$10197 $auto$opt_reduce.cc:134:opt_pmux$10195 }
    New ctrl vector for $pmux cell $procmux$3079: { $procmux$1107_CMP $auto$opt_reduce.cc:134:opt_pmux$10201 $auto$opt_reduce.cc:134:opt_pmux$10199 }
    New ctrl vector for $pmux cell $procmux$4883: { $procmux$1107_CMP $auto$opt_reduce.cc:134:opt_pmux$10205 $auto$opt_reduce.cc:134:opt_pmux$10203 }
    New ctrl vector for $pmux cell $procmux$8766: { $procmux$1107_CMP $auto$opt_reduce.cc:134:opt_pmux$10209 $auto$opt_reduce.cc:134:opt_pmux$10207 }
    New ctrl vector for $pmux cell $procmux$5917: { $procmux$1107_CMP $auto$opt_reduce.cc:134:opt_pmux$10213 $auto$opt_reduce.cc:134:opt_pmux$10211 }
    New ctrl vector for $pmux cell $procmux$7193: { $procmux$1107_CMP $auto$opt_reduce.cc:134:opt_pmux$10217 $auto$opt_reduce.cc:134:opt_pmux$10215 }
    New ctrl vector for $pmux cell $procmux$6522: { $procmux$1107_CMP $auto$opt_reduce.cc:134:opt_pmux$10221 $auto$opt_reduce.cc:134:opt_pmux$10219 }
    New ctrl vector for $pmux cell $procmux$7941: { $procmux$1107_CMP $auto$opt_reduce.cc:134:opt_pmux$10225 $auto$opt_reduce.cc:134:opt_pmux$10223 }
    New ctrl vector for $pmux cell $procmux$4443: { $procmux$1107_CMP $auto$opt_reduce.cc:134:opt_pmux$10229 $auto$opt_reduce.cc:134:opt_pmux$10227 }
    New ctrl vector for $pmux cell $procmux$4047: { $procmux$1107_CMP $auto$opt_reduce.cc:134:opt_pmux$10233 $auto$opt_reduce.cc:134:opt_pmux$10231 }
    New ctrl vector for $pmux cell $procmux$1071: { $procmux$1069_CMP $auto$opt_reduce.cc:134:opt_pmux$10237 $auto$opt_reduce.cc:134:opt_pmux$10235 }
    New ctrl vector for $pmux cell $procmux$2375: { $procmux$1107_CMP $auto$opt_reduce.cc:134:opt_pmux$10241 $auto$opt_reduce.cc:134:opt_pmux$10239 }
    New ctrl vector for $pmux cell $procmux$5378: { $procmux$1107_CMP $auto$opt_reduce.cc:134:opt_pmux$10245 $auto$opt_reduce.cc:134:opt_pmux$10243 }
    New ctrl vector for $pmux cell $procmux$8777: { $procmux$1107_CMP $auto$opt_reduce.cc:134:opt_pmux$10249 $auto$opt_reduce.cc:134:opt_pmux$10247 }
    New ctrl vector for $pmux cell $procmux$1385: { $procmux$1107_CMP $auto$opt_reduce.cc:134:opt_pmux$10253 $auto$opt_reduce.cc:134:opt_pmux$10251 }
    New ctrl vector for $pmux cell $procmux$3695: { $procmux$1107_CMP $auto$opt_reduce.cc:134:opt_pmux$10257 $auto$opt_reduce.cc:134:opt_pmux$10255 }
    New ctrl vector for $pmux cell $procmux$7204: { $procmux$1107_CMP $auto$opt_reduce.cc:134:opt_pmux$10261 $auto$opt_reduce.cc:134:opt_pmux$10259 }
    New ctrl vector for $pmux cell $procmux$7952: { $procmux$1107_CMP $auto$opt_reduce.cc:134:opt_pmux$10265 $auto$opt_reduce.cc:134:opt_pmux$10263 }
    New ctrl vector for $pmux cell $procmux$2188: { $procmux$1107_CMP $auto$opt_reduce.cc:134:opt_pmux$10269 $auto$opt_reduce.cc:134:opt_pmux$10267 }
    New ctrl vector for $pmux cell $procmux$6533: { $procmux$1107_CMP $auto$opt_reduce.cc:134:opt_pmux$10273 $auto$opt_reduce.cc:134:opt_pmux$10271 }
    New ctrl vector for $pmux cell $procmux$5928: { $procmux$1107_CMP $auto$opt_reduce.cc:134:opt_pmux$10277 $auto$opt_reduce.cc:134:opt_pmux$10275 }
    New ctrl vector for $pmux cell $procmux$8788: { $procmux$1107_CMP $auto$opt_reduce.cc:134:opt_pmux$10281 $auto$opt_reduce.cc:134:opt_pmux$10279 }
    New ctrl vector for $pmux cell $procmux$4894: { $procmux$1107_CMP $auto$opt_reduce.cc:134:opt_pmux$10285 $auto$opt_reduce.cc:134:opt_pmux$10283 }
    New ctrl vector for $pmux cell $procmux$3376: { $procmux$1107_CMP $auto$opt_reduce.cc:134:opt_pmux$10289 $auto$opt_reduce.cc:134:opt_pmux$10287 }
    New ctrl vector for $pmux cell $procmux$4454: { $procmux$1107_CMP $auto$opt_reduce.cc:134:opt_pmux$10293 $auto$opt_reduce.cc:134:opt_pmux$10291 }
    New ctrl vector for $pmux cell $procmux$2826: { $procmux$1107_CMP $auto$opt_reduce.cc:134:opt_pmux$10297 $auto$opt_reduce.cc:134:opt_pmux$10295 }
    New ctrl vector for $pmux cell $procmux$5389: { $procmux$1107_CMP $auto$opt_reduce.cc:134:opt_pmux$10301 $auto$opt_reduce.cc:134:opt_pmux$10299 }
    New ctrl vector for $pmux cell $procmux$7963: { $procmux$1107_CMP $auto$opt_reduce.cc:134:opt_pmux$10305 $auto$opt_reduce.cc:134:opt_pmux$10303 }
    New ctrl vector for $pmux cell $procmux$7215: { $procmux$1107_CMP $auto$opt_reduce.cc:134:opt_pmux$10309 $auto$opt_reduce.cc:134:opt_pmux$10307 }
    New ctrl vector for $pmux cell $procmux$4058: { $procmux$1107_CMP $auto$opt_reduce.cc:134:opt_pmux$10313 $auto$opt_reduce.cc:134:opt_pmux$10311 }
    New ctrl vector for $pmux cell $procmux$1726: { $procmux$1107_CMP $auto$opt_reduce.cc:134:opt_pmux$10317 $auto$opt_reduce.cc:134:opt_pmux$10315 }
    New ctrl vector for $pmux cell $procmux$8799: { $procmux$1107_CMP $auto$opt_reduce.cc:134:opt_pmux$10321 $auto$opt_reduce.cc:134:opt_pmux$10319 }
    New ctrl vector for $pmux cell $procmux$6544: { $procmux$1107_CMP $auto$opt_reduce.cc:134:opt_pmux$10325 $auto$opt_reduce.cc:134:opt_pmux$10323 }
    New ctrl vector for $pmux cell $procmux$1297: { $procmux$1107_CMP $auto$opt_reduce.cc:134:opt_pmux$10329 $auto$opt_reduce.cc:134:opt_pmux$10327 }
    New ctrl vector for $pmux cell $procmux$5939: { $procmux$1107_CMP $auto$opt_reduce.cc:134:opt_pmux$10333 $auto$opt_reduce.cc:134:opt_pmux$10331 }
    New ctrl vector for $pmux cell $procmux$3090: { $procmux$1107_CMP $auto$opt_reduce.cc:134:opt_pmux$10337 $auto$opt_reduce.cc:134:opt_pmux$10335 }
    New ctrl vector for $pmux cell $procmux$2595: { $procmux$1107_CMP $auto$opt_reduce.cc:134:opt_pmux$10341 $auto$opt_reduce.cc:134:opt_pmux$10339 }
    New ctrl vector for $pmux cell $procmux$7974: { $procmux$1107_CMP $auto$opt_reduce.cc:134:opt_pmux$10345 $auto$opt_reduce.cc:134:opt_pmux$10343 }
    New ctrl vector for $pmux cell $procmux$4905: { $procmux$1107_CMP $auto$opt_reduce.cc:134:opt_pmux$10349 $auto$opt_reduce.cc:134:opt_pmux$10347 }
    New ctrl vector for $pmux cell $procmux$7226: { $procmux$1107_CMP $auto$opt_reduce.cc:134:opt_pmux$10353 $auto$opt_reduce.cc:134:opt_pmux$10351 }
    New ctrl vector for $pmux cell $procmux$8810: { $procmux$1107_CMP $auto$opt_reduce.cc:134:opt_pmux$10357 $auto$opt_reduce.cc:134:opt_pmux$10355 }
    New ctrl vector for $pmux cell $procmux$3706: { $procmux$1107_CMP $auto$opt_reduce.cc:134:opt_pmux$10361 $auto$opt_reduce.cc:134:opt_pmux$10359 }
    New ctrl vector for $pmux cell $procmux$1143: { $procmux$1107_CMP $auto$opt_reduce.cc:134:opt_pmux$10365 $auto$opt_reduce.cc:134:opt_pmux$10363 }
    New ctrl vector for $pmux cell $procmux$5400: { $procmux$1107_CMP $auto$opt_reduce.cc:134:opt_pmux$10369 $auto$opt_reduce.cc:134:opt_pmux$10367 }
    New ctrl vector for $pmux cell $procmux$6555: { $procmux$1107_CMP $auto$opt_reduce.cc:134:opt_pmux$10373 $auto$opt_reduce.cc:134:opt_pmux$10371 }
    New ctrl vector for $pmux cell $procmux$4465: { $procmux$1107_CMP $auto$opt_reduce.cc:134:opt_pmux$10377 $auto$opt_reduce.cc:134:opt_pmux$10375 }
    New ctrl vector for $pmux cell $procmux$2023: { $procmux$1107_CMP $auto$opt_reduce.cc:134:opt_pmux$10381 $auto$opt_reduce.cc:134:opt_pmux$10379 }
    New ctrl vector for $pmux cell $procmux$5950: { $procmux$1107_CMP $auto$opt_reduce.cc:134:opt_pmux$10385 $auto$opt_reduce.cc:134:opt_pmux$10383 }
    New ctrl vector for $pmux cell $procmux$7985: { $procmux$1107_CMP $auto$opt_reduce.cc:134:opt_pmux$10389 $auto$opt_reduce.cc:134:opt_pmux$10387 }
    New ctrl vector for $pmux cell $procmux$2386: { $procmux$1107_CMP $auto$opt_reduce.cc:134:opt_pmux$10393 $auto$opt_reduce.cc:134:opt_pmux$10391 }
    New ctrl vector for $pmux cell $procmux$8821: { $procmux$1107_CMP $auto$opt_reduce.cc:134:opt_pmux$10397 $auto$opt_reduce.cc:134:opt_pmux$10395 }
    New ctrl vector for $pmux cell $procmux$4069: { $procmux$1107_CMP $auto$opt_reduce.cc:134:opt_pmux$10401 $auto$opt_reduce.cc:134:opt_pmux$10399 }
    New ctrl vector for $pmux cell $procmux$7237: { $procmux$1107_CMP $auto$opt_reduce.cc:134:opt_pmux$10405 $auto$opt_reduce.cc:134:opt_pmux$10403 }
    New ctrl vector for $pmux cell $procmux$3387: { $procmux$1107_CMP $auto$opt_reduce.cc:134:opt_pmux$10409 $auto$opt_reduce.cc:134:opt_pmux$10407 }
    New ctrl vector for $pmux cell $procmux$1869: { $procmux$1107_CMP $auto$opt_reduce.cc:134:opt_pmux$10413 $auto$opt_reduce.cc:134:opt_pmux$10411 }
    New ctrl vector for $pmux cell $procmux$1605: { $procmux$1107_CMP $auto$opt_reduce.cc:134:opt_pmux$10417 $auto$opt_reduce.cc:134:opt_pmux$10415 }
    New ctrl vector for $pmux cell $procmux$4916: { $procmux$1107_CMP $auto$opt_reduce.cc:134:opt_pmux$10421 $auto$opt_reduce.cc:134:opt_pmux$10419 }
    New ctrl vector for $pmux cell $procmux$6566: { $procmux$1107_CMP $auto$opt_reduce.cc:134:opt_pmux$10425 $auto$opt_reduce.cc:134:opt_pmux$10423 }
    New ctrl vector for $pmux cell $procmux$2837: { $procmux$1107_CMP $auto$opt_reduce.cc:134:opt_pmux$10429 $auto$opt_reduce.cc:134:opt_pmux$10427 }
    New ctrl vector for $pmux cell $procmux$7996: { $procmux$1107_CMP $auto$opt_reduce.cc:134:opt_pmux$10433 $auto$opt_reduce.cc:134:opt_pmux$10431 }
    New ctrl vector for $pmux cell $procmux$8832: { $procmux$1107_CMP $auto$opt_reduce.cc:134:opt_pmux$10437 $auto$opt_reduce.cc:134:opt_pmux$10435 }
    New ctrl vector for $pmux cell $procmux$5411: { $procmux$1107_CMP $auto$opt_reduce.cc:134:opt_pmux$10441 $auto$opt_reduce.cc:134:opt_pmux$10439 }
    New ctrl vector for $pmux cell $procmux$5961: { $procmux$1107_CMP $auto$opt_reduce.cc:134:opt_pmux$10445 $auto$opt_reduce.cc:134:opt_pmux$10443 }
    New ctrl vector for $pmux cell $procmux$7248: { $procmux$1107_CMP $auto$opt_reduce.cc:134:opt_pmux$10449 $auto$opt_reduce.cc:134:opt_pmux$10447 }
    New ctrl vector for $pmux cell $procmux$3101: { $procmux$1107_CMP $auto$opt_reduce.cc:134:opt_pmux$10453 $auto$opt_reduce.cc:134:opt_pmux$10451 }
    New ctrl vector for $pmux cell $procmux$4476: { $procmux$1107_CMP $auto$opt_reduce.cc:134:opt_pmux$10457 $auto$opt_reduce.cc:134:opt_pmux$10455 }
    New ctrl vector for $pmux cell $procmux$3717: { $procmux$1107_CMP $auto$opt_reduce.cc:134:opt_pmux$10461 $auto$opt_reduce.cc:134:opt_pmux$10459 }
    New ctrl vector for $pmux cell $procmux$2199: { $procmux$1107_CMP $auto$opt_reduce.cc:134:opt_pmux$10465 $auto$opt_reduce.cc:134:opt_pmux$10463 }
    New ctrl vector for $pmux cell $procmux$8843: { $procmux$1107_CMP $auto$opt_reduce.cc:134:opt_pmux$10469 $auto$opt_reduce.cc:134:opt_pmux$10467 }
    New ctrl vector for $pmux cell $procmux$8007: { $procmux$1107_CMP $auto$opt_reduce.cc:134:opt_pmux$10473 $auto$opt_reduce.cc:134:opt_pmux$10471 }
    New ctrl vector for $pmux cell $procmux$6577: { $procmux$1107_CMP $auto$opt_reduce.cc:134:opt_pmux$10477 $auto$opt_reduce.cc:134:opt_pmux$10475 }
    New ctrl vector for $pmux cell $procmux$4080: { $procmux$1107_CMP $auto$opt_reduce.cc:134:opt_pmux$10481 $auto$opt_reduce.cc:134:opt_pmux$10479 }
    New ctrl vector for $pmux cell $procmux$1495: { $procmux$1107_CMP $auto$opt_reduce.cc:134:opt_pmux$10485 $auto$opt_reduce.cc:134:opt_pmux$10483 }
    New ctrl vector for $pmux cell $procmux$4927: { $procmux$1107_CMP $auto$opt_reduce.cc:134:opt_pmux$10489 $auto$opt_reduce.cc:134:opt_pmux$10487 }
    New ctrl vector for $pmux cell $procmux$7259: { $procmux$1107_CMP $auto$opt_reduce.cc:134:opt_pmux$10493 $auto$opt_reduce.cc:134:opt_pmux$10491 }
    New ctrl vector for $pmux cell $procmux$5422: { $procmux$1107_CMP $auto$opt_reduce.cc:134:opt_pmux$10497 $auto$opt_reduce.cc:134:opt_pmux$10495 }
    New ctrl vector for $pmux cell $procmux$5972: { $procmux$1107_CMP $auto$opt_reduce.cc:134:opt_pmux$10501 $auto$opt_reduce.cc:134:opt_pmux$10499 }
    New ctrl vector for $pmux cell $procmux$2606: { $procmux$1107_CMP $auto$opt_reduce.cc:134:opt_pmux$10505 $auto$opt_reduce.cc:134:opt_pmux$10503 }
    New ctrl vector for $pmux cell $procmux$8854: { $procmux$1107_CMP $auto$opt_reduce.cc:134:opt_pmux$10509 $auto$opt_reduce.cc:134:opt_pmux$10507 }
    New ctrl vector for $pmux cell $procmux$3398: { $procmux$1107_CMP $auto$opt_reduce.cc:134:opt_pmux$10513 $auto$opt_reduce.cc:134:opt_pmux$10511 }
    New ctrl vector for $pmux cell $procmux$8018: { $procmux$1107_CMP $auto$opt_reduce.cc:134:opt_pmux$10517 $auto$opt_reduce.cc:134:opt_pmux$10515 }
    New ctrl vector for $pmux cell $procmux$1220: { $procmux$1107_CMP $auto$opt_reduce.cc:134:opt_pmux$10521 $auto$opt_reduce.cc:134:opt_pmux$10519 }
    New ctrl vector for $pmux cell $procmux$1078: { $procmux$1069_CMP $auto$opt_reduce.cc:134:opt_pmux$10525 $auto$opt_reduce.cc:134:opt_pmux$10523 }
    New ctrl vector for $pmux cell $procmux$6588: { $procmux$1107_CMP $auto$opt_reduce.cc:134:opt_pmux$10529 $auto$opt_reduce.cc:134:opt_pmux$10527 }
    New ctrl vector for $pmux cell $procmux$4487: { $procmux$1107_CMP $auto$opt_reduce.cc:134:opt_pmux$10533 $auto$opt_reduce.cc:134:opt_pmux$10531 }
    New ctrl vector for $pmux cell $procmux$1737: { $procmux$1107_CMP $auto$opt_reduce.cc:134:opt_pmux$10537 $auto$opt_reduce.cc:134:opt_pmux$10535 }
    New ctrl vector for $pmux cell $procmux$7270: { $procmux$1107_CMP $auto$opt_reduce.cc:134:opt_pmux$10541 $auto$opt_reduce.cc:134:opt_pmux$10539 }
    New ctrl vector for $pmux cell $procmux$2397: { $procmux$1107_CMP $auto$opt_reduce.cc:134:opt_pmux$10545 $auto$opt_reduce.cc:134:opt_pmux$10543 }
    New ctrl vector for $pmux cell $procmux$8865: { $procmux$1107_CMP $auto$opt_reduce.cc:134:opt_pmux$10549 $auto$opt_reduce.cc:134:opt_pmux$10547 }
    New ctrl vector for $pmux cell $procmux$3728: { $procmux$1107_CMP $auto$opt_reduce.cc:134:opt_pmux$10553 $auto$opt_reduce.cc:134:opt_pmux$10551 }
    New ctrl vector for $pmux cell $procmux$2848: { $procmux$1107_CMP $auto$opt_reduce.cc:134:opt_pmux$10557 $auto$opt_reduce.cc:134:opt_pmux$10555 }
    New ctrl vector for $pmux cell $procmux$8029: { $procmux$1107_CMP $auto$opt_reduce.cc:134:opt_pmux$10561 $auto$opt_reduce.cc:134:opt_pmux$10559 }
    New ctrl vector for $pmux cell $procmux$5983: { $procmux$1107_CMP $auto$opt_reduce.cc:134:opt_pmux$10565 $auto$opt_reduce.cc:134:opt_pmux$10563 }
    New ctrl vector for $pmux cell $procmux$5433: { $procmux$1107_CMP $auto$opt_reduce.cc:134:opt_pmux$10569 $auto$opt_reduce.cc:134:opt_pmux$10567 }
    New ctrl vector for $pmux cell $procmux$4938: { $procmux$1107_CMP $auto$opt_reduce.cc:134:opt_pmux$10573 $auto$opt_reduce.cc:134:opt_pmux$10571 }
    New ctrl vector for $pmux cell $procmux$4091: { $procmux$1107_CMP $auto$opt_reduce.cc:134:opt_pmux$10577 $auto$opt_reduce.cc:134:opt_pmux$10575 }
    New ctrl vector for $pmux cell $procmux$6599: { $procmux$1107_CMP $auto$opt_reduce.cc:134:opt_pmux$10581 $auto$opt_reduce.cc:134:opt_pmux$10579 }
    New ctrl vector for $pmux cell $procmux$3112: { $procmux$1107_CMP $auto$opt_reduce.cc:134:opt_pmux$10585 $auto$opt_reduce.cc:134:opt_pmux$10583 }
    New ctrl vector for $pmux cell $procmux$8876: { $procmux$1107_CMP $auto$opt_reduce.cc:134:opt_pmux$10589 $auto$opt_reduce.cc:134:opt_pmux$10587 }
    New ctrl vector for $pmux cell $procmux$7281: { $procmux$1107_CMP $auto$opt_reduce.cc:134:opt_pmux$10593 $auto$opt_reduce.cc:134:opt_pmux$10591 }
    New ctrl vector for $pmux cell $procmux$1396: { $procmux$1107_CMP $auto$opt_reduce.cc:134:opt_pmux$10597 $auto$opt_reduce.cc:134:opt_pmux$10595 }
    New ctrl vector for $pmux cell $procmux$2034: { $procmux$1107_CMP $auto$opt_reduce.cc:134:opt_pmux$10601 $auto$opt_reduce.cc:134:opt_pmux$10599 }
    New ctrl vector for $pmux cell $procmux$8040: { $procmux$1107_CMP $auto$opt_reduce.cc:134:opt_pmux$10605 $auto$opt_reduce.cc:134:opt_pmux$10603 }
    New ctrl vector for $pmux cell $procmux$4498: { $procmux$1107_CMP $auto$opt_reduce.cc:134:opt_pmux$10609 $auto$opt_reduce.cc:134:opt_pmux$10607 }
    New ctrl vector for $pmux cell $procmux$3409: { $procmux$1107_CMP $auto$opt_reduce.cc:134:opt_pmux$10613 $auto$opt_reduce.cc:134:opt_pmux$10611 }
    New ctrl vector for $pmux cell $procmux$5994: { $procmux$1107_CMP $auto$opt_reduce.cc:134:opt_pmux$10617 $auto$opt_reduce.cc:134:opt_pmux$10615 }
    New ctrl vector for $pmux cell $procmux$1880: { $procmux$1107_CMP $auto$opt_reduce.cc:134:opt_pmux$10621 $auto$opt_reduce.cc:134:opt_pmux$10619 }
    New ctrl vector for $pmux cell $procmux$8887: { $procmux$1107_CMP $auto$opt_reduce.cc:134:opt_pmux$10625 $auto$opt_reduce.cc:134:opt_pmux$10623 }
    New ctrl vector for $pmux cell $procmux$5444: { $procmux$1107_CMP $auto$opt_reduce.cc:134:opt_pmux$10629 $auto$opt_reduce.cc:134:opt_pmux$10627 }
    New ctrl vector for $pmux cell $procmux$6610: { $procmux$1107_CMP $auto$opt_reduce.cc:134:opt_pmux$10633 $auto$opt_reduce.cc:134:opt_pmux$10631 }
    New ctrl vector for $pmux cell $procmux$7292: { $procmux$1107_CMP $auto$opt_reduce.cc:134:opt_pmux$10637 $auto$opt_reduce.cc:134:opt_pmux$10635 }
    New ctrl vector for $pmux cell $procmux$2210: { $procmux$1107_CMP $auto$opt_reduce.cc:134:opt_pmux$10641 $auto$opt_reduce.cc:134:opt_pmux$10639 }
    New ctrl vector for $pmux cell $procmux$8051: { $procmux$1107_CMP $auto$opt_reduce.cc:134:opt_pmux$10645 $auto$opt_reduce.cc:134:opt_pmux$10643 }
    New ctrl vector for $pmux cell $procmux$4949: { $procmux$1107_CMP $auto$opt_reduce.cc:134:opt_pmux$10649 $auto$opt_reduce.cc:134:opt_pmux$10647 }
    New ctrl vector for $pmux cell $procmux$2617: { $procmux$1107_CMP $auto$opt_reduce.cc:134:opt_pmux$10653 $auto$opt_reduce.cc:134:opt_pmux$10651 }
    New ctrl vector for $pmux cell $procmux$3739: { $procmux$1107_CMP $auto$opt_reduce.cc:134:opt_pmux$10657 $auto$opt_reduce.cc:134:opt_pmux$10655 }
    New ctrl vector for $pmux cell $procmux$4102: { $procmux$1107_CMP $auto$opt_reduce.cc:134:opt_pmux$10661 $auto$opt_reduce.cc:134:opt_pmux$10659 }
    New ctrl vector for $pmux cell $procmux$8898: { $procmux$1107_CMP $auto$opt_reduce.cc:134:opt_pmux$10665 $auto$opt_reduce.cc:134:opt_pmux$10663 }
    New ctrl vector for $pmux cell $procmux$6005: { $procmux$1107_CMP $auto$opt_reduce.cc:134:opt_pmux$10669 $auto$opt_reduce.cc:134:opt_pmux$10667 }
    New ctrl vector for $pmux cell $procmux$1616: { $procmux$1107_CMP $auto$opt_reduce.cc:134:opt_pmux$10673 $auto$opt_reduce.cc:134:opt_pmux$10671 }
    New ctrl vector for $pmux cell $procmux$7303: { $procmux$1107_CMP $auto$opt_reduce.cc:134:opt_pmux$10677 $auto$opt_reduce.cc:134:opt_pmux$10675 }
    New ctrl vector for $pmux cell $procmux$8062: { $procmux$1107_CMP $auto$opt_reduce.cc:134:opt_pmux$10681 $auto$opt_reduce.cc:134:opt_pmux$10679 }
    New ctrl vector for $pmux cell $procmux$6621: { $procmux$1107_CMP $auto$opt_reduce.cc:134:opt_pmux$10685 $auto$opt_reduce.cc:134:opt_pmux$10683 }
    New ctrl vector for $pmux cell $procmux$4509: { $procmux$1107_CMP $auto$opt_reduce.cc:134:opt_pmux$10689 $auto$opt_reduce.cc:134:opt_pmux$10687 }
    New ctrl vector for $pmux cell $procmux$5455: { $procmux$1107_CMP $auto$opt_reduce.cc:134:opt_pmux$10693 $auto$opt_reduce.cc:134:opt_pmux$10691 }
    New ctrl vector for $pmux cell $procmux$8909: { $procmux$1107_CMP $auto$opt_reduce.cc:134:opt_pmux$10697 $auto$opt_reduce.cc:134:opt_pmux$10695 }
    New ctrl vector for $pmux cell $procmux$3123: { $procmux$1107_CMP $auto$opt_reduce.cc:134:opt_pmux$10701 $auto$opt_reduce.cc:134:opt_pmux$10699 }
    New ctrl vector for $pmux cell $procmux$2859: { $procmux$1107_CMP $auto$opt_reduce.cc:134:opt_pmux$10705 $auto$opt_reduce.cc:134:opt_pmux$10703 }
    New ctrl vector for $pmux cell $procmux$4960: { $procmux$1107_CMP $auto$opt_reduce.cc:134:opt_pmux$10709 $auto$opt_reduce.cc:134:opt_pmux$10707 }
    New ctrl vector for $pmux cell $procmux$1308: { $procmux$1107_CMP $auto$opt_reduce.cc:134:opt_pmux$10713 $auto$opt_reduce.cc:134:opt_pmux$10711 }
    New ctrl vector for $pmux cell $procmux$3420: { $procmux$1107_CMP $auto$opt_reduce.cc:134:opt_pmux$10717 $auto$opt_reduce.cc:134:opt_pmux$10715 }
    New ctrl vector for $pmux cell $procmux$2408: { $procmux$1107_CMP $auto$opt_reduce.cc:134:opt_pmux$10721 $auto$opt_reduce.cc:134:opt_pmux$10719 }
    New ctrl vector for $pmux cell $procmux$8073: { $procmux$1107_CMP $auto$opt_reduce.cc:134:opt_pmux$10725 $auto$opt_reduce.cc:134:opt_pmux$10723 }
    New ctrl vector for $pmux cell $procmux$7314: { $procmux$1107_CMP $auto$opt_reduce.cc:134:opt_pmux$10729 $auto$opt_reduce.cc:134:opt_pmux$10727 }
    New ctrl vector for $pmux cell $procmux$6016: { $procmux$1107_CMP $auto$opt_reduce.cc:134:opt_pmux$10733 $auto$opt_reduce.cc:134:opt_pmux$10731 }
    New ctrl vector for $pmux cell $procmux$8920: { $procmux$1107_CMP $auto$opt_reduce.cc:134:opt_pmux$10737 $auto$opt_reduce.cc:134:opt_pmux$10735 }
    New ctrl vector for $pmux cell $procmux$6632: { $procmux$1107_CMP $auto$opt_reduce.cc:134:opt_pmux$10741 $auto$opt_reduce.cc:134:opt_pmux$10739 }
    New ctrl vector for $pmux cell $procmux$4113: { $procmux$1107_CMP $auto$opt_reduce.cc:134:opt_pmux$10745 $auto$opt_reduce.cc:134:opt_pmux$10743 }
    New ctrl vector for $pmux cell $procmux$3750: { $procmux$1107_CMP $auto$opt_reduce.cc:134:opt_pmux$10749 $auto$opt_reduce.cc:134:opt_pmux$10747 }
    New ctrl vector for $pmux cell $procmux$5466: { $procmux$1107_CMP $auto$opt_reduce.cc:134:opt_pmux$10753 $auto$opt_reduce.cc:134:opt_pmux$10751 }
    New ctrl vector for $pmux cell $procmux$4520: { $procmux$1107_CMP $auto$opt_reduce.cc:134:opt_pmux$10757 $auto$opt_reduce.cc:134:opt_pmux$10755 }
    New ctrl vector for $pmux cell $procmux$8084: { $procmux$1107_CMP $auto$opt_reduce.cc:134:opt_pmux$10761 $auto$opt_reduce.cc:134:opt_pmux$10759 }
    New ctrl vector for $pmux cell $procmux$1506: { $procmux$1107_CMP $auto$opt_reduce.cc:134:opt_pmux$10765 $auto$opt_reduce.cc:134:opt_pmux$10763 }
    New ctrl vector for $pmux cell $procmux$8931: { $procmux$1107_CMP $auto$opt_reduce.cc:134:opt_pmux$10769 $auto$opt_reduce.cc:134:opt_pmux$10767 }
    New ctrl vector for $pmux cell $procmux$7325: { $procmux$1107_CMP $auto$opt_reduce.cc:134:opt_pmux$10773 $auto$opt_reduce.cc:134:opt_pmux$10771 }
    New ctrl vector for $pmux cell $procmux$4971: { $procmux$1107_CMP $auto$opt_reduce.cc:134:opt_pmux$10777 $auto$opt_reduce.cc:134:opt_pmux$10775 }
    New ctrl vector for $pmux cell $procmux$2045: { $procmux$1107_CMP $auto$opt_reduce.cc:134:opt_pmux$10781 $auto$opt_reduce.cc:134:opt_pmux$10779 }
    New ctrl vector for $pmux cell $procmux$6643: { $procmux$1107_CMP $auto$opt_reduce.cc:134:opt_pmux$10785 $auto$opt_reduce.cc:134:opt_pmux$10783 }
    New ctrl vector for $pmux cell $procmux$6027: { $procmux$1107_CMP $auto$opt_reduce.cc:134:opt_pmux$10789 $auto$opt_reduce.cc:134:opt_pmux$10787 }
    New ctrl vector for $pmux cell $procmux$2628: { $procmux$1107_CMP $auto$opt_reduce.cc:134:opt_pmux$10793 $auto$opt_reduce.cc:134:opt_pmux$10791 }
    New ctrl vector for $pmux cell $procmux$1748: { $procmux$1107_CMP $auto$opt_reduce.cc:134:opt_pmux$10797 $auto$opt_reduce.cc:134:opt_pmux$10795 }
    New ctrl vector for $pmux cell $procmux$3134: { $procmux$1107_CMP $auto$opt_reduce.cc:134:opt_pmux$10801 $auto$opt_reduce.cc:134:opt_pmux$10799 }
    New ctrl vector for $pmux cell $procmux$8095: { $procmux$1107_CMP $auto$opt_reduce.cc:134:opt_pmux$10805 $auto$opt_reduce.cc:134:opt_pmux$10803 }
    New ctrl vector for $pmux cell $procmux$8942: { $procmux$1107_CMP $auto$opt_reduce.cc:134:opt_pmux$10809 $auto$opt_reduce.cc:134:opt_pmux$10807 }
    New ctrl vector for $pmux cell $procmux$2221: { $procmux$1107_CMP $auto$opt_reduce.cc:134:opt_pmux$10813 $auto$opt_reduce.cc:134:opt_pmux$10811 }
    New ctrl vector for $pmux cell $procmux$5477: { $procmux$1107_CMP $auto$opt_reduce.cc:134:opt_pmux$10817 $auto$opt_reduce.cc:134:opt_pmux$10815 }
    New ctrl vector for $pmux cell $procmux$7336: { $procmux$1107_CMP $auto$opt_reduce.cc:134:opt_pmux$10821 $auto$opt_reduce.cc:134:opt_pmux$10819 }
    New ctrl vector for $pmux cell $procmux$3431: { $procmux$1107_CMP $auto$opt_reduce.cc:134:opt_pmux$10825 $auto$opt_reduce.cc:134:opt_pmux$10823 }
    New ctrl vector for $pmux cell $procmux$4124: { $procmux$1107_CMP $auto$opt_reduce.cc:134:opt_pmux$10829 $auto$opt_reduce.cc:134:opt_pmux$10827 }
    New ctrl vector for $pmux cell $procmux$2870: { $procmux$1107_CMP $auto$opt_reduce.cc:134:opt_pmux$10833 $auto$opt_reduce.cc:134:opt_pmux$10831 }
    New ctrl vector for $pmux cell $procmux$6654: { $procmux$1107_CMP $auto$opt_reduce.cc:134:opt_pmux$10837 $auto$opt_reduce.cc:134:opt_pmux$10835 }
    New ctrl vector for $pmux cell $procmux$4531: { $procmux$1107_CMP $auto$opt_reduce.cc:134:opt_pmux$10841 $auto$opt_reduce.cc:134:opt_pmux$10839 }
    New ctrl vector for $pmux cell $procmux$6038: { $procmux$1107_CMP $auto$opt_reduce.cc:134:opt_pmux$10845 $auto$opt_reduce.cc:134:opt_pmux$10843 }
    New ctrl vector for $pmux cell $procmux$8953: { $procmux$1107_CMP $auto$opt_reduce.cc:134:opt_pmux$10849 $auto$opt_reduce.cc:134:opt_pmux$10847 }
    New ctrl vector for $pmux cell $procmux$8106: { $procmux$1107_CMP $auto$opt_reduce.cc:134:opt_pmux$10853 $auto$opt_reduce.cc:134:opt_pmux$10851 }
    New ctrl vector for $pmux cell $procmux$4982: { $procmux$1107_CMP $auto$opt_reduce.cc:134:opt_pmux$10857 $auto$opt_reduce.cc:134:opt_pmux$10855 }
    New ctrl vector for $pmux cell $procmux$3761: { $procmux$1107_CMP $auto$opt_reduce.cc:134:opt_pmux$10861 $auto$opt_reduce.cc:134:opt_pmux$10859 }
    New ctrl vector for $pmux cell $procmux$1085: { $procmux$1069_CMP $auto$opt_reduce.cc:134:opt_pmux$10865 $auto$opt_reduce.cc:134:opt_pmux$10863 }
    New ctrl vector for $pmux cell $procmux$7347: { $procmux$1107_CMP $auto$opt_reduce.cc:134:opt_pmux$10869 $auto$opt_reduce.cc:134:opt_pmux$10867 }
    New ctrl vector for $pmux cell $procmux$1891: { $procmux$1107_CMP $auto$opt_reduce.cc:134:opt_pmux$10873 $auto$opt_reduce.cc:134:opt_pmux$10871 }
    New ctrl vector for $pmux cell $procmux$1154: { $procmux$1107_CMP $auto$opt_reduce.cc:134:opt_pmux$10877 $auto$opt_reduce.cc:134:opt_pmux$10875 }
    New ctrl vector for $pmux cell $procmux$5488: { $procmux$1107_CMP $auto$opt_reduce.cc:134:opt_pmux$10881 $auto$opt_reduce.cc:134:opt_pmux$10879 }
    New ctrl vector for $pmux cell $procmux$2419: { $procmux$1107_CMP $auto$opt_reduce.cc:134:opt_pmux$10885 $auto$opt_reduce.cc:134:opt_pmux$10883 }
    New ctrl vector for $pmux cell $procmux$8964: { $procmux$1107_CMP $auto$opt_reduce.cc:134:opt_pmux$10889 $auto$opt_reduce.cc:134:opt_pmux$10887 }
    New ctrl vector for $pmux cell $procmux$6665: { $procmux$1107_CMP $auto$opt_reduce.cc:134:opt_pmux$10893 $auto$opt_reduce.cc:134:opt_pmux$10891 }
    New ctrl vector for $pmux cell $procmux$8117: { $procmux$1107_CMP $auto$opt_reduce.cc:134:opt_pmux$10897 $auto$opt_reduce.cc:134:opt_pmux$10895 }
    New ctrl vector for $pmux cell $procmux$1407: { $procmux$1107_CMP $auto$opt_reduce.cc:134:opt_pmux$10901 $auto$opt_reduce.cc:134:opt_pmux$10899 }
    New ctrl vector for $pmux cell $procmux$6049: { $procmux$1107_CMP $auto$opt_reduce.cc:134:opt_pmux$10905 $auto$opt_reduce.cc:134:opt_pmux$10903 }
    New ctrl vector for $pmux cell $procmux$1231: { $procmux$1107_CMP $auto$opt_reduce.cc:134:opt_pmux$10909 $auto$opt_reduce.cc:134:opt_pmux$10907 }
    New ctrl vector for $pmux cell $procmux$7358: { $procmux$1107_CMP $auto$opt_reduce.cc:134:opt_pmux$10913 $auto$opt_reduce.cc:134:opt_pmux$10911 }
    New ctrl vector for $pmux cell $procmux$4135: { $procmux$1107_CMP $auto$opt_reduce.cc:134:opt_pmux$10917 $auto$opt_reduce.cc:134:opt_pmux$10915 }
    New ctrl vector for $pmux cell $procmux$4993: { $procmux$1107_CMP $auto$opt_reduce.cc:134:opt_pmux$10921 $auto$opt_reduce.cc:134:opt_pmux$10919 }
    New ctrl vector for $pmux cell $procmux$8975: { $procmux$1107_CMP $auto$opt_reduce.cc:134:opt_pmux$10925 $auto$opt_reduce.cc:134:opt_pmux$10923 }
    New ctrl vector for $pmux cell $procmux$4542: { $procmux$1107_CMP $auto$opt_reduce.cc:134:opt_pmux$10929 $auto$opt_reduce.cc:134:opt_pmux$10927 }
    New ctrl vector for $pmux cell $procmux$3145: { $procmux$1107_CMP $auto$opt_reduce.cc:134:opt_pmux$10933 $auto$opt_reduce.cc:134:opt_pmux$10931 }
    New ctrl vector for $pmux cell $procmux$8128: { $procmux$1107_CMP $auto$opt_reduce.cc:134:opt_pmux$10937 $auto$opt_reduce.cc:134:opt_pmux$10935 }
    New ctrl vector for $pmux cell $procmux$3442: { $procmux$1107_CMP $auto$opt_reduce.cc:134:opt_pmux$10941 $auto$opt_reduce.cc:134:opt_pmux$10939 }
    New ctrl vector for $pmux cell $procmux$6676: { $procmux$1107_CMP $auto$opt_reduce.cc:134:opt_pmux$10945 $auto$opt_reduce.cc:134:opt_pmux$10943 }
    New ctrl vector for $pmux cell $procmux$5499: { $procmux$1107_CMP $auto$opt_reduce.cc:134:opt_pmux$10949 $auto$opt_reduce.cc:134:opt_pmux$10947 }
    New ctrl vector for $pmux cell $procmux$3772: { $procmux$1107_CMP $auto$opt_reduce.cc:134:opt_pmux$10953 $auto$opt_reduce.cc:134:opt_pmux$10951 }
    New ctrl vector for $pmux cell $procmux$2639: { $procmux$1107_CMP $auto$opt_reduce.cc:134:opt_pmux$10957 $auto$opt_reduce.cc:134:opt_pmux$10955 }
    New ctrl vector for $pmux cell $procmux$7369: { $procmux$1107_CMP $auto$opt_reduce.cc:134:opt_pmux$10961 $auto$opt_reduce.cc:134:opt_pmux$10959 }
    New ctrl vector for $pmux cell $procmux$8986: { $procmux$1107_CMP $auto$opt_reduce.cc:134:opt_pmux$10965 $auto$opt_reduce.cc:134:opt_pmux$10963 }
    New ctrl vector for $pmux cell $procmux$6060: { $procmux$1107_CMP $auto$opt_reduce.cc:134:opt_pmux$10969 $auto$opt_reduce.cc:134:opt_pmux$10967 }
    New ctrl vector for $pmux cell $procmux$1627: { $procmux$1107_CMP $auto$opt_reduce.cc:134:opt_pmux$10973 $auto$opt_reduce.cc:134:opt_pmux$10971 }
    New ctrl vector for $pmux cell $procmux$2881: { $procmux$1107_CMP $auto$opt_reduce.cc:134:opt_pmux$10977 $auto$opt_reduce.cc:134:opt_pmux$10975 }
    New ctrl vector for $pmux cell $procmux$8139: { $procmux$1107_CMP $auto$opt_reduce.cc:134:opt_pmux$10981 $auto$opt_reduce.cc:134:opt_pmux$10979 }
    New ctrl vector for $pmux cell $procmux$2056: { $procmux$1107_CMP $auto$opt_reduce.cc:134:opt_pmux$10985 $auto$opt_reduce.cc:134:opt_pmux$10983 }
    New ctrl vector for $pmux cell $procmux$5004: { $procmux$1107_CMP $auto$opt_reduce.cc:134:opt_pmux$10989 $auto$opt_reduce.cc:134:opt_pmux$10987 }
    New ctrl vector for $pmux cell $procmux$6687: { $procmux$1107_CMP $auto$opt_reduce.cc:134:opt_pmux$10993 $auto$opt_reduce.cc:134:opt_pmux$10991 }
    New ctrl vector for $pmux cell $procmux$2232: { $procmux$1107_CMP $auto$opt_reduce.cc:134:opt_pmux$10997 $auto$opt_reduce.cc:134:opt_pmux$10995 }
    New ctrl vector for $pmux cell $procmux$8997: { $procmux$1107_CMP $auto$opt_reduce.cc:134:opt_pmux$11001 $auto$opt_reduce.cc:134:opt_pmux$10999 }
    New ctrl vector for $pmux cell $procmux$4553: { $procmux$1107_CMP $auto$opt_reduce.cc:134:opt_pmux$11005 $auto$opt_reduce.cc:134:opt_pmux$11003 }
    New ctrl vector for $pmux cell $procmux$7380: { $procmux$1107_CMP $auto$opt_reduce.cc:134:opt_pmux$11009 $auto$opt_reduce.cc:134:opt_pmux$11007 }
    New ctrl vector for $pmux cell $procmux$5510: { $procmux$1107_CMP $auto$opt_reduce.cc:134:opt_pmux$11013 $auto$opt_reduce.cc:134:opt_pmux$11011 }
    New ctrl vector for $pmux cell $procmux$4146: { $procmux$1107_CMP $auto$opt_reduce.cc:134:opt_pmux$11017 $auto$opt_reduce.cc:134:opt_pmux$11015 }
    New ctrl vector for $pmux cell $procmux$8150: { $procmux$1107_CMP $auto$opt_reduce.cc:134:opt_pmux$11021 $auto$opt_reduce.cc:134:opt_pmux$11019 }
    New ctrl vector for $pmux cell $procmux$6071: { $procmux$1107_CMP $auto$opt_reduce.cc:134:opt_pmux$11025 $auto$opt_reduce.cc:134:opt_pmux$11023 }
    New ctrl vector for $pmux cell $procmux$2430: { $procmux$1107_CMP $auto$opt_reduce.cc:134:opt_pmux$11029 $auto$opt_reduce.cc:134:opt_pmux$11027 }
    New ctrl vector for $pmux cell $procmux$9008: { $procmux$1107_CMP $auto$opt_reduce.cc:134:opt_pmux$11033 $auto$opt_reduce.cc:134:opt_pmux$11031 }
    New ctrl vector for $pmux cell $procmux$3783: { $procmux$1107_CMP $auto$opt_reduce.cc:134:opt_pmux$11037 $auto$opt_reduce.cc:134:opt_pmux$11035 }
    New ctrl vector for $pmux cell $procmux$6698: { $procmux$1107_CMP $auto$opt_reduce.cc:134:opt_pmux$11041 $auto$opt_reduce.cc:134:opt_pmux$11039 }
    New ctrl vector for $pmux cell $procmux$3453: { $procmux$1107_CMP $auto$opt_reduce.cc:134:opt_pmux$11045 $auto$opt_reduce.cc:134:opt_pmux$11043 }
    New ctrl vector for $pmux cell $procmux$7391: { $procmux$1107_CMP $auto$opt_reduce.cc:134:opt_pmux$11049 $auto$opt_reduce.cc:134:opt_pmux$11047 }
    New ctrl vector for $pmux cell $procmux$3156: { $procmux$1107_CMP $auto$opt_reduce.cc:134:opt_pmux$11053 $auto$opt_reduce.cc:134:opt_pmux$11051 }
    New ctrl vector for $pmux cell $procmux$8161: { $procmux$1107_CMP $auto$opt_reduce.cc:134:opt_pmux$11057 $auto$opt_reduce.cc:134:opt_pmux$11055 }
    New ctrl vector for $pmux cell $procmux$5015: { $procmux$1107_CMP $auto$opt_reduce.cc:134:opt_pmux$11061 $auto$opt_reduce.cc:134:opt_pmux$11059 }
    New ctrl vector for $pmux cell $procmux$1759: { $procmux$1107_CMP $auto$opt_reduce.cc:134:opt_pmux$11065 $auto$opt_reduce.cc:134:opt_pmux$11063 }
    New ctrl vector for $pmux cell $procmux$5521: { $procmux$1107_CMP $auto$opt_reduce.cc:134:opt_pmux$11069 $auto$opt_reduce.cc:134:opt_pmux$11067 }
    New ctrl vector for $pmux cell $procmux$9019: { $procmux$1107_CMP $auto$opt_reduce.cc:134:opt_pmux$11073 $auto$opt_reduce.cc:134:opt_pmux$11071 }
    New ctrl vector for $pmux cell $procmux$6082: { $procmux$1107_CMP $auto$opt_reduce.cc:134:opt_pmux$11077 $auto$opt_reduce.cc:134:opt_pmux$11075 }
    New ctrl vector for $pmux cell $procmux$1902: { $procmux$1107_CMP $auto$opt_reduce.cc:134:opt_pmux$11081 $auto$opt_reduce.cc:134:opt_pmux$11079 }
    New ctrl vector for $pmux cell $procmux$4564: { $procmux$1107_CMP $auto$opt_reduce.cc:134:opt_pmux$11085 $auto$opt_reduce.cc:134:opt_pmux$11083 }
    New ctrl vector for $pmux cell $procmux$2650: { $procmux$1107_CMP $auto$opt_reduce.cc:134:opt_pmux$11089 $auto$opt_reduce.cc:134:opt_pmux$11087 }
    New ctrl vector for $pmux cell $procmux$6709: { $procmux$1107_CMP $auto$opt_reduce.cc:134:opt_pmux$11093 $auto$opt_reduce.cc:134:opt_pmux$11091 }
    New ctrl vector for $pmux cell $procmux$7402: { $procmux$1107_CMP $auto$opt_reduce.cc:134:opt_pmux$11097 $auto$opt_reduce.cc:134:opt_pmux$11095 }
    New ctrl vector for $pmux cell $procmux$8172: { $procmux$1107_CMP $auto$opt_reduce.cc:134:opt_pmux$11101 $auto$opt_reduce.cc:134:opt_pmux$11099 }
    New ctrl vector for $pmux cell $procmux$4157: { $procmux$1107_CMP $auto$opt_reduce.cc:134:opt_pmux$11105 $auto$opt_reduce.cc:134:opt_pmux$11103 }
    New ctrl vector for $pmux cell $procmux$2892: { $procmux$1107_CMP $auto$opt_reduce.cc:134:opt_pmux$11109 $auto$opt_reduce.cc:134:opt_pmux$11107 }
    New ctrl vector for $pmux cell $procmux$9030: { $procmux$1107_CMP $auto$opt_reduce.cc:134:opt_pmux$11113 $auto$opt_reduce.cc:134:opt_pmux$11111 }
    New ctrl vector for $pmux cell $procmux$1319: { $procmux$1107_CMP $auto$opt_reduce.cc:134:opt_pmux$11117 $auto$opt_reduce.cc:134:opt_pmux$11115 }
    New ctrl vector for $pmux cell $procmux$1517: { $procmux$1107_CMP $auto$opt_reduce.cc:134:opt_pmux$11121 $auto$opt_reduce.cc:134:opt_pmux$11119 }
    New ctrl vector for $pmux cell $procmux$5026: { $procmux$1107_CMP $auto$opt_reduce.cc:134:opt_pmux$11125 $auto$opt_reduce.cc:134:opt_pmux$11123 }
    New ctrl vector for $pmux cell $procmux$6093: { $procmux$1107_CMP $auto$opt_reduce.cc:134:opt_pmux$11129 $auto$opt_reduce.cc:134:opt_pmux$11127 }
    New ctrl vector for $pmux cell $procmux$5532: { $procmux$1107_CMP $auto$opt_reduce.cc:134:opt_pmux$11133 $auto$opt_reduce.cc:134:opt_pmux$11131 }
    New ctrl vector for $pmux cell $procmux$3794: { $procmux$1107_CMP $auto$opt_reduce.cc:134:opt_pmux$11137 $auto$opt_reduce.cc:134:opt_pmux$11135 }
    New ctrl vector for $pmux cell $procmux$8183: { $procmux$1107_CMP $auto$opt_reduce.cc:134:opt_pmux$11141 $auto$opt_reduce.cc:134:opt_pmux$11139 }
    New ctrl vector for $pmux cell $procmux$7413: { $procmux$1107_CMP $auto$opt_reduce.cc:134:opt_pmux$11145 $auto$opt_reduce.cc:134:opt_pmux$11143 }
    New ctrl vector for $pmux cell $procmux$9041: { $procmux$1107_CMP $auto$opt_reduce.cc:134:opt_pmux$11149 $auto$opt_reduce.cc:134:opt_pmux$11147 }
    New ctrl vector for $pmux cell $procmux$6720: { $procmux$1107_CMP $auto$opt_reduce.cc:134:opt_pmux$11153 $auto$opt_reduce.cc:134:opt_pmux$11151 }
    New ctrl vector for $pmux cell $procmux$3464: { $procmux$1107_CMP $auto$opt_reduce.cc:134:opt_pmux$11157 $auto$opt_reduce.cc:134:opt_pmux$11155 }
    New ctrl vector for $pmux cell $procmux$4575: { $procmux$1107_CMP $auto$opt_reduce.cc:134:opt_pmux$11161 $auto$opt_reduce.cc:134:opt_pmux$11159 }
    New ctrl vector for $pmux cell $procmux$3167: { $procmux$1107_CMP $auto$opt_reduce.cc:134:opt_pmux$11165 $auto$opt_reduce.cc:134:opt_pmux$11163 }
    New ctrl vector for $pmux cell $procmux$4168: { $procmux$1107_CMP $auto$opt_reduce.cc:134:opt_pmux$11169 $auto$opt_reduce.cc:134:opt_pmux$11167 }
    New ctrl vector for $pmux cell $procmux$2243: { $procmux$1107_CMP $auto$opt_reduce.cc:134:opt_pmux$11173 $auto$opt_reduce.cc:134:opt_pmux$11171 }
    New ctrl vector for $pmux cell $procmux$8194: { $procmux$1107_CMP $auto$opt_reduce.cc:134:opt_pmux$11177 $auto$opt_reduce.cc:134:opt_pmux$11175 }
    New ctrl vector for $pmux cell $procmux$9052: { $procmux$1107_CMP $auto$opt_reduce.cc:134:opt_pmux$11181 $auto$opt_reduce.cc:134:opt_pmux$11179 }
    New ctrl vector for $pmux cell $procmux$6104: { $procmux$1107_CMP $auto$opt_reduce.cc:134:opt_pmux$11185 $auto$opt_reduce.cc:134:opt_pmux$11183 }
    New ctrl vector for $pmux cell $procmux$7424: { $procmux$1107_CMP $auto$opt_reduce.cc:134:opt_pmux$11189 $auto$opt_reduce.cc:134:opt_pmux$11187 }
    New ctrl vector for $pmux cell $procmux$2067: { $procmux$1107_CMP $auto$opt_reduce.cc:134:opt_pmux$11193 $auto$opt_reduce.cc:134:opt_pmux$11191 }
    New ctrl vector for $pmux cell $procmux$6731: { $procmux$1107_CMP $auto$opt_reduce.cc:134:opt_pmux$11197 $auto$opt_reduce.cc:134:opt_pmux$11195 }
    New ctrl vector for $pmux cell $procmux$5543: { $procmux$1107_CMP $auto$opt_reduce.cc:134:opt_pmux$11201 $auto$opt_reduce.cc:134:opt_pmux$11199 }
    New ctrl vector for $pmux cell $procmux$5037: { $procmux$1107_CMP $auto$opt_reduce.cc:134:opt_pmux$11205 $auto$opt_reduce.cc:134:opt_pmux$11203 }
    New ctrl vector for $pmux cell $procmux$2441: { $procmux$1107_CMP $auto$opt_reduce.cc:134:opt_pmux$11209 $auto$opt_reduce.cc:134:opt_pmux$11207 }
    New ctrl vector for $pmux cell $procmux$2903: { $procmux$1107_CMP $auto$opt_reduce.cc:134:opt_pmux$11213 $auto$opt_reduce.cc:134:opt_pmux$11211 }
    New ctrl vector for $pmux cell $procmux$9063: { $procmux$1107_CMP $auto$opt_reduce.cc:134:opt_pmux$11217 $auto$opt_reduce.cc:134:opt_pmux$11215 }
    New ctrl vector for $pmux cell $procmux$8205: { $procmux$1107_CMP $auto$opt_reduce.cc:134:opt_pmux$11221 $auto$opt_reduce.cc:134:opt_pmux$11219 }
    New ctrl vector for $pmux cell $procmux$3805: { $procmux$1107_CMP $auto$opt_reduce.cc:134:opt_pmux$11225 $auto$opt_reduce.cc:134:opt_pmux$11223 }
    New ctrl vector for $pmux cell $procmux$4586: { $procmux$1107_CMP $auto$opt_reduce.cc:134:opt_pmux$11229 $auto$opt_reduce.cc:134:opt_pmux$11227 }
    New ctrl vector for $pmux cell $procmux$7435: { $procmux$1107_CMP $auto$opt_reduce.cc:134:opt_pmux$11233 $auto$opt_reduce.cc:134:opt_pmux$11231 }
    New ctrl vector for $pmux cell $procmux$2661: { $procmux$1107_CMP $auto$opt_reduce.cc:134:opt_pmux$11237 $auto$opt_reduce.cc:134:opt_pmux$11235 }
    New ctrl vector for $pmux cell $procmux$6115: { $procmux$1107_CMP $auto$opt_reduce.cc:134:opt_pmux$11241 $auto$opt_reduce.cc:134:opt_pmux$11239 }
    New ctrl vector for $pmux cell $procmux$6742: { $procmux$1107_CMP $auto$opt_reduce.cc:134:opt_pmux$11245 $auto$opt_reduce.cc:134:opt_pmux$11243 }
    New ctrl vector for $pmux cell $procmux$1638: { $procmux$1107_CMP $auto$opt_reduce.cc:134:opt_pmux$11249 $auto$opt_reduce.cc:134:opt_pmux$11247 }
    New ctrl vector for $pmux cell $procmux$3475: { $procmux$1107_CMP $auto$opt_reduce.cc:134:opt_pmux$11253 $auto$opt_reduce.cc:134:opt_pmux$11251 }
    New ctrl vector for $pmux cell $procmux$9074: { $procmux$1107_CMP $auto$opt_reduce.cc:134:opt_pmux$11257 $auto$opt_reduce.cc:134:opt_pmux$11255 }
    New ctrl vector for $pmux cell $procmux$5554: { $procmux$1107_CMP $auto$opt_reduce.cc:134:opt_pmux$11261 $auto$opt_reduce.cc:134:opt_pmux$11259 }
    New ctrl vector for $pmux cell $procmux$8216: { $procmux$1107_CMP $auto$opt_reduce.cc:134:opt_pmux$11265 $auto$opt_reduce.cc:134:opt_pmux$11263 }
    New ctrl vector for $pmux cell $procmux$4179: { $procmux$1107_CMP $auto$opt_reduce.cc:134:opt_pmux$11269 $auto$opt_reduce.cc:134:opt_pmux$11267 }
    New ctrl vector for $pmux cell $procmux$5048: { $procmux$1107_CMP $auto$opt_reduce.cc:134:opt_pmux$11273 $auto$opt_reduce.cc:134:opt_pmux$11271 }
    New ctrl vector for $pmux cell $procmux$1418: { $procmux$1107_CMP $auto$opt_reduce.cc:134:opt_pmux$11277 $auto$opt_reduce.cc:134:opt_pmux$11275 }
    New ctrl vector for $pmux cell $procmux$7446: { $procmux$1107_CMP $auto$opt_reduce.cc:134:opt_pmux$11281 $auto$opt_reduce.cc:134:opt_pmux$11279 }
    New ctrl vector for $pmux cell $procmux$3178: { $procmux$1107_CMP $auto$opt_reduce.cc:134:opt_pmux$11285 $auto$opt_reduce.cc:134:opt_pmux$11283 }
    New ctrl vector for $pmux cell $procmux$1913: { $procmux$1107_CMP $auto$opt_reduce.cc:134:opt_pmux$11289 $auto$opt_reduce.cc:134:opt_pmux$11287 }
    New ctrl vector for $pmux cell $procmux$9085: { $procmux$1107_CMP $auto$opt_reduce.cc:134:opt_pmux$11293 $auto$opt_reduce.cc:134:opt_pmux$11291 }
    New ctrl vector for $pmux cell $procmux$6753: { $procmux$1107_CMP $auto$opt_reduce.cc:134:opt_pmux$11297 $auto$opt_reduce.cc:134:opt_pmux$11295 }
    New ctrl vector for $pmux cell $procmux$6126: { $procmux$1107_CMP $auto$opt_reduce.cc:134:opt_pmux$11301 $auto$opt_reduce.cc:134:opt_pmux$11299 }
    New ctrl vector for $pmux cell $procmux$8227: { $procmux$1107_CMP $auto$opt_reduce.cc:134:opt_pmux$11305 $auto$opt_reduce.cc:134:opt_pmux$11303 }
    New ctrl vector for $pmux cell $procmux$1770: { $procmux$1107_CMP $auto$opt_reduce.cc:134:opt_pmux$11309 $auto$opt_reduce.cc:134:opt_pmux$11307 }
    New ctrl vector for $pmux cell $procmux$4597: { $procmux$1107_CMP $auto$opt_reduce.cc:134:opt_pmux$11313 $auto$opt_reduce.cc:134:opt_pmux$11311 }
    New ctrl vector for $pmux cell $procmux$1165: { $procmux$1107_CMP $auto$opt_reduce.cc:134:opt_pmux$11317 $auto$opt_reduce.cc:134:opt_pmux$11315 }
    New ctrl vector for $pmux cell $procmux$5565: { $procmux$1107_CMP $auto$opt_reduce.cc:134:opt_pmux$11321 $auto$opt_reduce.cc:134:opt_pmux$11319 }
    New ctrl vector for $pmux cell $procmux$7457: { $procmux$1107_CMP $auto$opt_reduce.cc:134:opt_pmux$11325 $auto$opt_reduce.cc:134:opt_pmux$11323 }
    New ctrl vector for $pmux cell $procmux$3816: { $procmux$1107_CMP $auto$opt_reduce.cc:134:opt_pmux$11329 $auto$opt_reduce.cc:134:opt_pmux$11327 }
    New ctrl vector for $pmux cell $procmux$9096: { $procmux$1107_CMP $auto$opt_reduce.cc:134:opt_pmux$11333 $auto$opt_reduce.cc:134:opt_pmux$11331 }
    New ctrl vector for $pmux cell $procmux$1242: { $procmux$1107_CMP $auto$opt_reduce.cc:134:opt_pmux$11337 $auto$opt_reduce.cc:134:opt_pmux$11335 }
    New ctrl vector for $pmux cell $procmux$5059: { $procmux$1107_CMP $auto$opt_reduce.cc:134:opt_pmux$11341 $auto$opt_reduce.cc:134:opt_pmux$11339 }
    New ctrl vector for $pmux cell $procmux$2254: { $procmux$1107_CMP $auto$opt_reduce.cc:134:opt_pmux$11345 $auto$opt_reduce.cc:134:opt_pmux$11343 }
    New ctrl vector for $pmux cell $procmux$8238: { $procmux$1107_CMP $auto$opt_reduce.cc:134:opt_pmux$11349 $auto$opt_reduce.cc:134:opt_pmux$11347 }
    New ctrl vector for $pmux cell $procmux$6764: { $procmux$1107_CMP $auto$opt_reduce.cc:134:opt_pmux$11353 $auto$opt_reduce.cc:134:opt_pmux$11351 }
    New ctrl vector for $pmux cell $procmux$4190: { $procmux$1107_CMP $auto$opt_reduce.cc:134:opt_pmux$11357 $auto$opt_reduce.cc:134:opt_pmux$11355 }
    New ctrl vector for $pmux cell $procmux$6137: { $procmux$1107_CMP $auto$opt_reduce.cc:134:opt_pmux$11361 $auto$opt_reduce.cc:134:opt_pmux$11359 }
    New ctrl vector for $pmux cell $procmux$2914: { $procmux$1107_CMP $auto$opt_reduce.cc:134:opt_pmux$11365 $auto$opt_reduce.cc:134:opt_pmux$11363 }
    New ctrl vector for $pmux cell $procmux$3486: { $procmux$1107_CMP $auto$opt_reduce.cc:134:opt_pmux$11369 $auto$opt_reduce.cc:134:opt_pmux$11367 }
    New ctrl vector for $pmux cell $procmux$9107: { $procmux$1107_CMP $auto$opt_reduce.cc:134:opt_pmux$11373 $auto$opt_reduce.cc:134:opt_pmux$11371 }
    New ctrl vector for $pmux cell $procmux$7468: { $procmux$1107_CMP $auto$opt_reduce.cc:134:opt_pmux$11377 $auto$opt_reduce.cc:134:opt_pmux$11375 }
    New ctrl vector for $pmux cell $procmux$2452: { $procmux$1107_CMP $auto$opt_reduce.cc:134:opt_pmux$11381 $auto$opt_reduce.cc:134:opt_pmux$11379 }
    New ctrl vector for $pmux cell $procmux$2672: { $procmux$1107_CMP $auto$opt_reduce.cc:134:opt_pmux$11385 $auto$opt_reduce.cc:134:opt_pmux$11383 }
    New ctrl vector for $pmux cell $procmux$5576: { $procmux$1107_CMP $auto$opt_reduce.cc:134:opt_pmux$11389 $auto$opt_reduce.cc:134:opt_pmux$11387 }
    New ctrl vector for $pmux cell $procmux$8249: { $procmux$1107_CMP $auto$opt_reduce.cc:134:opt_pmux$11393 $auto$opt_reduce.cc:134:opt_pmux$11391 }
    New ctrl vector for $pmux cell $procmux$4608: { $procmux$1107_CMP $auto$opt_reduce.cc:134:opt_pmux$11397 $auto$opt_reduce.cc:134:opt_pmux$11395 }
    New ctrl vector for $pmux cell $procmux$6775: { $procmux$1107_CMP $auto$opt_reduce.cc:134:opt_pmux$11401 $auto$opt_reduce.cc:134:opt_pmux$11399 }
    New ctrl vector for $pmux cell $procmux$3189: { $procmux$1107_CMP $auto$opt_reduce.cc:134:opt_pmux$11405 $auto$opt_reduce.cc:134:opt_pmux$11403 }
    New ctrl vector for $pmux cell $procmux$9118: { $procmux$1107_CMP $auto$opt_reduce.cc:134:opt_pmux$11409 $auto$opt_reduce.cc:134:opt_pmux$11407 }
    New ctrl vector for $pmux cell $procmux$5070: { $procmux$1107_CMP $auto$opt_reduce.cc:134:opt_pmux$11413 $auto$opt_reduce.cc:134:opt_pmux$11411 }
    New ctrl vector for $pmux cell $procmux$6148: { $procmux$1107_CMP $auto$opt_reduce.cc:134:opt_pmux$11417 $auto$opt_reduce.cc:134:opt_pmux$11415 }
    New ctrl vector for $pmux cell $procmux$7479: { $procmux$1107_CMP $auto$opt_reduce.cc:134:opt_pmux$11421 $auto$opt_reduce.cc:134:opt_pmux$11419 }
    New ctrl vector for $pmux cell $procmux$2078: { $procmux$1107_CMP $auto$opt_reduce.cc:134:opt_pmux$11425 $auto$opt_reduce.cc:134:opt_pmux$11423 }
    New ctrl vector for $pmux cell $procmux$3827: { $procmux$1107_CMP $auto$opt_reduce.cc:134:opt_pmux$11429 $auto$opt_reduce.cc:134:opt_pmux$11427 }
    New ctrl vector for $pmux cell $procmux$8260: { $procmux$1107_CMP $auto$opt_reduce.cc:134:opt_pmux$11433 $auto$opt_reduce.cc:134:opt_pmux$11431 }
    New ctrl vector for $pmux cell $procmux$1528: { $procmux$1107_CMP $auto$opt_reduce.cc:134:opt_pmux$11437 $auto$opt_reduce.cc:134:opt_pmux$11435 }
    New ctrl vector for $pmux cell $procmux$4201: { $procmux$1107_CMP $auto$opt_reduce.cc:134:opt_pmux$11441 $auto$opt_reduce.cc:134:opt_pmux$11439 }
    New ctrl vector for $pmux cell $procmux$9129: { $procmux$1107_CMP $auto$opt_reduce.cc:134:opt_pmux$11445 $auto$opt_reduce.cc:134:opt_pmux$11443 }
    New ctrl vector for $pmux cell $procmux$5587: { $procmux$1107_CMP $auto$opt_reduce.cc:134:opt_pmux$11449 $auto$opt_reduce.cc:134:opt_pmux$11447 }
    New ctrl vector for $pmux cell $procmux$6786: { $procmux$1107_CMP $auto$opt_reduce.cc:134:opt_pmux$11453 $auto$opt_reduce.cc:134:opt_pmux$11451 }
    New ctrl vector for $pmux cell $procmux$1330: { $procmux$1107_CMP $auto$opt_reduce.cc:134:opt_pmux$11457 $auto$opt_reduce.cc:134:opt_pmux$11455 }
    New ctrl vector for $pmux cell $procmux$1099: { $procmux$1107_CMP $procmux$1106_CMP $auto$opt_reduce.cc:134:opt_pmux$11461 $auto$opt_reduce.cc:134:opt_pmux$11459 }
    New ctrl vector for $pmux cell $procmux$7490: { $procmux$1107_CMP $auto$opt_reduce.cc:134:opt_pmux$11465 $auto$opt_reduce.cc:134:opt_pmux$11463 }
    New ctrl vector for $pmux cell $procmux$4619: { $procmux$1107_CMP $auto$opt_reduce.cc:134:opt_pmux$11469 $auto$opt_reduce.cc:134:opt_pmux$11467 }
    New ctrl vector for $pmux cell $procmux$8271: { $procmux$1107_CMP $auto$opt_reduce.cc:134:opt_pmux$11473 $auto$opt_reduce.cc:134:opt_pmux$11471 }
    New ctrl vector for $pmux cell $procmux$6159: { $procmux$1107_CMP $auto$opt_reduce.cc:134:opt_pmux$11477 $auto$opt_reduce.cc:134:opt_pmux$11475 }
    New ctrl vector for $pmux cell $procmux$3497: { $procmux$1107_CMP $auto$opt_reduce.cc:134:opt_pmux$11481 $auto$opt_reduce.cc:134:opt_pmux$11479 }
    New ctrl vector for $pmux cell $procmux$9140: { $procmux$1107_CMP $auto$opt_reduce.cc:134:opt_pmux$11485 $auto$opt_reduce.cc:134:opt_pmux$11483 }
    New ctrl vector for $pmux cell $procmux$5081: { $procmux$1107_CMP $auto$opt_reduce.cc:134:opt_pmux$11489 $auto$opt_reduce.cc:134:opt_pmux$11487 }
    New ctrl vector for $pmux cell $procmux$1649: { $procmux$1107_CMP $auto$opt_reduce.cc:134:opt_pmux$11493 $auto$opt_reduce.cc:134:opt_pmux$11491 }
    New ctrl vector for $pmux cell $procmux$2925: { $procmux$1107_CMP $auto$opt_reduce.cc:134:opt_pmux$11497 $auto$opt_reduce.cc:134:opt_pmux$11495 }
    New ctrl vector for $pmux cell $procmux$1924: { $procmux$1107_CMP $auto$opt_reduce.cc:134:opt_pmux$11501 $auto$opt_reduce.cc:134:opt_pmux$11499 }
    New ctrl vector for $pmux cell $procmux$6797: { $procmux$1107_CMP $auto$opt_reduce.cc:134:opt_pmux$11505 $auto$opt_reduce.cc:134:opt_pmux$11503 }
    New ctrl vector for $pmux cell $procmux$7501: { $procmux$1107_CMP $auto$opt_reduce.cc:134:opt_pmux$11509 $auto$opt_reduce.cc:134:opt_pmux$11507 }
    New ctrl vector for $pmux cell $procmux$8282: { $procmux$1107_CMP $auto$opt_reduce.cc:134:opt_pmux$11513 $auto$opt_reduce.cc:134:opt_pmux$11511 }
    New ctrl vector for $pmux cell $procmux$5598: { $procmux$1107_CMP $auto$opt_reduce.cc:134:opt_pmux$11517 $auto$opt_reduce.cc:134:opt_pmux$11515 }
    New ctrl vector for $pmux cell $procmux$9151: { $procmux$1107_CMP $auto$opt_reduce.cc:134:opt_pmux$11521 $auto$opt_reduce.cc:134:opt_pmux$11519 }
    New ctrl vector for $pmux cell $procmux$3838: { $procmux$1107_CMP $auto$opt_reduce.cc:134:opt_pmux$11525 $auto$opt_reduce.cc:134:opt_pmux$11523 }
    New ctrl vector for $pmux cell $procmux$4212: { $procmux$1107_CMP $auto$opt_reduce.cc:134:opt_pmux$11529 $auto$opt_reduce.cc:134:opt_pmux$11527 }
    New ctrl vector for $pmux cell $procmux$6170: { $procmux$1107_CMP $auto$opt_reduce.cc:134:opt_pmux$11533 $auto$opt_reduce.cc:134:opt_pmux$11531 }
    New ctrl vector for $pmux cell $procmux$3200: { $procmux$1107_CMP $auto$opt_reduce.cc:134:opt_pmux$11537 $auto$opt_reduce.cc:134:opt_pmux$11535 }
    New ctrl vector for $pmux cell $procmux$2683: { $procmux$1107_CMP $auto$opt_reduce.cc:134:opt_pmux$11541 $auto$opt_reduce.cc:134:opt_pmux$11539 }
    New ctrl vector for $pmux cell $procmux$4630: { $procmux$1107_CMP $auto$opt_reduce.cc:134:opt_pmux$11545 $auto$opt_reduce.cc:134:opt_pmux$11543 }
    New ctrl vector for $pmux cell $procmux$5092: { $procmux$1107_CMP $auto$opt_reduce.cc:134:opt_pmux$11549 $auto$opt_reduce.cc:134:opt_pmux$11547 }
    New ctrl vector for $pmux cell $procmux$6808: { $procmux$1107_CMP $auto$opt_reduce.cc:134:opt_pmux$11553 $auto$opt_reduce.cc:134:opt_pmux$11551 }
    New ctrl vector for $pmux cell $procmux$8293: { $procmux$1107_CMP $auto$opt_reduce.cc:134:opt_pmux$11557 $auto$opt_reduce.cc:134:opt_pmux$11555 }
    New ctrl vector for $pmux cell $procmux$9162: { $procmux$1107_CMP $auto$opt_reduce.cc:134:opt_pmux$11561 $auto$opt_reduce.cc:134:opt_pmux$11559 }
    New ctrl vector for $pmux cell $procmux$7512: { $procmux$1107_CMP $auto$opt_reduce.cc:134:opt_pmux$11565 $auto$opt_reduce.cc:134:opt_pmux$11563 }
    New ctrl vector for $pmux cell $procmux$2463: { $procmux$1107_CMP $auto$opt_reduce.cc:134:opt_pmux$11569 $auto$opt_reduce.cc:134:opt_pmux$11567 }
    New ctrl vector for $pmux cell $procmux$2265: { $procmux$1107_CMP $auto$opt_reduce.cc:134:opt_pmux$11573 $auto$opt_reduce.cc:134:opt_pmux$11571 }
    New ctrl vector for $pmux cell $procmux$1781: { $procmux$1107_CMP $auto$opt_reduce.cc:134:opt_pmux$11577 $auto$opt_reduce.cc:134:opt_pmux$11575 }
    New ctrl vector for $pmux cell $procmux$5609: { $procmux$1107_CMP $auto$opt_reduce.cc:134:opt_pmux$11581 $auto$opt_reduce.cc:134:opt_pmux$11579 }
    New ctrl vector for $pmux cell $procmux$3508: { $procmux$1107_CMP $auto$opt_reduce.cc:134:opt_pmux$11585 $auto$opt_reduce.cc:134:opt_pmux$11583 }
    New ctrl vector for $pmux cell $procmux$6181: { $procmux$1107_CMP $auto$opt_reduce.cc:134:opt_pmux$11589 $auto$opt_reduce.cc:134:opt_pmux$11587 }
    New ctrl vector for $pmux cell $procmux$2089: { $procmux$1107_CMP $auto$opt_reduce.cc:134:opt_pmux$11593 $auto$opt_reduce.cc:134:opt_pmux$11591 }
    New ctrl vector for $pmux cell $procmux$9173: { $procmux$1107_CMP $auto$opt_reduce.cc:134:opt_pmux$11597 $auto$opt_reduce.cc:134:opt_pmux$11595 }
    New ctrl vector for $pmux cell $procmux$8304: { $procmux$1107_CMP $auto$opt_reduce.cc:134:opt_pmux$11601 $auto$opt_reduce.cc:134:opt_pmux$11599 }
    New ctrl vector for $pmux cell $procmux$1429: { $procmux$1107_CMP $auto$opt_reduce.cc:134:opt_pmux$11605 $auto$opt_reduce.cc:134:opt_pmux$11603 }
    New ctrl vector for $pmux cell $procmux$7523: { $procmux$1107_CMP $auto$opt_reduce.cc:134:opt_pmux$11609 $auto$opt_reduce.cc:134:opt_pmux$11607 }
    New ctrl vector for $pmux cell $procmux$6819: { $procmux$1107_CMP $auto$opt_reduce.cc:134:opt_pmux$11613 $auto$opt_reduce.cc:134:opt_pmux$11611 }
    New ctrl vector for $pmux cell $procmux$4223: { $procmux$1107_CMP $auto$opt_reduce.cc:134:opt_pmux$11617 $auto$opt_reduce.cc:134:opt_pmux$11615 }
    New ctrl vector for $pmux cell $procmux$3849: { $procmux$1107_CMP $auto$opt_reduce.cc:134:opt_pmux$11621 $auto$opt_reduce.cc:134:opt_pmux$11619 }
    New ctrl vector for $pmux cell $procmux$5103: { $procmux$1107_CMP $auto$opt_reduce.cc:134:opt_pmux$11625 $auto$opt_reduce.cc:134:opt_pmux$11623 }
    New ctrl vector for $pmux cell $procmux$4641: { $procmux$1107_CMP $auto$opt_reduce.cc:134:opt_pmux$11629 $auto$opt_reduce.cc:134:opt_pmux$11627 }
    New ctrl vector for $pmux cell $procmux$2936: { $procmux$1107_CMP $auto$opt_reduce.cc:134:opt_pmux$11633 $auto$opt_reduce.cc:134:opt_pmux$11631 }
    New ctrl vector for $pmux cell $procmux$9184: { $procmux$1107_CMP $auto$opt_reduce.cc:134:opt_pmux$11637 $auto$opt_reduce.cc:134:opt_pmux$11635 }
    New ctrl vector for $pmux cell $procmux$5620: { $procmux$1107_CMP $auto$opt_reduce.cc:134:opt_pmux$11641 $auto$opt_reduce.cc:134:opt_pmux$11639 }
    New ctrl vector for $pmux cell $procmux$8315: { $procmux$1107_CMP $auto$opt_reduce.cc:134:opt_pmux$11645 $auto$opt_reduce.cc:134:opt_pmux$11643 }
    New ctrl vector for $pmux cell $procmux$6192: { $procmux$1107_CMP $auto$opt_reduce.cc:134:opt_pmux$11649 $auto$opt_reduce.cc:134:opt_pmux$11647 }
    New ctrl vector for $pmux cell $procmux$7534: { $procmux$1107_CMP $auto$opt_reduce.cc:134:opt_pmux$11653 $auto$opt_reduce.cc:134:opt_pmux$11651 }
    New ctrl vector for $pmux cell $procmux$3211: { $procmux$1107_CMP $auto$opt_reduce.cc:134:opt_pmux$11657 $auto$opt_reduce.cc:134:opt_pmux$11655 }
    New ctrl vector for $pmux cell $procmux$6830: { $procmux$1107_CMP $auto$opt_reduce.cc:134:opt_pmux$11661 $auto$opt_reduce.cc:134:opt_pmux$11659 }
    New ctrl vector for $pmux cell $procmux$9195: { $procmux$1107_CMP $auto$opt_reduce.cc:134:opt_pmux$11665 $auto$opt_reduce.cc:134:opt_pmux$11663 }
    New ctrl vector for $pmux cell $procmux$2694: { $procmux$1107_CMP $auto$opt_reduce.cc:134:opt_pmux$11669 $auto$opt_reduce.cc:134:opt_pmux$11667 }
    New ctrl vector for $pmux cell $procmux$3519: { $procmux$1107_CMP $auto$opt_reduce.cc:134:opt_pmux$11673 $auto$opt_reduce.cc:134:opt_pmux$11671 }
    New ctrl vector for $pmux cell $procmux$8326: { $procmux$1107_CMP $auto$opt_reduce.cc:134:opt_pmux$11677 $auto$opt_reduce.cc:134:opt_pmux$11675 }
    New ctrl vector for $pmux cell $procmux$1539: { $procmux$1107_CMP $auto$opt_reduce.cc:134:opt_pmux$11681 $auto$opt_reduce.cc:134:opt_pmux$11679 }
    New ctrl vector for $pmux cell $procmux$5114: { $procmux$1107_CMP $auto$opt_reduce.cc:134:opt_pmux$11685 $auto$opt_reduce.cc:134:opt_pmux$11683 }
    New ctrl vector for $pmux cell $procmux$4234: { $procmux$1107_CMP $auto$opt_reduce.cc:134:opt_pmux$11689 $auto$opt_reduce.cc:134:opt_pmux$11687 }
    New ctrl vector for $pmux cell $procmux$7545: { $procmux$1107_CMP $auto$opt_reduce.cc:134:opt_pmux$11693 $auto$opt_reduce.cc:134:opt_pmux$11691 }
    New ctrl vector for $pmux cell $procmux$6203: { $procmux$1107_CMP $auto$opt_reduce.cc:134:opt_pmux$11697 $auto$opt_reduce.cc:134:opt_pmux$11695 }
    New ctrl vector for $pmux cell $procmux$5631: { $procmux$1107_CMP $auto$opt_reduce.cc:134:opt_pmux$11701 $auto$opt_reduce.cc:134:opt_pmux$11699 }
    New ctrl vector for $pmux cell $procmux$9206: { $procmux$1107_CMP $auto$opt_reduce.cc:134:opt_pmux$11705 $auto$opt_reduce.cc:134:opt_pmux$11703 }
    New ctrl vector for $pmux cell $procmux$6841: { $procmux$1107_CMP $auto$opt_reduce.cc:134:opt_pmux$11709 $auto$opt_reduce.cc:134:opt_pmux$11707 }
    New ctrl vector for $pmux cell $procmux$4652: { $procmux$1107_CMP $auto$opt_reduce.cc:134:opt_pmux$11713 $auto$opt_reduce.cc:134:opt_pmux$11711 }
    New ctrl vector for $pmux cell $procmux$2474: { $procmux$1107_CMP $auto$opt_reduce.cc:134:opt_pmux$11717 $auto$opt_reduce.cc:134:opt_pmux$11715 }
    New ctrl vector for $pmux cell $procmux$8337: { $procmux$1107_CMP $auto$opt_reduce.cc:134:opt_pmux$11721 $auto$opt_reduce.cc:134:opt_pmux$11719 }
    New ctrl vector for $pmux cell $procmux$3860: { $procmux$1107_CMP $auto$opt_reduce.cc:134:opt_pmux$11725 $auto$opt_reduce.cc:134:opt_pmux$11723 }
    New ctrl vector for $pmux cell $procmux$2276: { $procmux$1107_CMP $auto$opt_reduce.cc:134:opt_pmux$11729 $auto$opt_reduce.cc:134:opt_pmux$11727 }
    New ctrl vector for $pmux cell $procmux$1935: { $procmux$1107_CMP $auto$opt_reduce.cc:134:opt_pmux$11733 $auto$opt_reduce.cc:134:opt_pmux$11731 }
    New ctrl vector for $pmux cell $procmux$7556: { $procmux$1107_CMP $auto$opt_reduce.cc:134:opt_pmux$11737 $auto$opt_reduce.cc:134:opt_pmux$11735 }
    New ctrl vector for $pmux cell $procmux$9217: { $procmux$1107_CMP $auto$opt_reduce.cc:134:opt_pmux$11741 $auto$opt_reduce.cc:134:opt_pmux$11739 }
    New ctrl vector for $pmux cell $procmux$2947: { $procmux$1107_CMP $auto$opt_reduce.cc:134:opt_pmux$11745 $auto$opt_reduce.cc:134:opt_pmux$11743 }
    New ctrl vector for $pmux cell $procmux$3222: { $procmux$1107_CMP $auto$opt_reduce.cc:134:opt_pmux$11749 $auto$opt_reduce.cc:134:opt_pmux$11747 }
    New ctrl vector for $pmux cell $procmux$6214: { $procmux$1107_CMP $auto$opt_reduce.cc:134:opt_pmux$11753 $auto$opt_reduce.cc:134:opt_pmux$11751 }
    New ctrl vector for $pmux cell $procmux$6852: { $procmux$1107_CMP $auto$opt_reduce.cc:134:opt_pmux$11757 $auto$opt_reduce.cc:134:opt_pmux$11755 }
    New ctrl vector for $pmux cell $procmux$8348: { $procmux$1107_CMP $auto$opt_reduce.cc:134:opt_pmux$11761 $auto$opt_reduce.cc:134:opt_pmux$11759 }
    New ctrl vector for $pmux cell $procmux$5125: { $procmux$1107_CMP $auto$opt_reduce.cc:134:opt_pmux$11765 $auto$opt_reduce.cc:134:opt_pmux$11763 }
    New ctrl vector for $pmux cell $procmux$5642: { $procmux$1107_CMP $auto$opt_reduce.cc:134:opt_pmux$11769 $auto$opt_reduce.cc:134:opt_pmux$11767 }
    New ctrl vector for $pmux cell $procmux$1253: { $procmux$1107_CMP $auto$opt_reduce.cc:134:opt_pmux$11773 $auto$opt_reduce.cc:134:opt_pmux$11771 }
    New ctrl vector for $pmux cell $procmux$1660: { $procmux$1107_CMP $auto$opt_reduce.cc:134:opt_pmux$11777 $auto$opt_reduce.cc:134:opt_pmux$11775 }
    New ctrl vector for $pmux cell $procmux$9228: { $procmux$1107_CMP $auto$opt_reduce.cc:134:opt_pmux$11781 $auto$opt_reduce.cc:134:opt_pmux$11779 }
    New ctrl vector for $pmux cell $procmux$4663: { $procmux$1107_CMP $auto$opt_reduce.cc:134:opt_pmux$11785 $auto$opt_reduce.cc:134:opt_pmux$11783 }
    New ctrl vector for $pmux cell $procmux$7567: { $procmux$1107_CMP $auto$opt_reduce.cc:134:opt_pmux$11789 $auto$opt_reduce.cc:134:opt_pmux$11787 }
    New ctrl vector for $pmux cell $procmux$4245: { $procmux$1107_CMP $auto$opt_reduce.cc:134:opt_pmux$11793 $auto$opt_reduce.cc:134:opt_pmux$11791 }
    New ctrl vector for $pmux cell $procmux$3530: { $procmux$1107_CMP $auto$opt_reduce.cc:134:opt_pmux$11797 $auto$opt_reduce.cc:134:opt_pmux$11795 }
    New ctrl vector for $pmux cell $procmux$2100: { $procmux$1107_CMP $auto$opt_reduce.cc:134:opt_pmux$11801 $auto$opt_reduce.cc:134:opt_pmux$11799 }
    New ctrl vector for $pmux cell $procmux$8359: { $procmux$1107_CMP $auto$opt_reduce.cc:134:opt_pmux$11805 $auto$opt_reduce.cc:134:opt_pmux$11803 }
    New ctrl vector for $pmux cell $procmux$3871: { $procmux$1107_CMP $auto$opt_reduce.cc:134:opt_pmux$11809 $auto$opt_reduce.cc:134:opt_pmux$11807 }
    New ctrl vector for $pmux cell $procmux$6863: { $procmux$1107_CMP $auto$opt_reduce.cc:134:opt_pmux$11813 $auto$opt_reduce.cc:134:opt_pmux$11811 }
    New ctrl vector for $pmux cell $procmux$6225: { $procmux$1107_CMP $auto$opt_reduce.cc:134:opt_pmux$11817 $auto$opt_reduce.cc:134:opt_pmux$11815 }
    New ctrl vector for $pmux cell $procmux$9239: { $procmux$1107_CMP $auto$opt_reduce.cc:134:opt_pmux$11821 $auto$opt_reduce.cc:134:opt_pmux$11819 }
    New ctrl vector for $pmux cell $procmux$1792: { $procmux$1107_CMP $auto$opt_reduce.cc:134:opt_pmux$11825 $auto$opt_reduce.cc:134:opt_pmux$11823 }
    New ctrl vector for $pmux cell $procmux$2705: { $procmux$1107_CMP $auto$opt_reduce.cc:134:opt_pmux$11829 $auto$opt_reduce.cc:134:opt_pmux$11827 }
    New ctrl vector for $pmux cell $procmux$5653: { $procmux$1107_CMP $auto$opt_reduce.cc:134:opt_pmux$11833 $auto$opt_reduce.cc:134:opt_pmux$11831 }
    New ctrl vector for $pmux cell $procmux$7578: { $procmux$1107_CMP $auto$opt_reduce.cc:134:opt_pmux$11837 $auto$opt_reduce.cc:134:opt_pmux$11835 }
    New ctrl vector for $pmux cell $procmux$5136: { $procmux$1107_CMP $auto$opt_reduce.cc:134:opt_pmux$11841 $auto$opt_reduce.cc:134:opt_pmux$11839 }
    New ctrl vector for $pmux cell $procmux$1176: { $procmux$1107_CMP $auto$opt_reduce.cc:134:opt_pmux$11845 $auto$opt_reduce.cc:134:opt_pmux$11843 }
    New ctrl vector for $pmux cell $procmux$8370: { $procmux$1107_CMP $auto$opt_reduce.cc:134:opt_pmux$11849 $auto$opt_reduce.cc:134:opt_pmux$11847 }
    New ctrl vector for $pmux cell $procmux$1341: { $procmux$1107_CMP $auto$opt_reduce.cc:134:opt_pmux$11853 $auto$opt_reduce.cc:134:opt_pmux$11851 }
    New ctrl vector for $pmux cell $procmux$2485: { $procmux$1107_CMP $auto$opt_reduce.cc:134:opt_pmux$11857 $auto$opt_reduce.cc:134:opt_pmux$11855 }
    New ctrl vector for $pmux cell $procmux$9250: { $procmux$1107_CMP $auto$opt_reduce.cc:134:opt_pmux$11861 $auto$opt_reduce.cc:134:opt_pmux$11859 }
    New ctrl vector for $pmux cell $procmux$4674: { $procmux$1107_CMP $auto$opt_reduce.cc:134:opt_pmux$11865 $auto$opt_reduce.cc:134:opt_pmux$11863 }
    New ctrl vector for $pmux cell $procmux$6874: { $procmux$1107_CMP $auto$opt_reduce.cc:134:opt_pmux$11869 $auto$opt_reduce.cc:134:opt_pmux$11867 }
    New ctrl vector for $pmux cell $procmux$6236: { $procmux$1107_CMP $auto$opt_reduce.cc:134:opt_pmux$11873 $auto$opt_reduce.cc:134:opt_pmux$11871 }
    New ctrl vector for $pmux cell $procmux$4256: { $procmux$1107_CMP $auto$opt_reduce.cc:134:opt_pmux$11877 $auto$opt_reduce.cc:134:opt_pmux$11875 }
    New ctrl vector for $pmux cell $procmux$7589: { $procmux$1107_CMP $auto$opt_reduce.cc:134:opt_pmux$11881 $auto$opt_reduce.cc:134:opt_pmux$11879 }
    New ctrl vector for $pmux cell $procmux$3233: { $procmux$1107_CMP $auto$opt_reduce.cc:134:opt_pmux$11885 $auto$opt_reduce.cc:134:opt_pmux$11883 }
    New ctrl vector for $pmux cell $procmux$8381: { $procmux$1107_CMP $auto$opt_reduce.cc:134:opt_pmux$11889 $auto$opt_reduce.cc:134:opt_pmux$11887 }
    New ctrl vector for $pmux cell $procmux$2958: { $procmux$1107_CMP $auto$opt_reduce.cc:134:opt_pmux$11893 $auto$opt_reduce.cc:134:opt_pmux$11891 }
    New ctrl vector for $pmux cell $procmux$9261: { $procmux$1107_CMP $auto$opt_reduce.cc:134:opt_pmux$11897 $auto$opt_reduce.cc:134:opt_pmux$11895 }
    New ctrl vector for $pmux cell $procmux$5664: { $procmux$1107_CMP $auto$opt_reduce.cc:134:opt_pmux$11901 $auto$opt_reduce.cc:134:opt_pmux$11899 }
    New ctrl vector for $pmux cell $procmux$3541: { $procmux$1107_CMP $auto$opt_reduce.cc:134:opt_pmux$11905 $auto$opt_reduce.cc:134:opt_pmux$11903 }
    New ctrl vector for $pmux cell $procmux$5147: { $procmux$1107_CMP $auto$opt_reduce.cc:134:opt_pmux$11909 $auto$opt_reduce.cc:134:opt_pmux$11907 }
    New ctrl vector for $pmux cell $procmux$3882: { $procmux$1107_CMP $auto$opt_reduce.cc:134:opt_pmux$11913 $auto$opt_reduce.cc:134:opt_pmux$11911 }
    New ctrl vector for $pmux cell $procmux$6885: { $procmux$1107_CMP $auto$opt_reduce.cc:134:opt_pmux$11917 $auto$opt_reduce.cc:134:opt_pmux$11915 }
    New ctrl vector for $pmux cell $procmux$2287: { $procmux$1107_CMP $auto$opt_reduce.cc:134:opt_pmux$11921 $auto$opt_reduce.cc:134:opt_pmux$11919 }
    New ctrl vector for $pmux cell $procmux$7600: { $procmux$1107_CMP $auto$opt_reduce.cc:134:opt_pmux$11925 $auto$opt_reduce.cc:134:opt_pmux$11923 }
    New ctrl vector for $pmux cell $procmux$8392: { $procmux$1107_CMP $auto$opt_reduce.cc:134:opt_pmux$11929 $auto$opt_reduce.cc:134:opt_pmux$11927 }
    New ctrl vector for $pmux cell $procmux$9272: { $procmux$1107_CMP $auto$opt_reduce.cc:134:opt_pmux$11933 $auto$opt_reduce.cc:134:opt_pmux$11931 }
    New ctrl vector for $pmux cell $procmux$6247: { $procmux$1107_CMP $auto$opt_reduce.cc:134:opt_pmux$11937 $auto$opt_reduce.cc:134:opt_pmux$11935 }
    New ctrl vector for $pmux cell $procmux$1440: { $procmux$1107_CMP $auto$opt_reduce.cc:134:opt_pmux$11941 $auto$opt_reduce.cc:134:opt_pmux$11939 }
    New ctrl vector for $pmux cell $procmux$4685: { $procmux$1107_CMP $auto$opt_reduce.cc:134:opt_pmux$11945 $auto$opt_reduce.cc:134:opt_pmux$11943 }
    New ctrl vector for $pmux cell $procmux$1946: { $procmux$1107_CMP $auto$opt_reduce.cc:134:opt_pmux$11949 $auto$opt_reduce.cc:134:opt_pmux$11947 }
    New ctrl vector for $pmux cell $procmux$5675: { $procmux$1107_CMP $auto$opt_reduce.cc:134:opt_pmux$11953 $auto$opt_reduce.cc:134:opt_pmux$11951 }
    New ctrl vector for $pmux cell $procmux$4267: { $procmux$1107_CMP $auto$opt_reduce.cc:134:opt_pmux$11957 $auto$opt_reduce.cc:134:opt_pmux$11955 }
    New ctrl vector for $pmux cell $procmux$6896: { $procmux$1107_CMP $auto$opt_reduce.cc:134:opt_pmux$11961 $auto$opt_reduce.cc:134:opt_pmux$11959 }
    New ctrl vector for $pmux cell $procmux$2716: { $procmux$1107_CMP $auto$opt_reduce.cc:134:opt_pmux$11965 $auto$opt_reduce.cc:134:opt_pmux$11963 }
    New ctrl vector for $pmux cell $procmux$9283: { $procmux$1107_CMP $auto$opt_reduce.cc:134:opt_pmux$11969 $auto$opt_reduce.cc:134:opt_pmux$11967 }
    New ctrl vector for $pmux cell $procmux$8403: { $procmux$1107_CMP $auto$opt_reduce.cc:134:opt_pmux$11973 $auto$opt_reduce.cc:134:opt_pmux$11971 }
    New ctrl vector for $pmux cell $procmux$7611: { $procmux$1107_CMP $auto$opt_reduce.cc:134:opt_pmux$11977 $auto$opt_reduce.cc:134:opt_pmux$11975 }
    New ctrl vector for $pmux cell $procmux$5158: { $procmux$1107_CMP $auto$opt_reduce.cc:134:opt_pmux$11981 $auto$opt_reduce.cc:134:opt_pmux$11979 }
    New ctrl vector for $pmux cell $procmux$1110: { $procmux$1108_CMP $procmux$1107_CMP $procmux$1105_CMP $procmux$1104_CMP $auto$opt_reduce.cc:134:opt_pmux$11985 $procmux$1102_CMP $auto$opt_reduce.cc:134:opt_pmux$11983 }
    New ctrl vector for $pmux cell $procmux$6258: { $procmux$1107_CMP $auto$opt_reduce.cc:134:opt_pmux$11989 $auto$opt_reduce.cc:134:opt_pmux$11987 }
    New ctrl vector for $pmux cell $procmux$2111: { $procmux$1107_CMP $auto$opt_reduce.cc:134:opt_pmux$11993 $auto$opt_reduce.cc:134:opt_pmux$11991 }
    New ctrl vector for $pmux cell $procmux$3244: { $procmux$1107_CMP $auto$opt_reduce.cc:134:opt_pmux$11997 $auto$opt_reduce.cc:134:opt_pmux$11995 }
    New ctrl vector for $pmux cell $procmux$3893: { $procmux$1107_CMP $auto$opt_reduce.cc:134:opt_pmux$12001 $auto$opt_reduce.cc:134:opt_pmux$11999 }
    New ctrl vector for $pmux cell $procmux$3552: { $procmux$1107_CMP $auto$opt_reduce.cc:134:opt_pmux$12005 $auto$opt_reduce.cc:134:opt_pmux$12003 }
    New ctrl vector for $pmux cell $procmux$9294: { $procmux$1107_CMP $auto$opt_reduce.cc:134:opt_pmux$12009 $auto$opt_reduce.cc:134:opt_pmux$12007 }
    New ctrl vector for $pmux cell $procmux$4696: { $procmux$1107_CMP $auto$opt_reduce.cc:134:opt_pmux$12013 $auto$opt_reduce.cc:134:opt_pmux$12011 }
    New ctrl vector for $pmux cell $procmux$8414: { $procmux$1107_CMP $auto$opt_reduce.cc:134:opt_pmux$12017 $auto$opt_reduce.cc:134:opt_pmux$12015 }
    New ctrl vector for $pmux cell $procmux$6907: { $procmux$1107_CMP $auto$opt_reduce.cc:134:opt_pmux$12021 $auto$opt_reduce.cc:134:opt_pmux$12019 }
    New ctrl vector for $pmux cell $procmux$7622: { $procmux$1107_CMP $auto$opt_reduce.cc:134:opt_pmux$12025 $auto$opt_reduce.cc:134:opt_pmux$12023 }
    New ctrl vector for $pmux cell $procmux$5686: { $procmux$1107_CMP $auto$opt_reduce.cc:134:opt_pmux$12029 $auto$opt_reduce.cc:134:opt_pmux$12027 }
    New ctrl vector for $pmux cell $procmux$1550: { $procmux$1107_CMP $auto$opt_reduce.cc:134:opt_pmux$12033 $auto$opt_reduce.cc:134:opt_pmux$12031 }
    New ctrl vector for $pmux cell $procmux$2969: { $procmux$1107_CMP $auto$opt_reduce.cc:134:opt_pmux$12037 $auto$opt_reduce.cc:134:opt_pmux$12035 }
    New ctrl vector for $pmux cell $procmux$2496: { $procmux$1107_CMP $auto$opt_reduce.cc:134:opt_pmux$12041 $auto$opt_reduce.cc:134:opt_pmux$12039 }
    New ctrl vector for $pmux cell $procmux$6269: { $procmux$1107_CMP $auto$opt_reduce.cc:134:opt_pmux$12045 $auto$opt_reduce.cc:134:opt_pmux$12043 }
    New ctrl vector for $pmux cell $procmux$9305: { $procmux$1107_CMP $auto$opt_reduce.cc:134:opt_pmux$12049 $auto$opt_reduce.cc:134:opt_pmux$12047 }
    New ctrl vector for $pmux cell $procmux$5169: { $procmux$1107_CMP $auto$opt_reduce.cc:134:opt_pmux$12053 $auto$opt_reduce.cc:134:opt_pmux$12051 }
    New ctrl vector for $pmux cell $procmux$4278: { $procmux$1107_CMP $auto$opt_reduce.cc:134:opt_pmux$12057 $auto$opt_reduce.cc:134:opt_pmux$12055 }
    New ctrl vector for $pmux cell $procmux$8425: { $procmux$1107_CMP $auto$opt_reduce.cc:134:opt_pmux$12061 $auto$opt_reduce.cc:134:opt_pmux$12059 }
    New ctrl vector for $pmux cell $procmux$1803: { $procmux$1107_CMP $auto$opt_reduce.cc:134:opt_pmux$12065 $auto$opt_reduce.cc:134:opt_pmux$12063 }
    New ctrl vector for $pmux cell $procmux$7633: { $procmux$1107_CMP $auto$opt_reduce.cc:134:opt_pmux$12069 $auto$opt_reduce.cc:134:opt_pmux$12067 }
    New ctrl vector for $pmux cell $procmux$6918: { $procmux$1107_CMP $auto$opt_reduce.cc:134:opt_pmux$12073 $auto$opt_reduce.cc:134:opt_pmux$12071 }
    New ctrl vector for $pmux cell $procmux$1671: { $procmux$1107_CMP $auto$opt_reduce.cc:134:opt_pmux$12077 $auto$opt_reduce.cc:134:opt_pmux$12075 }
    New ctrl vector for $pmux cell $procmux$2298: { $procmux$1107_CMP $auto$opt_reduce.cc:134:opt_pmux$12081 $auto$opt_reduce.cc:134:opt_pmux$12079 }
    New ctrl vector for $pmux cell $procmux$9316: { $procmux$1107_CMP $auto$opt_reduce.cc:134:opt_pmux$12085 $auto$opt_reduce.cc:134:opt_pmux$12083 }
    New ctrl vector for $pmux cell $procmux$5697: { $procmux$1107_CMP $auto$opt_reduce.cc:134:opt_pmux$12089 $auto$opt_reduce.cc:134:opt_pmux$12087 }
    New ctrl vector for $pmux cell $procmux$4707: { $procmux$1107_CMP $auto$opt_reduce.cc:134:opt_pmux$12093 $auto$opt_reduce.cc:134:opt_pmux$12091 }
    New ctrl vector for $pmux cell $procmux$8436: { $procmux$1107_CMP $auto$opt_reduce.cc:134:opt_pmux$12097 $auto$opt_reduce.cc:134:opt_pmux$12095 }
    New ctrl vector for $pmux cell $procmux$6280: { $procmux$1107_CMP $auto$opt_reduce.cc:134:opt_pmux$12101 $auto$opt_reduce.cc:134:opt_pmux$12099 }
    New ctrl vector for $pmux cell $procmux$3904: { $procmux$1107_CMP $auto$opt_reduce.cc:134:opt_pmux$12105 $auto$opt_reduce.cc:134:opt_pmux$12103 }
    New ctrl vector for $pmux cell $procmux$2727: { $procmux$1107_CMP $auto$opt_reduce.cc:134:opt_pmux$12109 $auto$opt_reduce.cc:134:opt_pmux$12107 }
    New ctrl vector for $pmux cell $procmux$7644: { $procmux$1107_CMP $auto$opt_reduce.cc:134:opt_pmux$12113 $auto$opt_reduce.cc:134:opt_pmux$12111 }
    New ctrl vector for $pmux cell $procmux$5180: { $procmux$1107_CMP $auto$opt_reduce.cc:134:opt_pmux$12117 $auto$opt_reduce.cc:134:opt_pmux$12115 }
    New ctrl vector for $pmux cell $procmux$9327: { $procmux$1107_CMP $auto$opt_reduce.cc:134:opt_pmux$12121 $auto$opt_reduce.cc:134:opt_pmux$12119 }
    New ctrl vector for $pmux cell $procmux$6929: { $procmux$1107_CMP $auto$opt_reduce.cc:134:opt_pmux$12125 $auto$opt_reduce.cc:134:opt_pmux$12123 }
    New ctrl vector for $pmux cell $procmux$3563: { $procmux$1107_CMP $auto$opt_reduce.cc:134:opt_pmux$12129 $auto$opt_reduce.cc:134:opt_pmux$12127 }
    New ctrl vector for $pmux cell $procmux$3255: { $procmux$1107_CMP $auto$opt_reduce.cc:134:opt_pmux$12133 $auto$opt_reduce.cc:134:opt_pmux$12131 }
    New ctrl vector for $pmux cell $procmux$4289: { $procmux$1107_CMP $auto$opt_reduce.cc:134:opt_pmux$12137 $auto$opt_reduce.cc:134:opt_pmux$12135 }
    New ctrl vector for $pmux cell $procmux$8447: { $procmux$1107_CMP $auto$opt_reduce.cc:134:opt_pmux$12141 $auto$opt_reduce.cc:134:opt_pmux$12139 }
    New ctrl vector for $pmux cell $procmux$5708: { $procmux$1107_CMP $auto$opt_reduce.cc:134:opt_pmux$12145 $auto$opt_reduce.cc:134:opt_pmux$12143 }
    New ctrl vector for $pmux cell $procmux$6291: { $procmux$1107_CMP $auto$opt_reduce.cc:134:opt_pmux$12149 $auto$opt_reduce.cc:134:opt_pmux$12147 }
    New ctrl vector for $pmux cell $procmux$9338: { $procmux$1107_CMP $auto$opt_reduce.cc:134:opt_pmux$12153 $auto$opt_reduce.cc:134:opt_pmux$12151 }
    New ctrl vector for $pmux cell $procmux$7655: { $procmux$1107_CMP $auto$opt_reduce.cc:134:opt_pmux$12157 $auto$opt_reduce.cc:134:opt_pmux$12155 }
    New ctrl vector for $pmux cell $procmux$2980: { $procmux$1107_CMP $auto$opt_reduce.cc:134:opt_pmux$12161 $auto$opt_reduce.cc:134:opt_pmux$12159 }
    New ctrl vector for $pmux cell $procmux$1264: { $procmux$1107_CMP $auto$opt_reduce.cc:134:opt_pmux$12165 $auto$opt_reduce.cc:134:opt_pmux$12163 }
    New ctrl vector for $pmux cell $procmux$6940: { $procmux$1107_CMP $auto$opt_reduce.cc:134:opt_pmux$12169 $auto$opt_reduce.cc:134:opt_pmux$12167 }
    New ctrl vector for $pmux cell $procmux$4718: { $procmux$1107_CMP $auto$opt_reduce.cc:134:opt_pmux$12173 $auto$opt_reduce.cc:134:opt_pmux$12171 }
    New ctrl vector for $pmux cell $procmux$8458: { $procmux$1107_CMP $auto$opt_reduce.cc:134:opt_pmux$12177 $auto$opt_reduce.cc:134:opt_pmux$12175 }
    New ctrl vector for $pmux cell $procmux$1957: { $procmux$1107_CMP $auto$opt_reduce.cc:134:opt_pmux$12181 $auto$opt_reduce.cc:134:opt_pmux$12179 }
    New ctrl vector for $pmux cell $procmux$5191: { $procmux$1107_CMP $auto$opt_reduce.cc:134:opt_pmux$12185 $auto$opt_reduce.cc:134:opt_pmux$12183 }
    New ctrl vector for $pmux cell $procmux$2507: { $procmux$1107_CMP $auto$opt_reduce.cc:134:opt_pmux$12189 $auto$opt_reduce.cc:134:opt_pmux$12187 }
    New ctrl vector for $pmux cell $procmux$9349: { $procmux$1107_CMP $auto$opt_reduce.cc:134:opt_pmux$12193 $auto$opt_reduce.cc:134:opt_pmux$12191 }
    New ctrl vector for $pmux cell $procmux$3915: { $procmux$1107_CMP $auto$opt_reduce.cc:134:opt_pmux$12197 $auto$opt_reduce.cc:134:opt_pmux$12195 }
    New ctrl vector for $pmux cell $procmux$2122: { $procmux$1107_CMP $auto$opt_reduce.cc:134:opt_pmux$12201 $auto$opt_reduce.cc:134:opt_pmux$12199 }
    New ctrl vector for $pmux cell $procmux$7666: { $procmux$1107_CMP $auto$opt_reduce.cc:134:opt_pmux$12205 $auto$opt_reduce.cc:134:opt_pmux$12203 }
    New ctrl vector for $pmux cell $procmux$5719: { $procmux$1107_CMP $auto$opt_reduce.cc:134:opt_pmux$12209 $auto$opt_reduce.cc:134:opt_pmux$12207 }
    New ctrl vector for $pmux cell $procmux$6302: { $procmux$1107_CMP $auto$opt_reduce.cc:134:opt_pmux$12213 $auto$opt_reduce.cc:134:opt_pmux$12211 }
    New ctrl vector for $pmux cell $procmux$1352: { $procmux$1107_CMP $auto$opt_reduce.cc:134:opt_pmux$12217 $auto$opt_reduce.cc:134:opt_pmux$12215 }
    New ctrl vector for $pmux cell $procmux$8469: { $procmux$1107_CMP $auto$opt_reduce.cc:134:opt_pmux$12221 $auto$opt_reduce.cc:134:opt_pmux$12219 }
    New ctrl vector for $pmux cell $procmux$6951: { $procmux$1107_CMP $auto$opt_reduce.cc:134:opt_pmux$12225 $auto$opt_reduce.cc:134:opt_pmux$12223 }
    New ctrl vector for $pmux cell $procmux$4300: { $procmux$1107_CMP $auto$opt_reduce.cc:134:opt_pmux$12229 $auto$opt_reduce.cc:134:opt_pmux$12227 }
    New ctrl vector for $pmux cell $procmux$9360: { $procmux$1107_CMP $auto$opt_reduce.cc:134:opt_pmux$12233 $auto$opt_reduce.cc:134:opt_pmux$12231 }
    New ctrl vector for $pmux cell $procmux$3574: { $procmux$1107_CMP $auto$opt_reduce.cc:134:opt_pmux$12237 $auto$opt_reduce.cc:134:opt_pmux$12235 }
    New ctrl vector for $pmux cell $procmux$3266: { $procmux$1107_CMP $auto$opt_reduce.cc:134:opt_pmux$12241 $auto$opt_reduce.cc:134:opt_pmux$12239 }
    New ctrl vector for $pmux cell $procmux$4729: { $procmux$1107_CMP $auto$opt_reduce.cc:134:opt_pmux$12245 $auto$opt_reduce.cc:134:opt_pmux$12243 }
    New ctrl vector for $pmux cell $procmux$7677: { $procmux$1107_CMP $auto$opt_reduce.cc:134:opt_pmux$12249 $auto$opt_reduce.cc:134:opt_pmux$12247 }
    New ctrl vector for $pmux cell $procmux$5202: { $procmux$1107_CMP $auto$opt_reduce.cc:134:opt_pmux$12253 $auto$opt_reduce.cc:134:opt_pmux$12251 }
    New ctrl vector for $pmux cell $procmux$1451: { $procmux$1107_CMP $auto$opt_reduce.cc:134:opt_pmux$12257 $auto$opt_reduce.cc:134:opt_pmux$12255 }
    New ctrl vector for $pmux cell $procmux$8480: { $procmux$1107_CMP $auto$opt_reduce.cc:134:opt_pmux$12261 $auto$opt_reduce.cc:134:opt_pmux$12259 }
    New ctrl vector for $pmux cell $procmux$2738: { $procmux$1107_CMP $auto$opt_reduce.cc:134:opt_pmux$12265 $auto$opt_reduce.cc:134:opt_pmux$12263 }
    New ctrl vector for $pmux cell $procmux$9371: { $procmux$1107_CMP $auto$opt_reduce.cc:134:opt_pmux$12269 $auto$opt_reduce.cc:134:opt_pmux$12267 }
    New ctrl vector for $pmux cell $procmux$6313: { $procmux$1107_CMP $auto$opt_reduce.cc:134:opt_pmux$12273 $auto$opt_reduce.cc:134:opt_pmux$12271 }
    New ctrl vector for $pmux cell $procmux$6962: { $procmux$1107_CMP $auto$opt_reduce.cc:134:opt_pmux$12277 $auto$opt_reduce.cc:134:opt_pmux$12275 }
    New ctrl vector for $pmux cell $procmux$5730: { $procmux$1107_CMP $auto$opt_reduce.cc:134:opt_pmux$12281 $auto$opt_reduce.cc:134:opt_pmux$12279 }
    New ctrl vector for $pmux cell $procmux$2309: { $procmux$1107_CMP $auto$opt_reduce.cc:134:opt_pmux$12285 $auto$opt_reduce.cc:134:opt_pmux$12283 }
    New ctrl vector for $pmux cell $procmux$2991: { $procmux$1107_CMP $auto$opt_reduce.cc:134:opt_pmux$12289 $auto$opt_reduce.cc:134:opt_pmux$12287 }
    New ctrl vector for $pmux cell $procmux$3926: { $procmux$1107_CMP $auto$opt_reduce.cc:134:opt_pmux$12293 $auto$opt_reduce.cc:134:opt_pmux$12291 }
    New ctrl vector for $pmux cell $procmux$7688: { $procmux$1107_CMP $auto$opt_reduce.cc:134:opt_pmux$12297 $auto$opt_reduce.cc:134:opt_pmux$12295 }
    New ctrl vector for $pmux cell $procmux$1187: { $procmux$1107_CMP $auto$opt_reduce.cc:134:opt_pmux$12301 $auto$opt_reduce.cc:134:opt_pmux$12299 }
    New ctrl vector for $pmux cell $procmux$8491: { $procmux$1107_CMP $auto$opt_reduce.cc:134:opt_pmux$12305 $auto$opt_reduce.cc:134:opt_pmux$12303 }
    New ctrl vector for $pmux cell $procmux$9382: { $procmux$1107_CMP $auto$opt_reduce.cc:134:opt_pmux$12309 $auto$opt_reduce.cc:134:opt_pmux$12307 }
    New ctrl vector for $pmux cell $procmux$4311: { $procmux$1107_CMP $auto$opt_reduce.cc:134:opt_pmux$12313 $auto$opt_reduce.cc:134:opt_pmux$12311 }
    New ctrl vector for $pmux cell $procmux$1814: { $procmux$1107_CMP $auto$opt_reduce.cc:134:opt_pmux$12317 $auto$opt_reduce.cc:134:opt_pmux$12315 }
    New ctrl vector for $pmux cell $procmux$1561: { $procmux$1107_CMP $auto$opt_reduce.cc:134:opt_pmux$12321 $auto$opt_reduce.cc:134:opt_pmux$12319 }
    New ctrl vector for $pmux cell $procmux$5213: { $procmux$1107_CMP $auto$opt_reduce.cc:134:opt_pmux$12325 $auto$opt_reduce.cc:134:opt_pmux$12323 }
    New ctrl vector for $pmux cell $procmux$6973: { $procmux$1107_CMP $auto$opt_reduce.cc:134:opt_pmux$12329 $auto$opt_reduce.cc:134:opt_pmux$12327 }
    New ctrl vector for $pmux cell $procmux$6324: { $procmux$1107_CMP $auto$opt_reduce.cc:134:opt_pmux$12333 $auto$opt_reduce.cc:134:opt_pmux$12331 }
    New ctrl vector for $pmux cell $procmux$4740: { $procmux$1107_CMP $auto$opt_reduce.cc:134:opt_pmux$12337 $auto$opt_reduce.cc:134:opt_pmux$12335 }
    New ctrl vector for $pmux cell $procmux$5741: { $procmux$1107_CMP $auto$opt_reduce.cc:134:opt_pmux$12341 $auto$opt_reduce.cc:134:opt_pmux$12339 }
    New ctrl vector for $pmux cell $procmux$7699: { $procmux$1107_CMP $auto$opt_reduce.cc:134:opt_pmux$12345 $auto$opt_reduce.cc:134:opt_pmux$12343 }
    New ctrl vector for $pmux cell $procmux$9393: { $procmux$1107_CMP $auto$opt_reduce.cc:134:opt_pmux$12349 $auto$opt_reduce.cc:134:opt_pmux$12347 }
    New ctrl vector for $pmux cell $procmux$8502: { $procmux$1107_CMP $auto$opt_reduce.cc:134:opt_pmux$12353 $auto$opt_reduce.cc:134:opt_pmux$12351 }
    New ctrl vector for $pmux cell $procmux$3585: { $procmux$1107_CMP $auto$opt_reduce.cc:134:opt_pmux$12357 $auto$opt_reduce.cc:134:opt_pmux$12355 }
    New ctrl vector for $pmux cell $procmux$1682: { $procmux$1107_CMP $auto$opt_reduce.cc:134:opt_pmux$12361 $auto$opt_reduce.cc:134:opt_pmux$12359 }
    New ctrl vector for $pmux cell $procmux$2518: { $procmux$1107_CMP $auto$opt_reduce.cc:134:opt_pmux$12365 $auto$opt_reduce.cc:134:opt_pmux$12363 }
    New ctrl vector for $pmux cell $procmux$3277: { $procmux$1107_CMP $auto$opt_reduce.cc:134:opt_pmux$12369 $auto$opt_reduce.cc:134:opt_pmux$12367 }
    New ctrl vector for $pmux cell $procmux$6984: { $procmux$1107_CMP $auto$opt_reduce.cc:134:opt_pmux$12373 $auto$opt_reduce.cc:134:opt_pmux$12371 }
    New ctrl vector for $pmux cell $procmux$3937: { $procmux$1107_CMP $auto$opt_reduce.cc:134:opt_pmux$12377 $auto$opt_reduce.cc:134:opt_pmux$12375 }
    New ctrl vector for $pmux cell $procmux$9404: { $procmux$1107_CMP $auto$opt_reduce.cc:134:opt_pmux$12381 $auto$opt_reduce.cc:134:opt_pmux$12379 }
    New ctrl vector for $pmux cell $procmux$6335: { $procmux$1107_CMP $auto$opt_reduce.cc:134:opt_pmux$12385 $auto$opt_reduce.cc:134:opt_pmux$12383 }
    New ctrl vector for $pmux cell $procmux$8513: { $procmux$1107_CMP $auto$opt_reduce.cc:134:opt_pmux$12389 $auto$opt_reduce.cc:134:opt_pmux$12387 }
    New ctrl vector for $pmux cell $procmux$7710: { $procmux$1107_CMP $auto$opt_reduce.cc:134:opt_pmux$12393 $auto$opt_reduce.cc:134:opt_pmux$12391 }
    New ctrl vector for $pmux cell $procmux$4322: { $procmux$1107_CMP $auto$opt_reduce.cc:134:opt_pmux$12397 $auto$opt_reduce.cc:134:opt_pmux$12395 }
    New ctrl vector for $pmux cell $procmux$5224: { $procmux$1107_CMP $auto$opt_reduce.cc:134:opt_pmux$12401 $auto$opt_reduce.cc:134:opt_pmux$12399 }
    New ctrl vector for $pmux cell $procmux$5752: { $procmux$1107_CMP $auto$opt_reduce.cc:134:opt_pmux$12405 $auto$opt_reduce.cc:134:opt_pmux$12403 }
    New ctrl vector for $pmux cell $procmux$2133: { $procmux$1107_CMP $auto$opt_reduce.cc:134:opt_pmux$12409 $auto$opt_reduce.cc:134:opt_pmux$12407 }
    New ctrl vector for $pmux cell $procmux$4751: { $procmux$1107_CMP $auto$opt_reduce.cc:134:opt_pmux$12413 $auto$opt_reduce.cc:134:opt_pmux$12411 }
    New ctrl vector for $pmux cell $procmux$2749: { $procmux$1107_CMP $auto$opt_reduce.cc:134:opt_pmux$12417 $auto$opt_reduce.cc:134:opt_pmux$12415 }
    New ctrl vector for $pmux cell $procmux$9415: { $procmux$1107_CMP $auto$opt_reduce.cc:134:opt_pmux$12421 $auto$opt_reduce.cc:134:opt_pmux$12419 }
    New ctrl vector for $pmux cell $procmux$3002: { $procmux$1107_CMP $auto$opt_reduce.cc:134:opt_pmux$12425 $auto$opt_reduce.cc:134:opt_pmux$12423 }
    New ctrl vector for $pmux cell $procmux$6995: { $procmux$1107_CMP $auto$opt_reduce.cc:134:opt_pmux$12429 $auto$opt_reduce.cc:134:opt_pmux$12427 }
    New ctrl vector for $pmux cell $procmux$8524: { $procmux$1107_CMP $auto$opt_reduce.cc:134:opt_pmux$12433 $auto$opt_reduce.cc:134:opt_pmux$12431 }
    New ctrl vector for $pmux cell $procmux$1968: { $procmux$1107_CMP $auto$opt_reduce.cc:134:opt_pmux$12437 $auto$opt_reduce.cc:134:opt_pmux$12435 }
    New ctrl vector for $pmux cell $procmux$7721: { $procmux$1107_CMP $auto$opt_reduce.cc:134:opt_pmux$12441 $auto$opt_reduce.cc:134:opt_pmux$12439 }
    New ctrl vector for $pmux cell $procmux$3596: { $procmux$1107_CMP $auto$opt_reduce.cc:134:opt_pmux$12445 $auto$opt_reduce.cc:134:opt_pmux$12443 }
    New ctrl vector for $pmux cell $procmux$6346: { $procmux$1107_CMP $auto$opt_reduce.cc:134:opt_pmux$12449 $auto$opt_reduce.cc:134:opt_pmux$12447 }
    New ctrl vector for $pmux cell $procmux$2320: { $procmux$1107_CMP $auto$opt_reduce.cc:134:opt_pmux$12453 $auto$opt_reduce.cc:134:opt_pmux$12451 }
    New ctrl vector for $pmux cell $procmux$9426: { $procmux$1107_CMP $auto$opt_reduce.cc:134:opt_pmux$12457 $auto$opt_reduce.cc:134:opt_pmux$12455 }
    New ctrl vector for $pmux cell $procmux$5763: { $procmux$1107_CMP $auto$opt_reduce.cc:134:opt_pmux$12461 $auto$opt_reduce.cc:134:opt_pmux$12459 }
    New ctrl vector for $pmux cell $procmux$5235: { $procmux$1107_CMP $auto$opt_reduce.cc:134:opt_pmux$12465 $auto$opt_reduce.cc:134:opt_pmux$12463 }
    New ctrl vector for $pmux cell $procmux$8535: { $procmux$1107_CMP $auto$opt_reduce.cc:134:opt_pmux$12469 $auto$opt_reduce.cc:134:opt_pmux$12467 }
    New ctrl vector for $pmux cell $procmux$3288: { $procmux$1107_CMP $auto$opt_reduce.cc:134:opt_pmux$12473 $auto$opt_reduce.cc:134:opt_pmux$12471 }
    New ctrl vector for $pmux cell $procmux$7006: { $procmux$1107_CMP $auto$opt_reduce.cc:134:opt_pmux$12477 $auto$opt_reduce.cc:134:opt_pmux$12475 }
    New ctrl vector for $pmux cell $procmux$7732: { $procmux$1107_CMP $auto$opt_reduce.cc:134:opt_pmux$12481 $auto$opt_reduce.cc:134:opt_pmux$12479 }
    New ctrl vector for $pmux cell $procmux$4333: { $procmux$1107_CMP $auto$opt_reduce.cc:134:opt_pmux$12485 $auto$opt_reduce.cc:134:opt_pmux$12483 }
    New ctrl vector for $pmux cell $procmux$4762: { $procmux$1107_CMP $auto$opt_reduce.cc:134:opt_pmux$12489 $auto$opt_reduce.cc:134:opt_pmux$12487 }
    New ctrl vector for $pmux cell $procmux$9437: { $procmux$1107_CMP $auto$opt_reduce.cc:134:opt_pmux$12493 $auto$opt_reduce.cc:134:opt_pmux$12491 }
    New ctrl vector for $pmux cell $procmux$3948: { $procmux$1107_CMP $auto$opt_reduce.cc:134:opt_pmux$12497 $auto$opt_reduce.cc:134:opt_pmux$12495 }
    New ctrl vector for $pmux cell $procmux$6357: { $procmux$1107_CMP $auto$opt_reduce.cc:134:opt_pmux$12501 $auto$opt_reduce.cc:134:opt_pmux$12499 }
    New ctrl vector for $pmux cell $procmux$1121: { $procmux$1108_CMP $procmux$1107_CMP $auto$opt_reduce.cc:134:opt_pmux$12505 $auto$opt_reduce.cc:134:opt_pmux$12503 }
    New ctrl vector for $pmux cell $procmux$8546: { $procmux$1107_CMP $auto$opt_reduce.cc:134:opt_pmux$12509 $auto$opt_reduce.cc:134:opt_pmux$12507 }
    New ctrl vector for $pmux cell $procmux$2529: { $procmux$1107_CMP $auto$opt_reduce.cc:134:opt_pmux$12513 $auto$opt_reduce.cc:134:opt_pmux$12511 }
    New ctrl vector for $pmux cell $procmux$5774: { $procmux$1107_CMP $auto$opt_reduce.cc:134:opt_pmux$12517 $auto$opt_reduce.cc:134:opt_pmux$12515 }
    New ctrl vector for $pmux cell $procmux$7743: { $procmux$1107_CMP $auto$opt_reduce.cc:134:opt_pmux$12521 $auto$opt_reduce.cc:134:opt_pmux$12519 }
    New ctrl vector for $pmux cell $procmux$9448: { $procmux$1107_CMP $auto$opt_reduce.cc:134:opt_pmux$12525 $auto$opt_reduce.cc:134:opt_pmux$12523 }
    New ctrl vector for $pmux cell $procmux$7017: { $procmux$1107_CMP $auto$opt_reduce.cc:134:opt_pmux$12529 $auto$opt_reduce.cc:134:opt_pmux$12527 }
    New ctrl vector for $pmux cell $procmux$1825: { $procmux$1107_CMP $auto$opt_reduce.cc:134:opt_pmux$12533 $auto$opt_reduce.cc:134:opt_pmux$12531 }
    New ctrl vector for $pmux cell $procmux$5246: { $procmux$1107_CMP $auto$opt_reduce.cc:134:opt_pmux$12537 $auto$opt_reduce.cc:134:opt_pmux$12535 }
    New ctrl vector for $pmux cell $procmux$3607: { $procmux$1107_CMP $auto$opt_reduce.cc:134:opt_pmux$12541 $auto$opt_reduce.cc:134:opt_pmux$12539 }
    New ctrl vector for $pmux cell $procmux$3013: { $procmux$1107_CMP $auto$opt_reduce.cc:134:opt_pmux$12545 $auto$opt_reduce.cc:134:opt_pmux$12543 }
    New ctrl vector for $pmux cell $procmux$8557: { $procmux$1107_CMP $auto$opt_reduce.cc:134:opt_pmux$12549 $auto$opt_reduce.cc:134:opt_pmux$12547 }
    New ctrl vector for $pmux cell $procmux$6368: { $procmux$1107_CMP $auto$opt_reduce.cc:134:opt_pmux$12553 $auto$opt_reduce.cc:134:opt_pmux$12551 }
    New ctrl vector for $pmux cell $procmux$2760: { $procmux$1107_CMP $auto$opt_reduce.cc:134:opt_pmux$12557 $auto$opt_reduce.cc:134:opt_pmux$12555 }
    New ctrl vector for $pmux cell $procmux$4773: { $procmux$1107_CMP $auto$opt_reduce.cc:134:opt_pmux$12561 $auto$opt_reduce.cc:134:opt_pmux$12559 }
    New ctrl vector for $pmux cell $procmux$9459: { $procmux$1107_CMP $auto$opt_reduce.cc:134:opt_pmux$12565 $auto$opt_reduce.cc:134:opt_pmux$12563 }
    New ctrl vector for $pmux cell $procmux$4344: { $procmux$1107_CMP $auto$opt_reduce.cc:134:opt_pmux$12569 $auto$opt_reduce.cc:134:opt_pmux$12567 }
    New ctrl vector for $pmux cell $procmux$7754: { $procmux$1107_CMP $auto$opt_reduce.cc:134:opt_pmux$12573 $auto$opt_reduce.cc:134:opt_pmux$12571 }
    New ctrl vector for $pmux cell $procmux$1363: { $procmux$1107_CMP $auto$opt_reduce.cc:134:opt_pmux$12577 $auto$opt_reduce.cc:134:opt_pmux$12575 }
    New ctrl vector for $pmux cell $procmux$7028: { $procmux$1107_CMP $auto$opt_reduce.cc:134:opt_pmux$12581 $auto$opt_reduce.cc:134:opt_pmux$12579 }
    New ctrl vector for $pmux cell $procmux$3959: { $procmux$1107_CMP $auto$opt_reduce.cc:134:opt_pmux$12585 $auto$opt_reduce.cc:134:opt_pmux$12583 }
    New ctrl vector for $pmux cell $procmux$5785: { $procmux$1107_CMP $auto$opt_reduce.cc:134:opt_pmux$12589 $auto$opt_reduce.cc:134:opt_pmux$12587 }
    New ctrl vector for $pmux cell $procmux$8568: { $procmux$1107_CMP $auto$opt_reduce.cc:134:opt_pmux$12593 $auto$opt_reduce.cc:134:opt_pmux$12591 }
    New ctrl vector for $pmux cell $procmux$1462: { $procmux$1107_CMP $auto$opt_reduce.cc:134:opt_pmux$12597 $auto$opt_reduce.cc:134:opt_pmux$12595 }
    New ctrl vector for $pmux cell $procmux$3299: { $procmux$1107_CMP $auto$opt_reduce.cc:134:opt_pmux$12601 $auto$opt_reduce.cc:134:opt_pmux$12599 }
    New ctrl vector for $pmux cell $procmux$9470: { $procmux$1107_CMP $auto$opt_reduce.cc:134:opt_pmux$12605 $auto$opt_reduce.cc:134:opt_pmux$12603 }
    New ctrl vector for $pmux cell $procmux$5257: { $procmux$1107_CMP $auto$opt_reduce.cc:134:opt_pmux$12609 $auto$opt_reduce.cc:134:opt_pmux$12607 }
    New ctrl vector for $pmux cell $procmux$6379: { $procmux$1107_CMP $auto$opt_reduce.cc:134:opt_pmux$12613 $auto$opt_reduce.cc:134:opt_pmux$12611 }
    New ctrl vector for $pmux cell $procmux$2144: { $procmux$1107_CMP $auto$opt_reduce.cc:134:opt_pmux$12617 $auto$opt_reduce.cc:134:opt_pmux$12615 }
    New ctrl vector for $pmux cell $procmux$7765: { $procmux$1107_CMP $auto$opt_reduce.cc:134:opt_pmux$12621 $auto$opt_reduce.cc:134:opt_pmux$12619 }
    New ctrl vector for $pmux cell $procmux$1693: { $procmux$1107_CMP $auto$opt_reduce.cc:134:opt_pmux$12625 $auto$opt_reduce.cc:134:opt_pmux$12623 }
    New ctrl vector for $pmux cell $procmux$2331: { $procmux$1107_CMP $auto$opt_reduce.cc:134:opt_pmux$12629 $auto$opt_reduce.cc:134:opt_pmux$12627 }
    New ctrl vector for $pmux cell $procmux$7039: { $procmux$1107_CMP $auto$opt_reduce.cc:134:opt_pmux$12633 $auto$opt_reduce.cc:134:opt_pmux$12631 }
    New ctrl vector for $pmux cell $procmux$8579: { $procmux$1107_CMP $auto$opt_reduce.cc:134:opt_pmux$12637 $auto$opt_reduce.cc:134:opt_pmux$12635 }
    New ctrl vector for $pmux cell $procmux$1979: { $procmux$1107_CMP $auto$opt_reduce.cc:134:opt_pmux$12641 $auto$opt_reduce.cc:134:opt_pmux$12639 }
    New ctrl vector for $pmux cell $procmux$9481: { $procmux$1107_CMP $auto$opt_reduce.cc:134:opt_pmux$12645 $auto$opt_reduce.cc:134:opt_pmux$12643 }
    New ctrl vector for $pmux cell $procmux$4784: { $procmux$1107_CMP $auto$opt_reduce.cc:134:opt_pmux$12649 $auto$opt_reduce.cc:134:opt_pmux$12647 }
    New ctrl vector for $pmux cell $procmux$3618: { $procmux$1107_CMP $auto$opt_reduce.cc:134:opt_pmux$12653 $auto$opt_reduce.cc:134:opt_pmux$12651 }
    New ctrl vector for $pmux cell $procmux$5796: { $procmux$1107_CMP $auto$opt_reduce.cc:134:opt_pmux$12657 $auto$opt_reduce.cc:134:opt_pmux$12655 }
    New ctrl vector for $pmux cell $procmux$4355: { $procmux$1107_CMP $auto$opt_reduce.cc:134:opt_pmux$12661 $auto$opt_reduce.cc:134:opt_pmux$12659 }
    New ctrl vector for $pmux cell $procmux$1572: { $procmux$1107_CMP $auto$opt_reduce.cc:134:opt_pmux$12665 $auto$opt_reduce.cc:134:opt_pmux$12663 }
    New ctrl vector for $pmux cell $procmux$7776: { $procmux$1107_CMP $auto$opt_reduce.cc:134:opt_pmux$12669 $auto$opt_reduce.cc:134:opt_pmux$12667 }
    New ctrl vector for $pmux cell $procmux$6390: { $procmux$1107_CMP $auto$opt_reduce.cc:134:opt_pmux$12673 $auto$opt_reduce.cc:134:opt_pmux$12671 }
    New ctrl vector for $pmux cell $procmux$2540: { $procmux$1107_CMP $auto$opt_reduce.cc:134:opt_pmux$12677 $auto$opt_reduce.cc:134:opt_pmux$12675 }
    New ctrl vector for $pmux cell $procmux$8590: { $procmux$1107_CMP $auto$opt_reduce.cc:134:opt_pmux$12681 $auto$opt_reduce.cc:134:opt_pmux$12679 }
    New ctrl vector for $pmux cell $procmux$9492: { $procmux$1108_CMP $procmux$1107_CMP $procmux$1105_CMP $procmux$1104_CMP $procmux$1103_CMP $procmux$1102_CMP $procmux$1101_CMP $auto$opt_reduce.cc:134:opt_pmux$12683 }
    New ctrl vector for $pmux cell $procmux$5268: { $procmux$1107_CMP $auto$opt_reduce.cc:134:opt_pmux$12687 $auto$opt_reduce.cc:134:opt_pmux$12685 }
    New ctrl vector for $pmux cell $procmux$7050: { $procmux$1107_CMP $auto$opt_reduce.cc:134:opt_pmux$12691 $auto$opt_reduce.cc:134:opt_pmux$12689 }
    New ctrl vector for $pmux cell $procmux$3970: { $procmux$1107_CMP $auto$opt_reduce.cc:134:opt_pmux$12695 $auto$opt_reduce.cc:134:opt_pmux$12693 }
    New ctrl vector for $pmux cell $procmux$3024: { $procmux$1107_CMP $auto$opt_reduce.cc:134:opt_pmux$12699 $auto$opt_reduce.cc:134:opt_pmux$12697 }
    New ctrl vector for $pmux cell $procmux$1275: { $procmux$1107_CMP $auto$opt_reduce.cc:134:opt_pmux$12703 $auto$opt_reduce.cc:134:opt_pmux$12701 }
    New ctrl vector for $pmux cell $procmux$2771: { $procmux$1107_CMP $auto$opt_reduce.cc:134:opt_pmux$12707 $auto$opt_reduce.cc:134:opt_pmux$12705 }
    New ctrl vector for $pmux cell $procmux$3310: { $procmux$1107_CMP $auto$opt_reduce.cc:134:opt_pmux$12711 $auto$opt_reduce.cc:134:opt_pmux$12709 }
    New ctrl vector for $pmux cell $procmux$7787: { $procmux$1107_CMP $auto$opt_reduce.cc:134:opt_pmux$12715 $auto$opt_reduce.cc:134:opt_pmux$12713 }
    New ctrl vector for $pmux cell $procmux$5807: { $procmux$1107_CMP $auto$opt_reduce.cc:134:opt_pmux$12719 $auto$opt_reduce.cc:134:opt_pmux$12717 }
    New ctrl vector for $pmux cell $procmux$9503: { $procmux$1108_CMP $auto$opt_reduce.cc:134:opt_pmux$12723 $auto$opt_reduce.cc:134:opt_pmux$12721 }
    New ctrl vector for $pmux cell $procmux$8601: { $procmux$1107_CMP $auto$opt_reduce.cc:134:opt_pmux$12727 $auto$opt_reduce.cc:134:opt_pmux$12725 }
    New ctrl vector for $pmux cell $procmux$4795: { $procmux$1107_CMP $auto$opt_reduce.cc:134:opt_pmux$12731 $auto$opt_reduce.cc:134:opt_pmux$12729 }
    New ctrl vector for $pmux cell $procmux$6401: { $procmux$1107_CMP $auto$opt_reduce.cc:134:opt_pmux$12735 $auto$opt_reduce.cc:134:opt_pmux$12733 }
    New ctrl vector for $pmux cell $procmux$7061: { $procmux$1107_CMP $auto$opt_reduce.cc:134:opt_pmux$12739 $auto$opt_reduce.cc:134:opt_pmux$12737 }
    New ctrl vector for $pmux cell $procmux$4366: { $procmux$1107_CMP $auto$opt_reduce.cc:134:opt_pmux$12743 $auto$opt_reduce.cc:134:opt_pmux$12741 }
    New ctrl vector for $pmux cell $procmux$5279: { $procmux$1107_CMP $auto$opt_reduce.cc:134:opt_pmux$12747 $auto$opt_reduce.cc:134:opt_pmux$12745 }
    New ctrl vector for $pmux cell $procmux$1198: { $procmux$1107_CMP $auto$opt_reduce.cc:134:opt_pmux$12751 $auto$opt_reduce.cc:134:opt_pmux$12749 }
    New ctrl vector for $pmux cell $procmux$9514: { $procmux$1101_CMP $auto$opt_reduce.cc:134:opt_pmux$12753 }
    New ctrl vector for $pmux cell $procmux$7798: { $procmux$1107_CMP $auto$opt_reduce.cc:134:opt_pmux$12757 $auto$opt_reduce.cc:134:opt_pmux$12755 }
    New ctrl vector for $pmux cell $procmux$8612: { $procmux$1107_CMP $auto$opt_reduce.cc:134:opt_pmux$12761 $auto$opt_reduce.cc:134:opt_pmux$12759 }
    New ctrl vector for $pmux cell $procmux$3629: { $procmux$1107_CMP $auto$opt_reduce.cc:134:opt_pmux$12765 $auto$opt_reduce.cc:134:opt_pmux$12763 }
    New ctrl vector for $pmux cell $procmux$3981: { $procmux$1107_CMP $auto$opt_reduce.cc:134:opt_pmux$12769 $auto$opt_reduce.cc:134:opt_pmux$12767 }
    New ctrl vector for $pmux cell $procmux$5818: { $procmux$1107_CMP $auto$opt_reduce.cc:134:opt_pmux$12773 $auto$opt_reduce.cc:134:opt_pmux$12771 }
    New ctrl vector for $pmux cell $procmux$6412: { $procmux$1107_CMP $auto$opt_reduce.cc:134:opt_pmux$12777 $auto$opt_reduce.cc:134:opt_pmux$12775 }
    New ctrl vector for $pmux cell $procmux$7072: { $procmux$1107_CMP $auto$opt_reduce.cc:134:opt_pmux$12781 $auto$opt_reduce.cc:134:opt_pmux$12779 }
    New ctrl vector for $pmux cell $procmux$1836: { $procmux$1107_CMP $auto$opt_reduce.cc:134:opt_pmux$12785 $auto$opt_reduce.cc:134:opt_pmux$12783 }
  Optimizing cells in module \rq_mult_parallel.
Performed a total of 770 changes.

3.6.5. Executing OPT_MERGE pass (detect identical cells).
Finding identical cells in module `\mod4591svec28'.
Finding identical cells in module `\modmul4591s'.
Finding identical cells in module `\modq_freeze'.
Finding identical cells in module `\rq_fma_v2'.
Finding identical cells in module `\rq_mult_parallel'.
<suppressed ~4575 debug messages>
Removed a total of 1525 cells.

3.6.6. Executing OPT_DFF pass (perform DFF optimizations).

3.6.7. Executing OPT_CLEAN pass (remove unused cells and wires).
Finding unused cells or wires in module \mod4591svec28..
Finding unused cells or wires in module \modmul4591s..
Finding unused cells or wires in module \modq_freeze..
Finding unused cells or wires in module \rq_fma_v2..
Finding unused cells or wires in module \rq_mult_parallel..
Removed 0 unused cells and 8430 unused wires.
<suppressed ~1 debug messages>

3.6.8. Executing OPT_EXPR pass (perform const folding).
Optimizing module mod4591svec28.
Optimizing module modmul4591s.
Optimizing module modq_freeze.
Optimizing module rq_fma_v2.
Optimizing module rq_mult_parallel.

3.6.9. Rerunning OPT passes. (Maybe there is more to do..)

3.6.10. Executing OPT_MUXTREE pass (detect dead branches in mux trees).
Running muxtree optimizer on module \mod4591svec28..
  Creating internal representation of mux trees.
  Evaluating internal representation of mux trees.
  Analyzing evaluation results.
Running muxtree optimizer on module \modmul4591s..
  Creating internal representation of mux trees.
  Evaluating internal representation of mux trees.
  Analyzing evaluation results.
Running muxtree optimizer on module \modq_freeze..
  Creating internal representation of mux trees.
  No muxes found in this module.
Running muxtree optimizer on module \rq_fma_v2..
  Creating internal representation of mux trees.
  Evaluating internal representation of mux trees.
  Analyzing evaluation results.
Running muxtree optimizer on module \rq_mult_parallel..
  Creating internal representation of mux trees.
  Evaluating internal representation of mux trees.
  Analyzing evaluation results.
Removed 0 multiplexer ports.
<suppressed ~17 debug messages>

3.6.11. Executing OPT_REDUCE pass (consolidate $*mux and $reduce_* inputs).
  Optimizing cells in module \mod4591svec28.
  Optimizing cells in module \modmul4591s.
  Optimizing cells in module \modq_freeze.
  Optimizing cells in module \rq_fma_v2.
  Optimizing cells in module \rq_mult_parallel.
Performed a total of 0 changes.

3.6.12. Executing OPT_MERGE pass (detect identical cells).
Finding identical cells in module `\mod4591svec28'.
Finding identical cells in module `\modmul4591s'.
Finding identical cells in module `\modq_freeze'.
Finding identical cells in module `\rq_fma_v2'.
Finding identical cells in module `\rq_mult_parallel'.
Removed a total of 0 cells.

3.6.13. Executing OPT_DFF pass (perform DFF optimizations).

3.6.14. Executing OPT_CLEAN pass (remove unused cells and wires).
Finding unused cells or wires in module \mod4591svec28..
Finding unused cells or wires in module \modmul4591s..
Finding unused cells or wires in module \modq_freeze..
Finding unused cells or wires in module \rq_fma_v2..
Finding unused cells or wires in module \rq_mult_parallel..

3.6.15. Executing OPT_EXPR pass (perform const folding).
Optimizing module mod4591svec28.
Optimizing module modmul4591s.
Optimizing module modq_freeze.
Optimizing module rq_fma_v2.
Optimizing module rq_mult_parallel.

3.6.16. Finished OPT passes. (There is nothing left to do.)

3.7. Executing FSM pass (extract and optimize FSM).

3.7.1. Executing FSM_DETECT pass (finding FSMs in design).
Not marking rq_mult_parallel.n7082_q as FSM state register:
    Circuit seems to be self-resetting.
Not marking rq_mult_parallel.n7083_q as FSM state register:
    Circuit seems to be self-resetting.

3.7.2. Executing FSM_EXTRACT pass (extracting FSM from design).

3.7.3. Executing FSM_OPT pass (simple optimizations of FSMs).

3.7.4. Executing OPT_CLEAN pass (remove unused cells and wires).
Finding unused cells or wires in module \mod4591svec28..
Finding unused cells or wires in module \modmul4591s..
Finding unused cells or wires in module \modq_freeze..
Finding unused cells or wires in module \rq_fma_v2..
Finding unused cells or wires in module \rq_mult_parallel..

3.7.5. Executing FSM_OPT pass (simple optimizations of FSMs).

3.7.6. Executing FSM_RECODE pass (re-assigning FSM state encoding).

3.7.7. Executing FSM_INFO pass (dumping all available information on FSM cells).

3.7.8. Executing FSM_MAP pass (mapping FSMs to basic logic).

3.8. Executing OPT pass (performing simple optimizations).

3.8.1. Executing OPT_EXPR pass (perform const folding).
Optimizing module mod4591svec28.
Optimizing module modmul4591s.
Optimizing module modq_freeze.
Optimizing module rq_fma_v2.
Optimizing module rq_mult_parallel.

3.8.2. Executing OPT_MERGE pass (detect identical cells).
Finding identical cells in module `\mod4591svec28'.
Finding identical cells in module `\modmul4591s'.
Finding identical cells in module `\modq_freeze'.
Finding identical cells in module `\rq_fma_v2'.
Finding identical cells in module `\rq_mult_parallel'.
Removed a total of 0 cells.

3.8.3. Executing OPT_MUXTREE pass (detect dead branches in mux trees).
Running muxtree optimizer on module \mod4591svec28..
  Creating internal representation of mux trees.
  Evaluating internal representation of mux trees.
  Analyzing evaluation results.
Running muxtree optimizer on module \modmul4591s..
  Creating internal representation of mux trees.
  Evaluating internal representation of mux trees.
  Analyzing evaluation results.
Running muxtree optimizer on module \modq_freeze..
  Creating internal representation of mux trees.
  No muxes found in this module.
Running muxtree optimizer on module \rq_fma_v2..
  Creating internal representation of mux trees.
  Evaluating internal representation of mux trees.
  Analyzing evaluation results.
Running muxtree optimizer on module \rq_mult_parallel..
  Creating internal representation of mux trees.
  Evaluating internal representation of mux trees.
  Analyzing evaluation results.
Removed 0 multiplexer ports.
<suppressed ~17 debug messages>

3.8.4. Executing OPT_REDUCE pass (consolidate $*mux and $reduce_* inputs).
  Optimizing cells in module \mod4591svec28.
  Optimizing cells in module \modmul4591s.
  Optimizing cells in module \modq_freeze.
  Optimizing cells in module \rq_fma_v2.
  Optimizing cells in module \rq_mult_parallel.
Performed a total of 0 changes.

3.8.5. Executing OPT_MERGE pass (detect identical cells).
Finding identical cells in module `\mod4591svec28'.
Finding identical cells in module `\modmul4591s'.
Finding identical cells in module `\modq_freeze'.
Finding identical cells in module `\rq_fma_v2'.
Finding identical cells in module `\rq_mult_parallel'.
Removed a total of 0 cells.

3.8.6. Executing OPT_DFF pass (perform DFF optimizations).
Adding SRST signal on $procdff$9711 ($dff) from module modmul4591s (D = \input, Q = \n7246_q, rval = 28'0000000000000000000000000000).
Adding SRST signal on $procdff$9709 ($dff) from module modmul4591s (D = \n7238_o, Q = \n7248_q, rval = 13'0000000000000).
Adding EN signal on $procdff$9708 ($adff) from module rq_mult_parallel (D = \n1625_o, Q = \n7082_q).
Adding EN signal on $procdff$9707 ($adff) from module rq_mult_parallel (D = \n4758_o, Q = \n7083_q).
Adding EN signal on $procdff$9706 ($dff) from module rq_mult_parallel (D = { \n4773_o \n4768_o \n4763_o }, Q = \n7086_q).
Adding EN signal on $procdff$9705 ($dff) from module rq_mult_parallel (D = \n4668_o, Q = \n7089_q [17502:17480]).
Adding EN signal on $procdff$9705 ($dff) from module rq_mult_parallel (D = { \n4664_o \n4660_o \n4656_o \n4652_o \n4648_o \n4644_o \n4640_o \n4636_o \n4632_o \n4628_o \n4624_o \n4620_o \n4616_o \n4612_o \n4608_o \n4604_o \n4600_o \n4596_o \n4592_o \n4588_o \n4584_o \n4580_o \n4576_o \n4572_o \n4568_o \n4564_o \n4560_o \n4556_o \n4552_o \n4548_o \n4544_o \n4540_o \n4536_o \n4532_o \n4528_o \n4524_o \n4520_o \n4516_o \n4512_o \n4508_o \n4504_o \n4500_o \n4496_o \n4492_o \n4488_o \n4484_o \n4480_o \n4476_o \n4472_o \n4468_o \n4464_o \n4460_o \n4456_o \n4452_o \n4448_o \n4444_o \n4440_o \n4436_o \n4432_o \n4428_o \n4424_o \n4420_o \n4416_o \n4412_o \n4408_o \n4404_o \n4400_o \n4396_o \n4392_o \n4388_o \n4384_o \n4380_o \n4376_o \n4372_o \n4368_o \n4364_o \n4360_o \n4356_o \n4352_o \n4348_o \n4344_o \n4340_o \n4336_o \n4332_o \n4328_o \n4324_o \n4320_o \n4316_o \n4312_o \n4308_o \n4304_o \n4300_o \n4296_o \n4292_o \n4288_o \n4284_o \n4280_o \n4276_o \n4272_o \n4268_o \n4264_o \n4260_o \n4256_o \n4252_o \n4248_o \n4244_o \n4240_o \n4236_o \n4232_o \n4228_o \n4224_o \n4220_o \n4216_o \n4212_o \n4208_o \n4204_o \n4200_o \n4196_o \n4192_o \n4188_o \n4184_o \n4180_o \n4176_o \n4172_o \n4168_o \n4164_o \n4160_o \n4156_o \n4152_o \n4148_o \n4144_o \n4140_o \n4136_o \n4132_o \n4128_o \n4124_o \n4120_o \n4116_o \n4112_o \n4108_o \n4104_o \n4100_o \n4096_o \n4092_o \n4088_o \n4084_o \n4080_o \n4076_o \n4072_o \n4068_o \n4064_o \n4060_o \n4056_o \n4052_o \n4048_o \n4044_o \n4040_o \n4036_o \n4032_o \n4028_o \n4024_o \n4020_o \n4016_o \n4012_o \n4008_o \n4004_o \n4000_o \n3996_o \n3992_o \n3988_o \n3984_o \n3980_o \n3976_o \n3972_o \n3968_o \n3964_o \n3960_o \n3956_o \n3952_o \n3948_o \n3944_o \n3940_o \n3936_o \n3932_o \n3928_o \n3924_o \n3920_o \n3916_o \n3912_o \n3908_o \n3904_o \n3900_o \n3896_o \n3892_o \n3888_o \n3884_o \n3880_o \n3876_o \n3872_o \n3868_o \n3864_o \n3860_o \n3856_o \n3852_o \n3848_o \n3844_o \n3840_o \n3836_o \n3832_o \n3828_o \n3824_o \n3820_o \n3816_o \n3812_o \n3808_o \n3804_o \n3800_o \n3796_o \n3792_o \n3788_o \n3784_o \n3780_o \n3776_o \n3772_o \n3768_o \n3764_o \n3760_o \n3756_o \n3752_o \n3748_o \n3744_o \n3740_o \n3736_o \n3732_o \n3728_o \n3724_o \n3720_o \n3716_o \n3712_o \n3708_o \n3704_o \n3700_o \n3696_o \n3692_o \n3688_o \n3684_o \n3680_o \n3676_o \n3672_o \n3668_o \n3664_o \n3660_o \n3656_o \n3652_o \n3648_o \n3644_o \n3640_o \n3636_o \n3632_o \n3628_o \n3624_o \n3620_o \n3616_o \n3612_o \n3608_o \n3604_o \n3600_o \n3596_o \n3592_o \n3588_o \n3584_o \n3580_o \n3576_o \n3572_o \n3568_o \n3564_o \n3560_o \n3556_o \n3552_o \n3548_o \n3544_o \n3540_o \n3536_o \n3532_o \n3528_o \n3524_o \n3520_o \n3516_o \n3512_o \n3508_o \n3504_o \n3500_o \n3496_o \n3492_o \n3488_o \n3484_o \n3480_o \n3476_o \n3472_o \n3468_o \n3464_o \n3460_o \n3456_o \n3452_o \n3448_o \n3444_o \n3440_o \n3436_o \n3432_o \n3428_o \n3424_o \n3420_o \n3416_o \n3412_o \n3408_o \n3404_o \n3400_o \n3396_o \n3392_o \n3388_o \n3384_o \n3380_o \n3376_o \n3372_o \n3368_o \n3364_o \n3360_o \n3356_o \n3352_o \n3348_o \n3344_o \n3340_o \n3336_o \n3332_o \n3328_o \n3324_o \n3320_o \n3316_o \n3312_o \n3308_o \n3304_o \n3300_o \n3296_o \n3292_o \n3288_o \n3284_o \n3280_o \n3276_o \n3272_o \n3268_o \n3264_o \n3260_o \n3256_o \n3252_o \n3248_o \n3244_o \n3240_o \n3236_o \n3232_o \n3228_o \n3224_o \n3220_o \n3216_o \n3212_o \n3208_o \n3204_o \n3200_o \n3196_o \n3192_o \n3188_o \n3184_o \n3180_o \n3176_o \n3172_o \n3168_o \n3164_o \n3160_o \n3156_o \n3152_o \n3148_o \n3144_o \n3140_o \n3136_o \n3132_o \n3128_o \n3124_o \n3120_o \n3116_o \n3112_o \n3108_o \n3104_o \n3100_o \n3096_o \n3092_o \n3088_o \n3084_o \n3080_o \n3076_o \n3072_o \n3068_o \n3064_o \n3060_o \n3056_o \n3052_o \n3048_o \n3044_o \n3040_o \n3036_o \n3032_o \n3028_o \n3024_o \n3020_o \n3016_o \n3012_o \n3008_o \n3004_o \n3000_o \n2996_o \n2992_o \n2988_o \n2984_o \n2980_o \n2976_o \n2972_o \n2968_o \n2964_o \n2960_o \n2956_o \n2952_o \n2948_o \n2944_o \n2940_o \n2936_o \n2932_o \n2928_o \n2924_o \n2920_o \n2916_o \n2912_o \n2908_o \n2904_o \n2900_o \n2896_o \n2892_o \n2888_o \n2884_o \n2880_o \n2876_o \n2872_o \n2868_o \n2864_o \n2860_o \n2856_o \n2852_o \n2848_o \n2844_o \n2840_o \n2836_o \n2832_o \n2828_o \n2824_o \n2820_o \n2816_o \n2812_o \n2808_o \n2804_o \n2800_o \n2796_o \n2792_o \n2788_o \n2784_o \n2780_o \n2776_o \n2772_o \n2768_o \n2764_o \n2760_o \n2756_o \n2752_o \n2748_o \n2744_o \n2740_o \n2736_o \n2732_o \n2728_o \n2724_o \n2720_o \n2716_o \n2712_o \n2708_o \n2704_o \n2700_o \n2696_o \n2692_o \n2688_o \n2684_o \n2680_o \n2676_o \n2672_o \n2668_o \n2664_o \n2660_o \n2656_o \n2652_o \n2648_o \n2644_o \n2640_o \n2636_o \n2632_o \n2628_o \n2624_o \n2620_o \n2616_o \n2612_o \n2608_o \n2604_o \n2600_o \n2596_o \n2592_o \n2588_o \n2584_o \n2580_o \n2576_o \n2572_o \n2568_o \n2564_o \n2560_o \n2556_o \n2552_o \n2548_o \n2544_o \n2540_o \n2536_o \n2532_o \n2528_o \n2524_o \n2520_o \n2516_o \n2512_o \n2508_o \n2504_o \n2500_o \n2496_o \n2492_o \n2488_o \n2484_o \n2480_o \n2476_o \n2472_o \n2468_o \n2464_o \n2460_o \n2456_o \n2452_o \n2448_o \n2444_o \n2440_o \n2436_o \n2432_o \n2428_o \n2424_o \n2420_o \n2416_o \n2412_o \n2408_o \n2404_o \n2400_o \n2396_o \n2392_o \n2388_o \n2384_o \n2380_o \n2376_o \n2372_o \n2368_o \n2364_o \n2360_o \n2356_o \n2352_o \n2348_o \n2344_o \n2340_o \n2336_o \n2332_o \n2328_o \n2324_o \n2320_o \n2316_o \n2312_o \n2308_o \n2304_o \n2300_o \n2296_o \n2292_o \n2288_o \n2284_o \n2280_o \n2276_o \n2272_o \n2268_o \n2264_o \n2260_o \n2256_o \n2252_o \n2248_o \n2244_o \n2240_o \n2236_o \n2232_o \n2228_o \n2224_o \n2220_o \n2216_o \n2212_o \n2208_o \n2204_o \n2200_o \n2196_o \n2192_o \n2188_o \n2184_o \n2180_o \n2176_o \n2172_o \n2168_o \n2164_o \n2160_o \n2156_o \n2152_o \n2148_o \n2144_o \n2140_o \n2136_o \n2132_o \n2128_o \n2124_o \n2120_o \n2116_o \n2112_o \n2108_o \n2104_o \n2100_o \n2096_o \n2092_o \n2088_o \n2084_o \n2080_o \n2076_o \n2072_o \n2068_o \n2064_o \n2060_o \n2056_o \n2052_o \n2048_o \n2044_o \n2040_o \n2036_o \n2032_o \n2028_o \n2024_o \n2020_o \n2016_o \n2012_o \n2008_o \n2004_o \n2000_o \n1996_o \n1992_o \n1988_o \n1984_o \n1980_o \n1976_o \n1972_o \n1968_o \n1964_o \n1960_o \n1956_o \n1952_o \n1948_o \n1944_o \n1940_o \n1936_o \n1932_o \n1928_o \n1924_o \n1920_o \n1916_o \n1912_o \n1908_o \n1904_o \n1900_o \n1896_o \n1892_o \n1888_o \n1884_o \n1880_o \n1876_o \n1872_o \n1868_o \n1864_o \n1860_o \n1856_o \n1852_o \n1848_o \n1844_o \n1840_o \n1836_o \n1832_o \n1828_o \n1824_o \n1820_o \n1816_o \n1812_o \n1808_o \n1804_o \n1800_o \n1796_o \n1792_o \n1788_o \n1784_o \n1780_o \n1776_o \n1772_o \n1768_o \n1764_o \n1760_o \n1756_o \n1752_o \n1748_o \n1744_o \n1740_o \n1736_o \n1732_o \n1728_o \n1724_o \n1720_o \n1716_o \n1712_o \n1708_o \n1704_o \n1700_o \n1696_o \n1692_o \n1688_o \n1684_o \n1680_o \n1676_o \n1672_o \n1668_o \n1664_o \n1660_o \n1656_o \n1652_o \n1648_o \n1644_o \n1640_o \n1636_o \n1632_o \n1628_o }, Q = \n7089_q [17479:0]).
Adding EN signal on $procdff$9704 ($dff) from module rq_mult_parallel (D = \n4672_o, Q = \n7092_q).
Adding EN signal on $procdff$9703 ($dff) from module rq_mult_parallel (D = \n4776_o, Q = \n7095_q).
Adding EN signal on $procdff$9702 ($dff) from module rq_mult_parallel (D = \n4677_o, Q = \n7098_q).
Adding EN signal on $procdff$9698 ($dff) from module rq_mult_parallel (D = \n1615_o, Q = \n7105_q).
Adding EN signal on $procdff$9696 ($dff) from module rq_mult_parallel (D = \n1619_o, Q = \n7109_q).

3.8.7. Executing OPT_CLEAN pass (remove unused cells and wires).
Finding unused cells or wires in module \mod4591svec28..
Finding unused cells or wires in module \modmul4591s..
Finding unused cells or wires in module \modq_freeze..
Finding unused cells or wires in module \rq_fma_v2..
Finding unused cells or wires in module \rq_mult_parallel..
Removed 9 unused cells and 9 unused wires.
<suppressed ~18 debug messages>

3.8.8. Executing OPT_EXPR pass (perform const folding).
Optimizing module mod4591svec28.
Optimizing module modmul4591s.
Optimizing module modq_freeze.
Optimizing module rq_fma_v2.
Optimizing module rq_mult_parallel.
<suppressed ~8 debug messages>

3.8.9. Rerunning OPT passes. (Maybe there is more to do..)

3.8.10. Executing OPT_MUXTREE pass (detect dead branches in mux trees).
Running muxtree optimizer on module \mod4591svec28..
  Creating internal representation of mux trees.
  Evaluating internal representation of mux trees.
  Analyzing evaluation results.
Running muxtree optimizer on module \modmul4591s..
  Creating internal representation of mux trees.
  Evaluating internal representation of mux trees.
  Analyzing evaluation results.
Running muxtree optimizer on module \modq_freeze..
  Creating internal representation of mux trees.
  No muxes found in this module.
Running muxtree optimizer on module \rq_fma_v2..
  Creating internal representation of mux trees.
  Evaluating internal representation of mux trees.
  Analyzing evaluation results.
Running muxtree optimizer on module \rq_mult_parallel..
  Creating internal representation of mux trees.
  Evaluating internal representation of mux trees.
  Analyzing evaluation results.
Removed 0 multiplexer ports.
<suppressed ~778 debug messages>

3.8.11. Executing OPT_REDUCE pass (consolidate $*mux and $reduce_* inputs).
  Optimizing cells in module \mod4591svec28.
  Optimizing cells in module \modmul4591s.
  Optimizing cells in module \modq_freeze.
  Optimizing cells in module \rq_fma_v2.
  Optimizing cells in module \rq_mult_parallel.
    New ctrl vector for $pmux cell $procmux$1064: { $procmux$1066_CMP $procmux$1065_CMP }
    New ctrl vector for $pmux cell $procmux$1071: { $procmux$1069_CMP $auto$opt_reduce.cc:134:opt_pmux$10237 }
    New ctrl vector for $pmux cell $procmux$1078: { $procmux$1069_CMP $auto$opt_reduce.cc:134:opt_pmux$10237 }
    New ctrl vector for $pmux cell $procmux$1085: { $procmux$1069_CMP $auto$opt_reduce.cc:134:opt_pmux$10237 }
    New ctrl vector for $pmux cell $procmux$1099: { $procmux$1107_CMP $procmux$1106_CMP $auto$opt_reduce.cc:134:opt_pmux$11459 }
    New ctrl vector for $pmux cell $procmux$1110: { $procmux$1108_CMP $procmux$1107_CMP $procmux$1105_CMP $procmux$1104_CMP $procmux$1102_CMP $auto$opt_reduce.cc:134:opt_pmux$11459 }
    New ctrl vector for $pmux cell $procmux$1121: { $procmux$1108_CMP $procmux$1107_CMP $auto$opt_reduce.cc:134:opt_pmux$10001 }
    New ctrl vector for $pmux cell $procmux$1132: { $procmux$1107_CMP $auto$opt_reduce.cc:134:opt_pmux$10001 }
    New ctrl vector for $pmux cell $procmux$1143: { $procmux$1107_CMP $auto$opt_reduce.cc:134:opt_pmux$10001 }
    New ctrl vector for $pmux cell $procmux$1154: { $procmux$1107_CMP $auto$opt_reduce.cc:134:opt_pmux$10001 }
    New ctrl vector for $pmux cell $procmux$1165: { $procmux$1107_CMP $auto$opt_reduce.cc:134:opt_pmux$10001 }
    New ctrl vector for $pmux cell $procmux$1176: { $procmux$1107_CMP $auto$opt_reduce.cc:134:opt_pmux$10001 }
    New ctrl vector for $pmux cell $procmux$1187: { $procmux$1107_CMP $auto$opt_reduce.cc:134:opt_pmux$10001 }
    New ctrl vector for $pmux cell $procmux$1198: { $procmux$1107_CMP $auto$opt_reduce.cc:134:opt_pmux$10001 }
    New ctrl vector for $pmux cell $procmux$1209: { $procmux$1107_CMP $auto$opt_reduce.cc:134:opt_pmux$10001 }
    New ctrl vector for $pmux cell $procmux$1220: { $procmux$1107_CMP $auto$opt_reduce.cc:134:opt_pmux$10001 }
    New ctrl vector for $pmux cell $procmux$1231: { $procmux$1107_CMP $auto$opt_reduce.cc:134:opt_pmux$10001 }
    New ctrl vector for $pmux cell $procmux$1242: { $procmux$1107_CMP $auto$opt_reduce.cc:134:opt_pmux$10001 }
    New ctrl vector for $pmux cell $procmux$1253: { $procmux$1107_CMP $auto$opt_reduce.cc:134:opt_pmux$10001 }
    New ctrl vector for $pmux cell $procmux$1264: { $procmux$1107_CMP $auto$opt_reduce.cc:134:opt_pmux$10001 }
    New ctrl vector for $pmux cell $procmux$1275: { $procmux$1107_CMP $auto$opt_reduce.cc:134:opt_pmux$10001 }
    New ctrl vector for $pmux cell $procmux$1286: { $procmux$1107_CMP $auto$opt_reduce.cc:134:opt_pmux$10001 }
    New ctrl vector for $pmux cell $procmux$1297: { $procmux$1107_CMP $auto$opt_reduce.cc:134:opt_pmux$10001 }
    New ctrl vector for $pmux cell $procmux$1308: { $procmux$1107_CMP $auto$opt_reduce.cc:134:opt_pmux$10001 }
    New ctrl vector for $pmux cell $procmux$1319: { $procmux$1107_CMP $auto$opt_reduce.cc:134:opt_pmux$10001 }
    New ctrl vector for $pmux cell $procmux$1330: { $procmux$1107_CMP $auto$opt_reduce.cc:134:opt_pmux$10001 }
    New ctrl vector for $pmux cell $procmux$1341: { $procmux$1107_CMP $auto$opt_reduce.cc:134:opt_pmux$10001 }
    New ctrl vector for $pmux cell $procmux$1352: { $procmux$1107_CMP $auto$opt_reduce.cc:134:opt_pmux$10001 }
    New ctrl vector for $pmux cell $procmux$1363: { $procmux$1107_CMP $auto$opt_reduce.cc:134:opt_pmux$10001 }
    New ctrl vector for $pmux cell $procmux$1374: { $procmux$1107_CMP $auto$opt_reduce.cc:134:opt_pmux$10001 }
    New ctrl vector for $pmux cell $procmux$1385: { $procmux$1107_CMP $auto$opt_reduce.cc:134:opt_pmux$10001 }
    New ctrl vector for $pmux cell $procmux$1396: { $procmux$1107_CMP $auto$opt_reduce.cc:134:opt_pmux$10001 }
    New ctrl vector for $pmux cell $procmux$1407: { $procmux$1107_CMP $auto$opt_reduce.cc:134:opt_pmux$10001 }
    New ctrl vector for $pmux cell $procmux$1418: { $procmux$1107_CMP $auto$opt_reduce.cc:134:opt_pmux$10001 }
    New ctrl vector for $pmux cell $procmux$1429: { $procmux$1107_CMP $auto$opt_reduce.cc:134:opt_pmux$10001 }
    New ctrl vector for $pmux cell $procmux$1440: { $procmux$1107_CMP $auto$opt_reduce.cc:134:opt_pmux$10001 }
    New ctrl vector for $pmux cell $procmux$1451: { $procmux$1107_CMP $auto$opt_reduce.cc:134:opt_pmux$10001 }
    New ctrl vector for $pmux cell $procmux$1462: { $procmux$1107_CMP $auto$opt_reduce.cc:134:opt_pmux$10001 }
    New ctrl vector for $pmux cell $procmux$1473: { $procmux$1107_CMP $auto$opt_reduce.cc:134:opt_pmux$10001 }
    New ctrl vector for $pmux cell $procmux$1484: { $procmux$1107_CMP $auto$opt_reduce.cc:134:opt_pmux$10001 }
    New ctrl vector for $pmux cell $procmux$1495: { $procmux$1107_CMP $auto$opt_reduce.cc:134:opt_pmux$10001 }
    New ctrl vector for $pmux cell $procmux$1506: { $procmux$1107_CMP $auto$opt_reduce.cc:134:opt_pmux$10001 }
    New ctrl vector for $pmux cell $procmux$1517: { $procmux$1107_CMP $auto$opt_reduce.cc:134:opt_pmux$10001 }
    New ctrl vector for $pmux cell $procmux$1528: { $procmux$1107_CMP $auto$opt_reduce.cc:134:opt_pmux$10001 }
    New ctrl vector for $pmux cell $procmux$1539: { $procmux$1107_CMP $auto$opt_reduce.cc:134:opt_pmux$10001 }
    New ctrl vector for $pmux cell $procmux$1550: { $procmux$1107_CMP $auto$opt_reduce.cc:134:opt_pmux$10001 }
    New ctrl vector for $pmux cell $procmux$1561: { $procmux$1107_CMP $auto$opt_reduce.cc:134:opt_pmux$10001 }
    New ctrl vector for $pmux cell $procmux$1572: { $procmux$1107_CMP $auto$opt_reduce.cc:134:opt_pmux$10001 }
    New ctrl vector for $pmux cell $procmux$1583: { $procmux$1107_CMP $auto$opt_reduce.cc:134:opt_pmux$10001 }
    New ctrl vector for $pmux cell $procmux$1594: { $procmux$1107_CMP $auto$opt_reduce.cc:134:opt_pmux$10001 }
    New ctrl vector for $pmux cell $procmux$1605: { $procmux$1107_CMP $auto$opt_reduce.cc:134:opt_pmux$10001 }
    New ctrl vector for $pmux cell $procmux$1616: { $procmux$1107_CMP $auto$opt_reduce.cc:134:opt_pmux$10001 }
    New ctrl vector for $pmux cell $procmux$1627: { $procmux$1107_CMP $auto$opt_reduce.cc:134:opt_pmux$10001 }
    New ctrl vector for $pmux cell $procmux$1638: { $procmux$1107_CMP $auto$opt_reduce.cc:134:opt_pmux$10001 }
    New ctrl vector for $pmux cell $procmux$1649: { $procmux$1107_CMP $auto$opt_reduce.cc:134:opt_pmux$10001 }
    New ctrl vector for $pmux cell $procmux$1660: { $procmux$1107_CMP $auto$opt_reduce.cc:134:opt_pmux$10001 }
    New ctrl vector for $pmux cell $procmux$1671: { $procmux$1107_CMP $auto$opt_reduce.cc:134:opt_pmux$10001 }
    New ctrl vector for $pmux cell $procmux$1682: { $procmux$1107_CMP $auto$opt_reduce.cc:134:opt_pmux$10001 }
    New ctrl vector for $pmux cell $procmux$1693: { $procmux$1107_CMP $auto$opt_reduce.cc:134:opt_pmux$10001 }
    New ctrl vector for $pmux cell $procmux$1704: { $procmux$1107_CMP $auto$opt_reduce.cc:134:opt_pmux$10001 }
    New ctrl vector for $pmux cell $procmux$1715: { $procmux$1107_CMP $auto$opt_reduce.cc:134:opt_pmux$10001 }
    New ctrl vector for $pmux cell $procmux$1726: { $procmux$1107_CMP $auto$opt_reduce.cc:134:opt_pmux$10001 }
    New ctrl vector for $pmux cell $procmux$1737: { $procmux$1107_CMP $auto$opt_reduce.cc:134:opt_pmux$10001 }
    New ctrl vector for $pmux cell $procmux$1748: { $procmux$1107_CMP $auto$opt_reduce.cc:134:opt_pmux$10001 }
    New ctrl vector for $pmux cell $procmux$1759: { $procmux$1107_CMP $auto$opt_reduce.cc:134:opt_pmux$10001 }
    New ctrl vector for $pmux cell $procmux$1770: { $procmux$1107_CMP $auto$opt_reduce.cc:134:opt_pmux$10001 }
    New ctrl vector for $pmux cell $procmux$1781: { $procmux$1107_CMP $auto$opt_reduce.cc:134:opt_pmux$10001 }
    New ctrl vector for $pmux cell $procmux$1792: { $procmux$1107_CMP $auto$opt_reduce.cc:134:opt_pmux$10001 }
    New ctrl vector for $pmux cell $procmux$1803: { $procmux$1107_CMP $auto$opt_reduce.cc:134:opt_pmux$10001 }
    New ctrl vector for $pmux cell $procmux$1814: { $procmux$1107_CMP $auto$opt_reduce.cc:134:opt_pmux$10001 }
    New ctrl vector for $pmux cell $procmux$1825: { $procmux$1107_CMP $auto$opt_reduce.cc:134:opt_pmux$10001 }
    New ctrl vector for $pmux cell $procmux$1836: { $procmux$1107_CMP $auto$opt_reduce.cc:134:opt_pmux$10001 }
    New ctrl vector for $pmux cell $procmux$1847: { $procmux$1107_CMP $auto$opt_reduce.cc:134:opt_pmux$10001 }
    New ctrl vector for $pmux cell $procmux$1858: { $procmux$1107_CMP $auto$opt_reduce.cc:134:opt_pmux$10001 }
    New ctrl vector for $pmux cell $procmux$1869: { $procmux$1107_CMP $auto$opt_reduce.cc:134:opt_pmux$10001 }
    New ctrl vector for $pmux cell $procmux$1880: { $procmux$1107_CMP $auto$opt_reduce.cc:134:opt_pmux$10001 }
    New ctrl vector for $pmux cell $procmux$1891: { $procmux$1107_CMP $auto$opt_reduce.cc:134:opt_pmux$10001 }
    New ctrl vector for $pmux cell $procmux$1902: { $procmux$1107_CMP $auto$opt_reduce.cc:134:opt_pmux$10001 }
    New ctrl vector for $pmux cell $procmux$1913: { $procmux$1107_CMP $auto$opt_reduce.cc:134:opt_pmux$10001 }
    New ctrl vector for $pmux cell $procmux$1924: { $procmux$1107_CMP $auto$opt_reduce.cc:134:opt_pmux$10001 }
    New ctrl vector for $pmux cell $procmux$1935: { $procmux$1107_CMP $auto$opt_reduce.cc:134:opt_pmux$10001 }
    New ctrl vector for $pmux cell $procmux$1946: { $procmux$1107_CMP $auto$opt_reduce.cc:134:opt_pmux$10001 }
    New ctrl vector for $pmux cell $procmux$1957: { $procmux$1107_CMP $auto$opt_reduce.cc:134:opt_pmux$10001 }
    New ctrl vector for $pmux cell $procmux$1968: { $procmux$1107_CMP $auto$opt_reduce.cc:134:opt_pmux$10001 }
    New ctrl vector for $pmux cell $procmux$1979: { $procmux$1107_CMP $auto$opt_reduce.cc:134:opt_pmux$10001 }
    New ctrl vector for $pmux cell $procmux$1990: { $procmux$1107_CMP $auto$opt_reduce.cc:134:opt_pmux$10001 }
    New ctrl vector for $pmux cell $procmux$2001: { $procmux$1107_CMP $auto$opt_reduce.cc:134:opt_pmux$10001 }
    New ctrl vector for $pmux cell $procmux$2012: { $procmux$1107_CMP $auto$opt_reduce.cc:134:opt_pmux$10001 }
    New ctrl vector for $pmux cell $procmux$2023: { $procmux$1107_CMP $auto$opt_reduce.cc:134:opt_pmux$10001 }
    New ctrl vector for $pmux cell $procmux$2034: { $procmux$1107_CMP $auto$opt_reduce.cc:134:opt_pmux$10001 }
    New ctrl vector for $pmux cell $procmux$2045: { $procmux$1107_CMP $auto$opt_reduce.cc:134:opt_pmux$10001 }
    New ctrl vector for $pmux cell $procmux$2056: { $procmux$1107_CMP $auto$opt_reduce.cc:134:opt_pmux$10001 }
    New ctrl vector for $pmux cell $procmux$2067: { $procmux$1107_CMP $auto$opt_reduce.cc:134:opt_pmux$10001 }
    New ctrl vector for $pmux cell $procmux$2078: { $procmux$1107_CMP $auto$opt_reduce.cc:134:opt_pmux$10001 }
    New ctrl vector for $pmux cell $procmux$2089: { $procmux$1107_CMP $auto$opt_reduce.cc:134:opt_pmux$10001 }
    New ctrl vector for $pmux cell $procmux$2100: { $procmux$1107_CMP $auto$opt_reduce.cc:134:opt_pmux$10001 }
    New ctrl vector for $pmux cell $procmux$2111: { $procmux$1107_CMP $auto$opt_reduce.cc:134:opt_pmux$10001 }
    New ctrl vector for $pmux cell $procmux$2122: { $procmux$1107_CMP $auto$opt_reduce.cc:134:opt_pmux$10001 }
    New ctrl vector for $pmux cell $procmux$2133: { $procmux$1107_CMP $auto$opt_reduce.cc:134:opt_pmux$10001 }
    New ctrl vector for $pmux cell $procmux$2144: { $procmux$1107_CMP $auto$opt_reduce.cc:134:opt_pmux$10001 }
    New ctrl vector for $pmux cell $procmux$2155: { $procmux$1107_CMP $auto$opt_reduce.cc:134:opt_pmux$10001 }
    New ctrl vector for $pmux cell $procmux$2166: { $procmux$1107_CMP $auto$opt_reduce.cc:134:opt_pmux$10001 }
    New ctrl vector for $pmux cell $procmux$2177: { $procmux$1107_CMP $auto$opt_reduce.cc:134:opt_pmux$10001 }
    New ctrl vector for $pmux cell $procmux$2188: { $procmux$1107_CMP $auto$opt_reduce.cc:134:opt_pmux$10001 }
    New ctrl vector for $pmux cell $procmux$2199: { $procmux$1107_CMP $auto$opt_reduce.cc:134:opt_pmux$10001 }
    New ctrl vector for $pmux cell $procmux$2210: { $procmux$1107_CMP $auto$opt_reduce.cc:134:opt_pmux$10001 }
    New ctrl vector for $pmux cell $procmux$2221: { $procmux$1107_CMP $auto$opt_reduce.cc:134:opt_pmux$10001 }
    New ctrl vector for $pmux cell $procmux$2232: { $procmux$1107_CMP $auto$opt_reduce.cc:134:opt_pmux$10001 }
    New ctrl vector for $pmux cell $procmux$2243: { $procmux$1107_CMP $auto$opt_reduce.cc:134:opt_pmux$10001 }
    New ctrl vector for $pmux cell $procmux$2254: { $procmux$1107_CMP $auto$opt_reduce.cc:134:opt_pmux$10001 }
    New ctrl vector for $pmux cell $procmux$2265: { $procmux$1107_CMP $auto$opt_reduce.cc:134:opt_pmux$10001 }
    New ctrl vector for $pmux cell $procmux$2276: { $procmux$1107_CMP $auto$opt_reduce.cc:134:opt_pmux$10001 }
    New ctrl vector for $pmux cell $procmux$2287: { $procmux$1107_CMP $auto$opt_reduce.cc:134:opt_pmux$10001 }
    New ctrl vector for $pmux cell $procmux$2298: { $procmux$1107_CMP $auto$opt_reduce.cc:134:opt_pmux$10001 }
    New ctrl vector for $pmux cell $procmux$2309: { $procmux$1107_CMP $auto$opt_reduce.cc:134:opt_pmux$10001 }
    New ctrl vector for $pmux cell $procmux$2320: { $procmux$1107_CMP $auto$opt_reduce.cc:134:opt_pmux$10001 }
    New ctrl vector for $pmux cell $procmux$2331: { $procmux$1107_CMP $auto$opt_reduce.cc:134:opt_pmux$10001 }
    New ctrl vector for $pmux cell $procmux$2342: { $procmux$1107_CMP $auto$opt_reduce.cc:134:opt_pmux$10001 }
    New ctrl vector for $pmux cell $procmux$2353: { $procmux$1107_CMP $auto$opt_reduce.cc:134:opt_pmux$10001 }
    New ctrl vector for $pmux cell $procmux$2364: { $procmux$1107_CMP $auto$opt_reduce.cc:134:opt_pmux$10001 }
    New ctrl vector for $pmux cell $procmux$2375: { $procmux$1107_CMP $auto$opt_reduce.cc:134:opt_pmux$10001 }
    New ctrl vector for $pmux cell $procmux$2386: { $procmux$1107_CMP $auto$opt_reduce.cc:134:opt_pmux$10001 }
    New ctrl vector for $pmux cell $procmux$2397: { $procmux$1107_CMP $auto$opt_reduce.cc:134:opt_pmux$10001 }
    New ctrl vector for $pmux cell $procmux$2408: { $procmux$1107_CMP $auto$opt_reduce.cc:134:opt_pmux$10001 }
    New ctrl vector for $pmux cell $procmux$2419: { $procmux$1107_CMP $auto$opt_reduce.cc:134:opt_pmux$10001 }
    New ctrl vector for $pmux cell $procmux$2430: { $procmux$1107_CMP $auto$opt_reduce.cc:134:opt_pmux$10001 }
    New ctrl vector for $pmux cell $procmux$2441: { $procmux$1107_CMP $auto$opt_reduce.cc:134:opt_pmux$10001 }
    New ctrl vector for $pmux cell $procmux$2452: { $procmux$1107_CMP $auto$opt_reduce.cc:134:opt_pmux$10001 }
    New ctrl vector for $pmux cell $procmux$2463: { $procmux$1107_CMP $auto$opt_reduce.cc:134:opt_pmux$10001 }
    New ctrl vector for $pmux cell $procmux$2474: { $procmux$1107_CMP $auto$opt_reduce.cc:134:opt_pmux$10001 }
    New ctrl vector for $pmux cell $procmux$2485: { $procmux$1107_CMP $auto$opt_reduce.cc:134:opt_pmux$10001 }
    New ctrl vector for $pmux cell $procmux$2496: { $procmux$1107_CMP $auto$opt_reduce.cc:134:opt_pmux$10001 }
    New ctrl vector for $pmux cell $procmux$2507: { $procmux$1107_CMP $auto$opt_reduce.cc:134:opt_pmux$10001 }
    New ctrl vector for $pmux cell $procmux$2518: { $procmux$1107_CMP $auto$opt_reduce.cc:134:opt_pmux$10001 }
    New ctrl vector for $pmux cell $procmux$2529: { $procmux$1107_CMP $auto$opt_reduce.cc:134:opt_pmux$10001 }
    New ctrl vector for $pmux cell $procmux$2540: { $procmux$1107_CMP $auto$opt_reduce.cc:134:opt_pmux$10001 }
    New ctrl vector for $pmux cell $procmux$2551: { $procmux$1107_CMP $auto$opt_reduce.cc:134:opt_pmux$10001 }
    New ctrl vector for $pmux cell $procmux$2562: { $procmux$1107_CMP $auto$opt_reduce.cc:134:opt_pmux$10001 }
    New ctrl vector for $pmux cell $procmux$2573: { $procmux$1107_CMP $auto$opt_reduce.cc:134:opt_pmux$10001 }
    New ctrl vector for $pmux cell $procmux$2584: { $procmux$1107_CMP $auto$opt_reduce.cc:134:opt_pmux$10001 }
    New ctrl vector for $pmux cell $procmux$2595: { $procmux$1107_CMP $auto$opt_reduce.cc:134:opt_pmux$10001 }
    New ctrl vector for $pmux cell $procmux$2606: { $procmux$1107_CMP $auto$opt_reduce.cc:134:opt_pmux$10001 }
    New ctrl vector for $pmux cell $procmux$2617: { $procmux$1107_CMP $auto$opt_reduce.cc:134:opt_pmux$10001 }
    New ctrl vector for $pmux cell $procmux$2628: { $procmux$1107_CMP $auto$opt_reduce.cc:134:opt_pmux$10001 }
    New ctrl vector for $pmux cell $procmux$2639: { $procmux$1107_CMP $auto$opt_reduce.cc:134:opt_pmux$10001 }
    New ctrl vector for $pmux cell $procmux$2650: { $procmux$1107_CMP $auto$opt_reduce.cc:134:opt_pmux$10001 }
    New ctrl vector for $pmux cell $procmux$2661: { $procmux$1107_CMP $auto$opt_reduce.cc:134:opt_pmux$10001 }
    New ctrl vector for $pmux cell $procmux$2672: { $procmux$1107_CMP $auto$opt_reduce.cc:134:opt_pmux$10001 }
    New ctrl vector for $pmux cell $procmux$2683: { $procmux$1107_CMP $auto$opt_reduce.cc:134:opt_pmux$10001 }
    New ctrl vector for $pmux cell $procmux$2694: { $procmux$1107_CMP $auto$opt_reduce.cc:134:opt_pmux$10001 }
    New ctrl vector for $pmux cell $procmux$2705: { $procmux$1107_CMP $auto$opt_reduce.cc:134:opt_pmux$10001 }
    New ctrl vector for $pmux cell $procmux$2716: { $procmux$1107_CMP $auto$opt_reduce.cc:134:opt_pmux$10001 }
    New ctrl vector for $pmux cell $procmux$2727: { $procmux$1107_CMP $auto$opt_reduce.cc:134:opt_pmux$10001 }
    New ctrl vector for $pmux cell $procmux$2738: { $procmux$1107_CMP $auto$opt_reduce.cc:134:opt_pmux$10001 }
    New ctrl vector for $pmux cell $procmux$2749: { $procmux$1107_CMP $auto$opt_reduce.cc:134:opt_pmux$10001 }
    New ctrl vector for $pmux cell $procmux$2760: { $procmux$1107_CMP $auto$opt_reduce.cc:134:opt_pmux$10001 }
    New ctrl vector for $pmux cell $procmux$2771: { $procmux$1107_CMP $auto$opt_reduce.cc:134:opt_pmux$10001 }
    New ctrl vector for $pmux cell $procmux$2782: { $procmux$1107_CMP $auto$opt_reduce.cc:134:opt_pmux$10001 }
    New ctrl vector for $pmux cell $procmux$2793: { $procmux$1107_CMP $auto$opt_reduce.cc:134:opt_pmux$10001 }
    New ctrl vector for $pmux cell $procmux$2804: { $procmux$1107_CMP $auto$opt_reduce.cc:134:opt_pmux$10001 }
    New ctrl vector for $pmux cell $procmux$2815: { $procmux$1107_CMP $auto$opt_reduce.cc:134:opt_pmux$10001 }
    New ctrl vector for $pmux cell $procmux$2826: { $procmux$1107_CMP $auto$opt_reduce.cc:134:opt_pmux$10001 }
    New ctrl vector for $pmux cell $procmux$2837: { $procmux$1107_CMP $auto$opt_reduce.cc:134:opt_pmux$10001 }
    New ctrl vector for $pmux cell $procmux$2848: { $procmux$1107_CMP $auto$opt_reduce.cc:134:opt_pmux$10001 }
    New ctrl vector for $pmux cell $procmux$2859: { $procmux$1107_CMP $auto$opt_reduce.cc:134:opt_pmux$10001 }
    New ctrl vector for $pmux cell $procmux$2870: { $procmux$1107_CMP $auto$opt_reduce.cc:134:opt_pmux$10001 }
    New ctrl vector for $pmux cell $procmux$2881: { $procmux$1107_CMP $auto$opt_reduce.cc:134:opt_pmux$10001 }
    New ctrl vector for $pmux cell $procmux$2892: { $procmux$1107_CMP $auto$opt_reduce.cc:134:opt_pmux$10001 }
    New ctrl vector for $pmux cell $procmux$2903: { $procmux$1107_CMP $auto$opt_reduce.cc:134:opt_pmux$10001 }
    New ctrl vector for $pmux cell $procmux$2914: { $procmux$1107_CMP $auto$opt_reduce.cc:134:opt_pmux$10001 }
    New ctrl vector for $pmux cell $procmux$2925: { $procmux$1107_CMP $auto$opt_reduce.cc:134:opt_pmux$10001 }
    New ctrl vector for $pmux cell $procmux$2936: { $procmux$1107_CMP $auto$opt_reduce.cc:134:opt_pmux$10001 }
    New ctrl vector for $pmux cell $procmux$2947: { $procmux$1107_CMP $auto$opt_reduce.cc:134:opt_pmux$10001 }
    New ctrl vector for $pmux cell $procmux$2958: { $procmux$1107_CMP $auto$opt_reduce.cc:134:opt_pmux$10001 }
    New ctrl vector for $pmux cell $procmux$2969: { $procmux$1107_CMP $auto$opt_reduce.cc:134:opt_pmux$10001 }
    New ctrl vector for $pmux cell $procmux$2980: { $procmux$1107_CMP $auto$opt_reduce.cc:134:opt_pmux$10001 }
    New ctrl vector for $pmux cell $procmux$2991: { $procmux$1107_CMP $auto$opt_reduce.cc:134:opt_pmux$10001 }
    New ctrl vector for $pmux cell $procmux$3002: { $procmux$1107_CMP $auto$opt_reduce.cc:134:opt_pmux$10001 }
    New ctrl vector for $pmux cell $procmux$3013: { $procmux$1107_CMP $auto$opt_reduce.cc:134:opt_pmux$10001 }
    New ctrl vector for $pmux cell $procmux$3024: { $procmux$1107_CMP $auto$opt_reduce.cc:134:opt_pmux$10001 }
    New ctrl vector for $pmux cell $procmux$3035: { $procmux$1107_CMP $auto$opt_reduce.cc:134:opt_pmux$10001 }
    New ctrl vector for $pmux cell $procmux$3046: { $procmux$1107_CMP $auto$opt_reduce.cc:134:opt_pmux$10001 }
    New ctrl vector for $pmux cell $procmux$3057: { $procmux$1107_CMP $auto$opt_reduce.cc:134:opt_pmux$10001 }
    New ctrl vector for $pmux cell $procmux$3068: { $procmux$1107_CMP $auto$opt_reduce.cc:134:opt_pmux$10001 }
    New ctrl vector for $pmux cell $procmux$3079: { $procmux$1107_CMP $auto$opt_reduce.cc:134:opt_pmux$10001 }
    New ctrl vector for $pmux cell $procmux$3090: { $procmux$1107_CMP $auto$opt_reduce.cc:134:opt_pmux$10001 }
    New ctrl vector for $pmux cell $procmux$3101: { $procmux$1107_CMP $auto$opt_reduce.cc:134:opt_pmux$10001 }
    New ctrl vector for $pmux cell $procmux$3112: { $procmux$1107_CMP $auto$opt_reduce.cc:134:opt_pmux$10001 }
    New ctrl vector for $pmux cell $procmux$3123: { $procmux$1107_CMP $auto$opt_reduce.cc:134:opt_pmux$10001 }
    New ctrl vector for $pmux cell $procmux$3134: { $procmux$1107_CMP $auto$opt_reduce.cc:134:opt_pmux$10001 }
    New ctrl vector for $pmux cell $procmux$3145: { $procmux$1107_CMP $auto$opt_reduce.cc:134:opt_pmux$10001 }
    New ctrl vector for $pmux cell $procmux$3156: { $procmux$1107_CMP $auto$opt_reduce.cc:134:opt_pmux$10001 }
    New ctrl vector for $pmux cell $procmux$3167: { $procmux$1107_CMP $auto$opt_reduce.cc:134:opt_pmux$10001 }
    New ctrl vector for $pmux cell $procmux$3178: { $procmux$1107_CMP $auto$opt_reduce.cc:134:opt_pmux$10001 }
    New ctrl vector for $pmux cell $procmux$3189: { $procmux$1107_CMP $auto$opt_reduce.cc:134:opt_pmux$10001 }
    New ctrl vector for $pmux cell $procmux$3200: { $procmux$1107_CMP $auto$opt_reduce.cc:134:opt_pmux$10001 }
    New ctrl vector for $pmux cell $procmux$3211: { $procmux$1107_CMP $auto$opt_reduce.cc:134:opt_pmux$10001 }
    New ctrl vector for $pmux cell $procmux$3222: { $procmux$1107_CMP $auto$opt_reduce.cc:134:opt_pmux$10001 }
    New ctrl vector for $pmux cell $procmux$3233: { $procmux$1107_CMP $auto$opt_reduce.cc:134:opt_pmux$10001 }
    New ctrl vector for $pmux cell $procmux$3244: { $procmux$1107_CMP $auto$opt_reduce.cc:134:opt_pmux$10001 }
    New ctrl vector for $pmux cell $procmux$3255: { $procmux$1107_CMP $auto$opt_reduce.cc:134:opt_pmux$10001 }
    New ctrl vector for $pmux cell $procmux$3266: { $procmux$1107_CMP $auto$opt_reduce.cc:134:opt_pmux$10001 }
    New ctrl vector for $pmux cell $procmux$3277: { $procmux$1107_CMP $auto$opt_reduce.cc:134:opt_pmux$10001 }
    New ctrl vector for $pmux cell $procmux$3288: { $procmux$1107_CMP $auto$opt_reduce.cc:134:opt_pmux$10001 }
    New ctrl vector for $pmux cell $procmux$3299: { $procmux$1107_CMP $auto$opt_reduce.cc:134:opt_pmux$10001 }
    New ctrl vector for $pmux cell $procmux$3310: { $procmux$1107_CMP $auto$opt_reduce.cc:134:opt_pmux$10001 }
    New ctrl vector for $pmux cell $procmux$3321: { $procmux$1107_CMP $auto$opt_reduce.cc:134:opt_pmux$10001 }
    New ctrl vector for $pmux cell $procmux$3332: { $procmux$1107_CMP $auto$opt_reduce.cc:134:opt_pmux$10001 }
    New ctrl vector for $pmux cell $procmux$3343: { $procmux$1107_CMP $auto$opt_reduce.cc:134:opt_pmux$10001 }
    New ctrl vector for $pmux cell $procmux$3354: { $procmux$1107_CMP $auto$opt_reduce.cc:134:opt_pmux$10001 }
    New ctrl vector for $pmux cell $procmux$3365: { $procmux$1107_CMP $auto$opt_reduce.cc:134:opt_pmux$10001 }
    New ctrl vector for $pmux cell $procmux$3376: { $procmux$1107_CMP $auto$opt_reduce.cc:134:opt_pmux$10001 }
    New ctrl vector for $pmux cell $procmux$3387: { $procmux$1107_CMP $auto$opt_reduce.cc:134:opt_pmux$10001 }
    New ctrl vector for $pmux cell $procmux$3398: { $procmux$1107_CMP $auto$opt_reduce.cc:134:opt_pmux$10001 }
    New ctrl vector for $pmux cell $procmux$3409: { $procmux$1107_CMP $auto$opt_reduce.cc:134:opt_pmux$10001 }
    New ctrl vector for $pmux cell $procmux$3420: { $procmux$1107_CMP $auto$opt_reduce.cc:134:opt_pmux$10001 }
    New ctrl vector for $pmux cell $procmux$3431: { $procmux$1107_CMP $auto$opt_reduce.cc:134:opt_pmux$10001 }
    New ctrl vector for $pmux cell $procmux$3442: { $procmux$1107_CMP $auto$opt_reduce.cc:134:opt_pmux$10001 }
    New ctrl vector for $pmux cell $procmux$3453: { $procmux$1107_CMP $auto$opt_reduce.cc:134:opt_pmux$10001 }
    New ctrl vector for $pmux cell $procmux$3464: { $procmux$1107_CMP $auto$opt_reduce.cc:134:opt_pmux$10001 }
    New ctrl vector for $pmux cell $procmux$3475: { $procmux$1107_CMP $auto$opt_reduce.cc:134:opt_pmux$10001 }
    New ctrl vector for $pmux cell $procmux$3486: { $procmux$1107_CMP $auto$opt_reduce.cc:134:opt_pmux$10001 }
    New ctrl vector for $pmux cell $procmux$3497: { $procmux$1107_CMP $auto$opt_reduce.cc:134:opt_pmux$10001 }
    New ctrl vector for $pmux cell $procmux$3508: { $procmux$1107_CMP $auto$opt_reduce.cc:134:opt_pmux$10001 }
    New ctrl vector for $pmux cell $procmux$3519: { $procmux$1107_CMP $auto$opt_reduce.cc:134:opt_pmux$10001 }
    New ctrl vector for $pmux cell $procmux$3530: { $procmux$1107_CMP $auto$opt_reduce.cc:134:opt_pmux$10001 }
    New ctrl vector for $pmux cell $procmux$3541: { $procmux$1107_CMP $auto$opt_reduce.cc:134:opt_pmux$10001 }
    New ctrl vector for $pmux cell $procmux$3552: { $procmux$1107_CMP $auto$opt_reduce.cc:134:opt_pmux$10001 }
    New ctrl vector for $pmux cell $procmux$3563: { $procmux$1107_CMP $auto$opt_reduce.cc:134:opt_pmux$10001 }
    New ctrl vector for $pmux cell $procmux$3574: { $procmux$1107_CMP $auto$opt_reduce.cc:134:opt_pmux$10001 }
    New ctrl vector for $pmux cell $procmux$3585: { $procmux$1107_CMP $auto$opt_reduce.cc:134:opt_pmux$10001 }
    New ctrl vector for $pmux cell $procmux$3596: { $procmux$1107_CMP $auto$opt_reduce.cc:134:opt_pmux$10001 }
    New ctrl vector for $pmux cell $procmux$3607: { $procmux$1107_CMP $auto$opt_reduce.cc:134:opt_pmux$10001 }
    New ctrl vector for $pmux cell $procmux$3618: { $procmux$1107_CMP $auto$opt_reduce.cc:134:opt_pmux$10001 }
    New ctrl vector for $pmux cell $procmux$3629: { $procmux$1107_CMP $auto$opt_reduce.cc:134:opt_pmux$10001 }
    New ctrl vector for $pmux cell $procmux$3640: { $procmux$1107_CMP $auto$opt_reduce.cc:134:opt_pmux$10001 }
    New ctrl vector for $pmux cell $procmux$3651: { $procmux$1107_CMP $auto$opt_reduce.cc:134:opt_pmux$10001 }
    New ctrl vector for $pmux cell $procmux$3662: { $procmux$1107_CMP $auto$opt_reduce.cc:134:opt_pmux$10001 }
    New ctrl vector for $pmux cell $procmux$3673: { $procmux$1107_CMP $auto$opt_reduce.cc:134:opt_pmux$10001 }
    New ctrl vector for $pmux cell $procmux$3684: { $procmux$1107_CMP $auto$opt_reduce.cc:134:opt_pmux$10001 }
    New ctrl vector for $pmux cell $procmux$3695: { $procmux$1107_CMP $auto$opt_reduce.cc:134:opt_pmux$10001 }
    New ctrl vector for $pmux cell $procmux$3706: { $procmux$1107_CMP $auto$opt_reduce.cc:134:opt_pmux$10001 }
    New ctrl vector for $pmux cell $procmux$3717: { $procmux$1107_CMP $auto$opt_reduce.cc:134:opt_pmux$10001 }
    New ctrl vector for $pmux cell $procmux$3728: { $procmux$1107_CMP $auto$opt_reduce.cc:134:opt_pmux$10001 }
    New ctrl vector for $pmux cell $procmux$3739: { $procmux$1107_CMP $auto$opt_reduce.cc:134:opt_pmux$10001 }
    New ctrl vector for $pmux cell $procmux$3750: { $procmux$1107_CMP $auto$opt_reduce.cc:134:opt_pmux$10001 }
    New ctrl vector for $pmux cell $procmux$3761: { $procmux$1107_CMP $auto$opt_reduce.cc:134:opt_pmux$10001 }
    New ctrl vector for $pmux cell $procmux$3772: { $procmux$1107_CMP $auto$opt_reduce.cc:134:opt_pmux$10001 }
    New ctrl vector for $pmux cell $procmux$3783: { $procmux$1107_CMP $auto$opt_reduce.cc:134:opt_pmux$10001 }
    New ctrl vector for $pmux cell $procmux$3794: { $procmux$1107_CMP $auto$opt_reduce.cc:134:opt_pmux$10001 }
    New ctrl vector for $pmux cell $procmux$3805: { $procmux$1107_CMP $auto$opt_reduce.cc:134:opt_pmux$10001 }
    New ctrl vector for $pmux cell $procmux$3816: { $procmux$1107_CMP $auto$opt_reduce.cc:134:opt_pmux$10001 }
    New ctrl vector for $pmux cell $procmux$3827: { $procmux$1107_CMP $auto$opt_reduce.cc:134:opt_pmux$10001 }
    New ctrl vector for $pmux cell $procmux$3838: { $procmux$1107_CMP $auto$opt_reduce.cc:134:opt_pmux$10001 }
    New ctrl vector for $pmux cell $procmux$3849: { $procmux$1107_CMP $auto$opt_reduce.cc:134:opt_pmux$10001 }
    New ctrl vector for $pmux cell $procmux$3860: { $procmux$1107_CMP $auto$opt_reduce.cc:134:opt_pmux$10001 }
    New ctrl vector for $pmux cell $procmux$3871: { $procmux$1107_CMP $auto$opt_reduce.cc:134:opt_pmux$10001 }
    New ctrl vector for $pmux cell $procmux$3882: { $procmux$1107_CMP $auto$opt_reduce.cc:134:opt_pmux$10001 }
    New ctrl vector for $pmux cell $procmux$3893: { $procmux$1107_CMP $auto$opt_reduce.cc:134:opt_pmux$10001 }
    New ctrl vector for $pmux cell $procmux$3904: { $procmux$1107_CMP $auto$opt_reduce.cc:134:opt_pmux$10001 }
    New ctrl vector for $pmux cell $procmux$3915: { $procmux$1107_CMP $auto$opt_reduce.cc:134:opt_pmux$10001 }
    New ctrl vector for $pmux cell $procmux$3926: { $procmux$1107_CMP $auto$opt_reduce.cc:134:opt_pmux$10001 }
    New ctrl vector for $pmux cell $procmux$3937: { $procmux$1107_CMP $auto$opt_reduce.cc:134:opt_pmux$10001 }
    New ctrl vector for $pmux cell $procmux$3948: { $procmux$1107_CMP $auto$opt_reduce.cc:134:opt_pmux$10001 }
    New ctrl vector for $pmux cell $procmux$3959: { $procmux$1107_CMP $auto$opt_reduce.cc:134:opt_pmux$10001 }
    New ctrl vector for $pmux cell $procmux$3970: { $procmux$1107_CMP $auto$opt_reduce.cc:134:opt_pmux$10001 }
    New ctrl vector for $pmux cell $procmux$3981: { $procmux$1107_CMP $auto$opt_reduce.cc:134:opt_pmux$10001 }
    New ctrl vector for $pmux cell $procmux$3992: { $procmux$1107_CMP $auto$opt_reduce.cc:134:opt_pmux$10001 }
    New ctrl vector for $pmux cell $procmux$4003: { $procmux$1107_CMP $auto$opt_reduce.cc:134:opt_pmux$10001 }
    New ctrl vector for $pmux cell $procmux$4014: { $procmux$1107_CMP $auto$opt_reduce.cc:134:opt_pmux$10001 }
    New ctrl vector for $pmux cell $procmux$4025: { $procmux$1107_CMP $auto$opt_reduce.cc:134:opt_pmux$10001 }
    New ctrl vector for $pmux cell $procmux$4036: { $procmux$1107_CMP $auto$opt_reduce.cc:134:opt_pmux$10001 }
    New ctrl vector for $pmux cell $procmux$4047: { $procmux$1107_CMP $auto$opt_reduce.cc:134:opt_pmux$10001 }
    New ctrl vector for $pmux cell $procmux$4058: { $procmux$1107_CMP $auto$opt_reduce.cc:134:opt_pmux$10001 }
    New ctrl vector for $pmux cell $procmux$4069: { $procmux$1107_CMP $auto$opt_reduce.cc:134:opt_pmux$10001 }
    New ctrl vector for $pmux cell $procmux$4080: { $procmux$1107_CMP $auto$opt_reduce.cc:134:opt_pmux$10001 }
    New ctrl vector for $pmux cell $procmux$4091: { $procmux$1107_CMP $auto$opt_reduce.cc:134:opt_pmux$10001 }
    New ctrl vector for $pmux cell $procmux$4102: { $procmux$1107_CMP $auto$opt_reduce.cc:134:opt_pmux$10001 }
    New ctrl vector for $pmux cell $procmux$4113: { $procmux$1107_CMP $auto$opt_reduce.cc:134:opt_pmux$10001 }
    New ctrl vector for $pmux cell $procmux$4124: { $procmux$1107_CMP $auto$opt_reduce.cc:134:opt_pmux$10001 }
    New ctrl vector for $pmux cell $procmux$4135: { $procmux$1107_CMP $auto$opt_reduce.cc:134:opt_pmux$10001 }
    New ctrl vector for $pmux cell $procmux$4146: { $procmux$1107_CMP $auto$opt_reduce.cc:134:opt_pmux$10001 }
    New ctrl vector for $pmux cell $procmux$4157: { $procmux$1107_CMP $auto$opt_reduce.cc:134:opt_pmux$10001 }
    New ctrl vector for $pmux cell $procmux$4168: { $procmux$1107_CMP $auto$opt_reduce.cc:134:opt_pmux$10001 }
    New ctrl vector for $pmux cell $procmux$4179: { $procmux$1107_CMP $auto$opt_reduce.cc:134:opt_pmux$10001 }
    New ctrl vector for $pmux cell $procmux$4190: { $procmux$1107_CMP $auto$opt_reduce.cc:134:opt_pmux$10001 }
    New ctrl vector for $pmux cell $procmux$4201: { $procmux$1107_CMP $auto$opt_reduce.cc:134:opt_pmux$10001 }
    New ctrl vector for $pmux cell $procmux$4212: { $procmux$1107_CMP $auto$opt_reduce.cc:134:opt_pmux$10001 }
    New ctrl vector for $pmux cell $procmux$4223: { $procmux$1107_CMP $auto$opt_reduce.cc:134:opt_pmux$10001 }
    New ctrl vector for $pmux cell $procmux$4234: { $procmux$1107_CMP $auto$opt_reduce.cc:134:opt_pmux$10001 }
    New ctrl vector for $pmux cell $procmux$4245: { $procmux$1107_CMP $auto$opt_reduce.cc:134:opt_pmux$10001 }
    New ctrl vector for $pmux cell $procmux$4256: { $procmux$1107_CMP $auto$opt_reduce.cc:134:opt_pmux$10001 }
    New ctrl vector for $pmux cell $procmux$4267: { $procmux$1107_CMP $auto$opt_reduce.cc:134:opt_pmux$10001 }
    New ctrl vector for $pmux cell $procmux$4278: { $procmux$1107_CMP $auto$opt_reduce.cc:134:opt_pmux$10001 }
    New ctrl vector for $pmux cell $procmux$4289: { $procmux$1107_CMP $auto$opt_reduce.cc:134:opt_pmux$10001 }
    New ctrl vector for $pmux cell $procmux$4300: { $procmux$1107_CMP $auto$opt_reduce.cc:134:opt_pmux$10001 }
    New ctrl vector for $pmux cell $procmux$4311: { $procmux$1107_CMP $auto$opt_reduce.cc:134:opt_pmux$10001 }
    New ctrl vector for $pmux cell $procmux$4322: { $procmux$1107_CMP $auto$opt_reduce.cc:134:opt_pmux$10001 }
    New ctrl vector for $pmux cell $procmux$4333: { $procmux$1107_CMP $auto$opt_reduce.cc:134:opt_pmux$10001 }
    New ctrl vector for $pmux cell $procmux$4344: { $procmux$1107_CMP $auto$opt_reduce.cc:134:opt_pmux$10001 }
    New ctrl vector for $pmux cell $procmux$4355: { $procmux$1107_CMP $auto$opt_reduce.cc:134:opt_pmux$10001 }
    New ctrl vector for $pmux cell $procmux$4366: { $procmux$1107_CMP $auto$opt_reduce.cc:134:opt_pmux$10001 }
    New ctrl vector for $pmux cell $procmux$4377: { $procmux$1107_CMP $auto$opt_reduce.cc:134:opt_pmux$10001 }
    New ctrl vector for $pmux cell $procmux$4388: { $procmux$1107_CMP $auto$opt_reduce.cc:134:opt_pmux$10001 }
    New ctrl vector for $pmux cell $procmux$4399: { $procmux$1107_CMP $auto$opt_reduce.cc:134:opt_pmux$10001 }
    New ctrl vector for $pmux cell $procmux$4410: { $procmux$1107_CMP $auto$opt_reduce.cc:134:opt_pmux$10001 }
    New ctrl vector for $pmux cell $procmux$4421: { $procmux$1107_CMP $auto$opt_reduce.cc:134:opt_pmux$10001 }
    New ctrl vector for $pmux cell $procmux$4432: { $procmux$1107_CMP $auto$opt_reduce.cc:134:opt_pmux$10001 }
    New ctrl vector for $pmux cell $procmux$4443: { $procmux$1107_CMP $auto$opt_reduce.cc:134:opt_pmux$10001 }
    New ctrl vector for $pmux cell $procmux$4454: { $procmux$1107_CMP $auto$opt_reduce.cc:134:opt_pmux$10001 }
    New ctrl vector for $pmux cell $procmux$4465: { $procmux$1107_CMP $auto$opt_reduce.cc:134:opt_pmux$10001 }
    New ctrl vector for $pmux cell $procmux$4476: { $procmux$1107_CMP $auto$opt_reduce.cc:134:opt_pmux$10001 }
    New ctrl vector for $pmux cell $procmux$4487: { $procmux$1107_CMP $auto$opt_reduce.cc:134:opt_pmux$10001 }
    New ctrl vector for $pmux cell $procmux$4498: { $procmux$1107_CMP $auto$opt_reduce.cc:134:opt_pmux$10001 }
    New ctrl vector for $pmux cell $procmux$4509: { $procmux$1107_CMP $auto$opt_reduce.cc:134:opt_pmux$10001 }
    New ctrl vector for $pmux cell $procmux$4520: { $procmux$1107_CMP $auto$opt_reduce.cc:134:opt_pmux$10001 }
    New ctrl vector for $pmux cell $procmux$4531: { $procmux$1107_CMP $auto$opt_reduce.cc:134:opt_pmux$10001 }
    New ctrl vector for $pmux cell $procmux$4542: { $procmux$1107_CMP $auto$opt_reduce.cc:134:opt_pmux$10001 }
    New ctrl vector for $pmux cell $procmux$4553: { $procmux$1107_CMP $auto$opt_reduce.cc:134:opt_pmux$10001 }
    New ctrl vector for $pmux cell $procmux$4564: { $procmux$1107_CMP $auto$opt_reduce.cc:134:opt_pmux$10001 }
    New ctrl vector for $pmux cell $procmux$4575: { $procmux$1107_CMP $auto$opt_reduce.cc:134:opt_pmux$10001 }
    New ctrl vector for $pmux cell $procmux$4586: { $procmux$1107_CMP $auto$opt_reduce.cc:134:opt_pmux$10001 }
    New ctrl vector for $pmux cell $procmux$4597: { $procmux$1107_CMP $auto$opt_reduce.cc:134:opt_pmux$10001 }
    New ctrl vector for $pmux cell $procmux$4608: { $procmux$1107_CMP $auto$opt_reduce.cc:134:opt_pmux$10001 }
    New ctrl vector for $pmux cell $procmux$4619: { $procmux$1107_CMP $auto$opt_reduce.cc:134:opt_pmux$10001 }
    New ctrl vector for $pmux cell $procmux$4630: { $procmux$1107_CMP $auto$opt_reduce.cc:134:opt_pmux$10001 }
    New ctrl vector for $pmux cell $procmux$4641: { $procmux$1107_CMP $auto$opt_reduce.cc:134:opt_pmux$10001 }
    New ctrl vector for $pmux cell $procmux$4652: { $procmux$1107_CMP $auto$opt_reduce.cc:134:opt_pmux$10001 }
    New ctrl vector for $pmux cell $procmux$4663: { $procmux$1107_CMP $auto$opt_reduce.cc:134:opt_pmux$10001 }
    New ctrl vector for $pmux cell $procmux$4674: { $procmux$1107_CMP $auto$opt_reduce.cc:134:opt_pmux$10001 }
    New ctrl vector for $pmux cell $procmux$4685: { $procmux$1107_CMP $auto$opt_reduce.cc:134:opt_pmux$10001 }
    New ctrl vector for $pmux cell $procmux$4696: { $procmux$1107_CMP $auto$opt_reduce.cc:134:opt_pmux$10001 }
    New ctrl vector for $pmux cell $procmux$4707: { $procmux$1107_CMP $auto$opt_reduce.cc:134:opt_pmux$10001 }
    New ctrl vector for $pmux cell $procmux$4718: { $procmux$1107_CMP $auto$opt_reduce.cc:134:opt_pmux$10001 }
    New ctrl vector for $pmux cell $procmux$4729: { $procmux$1107_CMP $auto$opt_reduce.cc:134:opt_pmux$10001 }
    New ctrl vector for $pmux cell $procmux$4740: { $procmux$1107_CMP $auto$opt_reduce.cc:134:opt_pmux$10001 }
    New ctrl vector for $pmux cell $procmux$4751: { $procmux$1107_CMP $auto$opt_reduce.cc:134:opt_pmux$10001 }
    New ctrl vector for $pmux cell $procmux$4762: { $procmux$1107_CMP $auto$opt_reduce.cc:134:opt_pmux$10001 }
    New ctrl vector for $pmux cell $procmux$4773: { $procmux$1107_CMP $auto$opt_reduce.cc:134:opt_pmux$10001 }
    New ctrl vector for $pmux cell $procmux$4784: { $procmux$1107_CMP $auto$opt_reduce.cc:134:opt_pmux$10001 }
    New ctrl vector for $pmux cell $procmux$4795: { $procmux$1107_CMP $auto$opt_reduce.cc:134:opt_pmux$10001 }
    New ctrl vector for $pmux cell $procmux$4806: { $procmux$1107_CMP $auto$opt_reduce.cc:134:opt_pmux$10001 }
    New ctrl vector for $pmux cell $procmux$4817: { $procmux$1107_CMP $auto$opt_reduce.cc:134:opt_pmux$10001 }
    New ctrl vector for $pmux cell $procmux$4828: { $procmux$1107_CMP $auto$opt_reduce.cc:134:opt_pmux$10001 }
    New ctrl vector for $pmux cell $procmux$4839: { $procmux$1107_CMP $auto$opt_reduce.cc:134:opt_pmux$10001 }
    New ctrl vector for $pmux cell $procmux$4850: { $procmux$1107_CMP $auto$opt_reduce.cc:134:opt_pmux$10001 }
    New ctrl vector for $pmux cell $procmux$4861: { $procmux$1107_CMP $auto$opt_reduce.cc:134:opt_pmux$10001 }
    New ctrl vector for $pmux cell $procmux$4872: { $procmux$1107_CMP $auto$opt_reduce.cc:134:opt_pmux$10001 }
    New ctrl vector for $pmux cell $procmux$4883: { $procmux$1107_CMP $auto$opt_reduce.cc:134:opt_pmux$10001 }
    New ctrl vector for $pmux cell $procmux$4894: { $procmux$1107_CMP $auto$opt_reduce.cc:134:opt_pmux$10001 }
    New ctrl vector for $pmux cell $procmux$4905: { $procmux$1107_CMP $auto$opt_reduce.cc:134:opt_pmux$10001 }
    New ctrl vector for $pmux cell $procmux$4916: { $procmux$1107_CMP $auto$opt_reduce.cc:134:opt_pmux$10001 }
    New ctrl vector for $pmux cell $procmux$4927: { $procmux$1107_CMP $auto$opt_reduce.cc:134:opt_pmux$10001 }
    New ctrl vector for $pmux cell $procmux$4938: { $procmux$1107_CMP $auto$opt_reduce.cc:134:opt_pmux$10001 }
    New ctrl vector for $pmux cell $procmux$4949: { $procmux$1107_CMP $auto$opt_reduce.cc:134:opt_pmux$10001 }
    New ctrl vector for $pmux cell $procmux$4960: { $procmux$1107_CMP $auto$opt_reduce.cc:134:opt_pmux$10001 }
    New ctrl vector for $pmux cell $procmux$4971: { $procmux$1107_CMP $auto$opt_reduce.cc:134:opt_pmux$10001 }
    New ctrl vector for $pmux cell $procmux$4982: { $procmux$1107_CMP $auto$opt_reduce.cc:134:opt_pmux$10001 }
    New ctrl vector for $pmux cell $procmux$4993: { $procmux$1107_CMP $auto$opt_reduce.cc:134:opt_pmux$10001 }
    New ctrl vector for $pmux cell $procmux$5004: { $procmux$1107_CMP $auto$opt_reduce.cc:134:opt_pmux$10001 }
    New ctrl vector for $pmux cell $procmux$5015: { $procmux$1107_CMP $auto$opt_reduce.cc:134:opt_pmux$10001 }
    New ctrl vector for $pmux cell $procmux$5026: { $procmux$1107_CMP $auto$opt_reduce.cc:134:opt_pmux$10001 }
    New ctrl vector for $pmux cell $procmux$5037: { $procmux$1107_CMP $auto$opt_reduce.cc:134:opt_pmux$10001 }
    New ctrl vector for $pmux cell $procmux$5048: { $procmux$1107_CMP $auto$opt_reduce.cc:134:opt_pmux$10001 }
    New ctrl vector for $pmux cell $procmux$5059: { $procmux$1107_CMP $auto$opt_reduce.cc:134:opt_pmux$10001 }
    New ctrl vector for $pmux cell $procmux$5070: { $procmux$1107_CMP $auto$opt_reduce.cc:134:opt_pmux$10001 }
    New ctrl vector for $pmux cell $procmux$5081: { $procmux$1107_CMP $auto$opt_reduce.cc:134:opt_pmux$10001 }
    New ctrl vector for $pmux cell $procmux$5092: { $procmux$1107_CMP $auto$opt_reduce.cc:134:opt_pmux$10001 }
    New ctrl vector for $pmux cell $procmux$5103: { $procmux$1107_CMP $auto$opt_reduce.cc:134:opt_pmux$10001 }
    New ctrl vector for $pmux cell $procmux$5114: { $procmux$1107_CMP $auto$opt_reduce.cc:134:opt_pmux$10001 }
    New ctrl vector for $pmux cell $procmux$5125: { $procmux$1107_CMP $auto$opt_reduce.cc:134:opt_pmux$10001 }
    New ctrl vector for $pmux cell $procmux$5136: { $procmux$1107_CMP $auto$opt_reduce.cc:134:opt_pmux$10001 }
    New ctrl vector for $pmux cell $procmux$5147: { $procmux$1107_CMP $auto$opt_reduce.cc:134:opt_pmux$10001 }
    New ctrl vector for $pmux cell $procmux$5158: { $procmux$1107_CMP $auto$opt_reduce.cc:134:opt_pmux$10001 }
    New ctrl vector for $pmux cell $procmux$5169: { $procmux$1107_CMP $auto$opt_reduce.cc:134:opt_pmux$10001 }
    New ctrl vector for $pmux cell $procmux$5180: { $procmux$1107_CMP $auto$opt_reduce.cc:134:opt_pmux$10001 }
    New ctrl vector for $pmux cell $procmux$5191: { $procmux$1107_CMP $auto$opt_reduce.cc:134:opt_pmux$10001 }
    New ctrl vector for $pmux cell $procmux$5202: { $procmux$1107_CMP $auto$opt_reduce.cc:134:opt_pmux$10001 }
    New ctrl vector for $pmux cell $procmux$5213: { $procmux$1107_CMP $auto$opt_reduce.cc:134:opt_pmux$10001 }
    New ctrl vector for $pmux cell $procmux$5224: { $procmux$1107_CMP $auto$opt_reduce.cc:134:opt_pmux$10001 }
    New ctrl vector for $pmux cell $procmux$5235: { $procmux$1107_CMP $auto$opt_reduce.cc:134:opt_pmux$10001 }
    New ctrl vector for $pmux cell $procmux$5246: { $procmux$1107_CMP $auto$opt_reduce.cc:134:opt_pmux$10001 }
    New ctrl vector for $pmux cell $procmux$5257: { $procmux$1107_CMP $auto$opt_reduce.cc:134:opt_pmux$10001 }
    New ctrl vector for $pmux cell $procmux$5268: { $procmux$1107_CMP $auto$opt_reduce.cc:134:opt_pmux$10001 }
    New ctrl vector for $pmux cell $procmux$5279: { $procmux$1107_CMP $auto$opt_reduce.cc:134:opt_pmux$10001 }
    New ctrl vector for $pmux cell $procmux$5290: { $procmux$1107_CMP $auto$opt_reduce.cc:134:opt_pmux$10001 }
    New ctrl vector for $pmux cell $procmux$5301: { $procmux$1107_CMP $auto$opt_reduce.cc:134:opt_pmux$10001 }
    New ctrl vector for $pmux cell $procmux$5312: { $procmux$1107_CMP $auto$opt_reduce.cc:134:opt_pmux$10001 }
    New ctrl vector for $pmux cell $procmux$5323: { $procmux$1107_CMP $auto$opt_reduce.cc:134:opt_pmux$10001 }
    New ctrl vector for $pmux cell $procmux$5334: { $procmux$1107_CMP $auto$opt_reduce.cc:134:opt_pmux$10001 }
    New ctrl vector for $pmux cell $procmux$5345: { $procmux$1107_CMP $auto$opt_reduce.cc:134:opt_pmux$10001 }
    New ctrl vector for $pmux cell $procmux$5356: { $procmux$1107_CMP $auto$opt_reduce.cc:134:opt_pmux$10001 }
    New ctrl vector for $pmux cell $procmux$5367: { $procmux$1107_CMP $auto$opt_reduce.cc:134:opt_pmux$10001 }
    New ctrl vector for $pmux cell $procmux$5378: { $procmux$1107_CMP $auto$opt_reduce.cc:134:opt_pmux$10001 }
    New ctrl vector for $pmux cell $procmux$5389: { $procmux$1107_CMP $auto$opt_reduce.cc:134:opt_pmux$10001 }
    New ctrl vector for $pmux cell $procmux$5400: { $procmux$1107_CMP $auto$opt_reduce.cc:134:opt_pmux$10001 }
    New ctrl vector for $pmux cell $procmux$5411: { $procmux$1107_CMP $auto$opt_reduce.cc:134:opt_pmux$10001 }
    New ctrl vector for $pmux cell $procmux$5422: { $procmux$1107_CMP $auto$opt_reduce.cc:134:opt_pmux$10001 }
    New ctrl vector for $pmux cell $procmux$5433: { $procmux$1107_CMP $auto$opt_reduce.cc:134:opt_pmux$10001 }
    New ctrl vector for $pmux cell $procmux$5444: { $procmux$1107_CMP $auto$opt_reduce.cc:134:opt_pmux$10001 }
    New ctrl vector for $pmux cell $procmux$5455: { $procmux$1107_CMP $auto$opt_reduce.cc:134:opt_pmux$10001 }
    New ctrl vector for $pmux cell $procmux$5466: { $procmux$1107_CMP $auto$opt_reduce.cc:134:opt_pmux$10001 }
    New ctrl vector for $pmux cell $procmux$5477: { $procmux$1107_CMP $auto$opt_reduce.cc:134:opt_pmux$10001 }
    New ctrl vector for $pmux cell $procmux$5488: { $procmux$1107_CMP $auto$opt_reduce.cc:134:opt_pmux$10001 }
    New ctrl vector for $pmux cell $procmux$5499: { $procmux$1107_CMP $auto$opt_reduce.cc:134:opt_pmux$10001 }
    New ctrl vector for $pmux cell $procmux$5510: { $procmux$1107_CMP $auto$opt_reduce.cc:134:opt_pmux$10001 }
    New ctrl vector for $pmux cell $procmux$5521: { $procmux$1107_CMP $auto$opt_reduce.cc:134:opt_pmux$10001 }
    New ctrl vector for $pmux cell $procmux$5532: { $procmux$1107_CMP $auto$opt_reduce.cc:134:opt_pmux$10001 }
    New ctrl vector for $pmux cell $procmux$5543: { $procmux$1107_CMP $auto$opt_reduce.cc:134:opt_pmux$10001 }
    New ctrl vector for $pmux cell $procmux$5554: { $procmux$1107_CMP $auto$opt_reduce.cc:134:opt_pmux$10001 }
    New ctrl vector for $pmux cell $procmux$5565: { $procmux$1107_CMP $auto$opt_reduce.cc:134:opt_pmux$10001 }
    New ctrl vector for $pmux cell $procmux$5576: { $procmux$1107_CMP $auto$opt_reduce.cc:134:opt_pmux$10001 }
    New ctrl vector for $pmux cell $procmux$5587: { $procmux$1107_CMP $auto$opt_reduce.cc:134:opt_pmux$10001 }
    New ctrl vector for $pmux cell $procmux$5598: { $procmux$1107_CMP $auto$opt_reduce.cc:134:opt_pmux$10001 }
    New ctrl vector for $pmux cell $procmux$5609: { $procmux$1107_CMP $auto$opt_reduce.cc:134:opt_pmux$10001 }
    New ctrl vector for $pmux cell $procmux$5620: { $procmux$1107_CMP $auto$opt_reduce.cc:134:opt_pmux$10001 }
    New ctrl vector for $pmux cell $procmux$5631: { $procmux$1107_CMP $auto$opt_reduce.cc:134:opt_pmux$10001 }
    New ctrl vector for $pmux cell $procmux$5642: { $procmux$1107_CMP $auto$opt_reduce.cc:134:opt_pmux$10001 }
    New ctrl vector for $pmux cell $procmux$5653: { $procmux$1107_CMP $auto$opt_reduce.cc:134:opt_pmux$10001 }
    New ctrl vector for $pmux cell $procmux$5664: { $procmux$1107_CMP $auto$opt_reduce.cc:134:opt_pmux$10001 }
    New ctrl vector for $pmux cell $procmux$5675: { $procmux$1107_CMP $auto$opt_reduce.cc:134:opt_pmux$10001 }
    New ctrl vector for $pmux cell $procmux$5686: { $procmux$1107_CMP $auto$opt_reduce.cc:134:opt_pmux$10001 }
    New ctrl vector for $pmux cell $procmux$5697: { $procmux$1107_CMP $auto$opt_reduce.cc:134:opt_pmux$10001 }
    New ctrl vector for $pmux cell $procmux$5708: { $procmux$1107_CMP $auto$opt_reduce.cc:134:opt_pmux$10001 }
    New ctrl vector for $pmux cell $procmux$5719: { $procmux$1107_CMP $auto$opt_reduce.cc:134:opt_pmux$10001 }
    New ctrl vector for $pmux cell $procmux$5730: { $procmux$1107_CMP $auto$opt_reduce.cc:134:opt_pmux$10001 }
    New ctrl vector for $pmux cell $procmux$5741: { $procmux$1107_CMP $auto$opt_reduce.cc:134:opt_pmux$10001 }
    New ctrl vector for $pmux cell $procmux$5752: { $procmux$1107_CMP $auto$opt_reduce.cc:134:opt_pmux$10001 }
    New ctrl vector for $pmux cell $procmux$5763: { $procmux$1107_CMP $auto$opt_reduce.cc:134:opt_pmux$10001 }
    New ctrl vector for $pmux cell $procmux$5774: { $procmux$1107_CMP $auto$opt_reduce.cc:134:opt_pmux$10001 }
    New ctrl vector for $pmux cell $procmux$5785: { $procmux$1107_CMP $auto$opt_reduce.cc:134:opt_pmux$10001 }
    New ctrl vector for $pmux cell $procmux$5796: { $procmux$1107_CMP $auto$opt_reduce.cc:134:opt_pmux$10001 }
    New ctrl vector for $pmux cell $procmux$5807: { $procmux$1107_CMP $auto$opt_reduce.cc:134:opt_pmux$10001 }
    New ctrl vector for $pmux cell $procmux$5818: { $procmux$1107_CMP $auto$opt_reduce.cc:134:opt_pmux$10001 }
    New ctrl vector for $pmux cell $procmux$5829: { $procmux$1107_CMP $auto$opt_reduce.cc:134:opt_pmux$10001 }
    New ctrl vector for $pmux cell $procmux$5840: { $procmux$1107_CMP $auto$opt_reduce.cc:134:opt_pmux$10001 }
    New ctrl vector for $pmux cell $procmux$5851: { $procmux$1107_CMP $auto$opt_reduce.cc:134:opt_pmux$10001 }
    New ctrl vector for $pmux cell $procmux$5862: { $procmux$1107_CMP $auto$opt_reduce.cc:134:opt_pmux$10001 }
    New ctrl vector for $pmux cell $procmux$5873: { $procmux$1107_CMP $auto$opt_reduce.cc:134:opt_pmux$10001 }
    New ctrl vector for $pmux cell $procmux$5884: { $procmux$1107_CMP $auto$opt_reduce.cc:134:opt_pmux$10001 }
    New ctrl vector for $pmux cell $procmux$5895: { $procmux$1107_CMP $auto$opt_reduce.cc:134:opt_pmux$10001 }
    New ctrl vector for $pmux cell $procmux$5906: { $procmux$1107_CMP $auto$opt_reduce.cc:134:opt_pmux$10001 }
    New ctrl vector for $pmux cell $procmux$5917: { $procmux$1107_CMP $auto$opt_reduce.cc:134:opt_pmux$10001 }
    New ctrl vector for $pmux cell $procmux$5928: { $procmux$1107_CMP $auto$opt_reduce.cc:134:opt_pmux$10001 }
    New ctrl vector for $pmux cell $procmux$5939: { $procmux$1107_CMP $auto$opt_reduce.cc:134:opt_pmux$10001 }
    New ctrl vector for $pmux cell $procmux$5950: { $procmux$1107_CMP $auto$opt_reduce.cc:134:opt_pmux$10001 }
    New ctrl vector for $pmux cell $procmux$5961: { $procmux$1107_CMP $auto$opt_reduce.cc:134:opt_pmux$10001 }
    New ctrl vector for $pmux cell $procmux$5972: { $procmux$1107_CMP $auto$opt_reduce.cc:134:opt_pmux$10001 }
    New ctrl vector for $pmux cell $procmux$5983: { $procmux$1107_CMP $auto$opt_reduce.cc:134:opt_pmux$10001 }
    New ctrl vector for $pmux cell $procmux$5994: { $procmux$1107_CMP $auto$opt_reduce.cc:134:opt_pmux$10001 }
    New ctrl vector for $pmux cell $procmux$6005: { $procmux$1107_CMP $auto$opt_reduce.cc:134:opt_pmux$10001 }
    New ctrl vector for $pmux cell $procmux$6016: { $procmux$1107_CMP $auto$opt_reduce.cc:134:opt_pmux$10001 }
    New ctrl vector for $pmux cell $procmux$6027: { $procmux$1107_CMP $auto$opt_reduce.cc:134:opt_pmux$10001 }
    New ctrl vector for $pmux cell $procmux$6038: { $procmux$1107_CMP $auto$opt_reduce.cc:134:opt_pmux$10001 }
    New ctrl vector for $pmux cell $procmux$6049: { $procmux$1107_CMP $auto$opt_reduce.cc:134:opt_pmux$10001 }
    New ctrl vector for $pmux cell $procmux$6060: { $procmux$1107_CMP $auto$opt_reduce.cc:134:opt_pmux$10001 }
    New ctrl vector for $pmux cell $procmux$6071: { $procmux$1107_CMP $auto$opt_reduce.cc:134:opt_pmux$10001 }
    New ctrl vector for $pmux cell $procmux$6082: { $procmux$1107_CMP $auto$opt_reduce.cc:134:opt_pmux$10001 }
    New ctrl vector for $pmux cell $procmux$6093: { $procmux$1107_CMP $auto$opt_reduce.cc:134:opt_pmux$10001 }
    New ctrl vector for $pmux cell $procmux$6104: { $procmux$1107_CMP $auto$opt_reduce.cc:134:opt_pmux$10001 }
    New ctrl vector for $pmux cell $procmux$6115: { $procmux$1107_CMP $auto$opt_reduce.cc:134:opt_pmux$10001 }
    New ctrl vector for $pmux cell $procmux$6126: { $procmux$1107_CMP $auto$opt_reduce.cc:134:opt_pmux$10001 }
    New ctrl vector for $pmux cell $procmux$6137: { $procmux$1107_CMP $auto$opt_reduce.cc:134:opt_pmux$10001 }
    New ctrl vector for $pmux cell $procmux$6148: { $procmux$1107_CMP $auto$opt_reduce.cc:134:opt_pmux$10001 }
    New ctrl vector for $pmux cell $procmux$6159: { $procmux$1107_CMP $auto$opt_reduce.cc:134:opt_pmux$10001 }
    New ctrl vector for $pmux cell $procmux$6170: { $procmux$1107_CMP $auto$opt_reduce.cc:134:opt_pmux$10001 }
    New ctrl vector for $pmux cell $procmux$6181: { $procmux$1107_CMP $auto$opt_reduce.cc:134:opt_pmux$10001 }
    New ctrl vector for $pmux cell $procmux$6192: { $procmux$1107_CMP $auto$opt_reduce.cc:134:opt_pmux$10001 }
    New ctrl vector for $pmux cell $procmux$6203: { $procmux$1107_CMP $auto$opt_reduce.cc:134:opt_pmux$10001 }
    New ctrl vector for $pmux cell $procmux$6214: { $procmux$1107_CMP $auto$opt_reduce.cc:134:opt_pmux$10001 }
    New ctrl vector for $pmux cell $procmux$6225: { $procmux$1107_CMP $auto$opt_reduce.cc:134:opt_pmux$10001 }
    New ctrl vector for $pmux cell $procmux$6236: { $procmux$1107_CMP $auto$opt_reduce.cc:134:opt_pmux$10001 }
    New ctrl vector for $pmux cell $procmux$6247: { $procmux$1107_CMP $auto$opt_reduce.cc:134:opt_pmux$10001 }
    New ctrl vector for $pmux cell $procmux$6258: { $procmux$1107_CMP $auto$opt_reduce.cc:134:opt_pmux$10001 }
    New ctrl vector for $pmux cell $procmux$6269: { $procmux$1107_CMP $auto$opt_reduce.cc:134:opt_pmux$10001 }
    New ctrl vector for $pmux cell $procmux$6280: { $procmux$1107_CMP $auto$opt_reduce.cc:134:opt_pmux$10001 }
    New ctrl vector for $pmux cell $procmux$6291: { $procmux$1107_CMP $auto$opt_reduce.cc:134:opt_pmux$10001 }
    New ctrl vector for $pmux cell $procmux$6302: { $procmux$1107_CMP $auto$opt_reduce.cc:134:opt_pmux$10001 }
    New ctrl vector for $pmux cell $procmux$6313: { $procmux$1107_CMP $auto$opt_reduce.cc:134:opt_pmux$10001 }
    New ctrl vector for $pmux cell $procmux$6324: { $procmux$1107_CMP $auto$opt_reduce.cc:134:opt_pmux$10001 }
    New ctrl vector for $pmux cell $procmux$6335: { $procmux$1107_CMP $auto$opt_reduce.cc:134:opt_pmux$10001 }
    New ctrl vector for $pmux cell $procmux$6346: { $procmux$1107_CMP $auto$opt_reduce.cc:134:opt_pmux$10001 }
    New ctrl vector for $pmux cell $procmux$6357: { $procmux$1107_CMP $auto$opt_reduce.cc:134:opt_pmux$10001 }
    New ctrl vector for $pmux cell $procmux$6368: { $procmux$1107_CMP $auto$opt_reduce.cc:134:opt_pmux$10001 }
    New ctrl vector for $pmux cell $procmux$6379: { $procmux$1107_CMP $auto$opt_reduce.cc:134:opt_pmux$10001 }
    New ctrl vector for $pmux cell $procmux$6390: { $procmux$1107_CMP $auto$opt_reduce.cc:134:opt_pmux$10001 }
    New ctrl vector for $pmux cell $procmux$6401: { $procmux$1107_CMP $auto$opt_reduce.cc:134:opt_pmux$10001 }
    New ctrl vector for $pmux cell $procmux$6412: { $procmux$1107_CMP $auto$opt_reduce.cc:134:opt_pmux$10001 }
    New ctrl vector for $pmux cell $procmux$6423: { $procmux$1107_CMP $auto$opt_reduce.cc:134:opt_pmux$10001 }
    New ctrl vector for $pmux cell $procmux$6434: { $procmux$1107_CMP $auto$opt_reduce.cc:134:opt_pmux$10001 }
    New ctrl vector for $pmux cell $procmux$6445: { $procmux$1107_CMP $auto$opt_reduce.cc:134:opt_pmux$10001 }
    New ctrl vector for $pmux cell $procmux$6456: { $procmux$1107_CMP $auto$opt_reduce.cc:134:opt_pmux$10001 }
    New ctrl vector for $pmux cell $procmux$6467: { $procmux$1107_CMP $auto$opt_reduce.cc:134:opt_pmux$10001 }
    New ctrl vector for $pmux cell $procmux$6478: { $procmux$1107_CMP $auto$opt_reduce.cc:134:opt_pmux$10001 }
    New ctrl vector for $pmux cell $procmux$6489: { $procmux$1107_CMP $auto$opt_reduce.cc:134:opt_pmux$10001 }
    New ctrl vector for $pmux cell $procmux$6500: { $procmux$1107_CMP $auto$opt_reduce.cc:134:opt_pmux$10001 }
    New ctrl vector for $pmux cell $procmux$6511: { $procmux$1107_CMP $auto$opt_reduce.cc:134:opt_pmux$10001 }
    New ctrl vector for $pmux cell $procmux$6522: { $procmux$1107_CMP $auto$opt_reduce.cc:134:opt_pmux$10001 }
    New ctrl vector for $pmux cell $procmux$6533: { $procmux$1107_CMP $auto$opt_reduce.cc:134:opt_pmux$10001 }
    New ctrl vector for $pmux cell $procmux$6544: { $procmux$1107_CMP $auto$opt_reduce.cc:134:opt_pmux$10001 }
    New ctrl vector for $pmux cell $procmux$6555: { $procmux$1107_CMP $auto$opt_reduce.cc:134:opt_pmux$10001 }
    New ctrl vector for $pmux cell $procmux$6566: { $procmux$1107_CMP $auto$opt_reduce.cc:134:opt_pmux$10001 }
    New ctrl vector for $pmux cell $procmux$6577: { $procmux$1107_CMP $auto$opt_reduce.cc:134:opt_pmux$10001 }
    New ctrl vector for $pmux cell $procmux$6588: { $procmux$1107_CMP $auto$opt_reduce.cc:134:opt_pmux$10001 }
    New ctrl vector for $pmux cell $procmux$6599: { $procmux$1107_CMP $auto$opt_reduce.cc:134:opt_pmux$10001 }
    New ctrl vector for $pmux cell $procmux$6610: { $procmux$1107_CMP $auto$opt_reduce.cc:134:opt_pmux$10001 }
    New ctrl vector for $pmux cell $procmux$6621: { $procmux$1107_CMP $auto$opt_reduce.cc:134:opt_pmux$10001 }
    New ctrl vector for $pmux cell $procmux$6632: { $procmux$1107_CMP $auto$opt_reduce.cc:134:opt_pmux$10001 }
    New ctrl vector for $pmux cell $procmux$6643: { $procmux$1107_CMP $auto$opt_reduce.cc:134:opt_pmux$10001 }
    New ctrl vector for $pmux cell $procmux$6654: { $procmux$1107_CMP $auto$opt_reduce.cc:134:opt_pmux$10001 }
    New ctrl vector for $pmux cell $procmux$6665: { $procmux$1107_CMP $auto$opt_reduce.cc:134:opt_pmux$10001 }
    New ctrl vector for $pmux cell $procmux$6676: { $procmux$1107_CMP $auto$opt_reduce.cc:134:opt_pmux$10001 }
    New ctrl vector for $pmux cell $procmux$6687: { $procmux$1107_CMP $auto$opt_reduce.cc:134:opt_pmux$10001 }
    New ctrl vector for $pmux cell $procmux$6698: { $procmux$1107_CMP $auto$opt_reduce.cc:134:opt_pmux$10001 }
    New ctrl vector for $pmux cell $procmux$6709: { $procmux$1107_CMP $auto$opt_reduce.cc:134:opt_pmux$10001 }
    New ctrl vector for $pmux cell $procmux$6720: { $procmux$1107_CMP $auto$opt_reduce.cc:134:opt_pmux$10001 }
    New ctrl vector for $pmux cell $procmux$6731: { $procmux$1107_CMP $auto$opt_reduce.cc:134:opt_pmux$10001 }
    New ctrl vector for $pmux cell $procmux$6742: { $procmux$1107_CMP $auto$opt_reduce.cc:134:opt_pmux$10001 }
    New ctrl vector for $pmux cell $procmux$6753: { $procmux$1107_CMP $auto$opt_reduce.cc:134:opt_pmux$10001 }
    New ctrl vector for $pmux cell $procmux$6764: { $procmux$1107_CMP $auto$opt_reduce.cc:134:opt_pmux$10001 }
    New ctrl vector for $pmux cell $procmux$6775: { $procmux$1107_CMP $auto$opt_reduce.cc:134:opt_pmux$10001 }
    New ctrl vector for $pmux cell $procmux$6786: { $procmux$1107_CMP $auto$opt_reduce.cc:134:opt_pmux$10001 }
    New ctrl vector for $pmux cell $procmux$6797: { $procmux$1107_CMP $auto$opt_reduce.cc:134:opt_pmux$10001 }
    New ctrl vector for $pmux cell $procmux$6808: { $procmux$1107_CMP $auto$opt_reduce.cc:134:opt_pmux$10001 }
    New ctrl vector for $pmux cell $procmux$6819: { $procmux$1107_CMP $auto$opt_reduce.cc:134:opt_pmux$10001 }
    New ctrl vector for $pmux cell $procmux$6830: { $procmux$1107_CMP $auto$opt_reduce.cc:134:opt_pmux$10001 }
    New ctrl vector for $pmux cell $procmux$6841: { $procmux$1107_CMP $auto$opt_reduce.cc:134:opt_pmux$10001 }
    New ctrl vector for $pmux cell $procmux$6852: { $procmux$1107_CMP $auto$opt_reduce.cc:134:opt_pmux$10001 }
    New ctrl vector for $pmux cell $procmux$6863: { $procmux$1107_CMP $auto$opt_reduce.cc:134:opt_pmux$10001 }
    New ctrl vector for $pmux cell $procmux$6874: { $procmux$1107_CMP $auto$opt_reduce.cc:134:opt_pmux$10001 }
    New ctrl vector for $pmux cell $procmux$6885: { $procmux$1107_CMP $auto$opt_reduce.cc:134:opt_pmux$10001 }
    New ctrl vector for $pmux cell $procmux$6896: { $procmux$1107_CMP $auto$opt_reduce.cc:134:opt_pmux$10001 }
    New ctrl vector for $pmux cell $procmux$6907: { $procmux$1107_CMP $auto$opt_reduce.cc:134:opt_pmux$10001 }
    New ctrl vector for $pmux cell $procmux$6918: { $procmux$1107_CMP $auto$opt_reduce.cc:134:opt_pmux$10001 }
    New ctrl vector for $pmux cell $procmux$6929: { $procmux$1107_CMP $auto$opt_reduce.cc:134:opt_pmux$10001 }
    New ctrl vector for $pmux cell $procmux$6940: { $procmux$1107_CMP $auto$opt_reduce.cc:134:opt_pmux$10001 }
    New ctrl vector for $pmux cell $procmux$6951: { $procmux$1107_CMP $auto$opt_reduce.cc:134:opt_pmux$10001 }
    New ctrl vector for $pmux cell $procmux$6962: { $procmux$1107_CMP $auto$opt_reduce.cc:134:opt_pmux$10001 }
    New ctrl vector for $pmux cell $procmux$6973: { $procmux$1107_CMP $auto$opt_reduce.cc:134:opt_pmux$10001 }
    New ctrl vector for $pmux cell $procmux$6984: { $procmux$1107_CMP $auto$opt_reduce.cc:134:opt_pmux$10001 }
    New ctrl vector for $pmux cell $procmux$6995: { $procmux$1107_CMP $auto$opt_reduce.cc:134:opt_pmux$10001 }
    New ctrl vector for $pmux cell $procmux$7006: { $procmux$1107_CMP $auto$opt_reduce.cc:134:opt_pmux$10001 }
    New ctrl vector for $pmux cell $procmux$7017: { $procmux$1107_CMP $auto$opt_reduce.cc:134:opt_pmux$10001 }
    New ctrl vector for $pmux cell $procmux$7028: { $procmux$1107_CMP $auto$opt_reduce.cc:134:opt_pmux$10001 }
    New ctrl vector for $pmux cell $procmux$7039: { $procmux$1107_CMP $auto$opt_reduce.cc:134:opt_pmux$10001 }
    New ctrl vector for $pmux cell $procmux$7050: { $procmux$1107_CMP $auto$opt_reduce.cc:134:opt_pmux$10001 }
    New ctrl vector for $pmux cell $procmux$7061: { $procmux$1107_CMP $auto$opt_reduce.cc:134:opt_pmux$10001 }
    New ctrl vector for $pmux cell $procmux$7072: { $procmux$1107_CMP $auto$opt_reduce.cc:134:opt_pmux$10001 }
    New ctrl vector for $pmux cell $procmux$7083: { $procmux$1107_CMP $auto$opt_reduce.cc:134:opt_pmux$10001 }
    New ctrl vector for $pmux cell $procmux$7094: { $procmux$1107_CMP $auto$opt_reduce.cc:134:opt_pmux$10001 }
    New ctrl vector for $pmux cell $procmux$7105: { $procmux$1107_CMP $auto$opt_reduce.cc:134:opt_pmux$10001 }
    New ctrl vector for $pmux cell $procmux$7116: { $procmux$1107_CMP $auto$opt_reduce.cc:134:opt_pmux$10001 }
    New ctrl vector for $pmux cell $procmux$7127: { $procmux$1107_CMP $auto$opt_reduce.cc:134:opt_pmux$10001 }
    New ctrl vector for $pmux cell $procmux$7138: { $procmux$1107_CMP $auto$opt_reduce.cc:134:opt_pmux$10001 }
    New ctrl vector for $pmux cell $procmux$7149: { $procmux$1107_CMP $auto$opt_reduce.cc:134:opt_pmux$10001 }
    New ctrl vector for $pmux cell $procmux$7160: { $procmux$1107_CMP $auto$opt_reduce.cc:134:opt_pmux$10001 }
    New ctrl vector for $pmux cell $procmux$7171: { $procmux$1107_CMP $auto$opt_reduce.cc:134:opt_pmux$10001 }
    New ctrl vector for $pmux cell $procmux$7182: { $procmux$1107_CMP $auto$opt_reduce.cc:134:opt_pmux$10001 }
    New ctrl vector for $pmux cell $procmux$7193: { $procmux$1107_CMP $auto$opt_reduce.cc:134:opt_pmux$10001 }
    New ctrl vector for $pmux cell $procmux$7204: { $procmux$1107_CMP $auto$opt_reduce.cc:134:opt_pmux$10001 }
    New ctrl vector for $pmux cell $procmux$7215: { $procmux$1107_CMP $auto$opt_reduce.cc:134:opt_pmux$10001 }
    New ctrl vector for $pmux cell $procmux$7226: { $procmux$1107_CMP $auto$opt_reduce.cc:134:opt_pmux$10001 }
    New ctrl vector for $pmux cell $procmux$7237: { $procmux$1107_CMP $auto$opt_reduce.cc:134:opt_pmux$10001 }
    New ctrl vector for $pmux cell $procmux$7248: { $procmux$1107_CMP $auto$opt_reduce.cc:134:opt_pmux$10001 }
    New ctrl vector for $pmux cell $procmux$7259: { $procmux$1107_CMP $auto$opt_reduce.cc:134:opt_pmux$10001 }
    New ctrl vector for $pmux cell $procmux$7270: { $procmux$1107_CMP $auto$opt_reduce.cc:134:opt_pmux$10001 }
    New ctrl vector for $pmux cell $procmux$7281: { $procmux$1107_CMP $auto$opt_reduce.cc:134:opt_pmux$10001 }
    New ctrl vector for $pmux cell $procmux$7292: { $procmux$1107_CMP $auto$opt_reduce.cc:134:opt_pmux$10001 }
    New ctrl vector for $pmux cell $procmux$7303: { $procmux$1107_CMP $auto$opt_reduce.cc:134:opt_pmux$10001 }
    New ctrl vector for $pmux cell $procmux$7314: { $procmux$1107_CMP $auto$opt_reduce.cc:134:opt_pmux$10001 }
    New ctrl vector for $pmux cell $procmux$7325: { $procmux$1107_CMP $auto$opt_reduce.cc:134:opt_pmux$10001 }
    New ctrl vector for $pmux cell $procmux$7336: { $procmux$1107_CMP $auto$opt_reduce.cc:134:opt_pmux$10001 }
    New ctrl vector for $pmux cell $procmux$7347: { $procmux$1107_CMP $auto$opt_reduce.cc:134:opt_pmux$10001 }
    New ctrl vector for $pmux cell $procmux$7358: { $procmux$1107_CMP $auto$opt_reduce.cc:134:opt_pmux$10001 }
    New ctrl vector for $pmux cell $procmux$7369: { $procmux$1107_CMP $auto$opt_reduce.cc:134:opt_pmux$10001 }
    New ctrl vector for $pmux cell $procmux$7380: { $procmux$1107_CMP $auto$opt_reduce.cc:134:opt_pmux$10001 }
    New ctrl vector for $pmux cell $procmux$7391: { $procmux$1107_CMP $auto$opt_reduce.cc:134:opt_pmux$10001 }
    New ctrl vector for $pmux cell $procmux$7402: { $procmux$1107_CMP $auto$opt_reduce.cc:134:opt_pmux$10001 }
    New ctrl vector for $pmux cell $procmux$7413: { $procmux$1107_CMP $auto$opt_reduce.cc:134:opt_pmux$10001 }
    New ctrl vector for $pmux cell $procmux$7424: { $procmux$1107_CMP $auto$opt_reduce.cc:134:opt_pmux$10001 }
    New ctrl vector for $pmux cell $procmux$7435: { $procmux$1107_CMP $auto$opt_reduce.cc:134:opt_pmux$10001 }
    New ctrl vector for $pmux cell $procmux$7446: { $procmux$1107_CMP $auto$opt_reduce.cc:134:opt_pmux$10001 }
    New ctrl vector for $pmux cell $procmux$7457: { $procmux$1107_CMP $auto$opt_reduce.cc:134:opt_pmux$10001 }
    New ctrl vector for $pmux cell $procmux$7468: { $procmux$1107_CMP $auto$opt_reduce.cc:134:opt_pmux$10001 }
    New ctrl vector for $pmux cell $procmux$7479: { $procmux$1107_CMP $auto$opt_reduce.cc:134:opt_pmux$10001 }
    New ctrl vector for $pmux cell $procmux$7490: { $procmux$1107_CMP $auto$opt_reduce.cc:134:opt_pmux$10001 }
    New ctrl vector for $pmux cell $procmux$7501: { $procmux$1107_CMP $auto$opt_reduce.cc:134:opt_pmux$10001 }
    New ctrl vector for $pmux cell $procmux$7512: { $procmux$1107_CMP $auto$opt_reduce.cc:134:opt_pmux$10001 }
    New ctrl vector for $pmux cell $procmux$7523: { $procmux$1107_CMP $auto$opt_reduce.cc:134:opt_pmux$10001 }
    New ctrl vector for $pmux cell $procmux$7534: { $procmux$1107_CMP $auto$opt_reduce.cc:134:opt_pmux$10001 }
    New ctrl vector for $pmux cell $procmux$7545: { $procmux$1107_CMP $auto$opt_reduce.cc:134:opt_pmux$10001 }
    New ctrl vector for $pmux cell $procmux$7556: { $procmux$1107_CMP $auto$opt_reduce.cc:134:opt_pmux$10001 }
    New ctrl vector for $pmux cell $procmux$7567: { $procmux$1107_CMP $auto$opt_reduce.cc:134:opt_pmux$10001 }
    New ctrl vector for $pmux cell $procmux$7578: { $procmux$1107_CMP $auto$opt_reduce.cc:134:opt_pmux$10001 }
    New ctrl vector for $pmux cell $procmux$7589: { $procmux$1107_CMP $auto$opt_reduce.cc:134:opt_pmux$10001 }
    New ctrl vector for $pmux cell $procmux$7600: { $procmux$1107_CMP $auto$opt_reduce.cc:134:opt_pmux$10001 }
    New ctrl vector for $pmux cell $procmux$7611: { $procmux$1107_CMP $auto$opt_reduce.cc:134:opt_pmux$10001 }
    New ctrl vector for $pmux cell $procmux$7622: { $procmux$1107_CMP $auto$opt_reduce.cc:134:opt_pmux$10001 }
    New ctrl vector for $pmux cell $procmux$7633: { $procmux$1107_CMP $auto$opt_reduce.cc:134:opt_pmux$10001 }
    New ctrl vector for $pmux cell $procmux$7644: { $procmux$1107_CMP $auto$opt_reduce.cc:134:opt_pmux$10001 }
    New ctrl vector for $pmux cell $procmux$7655: { $procmux$1107_CMP $auto$opt_reduce.cc:134:opt_pmux$10001 }
    New ctrl vector for $pmux cell $procmux$7666: { $procmux$1107_CMP $auto$opt_reduce.cc:134:opt_pmux$10001 }
    New ctrl vector for $pmux cell $procmux$7677: { $procmux$1107_CMP $auto$opt_reduce.cc:134:opt_pmux$10001 }
    New ctrl vector for $pmux cell $procmux$7688: { $procmux$1107_CMP $auto$opt_reduce.cc:134:opt_pmux$10001 }
    New ctrl vector for $pmux cell $procmux$7699: { $procmux$1107_CMP $auto$opt_reduce.cc:134:opt_pmux$10001 }
    New ctrl vector for $pmux cell $procmux$7710: { $procmux$1107_CMP $auto$opt_reduce.cc:134:opt_pmux$10001 }
    New ctrl vector for $pmux cell $procmux$7721: { $procmux$1107_CMP $auto$opt_reduce.cc:134:opt_pmux$10001 }
    New ctrl vector for $pmux cell $procmux$7732: { $procmux$1107_CMP $auto$opt_reduce.cc:134:opt_pmux$10001 }
    New ctrl vector for $pmux cell $procmux$7743: { $procmux$1107_CMP $auto$opt_reduce.cc:134:opt_pmux$10001 }
    New ctrl vector for $pmux cell $procmux$7754: { $procmux$1107_CMP $auto$opt_reduce.cc:134:opt_pmux$10001 }
    New ctrl vector for $pmux cell $procmux$7765: { $procmux$1107_CMP $auto$opt_reduce.cc:134:opt_pmux$10001 }
    New ctrl vector for $pmux cell $procmux$7776: { $procmux$1107_CMP $auto$opt_reduce.cc:134:opt_pmux$10001 }
    New ctrl vector for $pmux cell $procmux$7787: { $procmux$1107_CMP $auto$opt_reduce.cc:134:opt_pmux$10001 }
    New ctrl vector for $pmux cell $procmux$7798: { $procmux$1107_CMP $auto$opt_reduce.cc:134:opt_pmux$10001 }
    New ctrl vector for $pmux cell $procmux$7809: { $procmux$1107_CMP $auto$opt_reduce.cc:134:opt_pmux$10001 }
    New ctrl vector for $pmux cell $procmux$7820: { $procmux$1107_CMP $auto$opt_reduce.cc:134:opt_pmux$10001 }
    New ctrl vector for $pmux cell $procmux$7831: { $procmux$1107_CMP $auto$opt_reduce.cc:134:opt_pmux$10001 }
    New ctrl vector for $pmux cell $procmux$7842: { $procmux$1107_CMP $auto$opt_reduce.cc:134:opt_pmux$10001 }
    New ctrl vector for $pmux cell $procmux$7853: { $procmux$1107_CMP $auto$opt_reduce.cc:134:opt_pmux$10001 }
    New ctrl vector for $pmux cell $procmux$7864: { $procmux$1107_CMP $auto$opt_reduce.cc:134:opt_pmux$10001 }
    New ctrl vector for $pmux cell $procmux$7875: { $procmux$1107_CMP $auto$opt_reduce.cc:134:opt_pmux$10001 }
    New ctrl vector for $pmux cell $procmux$7886: { $procmux$1107_CMP $auto$opt_reduce.cc:134:opt_pmux$10001 }
    New ctrl vector for $pmux cell $procmux$7897: { $procmux$1107_CMP $auto$opt_reduce.cc:134:opt_pmux$10001 }
    New ctrl vector for $pmux cell $procmux$7908: { $procmux$1107_CMP $auto$opt_reduce.cc:134:opt_pmux$10001 }
    New ctrl vector for $pmux cell $procmux$7919: { $procmux$1107_CMP $auto$opt_reduce.cc:134:opt_pmux$10001 }
    New ctrl vector for $pmux cell $procmux$7930: { $procmux$1107_CMP $auto$opt_reduce.cc:134:opt_pmux$10001 }
    New ctrl vector for $pmux cell $procmux$7941: { $procmux$1107_CMP $auto$opt_reduce.cc:134:opt_pmux$10001 }
    New ctrl vector for $pmux cell $procmux$7952: { $procmux$1107_CMP $auto$opt_reduce.cc:134:opt_pmux$10001 }
    New ctrl vector for $pmux cell $procmux$7963: { $procmux$1107_CMP $auto$opt_reduce.cc:134:opt_pmux$10001 }
    New ctrl vector for $pmux cell $procmux$7974: { $procmux$1107_CMP $auto$opt_reduce.cc:134:opt_pmux$10001 }
    New ctrl vector for $pmux cell $procmux$7985: { $procmux$1107_CMP $auto$opt_reduce.cc:134:opt_pmux$10001 }
    New ctrl vector for $pmux cell $procmux$7996: { $procmux$1107_CMP $auto$opt_reduce.cc:134:opt_pmux$10001 }
    New ctrl vector for $pmux cell $procmux$8007: { $procmux$1107_CMP $auto$opt_reduce.cc:134:opt_pmux$10001 }
    New ctrl vector for $pmux cell $procmux$8018: { $procmux$1107_CMP $auto$opt_reduce.cc:134:opt_pmux$10001 }
    New ctrl vector for $pmux cell $procmux$8029: { $procmux$1107_CMP $auto$opt_reduce.cc:134:opt_pmux$10001 }
    New ctrl vector for $pmux cell $procmux$8040: { $procmux$1107_CMP $auto$opt_reduce.cc:134:opt_pmux$10001 }
    New ctrl vector for $pmux cell $procmux$8051: { $procmux$1107_CMP $auto$opt_reduce.cc:134:opt_pmux$10001 }
    New ctrl vector for $pmux cell $procmux$8062: { $procmux$1107_CMP $auto$opt_reduce.cc:134:opt_pmux$10001 }
    New ctrl vector for $pmux cell $procmux$8073: { $procmux$1107_CMP $auto$opt_reduce.cc:134:opt_pmux$10001 }
    New ctrl vector for $pmux cell $procmux$8084: { $procmux$1107_CMP $auto$opt_reduce.cc:134:opt_pmux$10001 }
    New ctrl vector for $pmux cell $procmux$8095: { $procmux$1107_CMP $auto$opt_reduce.cc:134:opt_pmux$10001 }
    New ctrl vector for $pmux cell $procmux$8106: { $procmux$1107_CMP $auto$opt_reduce.cc:134:opt_pmux$10001 }
    New ctrl vector for $pmux cell $procmux$8117: { $procmux$1107_CMP $auto$opt_reduce.cc:134:opt_pmux$10001 }
    New ctrl vector for $pmux cell $procmux$8128: { $procmux$1107_CMP $auto$opt_reduce.cc:134:opt_pmux$10001 }
    New ctrl vector for $pmux cell $procmux$8139: { $procmux$1107_CMP $auto$opt_reduce.cc:134:opt_pmux$10001 }
    New ctrl vector for $pmux cell $procmux$8150: { $procmux$1107_CMP $auto$opt_reduce.cc:134:opt_pmux$10001 }
    New ctrl vector for $pmux cell $procmux$8161: { $procmux$1107_CMP $auto$opt_reduce.cc:134:opt_pmux$10001 }
    New ctrl vector for $pmux cell $procmux$8172: { $procmux$1107_CMP $auto$opt_reduce.cc:134:opt_pmux$10001 }
    New ctrl vector for $pmux cell $procmux$8183: { $procmux$1107_CMP $auto$opt_reduce.cc:134:opt_pmux$10001 }
    New ctrl vector for $pmux cell $procmux$8194: { $procmux$1107_CMP $auto$opt_reduce.cc:134:opt_pmux$10001 }
    New ctrl vector for $pmux cell $procmux$8205: { $procmux$1107_CMP $auto$opt_reduce.cc:134:opt_pmux$10001 }
    New ctrl vector for $pmux cell $procmux$8216: { $procmux$1107_CMP $auto$opt_reduce.cc:134:opt_pmux$10001 }
    New ctrl vector for $pmux cell $procmux$8227: { $procmux$1107_CMP $auto$opt_reduce.cc:134:opt_pmux$10001 }
    New ctrl vector for $pmux cell $procmux$8238: { $procmux$1107_CMP $auto$opt_reduce.cc:134:opt_pmux$10001 }
    New ctrl vector for $pmux cell $procmux$8249: { $procmux$1107_CMP $auto$opt_reduce.cc:134:opt_pmux$10001 }
    New ctrl vector for $pmux cell $procmux$8260: { $procmux$1107_CMP $auto$opt_reduce.cc:134:opt_pmux$10001 }
    New ctrl vector for $pmux cell $procmux$8271: { $procmux$1107_CMP $auto$opt_reduce.cc:134:opt_pmux$10001 }
    New ctrl vector for $pmux cell $procmux$8282: { $procmux$1107_CMP $auto$opt_reduce.cc:134:opt_pmux$10001 }
    New ctrl vector for $pmux cell $procmux$8293: { $procmux$1107_CMP $auto$opt_reduce.cc:134:opt_pmux$10001 }
    New ctrl vector for $pmux cell $procmux$8304: { $procmux$1107_CMP $auto$opt_reduce.cc:134:opt_pmux$10001 }
    New ctrl vector for $pmux cell $procmux$8315: { $procmux$1107_CMP $auto$opt_reduce.cc:134:opt_pmux$10001 }
    New ctrl vector for $pmux cell $procmux$8326: { $procmux$1107_CMP $auto$opt_reduce.cc:134:opt_pmux$10001 }
    New ctrl vector for $pmux cell $procmux$8337: { $procmux$1107_CMP $auto$opt_reduce.cc:134:opt_pmux$10001 }
    New ctrl vector for $pmux cell $procmux$8348: { $procmux$1107_CMP $auto$opt_reduce.cc:134:opt_pmux$10001 }
    New ctrl vector for $pmux cell $procmux$8359: { $procmux$1107_CMP $auto$opt_reduce.cc:134:opt_pmux$10001 }
    New ctrl vector for $pmux cell $procmux$8370: { $procmux$1107_CMP $auto$opt_reduce.cc:134:opt_pmux$10001 }
    New ctrl vector for $pmux cell $procmux$8381: { $procmux$1107_CMP $auto$opt_reduce.cc:134:opt_pmux$10001 }
    New ctrl vector for $pmux cell $procmux$8392: { $procmux$1107_CMP $auto$opt_reduce.cc:134:opt_pmux$10001 }
    New ctrl vector for $pmux cell $procmux$8403: { $procmux$1107_CMP $auto$opt_reduce.cc:134:opt_pmux$10001 }
    New ctrl vector for $pmux cell $procmux$8414: { $procmux$1107_CMP $auto$opt_reduce.cc:134:opt_pmux$10001 }
    New ctrl vector for $pmux cell $procmux$8425: { $procmux$1107_CMP $auto$opt_reduce.cc:134:opt_pmux$10001 }
    New ctrl vector for $pmux cell $procmux$8436: { $procmux$1107_CMP $auto$opt_reduce.cc:134:opt_pmux$10001 }
    New ctrl vector for $pmux cell $procmux$8447: { $procmux$1107_CMP $auto$opt_reduce.cc:134:opt_pmux$10001 }
    New ctrl vector for $pmux cell $procmux$8458: { $procmux$1107_CMP $auto$opt_reduce.cc:134:opt_pmux$10001 }
    New ctrl vector for $pmux cell $procmux$8469: { $procmux$1107_CMP $auto$opt_reduce.cc:134:opt_pmux$10001 }
    New ctrl vector for $pmux cell $procmux$8480: { $procmux$1107_CMP $auto$opt_reduce.cc:134:opt_pmux$10001 }
    New ctrl vector for $pmux cell $procmux$8491: { $procmux$1107_CMP $auto$opt_reduce.cc:134:opt_pmux$10001 }
    New ctrl vector for $pmux cell $procmux$8502: { $procmux$1107_CMP $auto$opt_reduce.cc:134:opt_pmux$10001 }
    New ctrl vector for $pmux cell $procmux$8513: { $procmux$1107_CMP $auto$opt_reduce.cc:134:opt_pmux$10001 }
    New ctrl vector for $pmux cell $procmux$8524: { $procmux$1107_CMP $auto$opt_reduce.cc:134:opt_pmux$10001 }
    New ctrl vector for $pmux cell $procmux$8535: { $procmux$1107_CMP $auto$opt_reduce.cc:134:opt_pmux$10001 }
    New ctrl vector for $pmux cell $procmux$8546: { $procmux$1107_CMP $auto$opt_reduce.cc:134:opt_pmux$10001 }
    New ctrl vector for $pmux cell $procmux$8557: { $procmux$1107_CMP $auto$opt_reduce.cc:134:opt_pmux$10001 }
    New ctrl vector for $pmux cell $procmux$8568: { $procmux$1107_CMP $auto$opt_reduce.cc:134:opt_pmux$10001 }
    New ctrl vector for $pmux cell $procmux$8579: { $procmux$1107_CMP $auto$opt_reduce.cc:134:opt_pmux$10001 }
    New ctrl vector for $pmux cell $procmux$8590: { $procmux$1107_CMP $auto$opt_reduce.cc:134:opt_pmux$10001 }
    New ctrl vector for $pmux cell $procmux$8601: { $procmux$1107_CMP $auto$opt_reduce.cc:134:opt_pmux$10001 }
    New ctrl vector for $pmux cell $procmux$8612: { $procmux$1107_CMP $auto$opt_reduce.cc:134:opt_pmux$10001 }
    New ctrl vector for $pmux cell $procmux$8623: { $procmux$1107_CMP $auto$opt_reduce.cc:134:opt_pmux$10001 }
    New ctrl vector for $pmux cell $procmux$8634: { $procmux$1107_CMP $auto$opt_reduce.cc:134:opt_pmux$10001 }
    New ctrl vector for $pmux cell $procmux$8645: { $procmux$1107_CMP $auto$opt_reduce.cc:134:opt_pmux$10001 }
    New ctrl vector for $pmux cell $procmux$8656: { $procmux$1107_CMP $auto$opt_reduce.cc:134:opt_pmux$10001 }
    New ctrl vector for $pmux cell $procmux$8667: { $procmux$1107_CMP $auto$opt_reduce.cc:134:opt_pmux$10001 }
    New ctrl vector for $pmux cell $procmux$8678: { $procmux$1107_CMP $auto$opt_reduce.cc:134:opt_pmux$10001 }
    New ctrl vector for $pmux cell $procmux$8689: { $procmux$1107_CMP $auto$opt_reduce.cc:134:opt_pmux$10001 }
    New ctrl vector for $pmux cell $procmux$8700: { $procmux$1107_CMP $auto$opt_reduce.cc:134:opt_pmux$10001 }
    New ctrl vector for $pmux cell $procmux$8711: { $procmux$1107_CMP $auto$opt_reduce.cc:134:opt_pmux$10001 }
    New ctrl vector for $pmux cell $procmux$8722: { $procmux$1107_CMP $auto$opt_reduce.cc:134:opt_pmux$10001 }
    New ctrl vector for $pmux cell $procmux$8733: { $procmux$1107_CMP $auto$opt_reduce.cc:134:opt_pmux$10001 }
    New ctrl vector for $pmux cell $procmux$8744: { $procmux$1107_CMP $auto$opt_reduce.cc:134:opt_pmux$10001 }
    New ctrl vector for $pmux cell $procmux$8755: { $procmux$1107_CMP $auto$opt_reduce.cc:134:opt_pmux$10001 }
    New ctrl vector for $pmux cell $procmux$8766: { $procmux$1107_CMP $auto$opt_reduce.cc:134:opt_pmux$10001 }
    New ctrl vector for $pmux cell $procmux$8777: { $procmux$1107_CMP $auto$opt_reduce.cc:134:opt_pmux$10001 }
    New ctrl vector for $pmux cell $procmux$8788: { $procmux$1107_CMP $auto$opt_reduce.cc:134:opt_pmux$10001 }
    New ctrl vector for $pmux cell $procmux$8799: { $procmux$1107_CMP $auto$opt_reduce.cc:134:opt_pmux$10001 }
    New ctrl vector for $pmux cell $procmux$8810: { $procmux$1107_CMP $auto$opt_reduce.cc:134:opt_pmux$10001 }
    New ctrl vector for $pmux cell $procmux$8821: { $procmux$1107_CMP $auto$opt_reduce.cc:134:opt_pmux$10001 }
    New ctrl vector for $pmux cell $procmux$8832: { $procmux$1107_CMP $auto$opt_reduce.cc:134:opt_pmux$10001 }
    New ctrl vector for $pmux cell $procmux$8843: { $procmux$1107_CMP $auto$opt_reduce.cc:134:opt_pmux$10001 }
    New ctrl vector for $pmux cell $procmux$8854: { $procmux$1107_CMP $auto$opt_reduce.cc:134:opt_pmux$10001 }
    New ctrl vector for $pmux cell $procmux$8865: { $procmux$1107_CMP $auto$opt_reduce.cc:134:opt_pmux$10001 }
    New ctrl vector for $pmux cell $procmux$8876: { $procmux$1107_CMP $auto$opt_reduce.cc:134:opt_pmux$10001 }
    New ctrl vector for $pmux cell $procmux$8887: { $procmux$1107_CMP $auto$opt_reduce.cc:134:opt_pmux$10001 }
    New ctrl vector for $pmux cell $procmux$8898: { $procmux$1107_CMP $auto$opt_reduce.cc:134:opt_pmux$10001 }
    New ctrl vector for $pmux cell $procmux$8909: { $procmux$1107_CMP $auto$opt_reduce.cc:134:opt_pmux$10001 }
    New ctrl vector for $pmux cell $procmux$8920: { $procmux$1107_CMP $auto$opt_reduce.cc:134:opt_pmux$10001 }
    New ctrl vector for $pmux cell $procmux$8931: { $procmux$1107_CMP $auto$opt_reduce.cc:134:opt_pmux$10001 }
    New ctrl vector for $pmux cell $procmux$8942: { $procmux$1107_CMP $auto$opt_reduce.cc:134:opt_pmux$10001 }
    New ctrl vector for $pmux cell $procmux$8953: { $procmux$1107_CMP $auto$opt_reduce.cc:134:opt_pmux$10001 }
    New ctrl vector for $pmux cell $procmux$8964: { $procmux$1107_CMP $auto$opt_reduce.cc:134:opt_pmux$10001 }
    New ctrl vector for $pmux cell $procmux$8975: { $procmux$1107_CMP $auto$opt_reduce.cc:134:opt_pmux$10001 }
    New ctrl vector for $pmux cell $procmux$8986: { $procmux$1107_CMP $auto$opt_reduce.cc:134:opt_pmux$10001 }
    New ctrl vector for $pmux cell $procmux$8997: { $procmux$1107_CMP $auto$opt_reduce.cc:134:opt_pmux$10001 }
    New ctrl vector for $pmux cell $procmux$9008: { $procmux$1107_CMP $auto$opt_reduce.cc:134:opt_pmux$10001 }
    New ctrl vector for $pmux cell $procmux$9019: { $procmux$1107_CMP $auto$opt_reduce.cc:134:opt_pmux$10001 }
    New ctrl vector for $pmux cell $procmux$9030: { $procmux$1107_CMP $auto$opt_reduce.cc:134:opt_pmux$10001 }
    New ctrl vector for $pmux cell $procmux$9041: { $procmux$1107_CMP $auto$opt_reduce.cc:134:opt_pmux$10001 }
    New ctrl vector for $pmux cell $procmux$9052: { $procmux$1107_CMP $auto$opt_reduce.cc:134:opt_pmux$10001 }
    New ctrl vector for $pmux cell $procmux$9063: { $procmux$1107_CMP $auto$opt_reduce.cc:134:opt_pmux$10001 }
    New ctrl vector for $pmux cell $procmux$9074: { $procmux$1107_CMP $auto$opt_reduce.cc:134:opt_pmux$10001 }
    New ctrl vector for $pmux cell $procmux$9085: { $procmux$1107_CMP $auto$opt_reduce.cc:134:opt_pmux$10001 }
    New ctrl vector for $pmux cell $procmux$9096: { $procmux$1107_CMP $auto$opt_reduce.cc:134:opt_pmux$10001 }
    New ctrl vector for $pmux cell $procmux$9107: { $procmux$1107_CMP $auto$opt_reduce.cc:134:opt_pmux$10001 }
    New ctrl vector for $pmux cell $procmux$9118: { $procmux$1107_CMP $auto$opt_reduce.cc:134:opt_pmux$10001 }
    New ctrl vector for $pmux cell $procmux$9129: { $procmux$1107_CMP $auto$opt_reduce.cc:134:opt_pmux$10001 }
    New ctrl vector for $pmux cell $procmux$9140: { $procmux$1107_CMP $auto$opt_reduce.cc:134:opt_pmux$10001 }
    New ctrl vector for $pmux cell $procmux$9151: { $procmux$1107_CMP $auto$opt_reduce.cc:134:opt_pmux$10001 }
    New ctrl vector for $pmux cell $procmux$9162: { $procmux$1107_CMP $auto$opt_reduce.cc:134:opt_pmux$10001 }
    New ctrl vector for $pmux cell $procmux$9173: { $procmux$1107_CMP $auto$opt_reduce.cc:134:opt_pmux$10001 }
    New ctrl vector for $pmux cell $procmux$9184: { $procmux$1107_CMP $auto$opt_reduce.cc:134:opt_pmux$10001 }
    New ctrl vector for $pmux cell $procmux$9195: { $procmux$1107_CMP $auto$opt_reduce.cc:134:opt_pmux$10001 }
    New ctrl vector for $pmux cell $procmux$9206: { $procmux$1107_CMP $auto$opt_reduce.cc:134:opt_pmux$10001 }
    New ctrl vector for $pmux cell $procmux$9217: { $procmux$1107_CMP $auto$opt_reduce.cc:134:opt_pmux$10001 }
    New ctrl vector for $pmux cell $procmux$9228: { $procmux$1107_CMP $auto$opt_reduce.cc:134:opt_pmux$10001 }
    New ctrl vector for $pmux cell $procmux$9239: { $procmux$1107_CMP $auto$opt_reduce.cc:134:opt_pmux$10001 }
    New ctrl vector for $pmux cell $procmux$9250: { $procmux$1107_CMP $auto$opt_reduce.cc:134:opt_pmux$10001 }
    New ctrl vector for $pmux cell $procmux$9261: { $procmux$1107_CMP $auto$opt_reduce.cc:134:opt_pmux$10001 }
    New ctrl vector for $pmux cell $procmux$9272: { $procmux$1107_CMP $auto$opt_reduce.cc:134:opt_pmux$10001 }
    New ctrl vector for $pmux cell $procmux$9283: { $procmux$1107_CMP $auto$opt_reduce.cc:134:opt_pmux$10001 }
    New ctrl vector for $pmux cell $procmux$9294: { $procmux$1107_CMP $auto$opt_reduce.cc:134:opt_pmux$10001 }
    New ctrl vector for $pmux cell $procmux$9305: { $procmux$1107_CMP $auto$opt_reduce.cc:134:opt_pmux$10001 }
    New ctrl vector for $pmux cell $procmux$9316: { $procmux$1107_CMP $auto$opt_reduce.cc:134:opt_pmux$10001 }
    New ctrl vector for $pmux cell $procmux$9327: { $procmux$1107_CMP $auto$opt_reduce.cc:134:opt_pmux$10001 }
    New ctrl vector for $pmux cell $procmux$9338: { $procmux$1107_CMP $auto$opt_reduce.cc:134:opt_pmux$10001 }
    New ctrl vector for $pmux cell $procmux$9349: { $procmux$1107_CMP $auto$opt_reduce.cc:134:opt_pmux$10001 }
    New ctrl vector for $pmux cell $procmux$9360: { $procmux$1107_CMP $auto$opt_reduce.cc:134:opt_pmux$10001 }
    New ctrl vector for $pmux cell $procmux$9371: { $procmux$1107_CMP $auto$opt_reduce.cc:134:opt_pmux$10001 }
    New ctrl vector for $pmux cell $procmux$9382: { $procmux$1107_CMP $auto$opt_reduce.cc:134:opt_pmux$10001 }
    New ctrl vector for $pmux cell $procmux$9393: { $procmux$1107_CMP $auto$opt_reduce.cc:134:opt_pmux$10001 }
    New ctrl vector for $pmux cell $procmux$9404: { $procmux$1107_CMP $auto$opt_reduce.cc:134:opt_pmux$10001 }
    New ctrl vector for $pmux cell $procmux$9415: { $procmux$1107_CMP $auto$opt_reduce.cc:134:opt_pmux$10001 }
    New ctrl vector for $pmux cell $procmux$9426: { $procmux$1107_CMP $auto$opt_reduce.cc:134:opt_pmux$10001 }
    New ctrl vector for $pmux cell $procmux$9437: { $procmux$1107_CMP $auto$opt_reduce.cc:134:opt_pmux$10001 }
    New ctrl vector for $pmux cell $procmux$9448: { $procmux$1107_CMP $auto$opt_reduce.cc:134:opt_pmux$10001 }
    New ctrl vector for $pmux cell $procmux$9459: { $procmux$1107_CMP $auto$opt_reduce.cc:134:opt_pmux$10001 }
    New ctrl vector for $pmux cell $procmux$9470: { $procmux$1107_CMP $auto$opt_reduce.cc:134:opt_pmux$10001 }
    New ctrl vector for $pmux cell $procmux$9481: { $procmux$1107_CMP $auto$opt_reduce.cc:134:opt_pmux$10001 }
    New ctrl vector for $pmux cell $procmux$9503: { $procmux$1108_CMP $auto$opt_reduce.cc:134:opt_pmux$11459 }
    New ctrl vector for $pmux cell $procmux$9514: $procmux$1101_CMP
  Optimizing cells in module \rq_mult_parallel.
Performed a total of 769 changes.

3.8.12. Executing OPT_MERGE pass (detect identical cells).
Finding identical cells in module `\mod4591svec28'.
Finding identical cells in module `\modmul4591s'.
Finding identical cells in module `\modq_freeze'.
Finding identical cells in module `\rq_fma_v2'.
Finding identical cells in module `\rq_mult_parallel'.
<suppressed ~30 debug messages>
Removed a total of 10 cells.

3.8.13. Executing OPT_DFF pass (perform DFF optimizations).

3.8.14. Executing OPT_CLEAN pass (remove unused cells and wires).
Finding unused cells or wires in module \mod4591svec28..
Finding unused cells or wires in module \modmul4591s..
Finding unused cells or wires in module \modq_freeze..
Finding unused cells or wires in module \rq_fma_v2..
Finding unused cells or wires in module \rq_mult_parallel..
Removed 0 unused cells and 10 unused wires.
<suppressed ~1 debug messages>

3.8.15. Executing OPT_EXPR pass (perform const folding).
Optimizing module mod4591svec28.
Optimizing module modmul4591s.
Optimizing module modq_freeze.
Optimizing module rq_fma_v2.
Optimizing module rq_mult_parallel.

3.8.16. Rerunning OPT passes. (Maybe there is more to do..)

3.8.17. Executing OPT_MUXTREE pass (detect dead branches in mux trees).
Running muxtree optimizer on module \mod4591svec28..
  Creating internal representation of mux trees.
  Evaluating internal representation of mux trees.
  Analyzing evaluation results.
Running muxtree optimizer on module \modmul4591s..
  Creating internal representation of mux trees.
  Evaluating internal representation of mux trees.
  Analyzing evaluation results.
Running muxtree optimizer on module \modq_freeze..
  Creating internal representation of mux trees.
  No muxes found in this module.
Running muxtree optimizer on module \rq_fma_v2..
  Creating internal representation of mux trees.
  Evaluating internal representation of mux trees.
  Analyzing evaluation results.
Running muxtree optimizer on module \rq_mult_parallel..
  Creating internal representation of mux trees.
  Evaluating internal representation of mux trees.
  Analyzing evaluation results.
Removed 0 multiplexer ports.
<suppressed ~778 debug messages>

3.8.18. Executing OPT_REDUCE pass (consolidate $*mux and $reduce_* inputs).
  Optimizing cells in module \mod4591svec28.
  Optimizing cells in module \modmul4591s.
  Optimizing cells in module \modq_freeze.
  Optimizing cells in module \rq_fma_v2.
  Optimizing cells in module \rq_mult_parallel.
Performed a total of 0 changes.

3.8.19. Executing OPT_MERGE pass (detect identical cells).
Finding identical cells in module `\mod4591svec28'.
Finding identical cells in module `\modmul4591s'.
Finding identical cells in module `\modq_freeze'.
Finding identical cells in module `\rq_fma_v2'.
Finding identical cells in module `\rq_mult_parallel'.
Removed a total of 0 cells.

3.8.20. Executing OPT_DFF pass (perform DFF optimizations).

3.8.21. Executing OPT_CLEAN pass (remove unused cells and wires).
Finding unused cells or wires in module \mod4591svec28..
Finding unused cells or wires in module \modmul4591s..
Finding unused cells or wires in module \modq_freeze..
Finding unused cells or wires in module \rq_fma_v2..
Finding unused cells or wires in module \rq_mult_parallel..

3.8.22. Executing OPT_EXPR pass (perform const folding).
Optimizing module mod4591svec28.
Optimizing module modmul4591s.
Optimizing module modq_freeze.
Optimizing module rq_fma_v2.
Optimizing module rq_mult_parallel.

3.8.23. Finished OPT passes. (There is nothing left to do.)

3.9. Executing WREDUCE pass (reducing word size of cells).
Removed top 4 bits (of 5) from port B of cell mod4591svec28.$eq$peng_r3.v:283$2 ($eq).
Removed top 3 bits (of 5) from port B of cell mod4591svec28.$eq$peng_r3.v:285$3 ($eq).
Removed top 3 bits (of 5) from port B of cell mod4591svec28.$eq$peng_r3.v:287$4 ($eq).
Removed top 2 bits (of 5) from port B of cell mod4591svec28.$eq$peng_r3.v:289$5 ($eq).
Removed top 2 bits (of 5) from port B of cell mod4591svec28.$eq$peng_r3.v:291$6 ($eq).
Removed top 2 bits (of 5) from port B of cell mod4591svec28.$eq$peng_r3.v:293$7 ($eq).
Removed top 2 bits (of 5) from port B of cell mod4591svec28.$eq$peng_r3.v:295$8 ($eq).
Removed top 1 bits (of 5) from port B of cell mod4591svec28.$eq$peng_r3.v:297$9 ($eq).
Removed top 1 bits (of 5) from port B of cell mod4591svec28.$eq$peng_r3.v:299$10 ($eq).
Removed top 1 bits (of 5) from port B of cell mod4591svec28.$eq$peng_r3.v:301$11 ($eq).
Removed top 1 bits (of 5) from port B of cell mod4591svec28.$eq$peng_r3.v:303$12 ($eq).
Removed top 1 bits (of 5) from port B of cell mod4591svec28.$eq$peng_r3.v:305$13 ($eq).
Removed top 1 bits (of 5) from port B of cell mod4591svec28.$eq$peng_r3.v:307$14 ($eq).
Removed top 1 bits (of 5) from port B of cell mod4591svec28.$eq$peng_r3.v:309$15 ($eq).
Removed top 1 bits (of 5) from port B of cell mod4591svec28.$eq$peng_r3.v:311$16 ($eq).
Removed top 5 bits (of 6) from port B of cell mod4591svec28.$eq$peng_r3.v:386$35 ($eq).
Removed top 4 bits (of 6) from port B of cell mod4591svec28.$eq$peng_r3.v:388$36 ($eq).
Removed top 4 bits (of 6) from port B of cell mod4591svec28.$eq$peng_r3.v:390$37 ($eq).
Removed top 3 bits (of 6) from port B of cell mod4591svec28.$eq$peng_r3.v:392$38 ($eq).
Removed top 3 bits (of 6) from port B of cell mod4591svec28.$eq$peng_r3.v:394$39 ($eq).
Removed top 3 bits (of 6) from port B of cell mod4591svec28.$eq$peng_r3.v:396$40 ($eq).
Removed top 3 bits (of 6) from port B of cell mod4591svec28.$eq$peng_r3.v:398$41 ($eq).
Removed top 2 bits (of 6) from port B of cell mod4591svec28.$eq$peng_r3.v:400$42 ($eq).
Removed top 2 bits (of 6) from port B of cell mod4591svec28.$eq$peng_r3.v:402$43 ($eq).
Removed top 2 bits (of 6) from port B of cell mod4591svec28.$eq$peng_r3.v:404$44 ($eq).
Removed top 2 bits (of 6) from port B of cell mod4591svec28.$eq$peng_r3.v:406$45 ($eq).
Removed top 2 bits (of 6) from port B of cell mod4591svec28.$eq$peng_r3.v:408$46 ($eq).
Removed top 2 bits (of 6) from port B of cell mod4591svec28.$eq$peng_r3.v:410$47 ($eq).
Removed top 2 bits (of 6) from port B of cell mod4591svec28.$eq$peng_r3.v:412$48 ($eq).
Removed top 2 bits (of 6) from port B of cell mod4591svec28.$eq$peng_r3.v:414$49 ($eq).
Removed top 1 bits (of 6) from port B of cell mod4591svec28.$eq$peng_r3.v:416$50 ($eq).
Removed top 1 bits (of 6) from port B of cell mod4591svec28.$eq$peng_r3.v:418$51 ($eq).
Removed top 1 bits (of 6) from port B of cell mod4591svec28.$eq$peng_r3.v:420$52 ($eq).
Removed top 1 bits (of 6) from port B of cell mod4591svec28.$eq$peng_r3.v:422$53 ($eq).
Removed top 1 bits (of 6) from port B of cell mod4591svec28.$eq$peng_r3.v:424$54 ($eq).
Removed top 1 bits (of 6) from port B of cell mod4591svec28.$eq$peng_r3.v:426$55 ($eq).
Removed top 1 bits (of 6) from port B of cell mod4591svec28.$eq$peng_r3.v:428$56 ($eq).
Removed top 1 bits (of 6) from port B of cell mod4591svec28.$eq$peng_r3.v:430$57 ($eq).
Removed top 1 bits (of 6) from port B of cell mod4591svec28.$eq$peng_r3.v:432$58 ($eq).
Removed top 1 bits (of 6) from port B of cell mod4591svec28.$eq$peng_r3.v:434$59 ($eq).
Removed top 1 bits (of 6) from port B of cell mod4591svec28.$eq$peng_r3.v:436$60 ($eq).
Removed top 1 bits (of 6) from port B of cell mod4591svec28.$eq$peng_r3.v:438$61 ($eq).
Removed top 1 bits (of 6) from port B of cell mod4591svec28.$eq$peng_r3.v:440$62 ($eq).
Removed top 1 bits (of 6) from port B of cell mod4591svec28.$eq$peng_r3.v:442$63 ($eq).
Removed top 1 bits (of 6) from port B of cell mod4591svec28.$eq$peng_r3.v:444$64 ($eq).
Removed top 1 bits (of 6) from port B of cell mod4591svec28.$eq$peng_r3.v:446$65 ($eq).
Removed top 5 bits (of 6) from port B of cell mod4591svec28.$eq$peng_r3.v:585$100 ($eq).
Removed top 4 bits (of 6) from port B of cell mod4591svec28.$eq$peng_r3.v:587$101 ($eq).
Removed top 4 bits (of 6) from port B of cell mod4591svec28.$eq$peng_r3.v:589$102 ($eq).
Removed top 3 bits (of 6) from port B of cell mod4591svec28.$eq$peng_r3.v:591$103 ($eq).
Removed top 3 bits (of 6) from port B of cell mod4591svec28.$eq$peng_r3.v:593$104 ($eq).
Removed top 3 bits (of 6) from port B of cell mod4591svec28.$eq$peng_r3.v:595$105 ($eq).
Removed top 3 bits (of 6) from port B of cell mod4591svec28.$eq$peng_r3.v:597$106 ($eq).
Removed top 2 bits (of 6) from port B of cell mod4591svec28.$eq$peng_r3.v:599$107 ($eq).
Removed top 2 bits (of 6) from port B of cell mod4591svec28.$eq$peng_r3.v:601$108 ($eq).
Removed top 2 bits (of 6) from port B of cell mod4591svec28.$eq$peng_r3.v:603$109 ($eq).
Removed top 2 bits (of 6) from port B of cell mod4591svec28.$eq$peng_r3.v:605$110 ($eq).
Removed top 2 bits (of 6) from port B of cell mod4591svec28.$eq$peng_r3.v:607$111 ($eq).
Removed top 2 bits (of 6) from port B of cell mod4591svec28.$eq$peng_r3.v:609$112 ($eq).
Removed top 2 bits (of 6) from port B of cell mod4591svec28.$eq$peng_r3.v:611$113 ($eq).
Removed top 2 bits (of 6) from port B of cell mod4591svec28.$eq$peng_r3.v:613$114 ($eq).
Removed top 1 bits (of 6) from port B of cell mod4591svec28.$eq$peng_r3.v:615$115 ($eq).
Removed top 1 bits (of 6) from port B of cell mod4591svec28.$eq$peng_r3.v:617$116 ($eq).
Removed top 1 bits (of 6) from port B of cell mod4591svec28.$eq$peng_r3.v:619$117 ($eq).
Removed top 1 bits (of 6) from port B of cell mod4591svec28.$eq$peng_r3.v:621$118 ($eq).
Removed top 1 bits (of 6) from port B of cell mod4591svec28.$eq$peng_r3.v:623$119 ($eq).
Removed top 1 bits (of 6) from port B of cell mod4591svec28.$eq$peng_r3.v:625$120 ($eq).
Removed top 1 bits (of 6) from port B of cell mod4591svec28.$eq$peng_r3.v:627$121 ($eq).
Removed top 1 bits (of 6) from port B of cell mod4591svec28.$eq$peng_r3.v:629$122 ($eq).
Removed top 1 bits (of 6) from port B of cell mod4591svec28.$eq$peng_r3.v:631$123 ($eq).
Removed top 1 bits (of 6) from port B of cell mod4591svec28.$eq$peng_r3.v:633$124 ($eq).
Removed top 1 bits (of 6) from port B of cell mod4591svec28.$eq$peng_r3.v:635$125 ($eq).
Removed top 1 bits (of 6) from port B of cell mod4591svec28.$eq$peng_r3.v:637$126 ($eq).
Removed top 1 bits (of 6) from port B of cell mod4591svec28.$eq$peng_r3.v:639$127 ($eq).
Removed top 1 bits (of 6) from port B of cell mod4591svec28.$eq$peng_r3.v:641$128 ($eq).
Removed top 1 bits (of 6) from port B of cell mod4591svec28.$eq$peng_r3.v:643$129 ($eq).
Removed top 1 bits (of 6) from port B of cell mod4591svec28.$eq$peng_r3.v:645$130 ($eq).
Removed top 62 bits (of 64) from port B of cell mod4591svec28.$procmux$9533_CMP0 ($eq).
Removed top 61 bits (of 64) from port B of cell mod4591svec28.$procmux$9534_CMP0 ($eq).
Removed top 60 bits (of 64) from port B of cell mod4591svec28.$procmux$9535_CMP0 ($eq).
Removed top 59 bits (of 64) from port B of cell mod4591svec28.$procmux$9536_CMP0 ($eq).
Removed top 58 bits (of 64) from port B of cell mod4591svec28.$procmux$9537_CMP0 ($eq).
Removed top 57 bits (of 64) from port B of cell mod4591svec28.$procmux$9538_CMP0 ($eq).
Removed top 56 bits (of 64) from port B of cell mod4591svec28.$procmux$9539_CMP0 ($eq).
Removed top 55 bits (of 64) from port B of cell mod4591svec28.$procmux$9540_CMP0 ($eq).
Removed top 54 bits (of 64) from port B of cell mod4591svec28.$procmux$9541_CMP0 ($eq).
Removed top 53 bits (of 64) from port B of cell mod4591svec28.$procmux$9542_CMP0 ($eq).
Removed top 52 bits (of 64) from port B of cell mod4591svec28.$procmux$9543_CMP0 ($eq).
Removed top 51 bits (of 64) from port B of cell mod4591svec28.$procmux$9544_CMP0 ($eq).
Removed top 50 bits (of 64) from port B of cell mod4591svec28.$procmux$9545_CMP0 ($eq).
Removed top 49 bits (of 64) from port B of cell mod4591svec28.$procmux$9546_CMP0 ($eq).
Removed top 48 bits (of 64) from port B of cell mod4591svec28.$procmux$9547_CMP0 ($eq).
Removed top 47 bits (of 64) from port B of cell mod4591svec28.$procmux$9548_CMP0 ($eq).
Removed top 46 bits (of 64) from port B of cell mod4591svec28.$procmux$9549_CMP0 ($eq).
Removed top 45 bits (of 64) from port B of cell mod4591svec28.$procmux$9550_CMP0 ($eq).
Removed top 44 bits (of 64) from port B of cell mod4591svec28.$procmux$9551_CMP0 ($eq).
Removed top 43 bits (of 64) from port B of cell mod4591svec28.$procmux$9552_CMP0 ($eq).
Removed top 42 bits (of 64) from port B of cell mod4591svec28.$procmux$9553_CMP0 ($eq).
Removed top 41 bits (of 64) from port B of cell mod4591svec28.$procmux$9554_CMP0 ($eq).
Removed top 40 bits (of 64) from port B of cell mod4591svec28.$procmux$9555_CMP0 ($eq).
Removed top 39 bits (of 64) from port B of cell mod4591svec28.$procmux$9556_CMP0 ($eq).
Removed top 38 bits (of 64) from port B of cell mod4591svec28.$procmux$9557_CMP0 ($eq).
Removed top 37 bits (of 64) from port B of cell mod4591svec28.$procmux$9558_CMP0 ($eq).
Removed top 36 bits (of 64) from port B of cell mod4591svec28.$procmux$9559_CMP0 ($eq).
Removed top 35 bits (of 64) from port B of cell mod4591svec28.$procmux$9560_CMP0 ($eq).
Removed top 34 bits (of 64) from port B of cell mod4591svec28.$procmux$9561_CMP0 ($eq).
Removed top 33 bits (of 64) from port B of cell mod4591svec28.$procmux$9562_CMP0 ($eq).
Removed top 32 bits (of 64) from port B of cell mod4591svec28.$procmux$9563_CMP0 ($eq).
Removed top 31 bits (of 64) from port B of cell mod4591svec28.$procmux$9564_CMP0 ($eq).
Removed top 30 bits (of 64) from port B of cell mod4591svec28.$procmux$9565_CMP0 ($eq).
Removed top 29 bits (of 64) from port B of cell mod4591svec28.$procmux$9566_CMP0 ($eq).
Removed top 28 bits (of 64) from port B of cell mod4591svec28.$procmux$9567_CMP0 ($eq).
Removed top 27 bits (of 64) from port B of cell mod4591svec28.$procmux$9568_CMP0 ($eq).
Removed top 26 bits (of 64) from port B of cell mod4591svec28.$procmux$9569_CMP0 ($eq).
Removed top 25 bits (of 64) from port B of cell mod4591svec28.$procmux$9570_CMP0 ($eq).
Removed top 24 bits (of 64) from port B of cell mod4591svec28.$procmux$9571_CMP0 ($eq).
Removed top 23 bits (of 64) from port B of cell mod4591svec28.$procmux$9572_CMP0 ($eq).
Removed top 22 bits (of 64) from port B of cell mod4591svec28.$procmux$9573_CMP0 ($eq).
Removed top 21 bits (of 64) from port B of cell mod4591svec28.$procmux$9574_CMP0 ($eq).
Removed top 20 bits (of 64) from port B of cell mod4591svec28.$procmux$9575_CMP0 ($eq).
Removed top 19 bits (of 64) from port B of cell mod4591svec28.$procmux$9576_CMP0 ($eq).
Removed top 18 bits (of 64) from port B of cell mod4591svec28.$procmux$9577_CMP0 ($eq).
Removed top 17 bits (of 64) from port B of cell mod4591svec28.$procmux$9578_CMP0 ($eq).
Removed top 16 bits (of 64) from port B of cell mod4591svec28.$procmux$9579_CMP0 ($eq).
Removed top 15 bits (of 64) from port B of cell mod4591svec28.$procmux$9580_CMP0 ($eq).
Removed top 14 bits (of 64) from port B of cell mod4591svec28.$procmux$9581_CMP0 ($eq).
Removed top 13 bits (of 64) from port B of cell mod4591svec28.$procmux$9582_CMP0 ($eq).
Removed top 12 bits (of 64) from port B of cell mod4591svec28.$procmux$9583_CMP0 ($eq).
Removed top 11 bits (of 64) from port B of cell mod4591svec28.$procmux$9584_CMP0 ($eq).
Removed top 10 bits (of 64) from port B of cell mod4591svec28.$procmux$9585_CMP0 ($eq).
Removed top 9 bits (of 64) from port B of cell mod4591svec28.$procmux$9586_CMP0 ($eq).
Removed top 8 bits (of 64) from port B of cell mod4591svec28.$procmux$9587_CMP0 ($eq).
Removed top 7 bits (of 64) from port B of cell mod4591svec28.$procmux$9588_CMP0 ($eq).
Removed top 6 bits (of 64) from port B of cell mod4591svec28.$procmux$9589_CMP0 ($eq).
Removed top 5 bits (of 64) from port B of cell mod4591svec28.$procmux$9590_CMP0 ($eq).
Removed top 4 bits (of 64) from port B of cell mod4591svec28.$procmux$9591_CMP0 ($eq).
Removed top 3 bits (of 64) from port B of cell mod4591svec28.$procmux$9592_CMP0 ($eq).
Removed top 2 bits (of 64) from port B of cell mod4591svec28.$procmux$9593_CMP0 ($eq).
Removed top 1 bits (of 64) from port B of cell mod4591svec28.$procmux$9594_CMP0 ($eq).
Removed top 62 bits (of 64) from port B of cell mod4591svec28.$procmux$9599_CMP0 ($eq).
Removed top 61 bits (of 64) from port B of cell mod4591svec28.$procmux$9600_CMP0 ($eq).
Removed top 60 bits (of 64) from port B of cell mod4591svec28.$procmux$9601_CMP0 ($eq).
Removed top 59 bits (of 64) from port B of cell mod4591svec28.$procmux$9602_CMP0 ($eq).
Removed top 58 bits (of 64) from port B of cell mod4591svec28.$procmux$9603_CMP0 ($eq).
Removed top 57 bits (of 64) from port B of cell mod4591svec28.$procmux$9604_CMP0 ($eq).
Removed top 56 bits (of 64) from port B of cell mod4591svec28.$procmux$9605_CMP0 ($eq).
Removed top 55 bits (of 64) from port B of cell mod4591svec28.$procmux$9606_CMP0 ($eq).
Removed top 54 bits (of 64) from port B of cell mod4591svec28.$procmux$9607_CMP0 ($eq).
Removed top 53 bits (of 64) from port B of cell mod4591svec28.$procmux$9608_CMP0 ($eq).
Removed top 52 bits (of 64) from port B of cell mod4591svec28.$procmux$9609_CMP0 ($eq).
Removed top 51 bits (of 64) from port B of cell mod4591svec28.$procmux$9610_CMP0 ($eq).
Removed top 50 bits (of 64) from port B of cell mod4591svec28.$procmux$9611_CMP0 ($eq).
Removed top 49 bits (of 64) from port B of cell mod4591svec28.$procmux$9612_CMP0 ($eq).
Removed top 48 bits (of 64) from port B of cell mod4591svec28.$procmux$9613_CMP0 ($eq).
Removed top 47 bits (of 64) from port B of cell mod4591svec28.$procmux$9614_CMP0 ($eq).
Removed top 46 bits (of 64) from port B of cell mod4591svec28.$procmux$9615_CMP0 ($eq).
Removed top 45 bits (of 64) from port B of cell mod4591svec28.$procmux$9616_CMP0 ($eq).
Removed top 44 bits (of 64) from port B of cell mod4591svec28.$procmux$9617_CMP0 ($eq).
Removed top 43 bits (of 64) from port B of cell mod4591svec28.$procmux$9618_CMP0 ($eq).
Removed top 42 bits (of 64) from port B of cell mod4591svec28.$procmux$9619_CMP0 ($eq).
Removed top 41 bits (of 64) from port B of cell mod4591svec28.$procmux$9620_CMP0 ($eq).
Removed top 40 bits (of 64) from port B of cell mod4591svec28.$procmux$9621_CMP0 ($eq).
Removed top 39 bits (of 64) from port B of cell mod4591svec28.$procmux$9622_CMP0 ($eq).
Removed top 38 bits (of 64) from port B of cell mod4591svec28.$procmux$9623_CMP0 ($eq).
Removed top 37 bits (of 64) from port B of cell mod4591svec28.$procmux$9624_CMP0 ($eq).
Removed top 36 bits (of 64) from port B of cell mod4591svec28.$procmux$9625_CMP0 ($eq).
Removed top 35 bits (of 64) from port B of cell mod4591svec28.$procmux$9626_CMP0 ($eq).
Removed top 34 bits (of 64) from port B of cell mod4591svec28.$procmux$9627_CMP0 ($eq).
Removed top 33 bits (of 64) from port B of cell mod4591svec28.$procmux$9628_CMP0 ($eq).
Removed top 32 bits (of 64) from port B of cell mod4591svec28.$procmux$9629_CMP0 ($eq).
Removed top 31 bits (of 64) from port B of cell mod4591svec28.$procmux$9630_CMP0 ($eq).
Removed top 30 bits (of 64) from port B of cell mod4591svec28.$procmux$9631_CMP0 ($eq).
Removed top 29 bits (of 64) from port B of cell mod4591svec28.$procmux$9632_CMP0 ($eq).
Removed top 28 bits (of 64) from port B of cell mod4591svec28.$procmux$9633_CMP0 ($eq).
Removed top 27 bits (of 64) from port B of cell mod4591svec28.$procmux$9634_CMP0 ($eq).
Removed top 26 bits (of 64) from port B of cell mod4591svec28.$procmux$9635_CMP0 ($eq).
Removed top 25 bits (of 64) from port B of cell mod4591svec28.$procmux$9636_CMP0 ($eq).
Removed top 24 bits (of 64) from port B of cell mod4591svec28.$procmux$9637_CMP0 ($eq).
Removed top 23 bits (of 64) from port B of cell mod4591svec28.$procmux$9638_CMP0 ($eq).
Removed top 22 bits (of 64) from port B of cell mod4591svec28.$procmux$9639_CMP0 ($eq).
Removed top 21 bits (of 64) from port B of cell mod4591svec28.$procmux$9640_CMP0 ($eq).
Removed top 20 bits (of 64) from port B of cell mod4591svec28.$procmux$9641_CMP0 ($eq).
Removed top 19 bits (of 64) from port B of cell mod4591svec28.$procmux$9642_CMP0 ($eq).
Removed top 18 bits (of 64) from port B of cell mod4591svec28.$procmux$9643_CMP0 ($eq).
Removed top 17 bits (of 64) from port B of cell mod4591svec28.$procmux$9644_CMP0 ($eq).
Removed top 16 bits (of 64) from port B of cell mod4591svec28.$procmux$9645_CMP0 ($eq).
Removed top 15 bits (of 64) from port B of cell mod4591svec28.$procmux$9646_CMP0 ($eq).
Removed top 14 bits (of 64) from port B of cell mod4591svec28.$procmux$9647_CMP0 ($eq).
Removed top 13 bits (of 64) from port B of cell mod4591svec28.$procmux$9648_CMP0 ($eq).
Removed top 12 bits (of 64) from port B of cell mod4591svec28.$procmux$9649_CMP0 ($eq).
Removed top 11 bits (of 64) from port B of cell mod4591svec28.$procmux$9650_CMP0 ($eq).
Removed top 10 bits (of 64) from port B of cell mod4591svec28.$procmux$9651_CMP0 ($eq).
Removed top 9 bits (of 64) from port B of cell mod4591svec28.$procmux$9652_CMP0 ($eq).
Removed top 8 bits (of 64) from port B of cell mod4591svec28.$procmux$9653_CMP0 ($eq).
Removed top 7 bits (of 64) from port B of cell mod4591svec28.$procmux$9654_CMP0 ($eq).
Removed top 6 bits (of 64) from port B of cell mod4591svec28.$procmux$9655_CMP0 ($eq).
Removed top 5 bits (of 64) from port B of cell mod4591svec28.$procmux$9656_CMP0 ($eq).
Removed top 4 bits (of 64) from port B of cell mod4591svec28.$procmux$9657_CMP0 ($eq).
Removed top 3 bits (of 64) from port B of cell mod4591svec28.$procmux$9658_CMP0 ($eq).
Removed top 2 bits (of 64) from port B of cell mod4591svec28.$procmux$9659_CMP0 ($eq).
Removed top 1 bits (of 64) from port B of cell mod4591svec28.$procmux$9660_CMP0 ($eq).
Removed top 30 bits (of 32) from port B of cell mod4591svec28.$procmux$9665_CMP0 ($eq).
Removed top 29 bits (of 32) from port B of cell mod4591svec28.$procmux$9666_CMP0 ($eq).
Removed top 28 bits (of 32) from port B of cell mod4591svec28.$procmux$9667_CMP0 ($eq).
Removed top 27 bits (of 32) from port B of cell mod4591svec28.$procmux$9668_CMP0 ($eq).
Removed top 26 bits (of 32) from port B of cell mod4591svec28.$procmux$9669_CMP0 ($eq).
Removed top 25 bits (of 32) from port B of cell mod4591svec28.$procmux$9670_CMP0 ($eq).
Removed top 24 bits (of 32) from port B of cell mod4591svec28.$procmux$9671_CMP0 ($eq).
Removed top 23 bits (of 32) from port B of cell mod4591svec28.$procmux$9672_CMP0 ($eq).
Removed top 22 bits (of 32) from port B of cell mod4591svec28.$procmux$9673_CMP0 ($eq).
Removed top 21 bits (of 32) from port B of cell mod4591svec28.$procmux$9674_CMP0 ($eq).
Removed top 20 bits (of 32) from port B of cell mod4591svec28.$procmux$9675_CMP0 ($eq).
Removed top 19 bits (of 32) from port B of cell mod4591svec28.$procmux$9676_CMP0 ($eq).
Removed top 18 bits (of 32) from port B of cell mod4591svec28.$procmux$9677_CMP0 ($eq).
Removed top 17 bits (of 32) from port B of cell mod4591svec28.$procmux$9678_CMP0 ($eq).
Removed top 16 bits (of 32) from port B of cell mod4591svec28.$procmux$9679_CMP0 ($eq).
Removed top 15 bits (of 32) from port B of cell mod4591svec28.$procmux$9680_CMP0 ($eq).
Removed top 14 bits (of 32) from port B of cell mod4591svec28.$procmux$9681_CMP0 ($eq).
Removed top 13 bits (of 32) from port B of cell mod4591svec28.$procmux$9682_CMP0 ($eq).
Removed top 12 bits (of 32) from port B of cell mod4591svec28.$procmux$9683_CMP0 ($eq).
Removed top 11 bits (of 32) from port B of cell mod4591svec28.$procmux$9684_CMP0 ($eq).
Removed top 10 bits (of 32) from port B of cell mod4591svec28.$procmux$9685_CMP0 ($eq).
Removed top 9 bits (of 32) from port B of cell mod4591svec28.$procmux$9686_CMP0 ($eq).
Removed top 8 bits (of 32) from port B of cell mod4591svec28.$procmux$9687_CMP0 ($eq).
Removed top 7 bits (of 32) from port B of cell mod4591svec28.$procmux$9688_CMP0 ($eq).
Removed top 6 bits (of 32) from port B of cell mod4591svec28.$procmux$9689_CMP0 ($eq).
Removed top 5 bits (of 32) from port B of cell mod4591svec28.$procmux$9690_CMP0 ($eq).
Removed top 4 bits (of 32) from port B of cell mod4591svec28.$procmux$9691_CMP0 ($eq).
Removed top 3 bits (of 32) from port B of cell mod4591svec28.$procmux$9692_CMP0 ($eq).
Removed top 2 bits (of 32) from port B of cell mod4591svec28.$procmux$9693_CMP0 ($eq).
Removed top 1 bits (of 32) from port B of cell mod4591svec28.$procmux$9694_CMP0 ($eq).
Removed top 1 bits (of 13) from port A of cell modmul4591s.$add$peng_r3.v:892$165 ($add).
Removed top 1 bits (of 13) from port B of cell modmul4591s.$add$peng_r3.v:892$165 ($add).
Removed top 1 bits (of 13) from port A of cell modmul4591s.$add$peng_r3.v:898$166 ($add).
Removed top 1 bits (of 13) from port B of cell modmul4591s.$add$peng_r3.v:898$166 ($add).
Removed top 1 bits (of 14) from port A of cell modmul4591s.$sub$peng_r3.v:904$167 ($sub).
Removed top 1 bits (of 14) from port B of cell modmul4591s.$sub$peng_r3.v:904$167 ($sub).
Removed top 1 bits (of 4) from port B of cell modmul4591s.$eq$peng_r3.v:908$168 ($eq).
Removed top 2 bits (of 4) from port B of cell modmul4591s.$eq$peng_r3.v:910$169 ($eq).
Removed top 2 bits (of 4) from port B of cell modmul4591s.$eq$peng_r3.v:912$170 ($eq).
Removed top 1 bits (of 4) from port B of cell modmul4591s.$eq$peng_r3.v:916$172 ($eq).
Removed top 1 bits (of 4) from port B of cell modmul4591s.$eq$peng_r3.v:920$174 ($eq).
Removed top 1 bits (of 4) from port B of cell modmul4591s.$eq$peng_r3.v:924$176 ($eq).
Removed top 3 bits (of 4) from port B of cell modmul4591s.$eq$peng_r3.v:938$183 ($eq).
Removed top 2 bits (of 15) from port Y of cell modmul4591s.$add$peng_r3.v:976$196 ($add).
Removed top 2 bits (of 15) from port A of cell modmul4591s.$add$peng_r3.v:976$196 ($add).
Removed top 2 bits (of 15) from port B of cell modmul4591s.$add$peng_r3.v:976$196 ($add).
Removed top 4 bits (of 5) from port B of cell modmul4591s.$procmux$9526_CMP0 ($eq).
Removed top 2 bits (of 15) from mux cell modmul4591s.$procmux$9525 ($pmux).
Removed top 3 bits (of 5) from port B of cell modmul4591s.$procmux$9527_CMP0 ($eq).
Removed top 1 bits (of 5) from port B of cell modmul4591s.$procmux$9528_CMP0 ($eq).
Removed top 2 bits (of 15) from wire modmul4591s.intmodq.
Removed top 25 bits (of 26) from port B of cell rq_fma_v2.$add$peng_r3.v:1078$213 ($add).
Removed top 3 bits (of 26) from port Y of cell rq_fma_v2.$add$peng_r3.v:1082$214 ($add).
Removed top 3 bits (of 26) from port A of cell rq_fma_v2.$add$peng_r3.v:1082$214 ($add).
Removed top 3 bits (of 26) from port B of cell rq_fma_v2.$add$peng_r3.v:1082$214 ($add).
Removed top 3 bits (of 26) from mux cell rq_fma_v2.$ternary$peng_r3.v:1074$211 ($mux).
Removed top 3 bits (of 26) from port Y of cell rq_fma_v2.$add$peng_r3.v:1078$213 ($add).
Removed top 3 bits (of 26) from port A of cell rq_fma_v2.$add$peng_r3.v:1078$213 ($add).
Removed top 3 bits (of 26) from port Y of cell rq_fma_v2.$not$peng_r3.v:1076$212 ($not).
Removed top 3 bits (of 26) from port A of cell rq_fma_v2.$not$peng_r3.v:1076$212 ($not).
Removed top 3 bits (of 26) from mux cell rq_fma_v2.$ternary$peng_r3.v:1060$207 ($mux).
Removed top 3 bits (of 26) from mux cell rq_fma_v2.$ternary$peng_r3.v:1068$209 ($mux).
Removed top 3 bits (of 26) from wire rq_fma_v2.b_mux_a.
Removed top 3 bits (of 26) from wire rq_fma_v2.b_mux_b.
Removed top 3 bits (of 26) from wire rq_fma_v2.n7125_o.
Removed top 2 bits (of 4) from port B of cell rq_mult_parallel.$eq$peng_r3.v:7402$225 ($eq).
Removed top 2 bits (of 4) from port B of cell rq_mult_parallel.$eq$peng_r3.v:7404$226 ($eq).
Removed top 1 bits (of 4) from port B of cell rq_mult_parallel.$eq$peng_r3.v:8950$233 ($eq).
Removed top 1 bits (of 4) from port B of cell rq_mult_parallel.$eq$peng_r3.v:10474$234 ($eq).
Removed top 22 bits (of 32) from port A of cell rq_mult_parallel.$add$peng_r3.v:10478$235 ($add).
Removed top 31 bits (of 32) from port B of cell rq_mult_parallel.$add$peng_r3.v:10478$235 ($add).
Removed top 22 bits (of 32) from port Y of cell rq_mult_parallel.$add$peng_r3.v:10478$235 ($add).
Removed top 1 bits (of 4) from port B of cell rq_mult_parallel.$eq$peng_r3.v:10494$240 ($eq).
Removed top 9 bits (of 10) from port B of cell rq_mult_parallel.$eq$peng_r3.v:10504$242 ($eq).
Removed top 3 bits (of 4) from port B of cell rq_mult_parallel.$eq$peng_r3.v:22761$1013 ($eq).
Removed top 22 bits (of 32) from port A of cell rq_mult_parallel.$add$peng_r3.v:22773$1018 ($add).
Removed top 31 bits (of 32) from port B of cell rq_mult_parallel.$add$peng_r3.v:22773$1018 ($add).
Removed top 22 bits (of 32) from port Y of cell rq_mult_parallel.$add$peng_r3.v:22773$1018 ($add).
Removed top 2 bits (of 3) from port B of cell rq_mult_parallel.$eq$peng_r3.v:22789$1021 ($eq).
Removed top 1 bits (of 3) from port B of cell rq_mult_parallel.$eq$peng_r3.v:22797$1022 ($eq).
Removed top 1 bits (of 4) from port B of cell rq_mult_parallel.$eq$peng_r3.v:22799$1023 ($eq).
Removed top 1 bits (of 3) from port B of cell rq_mult_parallel.$eq$peng_r3.v:22803$1025 ($eq).
Removed top 3 bits (of 6) from port Y of cell rq_mult_parallel.$add$peng_r3.v:22825$1029 ($add).
Removed top 3 bits (of 6) from port A of cell rq_mult_parallel.$add$peng_r3.v:22825$1029 ($add).
Removed top 3 bits (of 6) from port B of cell rq_mult_parallel.$add$peng_r3.v:22825$1029 ($add).
Removed top 4 bits (of 5) from port B of cell rq_mult_parallel.$procmux$1065_CMP0 ($eq).
Removed top 3 bits (of 5) from port B of cell rq_mult_parallel.$procmux$1066_CMP0 ($eq).
Removed top 2 bits (of 5) from port B of cell rq_mult_parallel.$procmux$1067_CMP0 ($eq).
Removed top 1 bits (of 5) from port B of cell rq_mult_parallel.$procmux$1068_CMP0 ($eq).
Removed top 8 bits (of 9) from port B of cell rq_mult_parallel.$procmux$1100_CMP0 ($eq).
Removed top 7 bits (of 9) from port B of cell rq_mult_parallel.$procmux$1101_CMP0 ($eq).
Removed top 6 bits (of 9) from port B of cell rq_mult_parallel.$procmux$1102_CMP0 ($eq).
Removed top 5 bits (of 9) from port B of cell rq_mult_parallel.$procmux$1103_CMP0 ($eq).
Removed top 4 bits (of 9) from port B of cell rq_mult_parallel.$procmux$1104_CMP0 ($eq).
Removed top 3 bits (of 9) from port B of cell rq_mult_parallel.$procmux$1105_CMP0 ($eq).
Removed top 2 bits (of 9) from port B of cell rq_mult_parallel.$procmux$1106_CMP0 ($eq).
Removed top 1 bits (of 9) from port B of cell rq_mult_parallel.$procmux$1107_CMP0 ($eq).

3.10. Executing PEEPOPT pass (run peephole optimizers).

3.11. Executing OPT_CLEAN pass (remove unused cells and wires).
Finding unused cells or wires in module \mod4591svec28..
Finding unused cells or wires in module \modmul4591s..
Finding unused cells or wires in module \modq_freeze..
Finding unused cells or wires in module \rq_fma_v2..
Finding unused cells or wires in module \rq_mult_parallel..
Removed 0 unused cells and 4 unused wires.
<suppressed ~2 debug messages>

3.12. Executing ALUMACC pass (create $alu and $macc cells).
Extracting $alu and $macc cells in module mod4591svec28:
  created 0 $alu and 0 $macc cells.
Extracting $alu and $macc cells in module modmul4591s:
  creating $macc model for $add$peng_r3.v:892$165 ($add).
  creating $macc model for $add$peng_r3.v:898$166 ($add).
  creating $macc model for $add$peng_r3.v:976$196 ($add).
  creating $macc model for $add$peng_r3.v:986$200 ($add).
  creating $macc model for $sub$peng_r3.v:904$167 ($sub).
  creating $macc model for $sub$peng_r3.v:982$198 ($sub).
  merging $macc model for $add$peng_r3.v:892$165 into $sub$peng_r3.v:904$167.
  merging $macc model for $add$peng_r3.v:898$166 into $sub$peng_r3.v:904$167.
  creating $alu model for $macc $add$peng_r3.v:986$200.
  creating $alu model for $macc $add$peng_r3.v:976$196.
  creating $alu model for $macc $sub$peng_r3.v:982$198.
  creating $macc cell for $sub$peng_r3.v:904$167: $auto$alumacc.cc:365:replace_macc$12878
  creating $alu model for $gt$peng_r3.v:980$197 ($gt): new $alu
  creating $alu model for $lt$peng_r3.v:984$199 ($lt): new $alu
  creating $alu cell for $lt$peng_r3.v:984$199: $auto$alumacc.cc:485:replace_alu$12881
  creating $alu cell for $gt$peng_r3.v:980$197: $auto$alumacc.cc:485:replace_alu$12888
  creating $alu cell for $add$peng_r3.v:976$196: $auto$alumacc.cc:485:replace_alu$12901
  creating $alu cell for $sub$peng_r3.v:982$198: $auto$alumacc.cc:485:replace_alu$12904
  creating $alu cell for $add$peng_r3.v:986$200: $auto$alumacc.cc:485:replace_alu$12907
  created 5 $alu and 1 $macc cells.
Extracting $alu and $macc cells in module modq_freeze:
  created 0 $alu and 0 $macc cells.
Extracting $alu and $macc cells in module rq_fma_v2:
  creating $macc model for $add$peng_r3.v:1078$213 ($add).
  creating $macc model for $add$peng_r3.v:1082$214 ($add).
  creating $alu model for $macc $add$peng_r3.v:1082$214.
  creating $alu model for $macc $add$peng_r3.v:1078$213.
  creating $alu cell for $add$peng_r3.v:1078$213: $auto$alumacc.cc:485:replace_alu$12910
  creating $alu cell for $add$peng_r3.v:1082$214: $auto$alumacc.cc:485:replace_alu$12913
  created 2 $alu and 0 $macc cells.
Extracting $alu and $macc cells in module rq_mult_parallel:
  creating $macc model for $add$peng_r3.v:10478$235 ($add).
  creating $macc model for $add$peng_r3.v:22773$1018 ($add).
  creating $macc model for $add$peng_r3.v:22825$1029 ($add).
  creating $alu model for $macc $add$peng_r3.v:22825$1029.
  creating $alu model for $macc $add$peng_r3.v:22773$1018.
  creating $alu model for $macc $add$peng_r3.v:10478$235.
  creating $alu cell for $add$peng_r3.v:10478$235: $auto$alumacc.cc:485:replace_alu$12916
  creating $alu cell for $add$peng_r3.v:22773$1018: $auto$alumacc.cc:485:replace_alu$12919
  creating $alu cell for $add$peng_r3.v:22825$1029: $auto$alumacc.cc:485:replace_alu$12922
  created 3 $alu and 0 $macc cells.

3.13. Executing SHARE pass (SAT-based resource sharing).

3.14. Executing OPT pass (performing simple optimizations).

3.14.1. Executing OPT_EXPR pass (perform const folding).
Optimizing module mod4591svec28.
Optimizing module modmul4591s.
<suppressed ~1 debug messages>
Optimizing module modq_freeze.
Optimizing module rq_fma_v2.
Optimizing module rq_mult_parallel.

3.14.2. Executing OPT_MERGE pass (detect identical cells).
Finding identical cells in module `\mod4591svec28'.
Finding identical cells in module `\modmul4591s'.
Finding identical cells in module `\modq_freeze'.
Finding identical cells in module `\rq_fma_v2'.
Finding identical cells in module `\rq_mult_parallel'.
Removed a total of 0 cells.

3.14.3. Executing OPT_MUXTREE pass (detect dead branches in mux trees).
Running muxtree optimizer on module \mod4591svec28..
  Creating internal representation of mux trees.
  Evaluating internal representation of mux trees.
  Analyzing evaluation results.
Running muxtree optimizer on module \modmul4591s..
  Creating internal representation of mux trees.
  Evaluating internal representation of mux trees.
  Analyzing evaluation results.
Running muxtree optimizer on module \modq_freeze..
  Creating internal representation of mux trees.
  No muxes found in this module.
Running muxtree optimizer on module \rq_fma_v2..
  Creating internal representation of mux trees.
  Evaluating internal representation of mux trees.
  Analyzing evaluation results.
Running muxtree optimizer on module \rq_mult_parallel..
  Creating internal representation of mux trees.
  Evaluating internal representation of mux trees.
  Analyzing evaluation results.
Removed 0 multiplexer ports.
<suppressed ~778 debug messages>

3.14.4. Executing OPT_REDUCE pass (consolidate $*mux and $reduce_* inputs).
  Optimizing cells in module \mod4591svec28.
  Optimizing cells in module \modmul4591s.
  Optimizing cells in module \modq_freeze.
  Optimizing cells in module \rq_fma_v2.
  Optimizing cells in module \rq_mult_parallel.
Performed a total of 0 changes.

3.14.5. Executing OPT_MERGE pass (detect identical cells).
Finding identical cells in module `\mod4591svec28'.
Finding identical cells in module `\modmul4591s'.
Finding identical cells in module `\modq_freeze'.
Finding identical cells in module `\rq_fma_v2'.
Finding identical cells in module `\rq_mult_parallel'.
Removed a total of 0 cells.

3.14.6. Executing OPT_DFF pass (perform DFF optimizations).

3.14.7. Executing OPT_CLEAN pass (remove unused cells and wires).
Finding unused cells or wires in module \mod4591svec28..
Finding unused cells or wires in module \modmul4591s..
Finding unused cells or wires in module \modq_freeze..
Finding unused cells or wires in module \rq_fma_v2..
Finding unused cells or wires in module \rq_mult_parallel..
Removed 3 unused cells and 7 unused wires.
<suppressed ~9 debug messages>

3.14.8. Executing OPT_EXPR pass (perform const folding).
Optimizing module mod4591svec28.
Optimizing module modmul4591s.
Optimizing module modq_freeze.
Optimizing module rq_fma_v2.
Optimizing module rq_mult_parallel.

3.14.9. Rerunning OPT passes. (Maybe there is more to do..)

3.14.10. Executing OPT_MUXTREE pass (detect dead branches in mux trees).
Running muxtree optimizer on module \mod4591svec28..
  Creating internal representation of mux trees.
  Evaluating internal representation of mux trees.
  Analyzing evaluation results.
Running muxtree optimizer on module \modmul4591s..
  Creating internal representation of mux trees.
  Evaluating internal representation of mux trees.
  Analyzing evaluation results.
Running muxtree optimizer on module \modq_freeze..
  Creating internal representation of mux trees.
  No muxes found in this module.
Running muxtree optimizer on module \rq_fma_v2..
  Creating internal representation of mux trees.
  Evaluating internal representation of mux trees.
  Analyzing evaluation results.
Running muxtree optimizer on module \rq_mult_parallel..
  Creating internal representation of mux trees.
  Evaluating internal representation of mux trees.
  Analyzing evaluation results.
Removed 0 multiplexer ports.
<suppressed ~778 debug messages>

3.14.11. Executing OPT_REDUCE pass (consolidate $*mux and $reduce_* inputs).
  Optimizing cells in module \mod4591svec28.
  Optimizing cells in module \modmul4591s.
  Optimizing cells in module \modq_freeze.
  Optimizing cells in module \rq_fma_v2.
  Optimizing cells in module \rq_mult_parallel.
Performed a total of 0 changes.

3.14.12. Executing OPT_MERGE pass (detect identical cells).
Finding identical cells in module `\mod4591svec28'.
Finding identical cells in module `\modmul4591s'.
Finding identical cells in module `\modq_freeze'.
Finding identical cells in module `\rq_fma_v2'.
Finding identical cells in module `\rq_mult_parallel'.
Removed a total of 0 cells.

3.14.13. Executing OPT_DFF pass (perform DFF optimizations).

3.14.14. Executing OPT_CLEAN pass (remove unused cells and wires).
Finding unused cells or wires in module \mod4591svec28..
Finding unused cells or wires in module \modmul4591s..
Finding unused cells or wires in module \modq_freeze..
Finding unused cells or wires in module \rq_fma_v2..
Finding unused cells or wires in module \rq_mult_parallel..

3.14.15. Executing OPT_EXPR pass (perform const folding).
Optimizing module mod4591svec28.
Optimizing module modmul4591s.
Optimizing module modq_freeze.
Optimizing module rq_fma_v2.
Optimizing module rq_mult_parallel.

3.14.16. Finished OPT passes. (There is nothing left to do.)

3.15. Executing MEMORY pass.

3.15.1. Executing OPT_MEM pass (optimize memories).
Performed a total of 0 transformations.

3.15.2. Executing OPT_MEM_PRIORITY pass (removing unnecessary memory write priority relations).
Performed a total of 0 transformations.

3.15.3. Executing OPT_MEM_FEEDBACK pass (finding memory read-to-write feedback paths).

3.15.4. Executing MEMORY_BMUX2ROM pass (converting muxes to ROMs).

3.15.5. Executing MEMORY_DFF pass (merging $dff cells to $memrd).

3.15.6. Executing OPT_CLEAN pass (remove unused cells and wires).
Finding unused cells or wires in module \mod4591svec28..
Finding unused cells or wires in module \modmul4591s..
Finding unused cells or wires in module \modq_freeze..
Finding unused cells or wires in module \rq_fma_v2..
Finding unused cells or wires in module \rq_mult_parallel..

3.15.7. Executing MEMORY_SHARE pass (consolidating $memrd/$memwr cells).

3.15.8. Executing OPT_MEM_WIDEN pass (optimize memories where all ports are wide).
Performed a total of 0 transformations.

3.15.9. Executing OPT_CLEAN pass (remove unused cells and wires).
Finding unused cells or wires in module \mod4591svec28..
Finding unused cells or wires in module \modmul4591s..
Finding unused cells or wires in module \modq_freeze..
Finding unused cells or wires in module \rq_fma_v2..
Finding unused cells or wires in module \rq_mult_parallel..

3.15.10. Executing MEMORY_COLLECT pass (generating $mem cells).

3.16. Executing OPT_CLEAN pass (remove unused cells and wires).
Finding unused cells or wires in module \mod4591svec28..
Finding unused cells or wires in module \modmul4591s..
Finding unused cells or wires in module \modq_freeze..
Finding unused cells or wires in module \rq_fma_v2..
Finding unused cells or wires in module \rq_mult_parallel..

3.17. Executing OPT pass (performing simple optimizations).

3.17.1. Executing OPT_EXPR pass (perform const folding).
Optimizing module mod4591svec28.
Optimizing module modmul4591s.
<suppressed ~23 debug messages>
Optimizing module modq_freeze.
Optimizing module rq_fma_v2.
<suppressed ~6 debug messages>
Optimizing module rq_mult_parallel.
<suppressed ~831 debug messages>

3.17.2. Executing OPT_MERGE pass (detect identical cells).
Finding identical cells in module `\mod4591svec28'.
Finding identical cells in module `\modmul4591s'.
Finding identical cells in module `\modq_freeze'.
Finding identical cells in module `\rq_fma_v2'.
Finding identical cells in module `\rq_mult_parallel'.
Removed a total of 0 cells.

3.17.3. Executing OPT_DFF pass (perform DFF optimizations).
Adding SRST signal on $auto$ff.cc:266:slice$12842 ($dffe) from module rq_mult_parallel (D = \n4706_o, Q = \n7095_q, rval = 10'0000000000).
Adding SRST signal on $auto$ff.cc:266:slice$12826 ($dffe) from module rq_mult_parallel (D = \generate_label_n1_rq_fma_inst_out_sig, Q = \n7089_q [22:0], rval = 23'00000000000000000000000).

3.17.4. Executing OPT_CLEAN pass (remove unused cells and wires).
Finding unused cells or wires in module \mod4591svec28..
Finding unused cells or wires in module \modmul4591s..
Finding unused cells or wires in module \modq_freeze..
Finding unused cells or wires in module \rq_fma_v2..
Finding unused cells or wires in module \rq_mult_parallel..
Removed 2 unused cells and 2 unused wires.
<suppressed ~4 debug messages>

3.17.5. Rerunning OPT passes. (Removed registers in this run.)

3.17.6. Executing OPT_EXPR pass (perform const folding).
Optimizing module mod4591svec28.
Optimizing module modmul4591s.
Optimizing module modq_freeze.
Optimizing module rq_fma_v2.
Optimizing module rq_mult_parallel.
<suppressed ~24 debug messages>

3.17.7. Executing OPT_MERGE pass (detect identical cells).
Finding identical cells in module `\mod4591svec28'.
Finding identical cells in module `\modmul4591s'.
Finding identical cells in module `\modq_freeze'.
Finding identical cells in module `\rq_fma_v2'.
Finding identical cells in module `\rq_mult_parallel'.
Removed a total of 0 cells.

3.17.8. Executing OPT_DFF pass (perform DFF optimizations).

3.17.9. Executing OPT_CLEAN pass (remove unused cells and wires).
Finding unused cells or wires in module \mod4591svec28..
Finding unused cells or wires in module \modmul4591s..
Finding unused cells or wires in module \modq_freeze..
Finding unused cells or wires in module \rq_fma_v2..
Finding unused cells or wires in module \rq_mult_parallel..

3.17.10. Finished fast OPT passes.

3.18. Executing MEMORY_MAP pass (converting memories to logic and flip-flops).

3.19. Executing OPT pass (performing simple optimizations).

3.19.1. Executing OPT_EXPR pass (perform const folding).
Optimizing module mod4591svec28.
Optimizing module modmul4591s.
Optimizing module modq_freeze.
Optimizing module rq_fma_v2.
Optimizing module rq_mult_parallel.

3.19.2. Executing OPT_MERGE pass (detect identical cells).
Finding identical cells in module `\mod4591svec28'.
Finding identical cells in module `\modmul4591s'.
Finding identical cells in module `\modq_freeze'.
Finding identical cells in module `\rq_fma_v2'.
Finding identical cells in module `\rq_mult_parallel'.
Removed a total of 0 cells.

3.19.3. Executing OPT_MUXTREE pass (detect dead branches in mux trees).
Running muxtree optimizer on module \mod4591svec28..
  Creating internal representation of mux trees.
  Evaluating internal representation of mux trees.
  Analyzing evaluation results.
Running muxtree optimizer on module \modmul4591s..
  Creating internal representation of mux trees.
  Evaluating internal representation of mux trees.
  Analyzing evaluation results.
Running muxtree optimizer on module \modq_freeze..
  Creating internal representation of mux trees.
  No muxes found in this module.
Running muxtree optimizer on module \rq_fma_v2..
  Creating internal representation of mux trees.
  Evaluating internal representation of mux trees.
  Analyzing evaluation results.
Running muxtree optimizer on module \rq_mult_parallel..
  Creating internal representation of mux trees.
  Evaluating internal representation of mux trees.
  Analyzing evaluation results.
Removed 0 multiplexer ports.
<suppressed ~774 debug messages>

3.19.4. Executing OPT_REDUCE pass (consolidate $*mux and $reduce_* inputs).
  Optimizing cells in module \mod4591svec28.
  Optimizing cells in module \modmul4591s.
    Consolidated identical input bits for $pmux cell $procmux$9525:
      Old ports: A=13'0000000000000, B=52'0001111011110100011110111101110000100011110000100010, Y=\intmodq
      New ports: A=6'000000, B=24'001110010111101001110010, Y={ \intmodq [10] \intmodq [5:4] \intmodq [2:0] }
      New connections: { \intmodq [12:11] \intmodq [9:6] \intmodq [3] } = { \intmodq [5] \intmodq [10] \intmodq [4] \intmodq [2] \intmodq [2] \intmodq [2] \intmodq [2] }
  Optimizing cells in module \modmul4591s.
  Optimizing cells in module \modq_freeze.
  Optimizing cells in module \rq_fma_v2.
    Consolidated identical input bits for $mux cell $ternary$peng_r3.v:1068$209:
      Old ports: A=23'00000000000000000000000, B={ \b [12] \b [12] \b [12] \b [12] \b [12] \b [12] \b [12] \b [12] \b [12] \b 1'0 }, Y=\n7120_o [22:0]
      New ports: A=13'0000000000000, B=\b, Y=\n7120_o [13:1]
      New connections: { \n7120_o [22:14] \n7120_o [0] } = { \n7120_o [13] \n7120_o [13] \n7120_o [13] \n7120_o [13] \n7120_o [13] \n7120_o [13] \n7120_o [13] \n7120_o [13] \n7120_o [13] 1'0 }
  Optimizing cells in module \rq_fma_v2.
    Consolidated identical input bits for $mux cell $ternary$peng_r3.v:1060$207:
      Old ports: A=\n7120_o [22:0], B={ \b [12] \b [12] \b [12] \b [12] \b [12] \b [12] \b [12] \b [12] \b [12] \b [12] \b }, Y=\b_mux_a
      New ports: A={ \n7120_o [13:1] 1'0 }, B={ \b [12] \b }, Y=\b_mux_a [13:0]
      New connections: \b_mux_a [22:14] = { \b_mux_a [13] \b_mux_a [13] \b_mux_a [13] \b_mux_a [13] \b_mux_a [13] \b_mux_a [13] \b_mux_a [13] \b_mux_a [13] \b_mux_a [13] }
  Optimizing cells in module \rq_fma_v2.
  Optimizing cells in module \rq_mult_parallel.
    New ctrl vector for $pmux cell $procmux$1099: $procmux$1106_CMP
    New ctrl vector for $pmux cell $procmux$1110: { $procmux$1107_CMP $procmux$1105_CMP $auto$opt_reduce.cc:134:opt_pmux$12929 $auto$opt_reduce.cc:134:opt_pmux$11459 }
    New ctrl vector for $pmux cell $procmux$9492: { $procmux$1107_CMP $procmux$1105_CMP $procmux$1104_CMP $auto$opt_reduce.cc:134:opt_pmux$12931 $procmux$1101_CMP $auto$opt_reduce.cc:134:opt_pmux$12683 }
  Optimizing cells in module \rq_mult_parallel.
Performed a total of 6 changes.

3.19.5. Executing OPT_MERGE pass (detect identical cells).
Finding identical cells in module `\mod4591svec28'.
Finding identical cells in module `\modmul4591s'.
Finding identical cells in module `\modq_freeze'.
Finding identical cells in module `\rq_fma_v2'.
Finding identical cells in module `\rq_mult_parallel'.
Removed a total of 0 cells.

3.19.6. Executing OPT_SHARE pass.

3.19.7. Executing OPT_DFF pass (perform DFF optimizations).

3.19.8. Executing OPT_CLEAN pass (remove unused cells and wires).
Finding unused cells or wires in module \mod4591svec28..
Finding unused cells or wires in module \modmul4591s..
Finding unused cells or wires in module \modq_freeze..
Finding unused cells or wires in module \rq_fma_v2..
Finding unused cells or wires in module \rq_mult_parallel..

3.19.9. Executing OPT_EXPR pass (perform const folding).
Optimizing module mod4591svec28.
Optimizing module modmul4591s.
Optimizing module modq_freeze.
Optimizing module rq_fma_v2.
<suppressed ~3 debug messages>
Optimizing module rq_mult_parallel.
<suppressed ~1 debug messages>

3.19.10. Rerunning OPT passes. (Maybe there is more to do..)

3.19.11. Executing OPT_MUXTREE pass (detect dead branches in mux trees).
Running muxtree optimizer on module \mod4591svec28..
  Creating internal representation of mux trees.
  Evaluating internal representation of mux trees.
  Analyzing evaluation results.
Running muxtree optimizer on module \modmul4591s..
  Creating internal representation of mux trees.
  Evaluating internal representation of mux trees.
  Analyzing evaluation results.
Running muxtree optimizer on module \modq_freeze..
  Creating internal representation of mux trees.
  No muxes found in this module.
Running muxtree optimizer on module \rq_fma_v2..
  Creating internal representation of mux trees.
  Evaluating internal representation of mux trees.
  Analyzing evaluation results.
Running muxtree optimizer on module \rq_mult_parallel..
  Creating internal representation of mux trees.
  Evaluating internal representation of mux trees.
  Analyzing evaluation results.
Removed 0 multiplexer ports.
<suppressed ~773 debug messages>

3.19.12. Executing OPT_REDUCE pass (consolidate $*mux and $reduce_* inputs).
  Optimizing cells in module \mod4591svec28.
  Optimizing cells in module \modmul4591s.
  Optimizing cells in module \modq_freeze.
  Optimizing cells in module \rq_fma_v2.
  Optimizing cells in module \rq_mult_parallel.
Performed a total of 0 changes.

3.19.13. Executing OPT_MERGE pass (detect identical cells).
Finding identical cells in module `\mod4591svec28'.
Finding identical cells in module `\modmul4591s'.
Finding identical cells in module `\modq_freeze'.
Finding identical cells in module `\rq_fma_v2'.
Finding identical cells in module `\rq_mult_parallel'.
Removed a total of 0 cells.

3.19.14. Executing OPT_SHARE pass.

3.19.15. Executing OPT_DFF pass (perform DFF optimizations).

3.19.16. Executing OPT_CLEAN pass (remove unused cells and wires).
Finding unused cells or wires in module \mod4591svec28..
Finding unused cells or wires in module \modmul4591s..
Finding unused cells or wires in module \modq_freeze..
Finding unused cells or wires in module \rq_fma_v2..
Finding unused cells or wires in module \rq_mult_parallel..
Removed 0 unused cells and 2 unused wires.
<suppressed ~2 debug messages>

3.19.17. Executing OPT_EXPR pass (perform const folding).
Optimizing module mod4591svec28.
Optimizing module modmul4591s.
Optimizing module modq_freeze.
Optimizing module rq_fma_v2.
Optimizing module rq_mult_parallel.

3.19.18. Rerunning OPT passes. (Maybe there is more to do..)

3.19.19. Executing OPT_MUXTREE pass (detect dead branches in mux trees).
Running muxtree optimizer on module \mod4591svec28..
  Creating internal representation of mux trees.
  Evaluating internal representation of mux trees.
  Analyzing evaluation results.
Running muxtree optimizer on module \modmul4591s..
  Creating internal representation of mux trees.
  Evaluating internal representation of mux trees.
  Analyzing evaluation results.
Running muxtree optimizer on module \modq_freeze..
  Creating internal representation of mux trees.
  No muxes found in this module.
Running muxtree optimizer on module \rq_fma_v2..
  Creating internal representation of mux trees.
  Evaluating internal representation of mux trees.
  Analyzing evaluation results.
Running muxtree optimizer on module \rq_mult_parallel..
  Creating internal representation of mux trees.
  Evaluating internal representation of mux trees.
  Analyzing evaluation results.
Removed 0 multiplexer ports.
<suppressed ~773 debug messages>

3.19.20. Executing OPT_REDUCE pass (consolidate $*mux and $reduce_* inputs).
  Optimizing cells in module \mod4591svec28.
  Optimizing cells in module \modmul4591s.
  Optimizing cells in module \modq_freeze.
  Optimizing cells in module \rq_fma_v2.
  Optimizing cells in module \rq_mult_parallel.
Performed a total of 0 changes.

3.19.21. Executing OPT_MERGE pass (detect identical cells).
Finding identical cells in module `\mod4591svec28'.
Finding identical cells in module `\modmul4591s'.
Finding identical cells in module `\modq_freeze'.
Finding identical cells in module `\rq_fma_v2'.
Finding identical cells in module `\rq_mult_parallel'.
Removed a total of 0 cells.

3.19.22. Executing OPT_SHARE pass.

3.19.23. Executing OPT_DFF pass (perform DFF optimizations).

3.19.24. Executing OPT_CLEAN pass (remove unused cells and wires).
Finding unused cells or wires in module \mod4591svec28..
Finding unused cells or wires in module \modmul4591s..
Finding unused cells or wires in module \modq_freeze..
Finding unused cells or wires in module \rq_fma_v2..
Finding unused cells or wires in module \rq_mult_parallel..

3.19.25. Executing OPT_EXPR pass (perform const folding).
Optimizing module mod4591svec28.
Optimizing module modmul4591s.
Optimizing module modq_freeze.
Optimizing module rq_fma_v2.
Optimizing module rq_mult_parallel.

3.19.26. Finished OPT passes. (There is nothing left to do.)

3.20. Executing TECHMAP pass (map to technology primitives).

3.20.1. Executing Verilog-2005 frontend: /usr/bin/../share/yosys/techmap.v
Parsing Verilog input from `/usr/bin/../share/yosys/techmap.v' to AST representation.
Generating RTLIL representation for module `\_90_simplemap_bool_ops'.
Generating RTLIL representation for module `\_90_simplemap_reduce_ops'.
Generating RTLIL representation for module `\_90_simplemap_logic_ops'.
Generating RTLIL representation for module `\_90_simplemap_compare_ops'.
Generating RTLIL representation for module `\_90_simplemap_various'.
Generating RTLIL representation for module `\_90_simplemap_registers'.
Generating RTLIL representation for module `\_90_shift_ops_shr_shl_sshl_sshr'.
Generating RTLIL representation for module `\_90_shift_shiftx'.
Generating RTLIL representation for module `\_90_fa'.
Generating RTLIL representation for module `\_90_lcu'.
Generating RTLIL representation for module `\_90_alu'.
Generating RTLIL representation for module `\_90_macc'.
Generating RTLIL representation for module `\_90_alumacc'.
Generating RTLIL representation for module `\$__div_mod_u'.
Generating RTLIL representation for module `\$__div_mod_trunc'.
Generating RTLIL representation for module `\_90_div'.
Generating RTLIL representation for module `\_90_mod'.
Generating RTLIL representation for module `\$__div_mod_floor'.
Generating RTLIL representation for module `\_90_divfloor'.
Generating RTLIL representation for module `\_90_modfloor'.
Generating RTLIL representation for module `\_90_pow'.
Generating RTLIL representation for module `\_90_pmux'.
Generating RTLIL representation for module `\_90_demux'.
Generating RTLIL representation for module `\_90_lut'.
Successfully finished Verilog frontend.

3.20.2. Continuing TECHMAP pass.
Using template $paramod$754650b284649a026620fc6856e5b6886cbfe794\_90_alu for cells of type $alu.
Using extmapper simplemap for cells of type $reduce_or.
Using extmapper simplemap for cells of type $logic_not.
Using extmapper simplemap for cells of type $not.
Using extmapper simplemap for cells of type $or.
Using extmapper simplemap for cells of type $eq.
Using extmapper simplemap for cells of type $mux.
Using extmapper simplemap for cells of type $and.
Using template $paramod$78e969f2586efcf3a5b0b0440bcca0db83d5cca2\_90_alu for cells of type $alu.
Using extmapper simplemap for cells of type $dffe.
Using template $paramod$d31bf4d7d72e59528d18fbd4f322e9d608532043\_90_pmux for cells of type $pmux.
Using template $paramod$f311afc5076e4ed7a7dd4101ffa54855903ad4d6\_90_pmux for cells of type $pmux.
Using template $paramod$effdbe410bf3703e86b78efd494cb4fd1aaa75f9\_90_pmux for cells of type $pmux.
Using extmapper simplemap for cells of type $ne.
Using extmapper simplemap for cells of type $reduce_and.
Using template $paramod$a13703aa027da371a1931fc542d213d7de559b19\_90_pmux for cells of type $pmux.
Using extmapper simplemap for cells of type $sdffce.
Using extmapper simplemap for cells of type $dff.
Using extmapper simplemap for cells of type $adffe.
Using extmapper simplemap for cells of type $xor.
Using template $paramod\_90_lcu\WIDTH=32'00000000000000000000000000001010 for cells of type $lcu.
Using extmapper simplemap for cells of type $pos.
Using template $paramod\_90_lcu\WIDTH=32'00000000000000000000000000000011 for cells of type $lcu.
Using template $paramod$36fdbc18fab0758c8553dda57bd33e3f8f3e8765\_90_alu for cells of type $alu.
Using template $paramod$448756c9a9dfaa49080ce4b90c6cc182883e181f\_90_alu for cells of type $alu.
Using template $paramod\_90_lcu\WIDTH=32'00000000000000000000000000010111 for cells of type $lcu.
Using template $paramod$f3115659d5e2977ebd2cb01ff3557fc5f6187689\_90_pmux for cells of type $pmux.
Using template $paramod$2780480d52179e2db572a6e5133edf36e733d32e\_90_alu for cells of type $alu.
Using template $paramod$381bfac1a8d048c2a82a5e9a8ba59722228aaa1f\_90_alu for cells of type $alu.
Using extmapper simplemap for cells of type $sdff.
Using extmapper maccmap for cells of type $macc.
  add \lut_p0 (12 bits, unsigned)
  sub \lut_n0 (12 bits, unsigned)
  add \lut_p1 (12 bits, unsigned)
  sub \lut_n1 (12 bits, unsigned)
  packed 2 (1) bits / 1 words into adder tree
Using template $paramod\_90_lcu\WIDTH=32'00000000000000000000000000001101 for cells of type $lcu.
Using template $paramod\_90_fa\WIDTH=32'00000000000000000000000000001110 for cells of type $fa.
Using template $paramod$091610cd349a68bd5539cffd7126f0d76e9bca00\_90_alu for cells of type $alu.
Using template $paramod\_90_lcu\WIDTH=32'00000000000000000000000000001110 for cells of type $lcu.
Using template $paramod$4325b1c151a2f45338496ad5daa128b3dd1053f5\_90_pmux for cells of type $pmux.
Using template $paramod$01293f033052c3da9c3e94b8cc876476a5364097\_90_pmux for cells of type $pmux.
No more expansions possible.
<suppressed ~3060 debug messages>

3.21. Executing OPT pass (performing simple optimizations).

3.21.1. Executing OPT_EXPR pass (perform const folding).
Optimizing module mod4591svec28.
<suppressed ~12961 debug messages>
Optimizing module modmul4591s.
<suppressed ~459 debug messages>
Optimizing module modq_freeze.
Optimizing module rq_fma_v2.
<suppressed ~182 debug messages>
Optimizing module rq_mult_parallel.
<suppressed ~461 debug messages>

3.21.2. Executing OPT_MERGE pass (detect identical cells).
Finding identical cells in module `\mod4591svec28'.
<suppressed ~27417 debug messages>
Finding identical cells in module `\modmul4591s'.
<suppressed ~330 debug messages>
Finding identical cells in module `\modq_freeze'.
Finding identical cells in module `\rq_fma_v2'.
<suppressed ~51 debug messages>
Finding identical cells in module `\rq_mult_parallel'.
<suppressed ~312 debug messages>
Removed a total of 9370 cells.

3.21.3. Executing OPT_DFF pass (perform DFF optimizations).

3.21.4. Executing OPT_CLEAN pass (remove unused cells and wires).
Finding unused cells or wires in module \mod4591svec28..
Finding unused cells or wires in module \modmul4591s..
Finding unused cells or wires in module \modq_freeze..
Finding unused cells or wires in module \rq_fma_v2..
Finding unused cells or wires in module \rq_mult_parallel..
Removed 102 unused cells and 2910 unused wires.
<suppressed ~106 debug messages>

3.21.5. Finished fast OPT passes.

3.22. Executing ABC pass (technology mapping using ABC).

3.22.1. Extracting gate netlist of module `\mod4591svec28' to `<abc-temp-dir>/input.blif'..
Extracted 2394 gates and 2411 wires to a netlist network with 16 inputs and 36 outputs.

3.22.1.1. Executing ABC.
Running ABC command: "<yosys-exe-dir>/yosys-abc" -s -f <abc-temp-dir>/abc.script 2>&1
ABC: ABC command line: "source <abc-temp-dir>/abc.script".
ABC: 
ABC: + read_blif <abc-temp-dir>/input.blif 
ABC: + read_library <abc-temp-dir>/stdcells.genlib 
ABC: Entered genlib library with 13 gates from file "<abc-temp-dir>/stdcells.genlib".
ABC: + strash 
ABC: + dretime 
ABC: + map 
ABC: + write_blif <abc-temp-dir>/output.blif 

3.22.1.2. Re-integrating ABC results.
ABC RESULTS:               NOT cells:        1
ABC RESULTS:              NAND cells:       76
ABC RESULTS:               AND cells:        3
ABC RESULTS:             ORNOT cells:      117
ABC RESULTS:               NOR cells:       96
ABC RESULTS:                OR cells:     1444
ABC RESULTS:            ANDNOT cells:      325
ABC RESULTS:        internal signals:     2359
ABC RESULTS:           input signals:       16
ABC RESULTS:          output signals:       36
Removing temp directory.

3.22.2. Extracting gate netlist of module `\modmul4591s' to `<abc-temp-dir>/input.blif'..
Extracted 559 gates and 622 wires to a netlist network with 62 inputs and 27 outputs.

3.22.2.1. Executing ABC.
Running ABC command: "<yosys-exe-dir>/yosys-abc" -s -f <abc-temp-dir>/abc.script 2>&1
ABC: ABC command line: "source <abc-temp-dir>/abc.script".
ABC: 
ABC: + read_blif <abc-temp-dir>/input.blif 
ABC: + read_library <abc-temp-dir>/stdcells.genlib 
ABC: Entered genlib library with 13 gates from file "<abc-temp-dir>/stdcells.genlib".
ABC: + strash 
ABC: + dretime 
ABC: + map 
ABC: + write_blif <abc-temp-dir>/output.blif 

3.22.2.2. Re-integrating ABC results.
ABC RESULTS:               AND cells:       13
ABC RESULTS:             ORNOT cells:       14
ABC RESULTS:               NOT cells:       31
ABC RESULTS:              NAND cells:       28
ABC RESULTS:              XNOR cells:       50
ABC RESULTS:                OR cells:       60
ABC RESULTS:               MUX cells:       26
ABC RESULTS:               NOR cells:       52
ABC RESULTS:            ANDNOT cells:      164
ABC RESULTS:               XOR cells:       72
ABC RESULTS:        internal signals:      533
ABC RESULTS:           input signals:       62
ABC RESULTS:          output signals:       27
Removing temp directory.

3.22.3. Extracting gate netlist of module `\modq_freeze' to `<abc-temp-dir>/input.blif'..
Extracted 0 gates and 0 wires to a netlist network with 0 inputs and 0 outputs.
Don't call ABC as there is nothing to map.
Removing temp directory.

3.22.4. Extracting gate netlist of module `\rq_fma_v2' to `<abc-temp-dir>/input.blif'..
Extracted 258 gates and 298 wires to a netlist network with 39 inputs and 23 outputs.

3.22.4.1. Executing ABC.
Running ABC command: "<yosys-exe-dir>/yosys-abc" -s -f <abc-temp-dir>/abc.script 2>&1
ABC: ABC command line: "source <abc-temp-dir>/abc.script".
ABC: 
ABC: + read_blif <abc-temp-dir>/input.blif 
ABC: + read_library <abc-temp-dir>/stdcells.genlib 
ABC: Entered genlib library with 13 gates from file "<abc-temp-dir>/stdcells.genlib".
ABC: + strash 
ABC: + dretime 
ABC: + map 
ABC: + write_blif <abc-temp-dir>/output.blif 

3.22.4.2. Re-integrating ABC results.
ABC RESULTS:              NAND cells:        3
ABC RESULTS:               AND cells:       13
ABC RESULTS:              XNOR cells:        5
ABC RESULTS:               NOT cells:       15
ABC RESULTS:               MUX cells:       31
ABC RESULTS:             ORNOT cells:       22
ABC RESULTS:                OR cells:       41
ABC RESULTS:               NOR cells:       18
ABC RESULTS:            ANDNOT cells:       55
ABC RESULTS:               XOR cells:       55
ABC RESULTS:        internal signals:      236
ABC RESULTS:           input signals:       39
ABC RESULTS:          output signals:       23
Removing temp directory.

3.22.5. Extracting gate netlist of module `\rq_mult_parallel' to `<abc-temp-dir>/input.blif'..
Extracted 20223 gates and 57500 wires to a netlist network with 37275 inputs and 19805 outputs.

3.22.5.1. Executing ABC.
Running ABC command: "<yosys-exe-dir>/yosys-abc" -s -f <abc-temp-dir>/abc.script 2>&1
ABC: ABC command line: "source <abc-temp-dir>/abc.script".
ABC: 
ABC: + read_blif <abc-temp-dir>/input.blif 
ABC: + read_library <abc-temp-dir>/stdcells.genlib 
ABC: Entered genlib library with 13 gates from file "<abc-temp-dir>/stdcells.genlib".
ABC: + strash 
ABC: + dretime 
ABC: + map 
ABC: + write_blif <abc-temp-dir>/output.blif 

3.22.5.2. Re-integrating ABC results.
ABC RESULTS:             ORNOT cells:       23
ABC RESULTS:               MUX cells:    19750
ABC RESULTS:                OR cells:      132
ABC RESULTS:               NOT cells:        8
ABC RESULTS:              NAND cells:       41
ABC RESULTS:              XNOR cells:        3
ABC RESULTS:            ANDNOT cells:      153
ABC RESULTS:               NOR cells:       25
ABC RESULTS:               AND cells:       10
ABC RESULTS:               XOR cells:       20
ABC RESULTS:        internal signals:      420
ABC RESULTS:           input signals:    37275
ABC RESULTS:          output signals:    19805
Removing temp directory.

3.23. Executing OPT pass (performing simple optimizations).

3.23.1. Executing OPT_EXPR pass (perform const folding).
Optimizing module mod4591svec28.
Optimizing module modmul4591s.
<suppressed ~1 debug messages>
Optimizing module modq_freeze.
Optimizing module rq_fma_v2.
<suppressed ~18 debug messages>
Optimizing module rq_mult_parallel.
<suppressed ~10 debug messages>

3.23.2. Executing OPT_MERGE pass (detect identical cells).
Finding identical cells in module `\mod4591svec28'.
Finding identical cells in module `\modmul4591s'.
<suppressed ~6 debug messages>
Finding identical cells in module `\modq_freeze'.
Finding identical cells in module `\rq_fma_v2'.
<suppressed ~9 debug messages>
Finding identical cells in module `\rq_mult_parallel'.
<suppressed ~3 debug messages>
Removed a total of 6 cells.

3.23.3. Executing OPT_DFF pass (perform DFF optimizations).

3.23.4. Executing OPT_CLEAN pass (remove unused cells and wires).
Finding unused cells or wires in module \mod4591svec28..
Finding unused cells or wires in module \modmul4591s..
Finding unused cells or wires in module \modq_freeze..
Finding unused cells or wires in module \rq_fma_v2..
Finding unused cells or wires in module \rq_mult_parallel..
Removed 2 unused cells and 59325 unused wires.
<suppressed ~232 debug messages>

3.23.5. Finished fast OPT passes.

3.24. Executing HIERARCHY pass (managing design hierarchy).

3.24.1. Analyzing design hierarchy..
Top module:  \rq_mult_parallel
Used module:     \rq_fma_v2
Used module:     \modq_freeze
Used module:         \modmul4591s
Used module:             \mod4591svec28

3.24.2. Analyzing design hierarchy..
Top module:  \rq_mult_parallel
Used module:     \rq_fma_v2
Used module:     \modq_freeze
Used module:         \modmul4591s
Used module:             \mod4591svec28
Removed 0 unused modules.

3.25. Printing statistics.

=== mod4591svec28 ===

   Number of wires:               2069
   Number of wire bits:           2238
   Number of public wires:          43
   Number of public wire bits:     212
   Number of memories:               0
   Number of memory bits:            0
   Number of processes:              0
   Number of cells:               2062
     $_ANDNOT_                     325
     $_AND_                          3
     $_NAND_                        76
     $_NOR_                         96
     $_NOT_                          1
     $_ORNOT_                      117
     $_OR_                        1444

=== modmul4591s ===

   Number of wires:                513
   Number of wire bits:            914
   Number of public wires:          32
   Number of public wire bits:     433
   Number of memories:               0
   Number of memory bits:            0
   Number of processes:              0
   Number of cells:                564
     $_ANDNOT_                     164
     $_AND_                         13
     $_DFF_P_                       14
     $_MUX_                         26
     $_NAND_                        28
     $_NOR_                         50
     $_NOT_                         31
     $_ORNOT_                       14
     $_OR_                          60
     $_SDFF_PP0_                    41
     $_XNOR_                        50
     $_XOR_                         72
     mod4591svec28                   1

=== modq_freeze ===

   Number of wires:                  8
   Number of wire bits:            123
   Number of public wires:           8
   Number of public wire bits:     123
   Number of memories:               0
   Number of memory bits:            0
   Number of processes:              0
   Number of cells:                  1
     modmul4591s                     1

=== rq_fma_v2 ===

   Number of wires:                251
   Number of wire bits:            622
   Number of public wires:          20
   Number of public wire bits:     391
   Number of memories:               0
   Number of memory bits:            0
   Number of processes:              0
   Number of cells:                254
     $_ANDNOT_                      55
     $_AND_                         13
     $_MUX_                         30
     $_NAND_                         3
     $_NOR_                         18
     $_NOT_                         14
     $_ORNOT_                       22
     $_OR_                          39
     $_XNOR_                         5
     $_XOR_                         55

=== rq_mult_parallel ===

   Number of wires:               6576
   Number of wire bits:         263033
   Number of public wires:        6206
   Number of public wire bits:  262662
   Number of memories:               0
   Number of memory bits:            0
   Number of processes:              0
   Number of cells:              40757
     $_ANDNOT_                     153
     $_AND_                         10
     $_DFFE_PP0P_                    7
     $_DFFE_PP_                  19776
     $_DFF_P_                       16
     $_MUX_                      19750
     $_NAND_                        41
     $_NOR_                         25
     $_NOT_                          7
     $_ORNOT_                       23
     $_OR_                         131
     $_SDFFCE_PN0P_                 23
     $_SDFFCE_PP0P_                 10
     $_XNOR_                         3
     $_XOR_                         20
     modq_freeze                     1
     rq_fma_v2                     761

=== design hierarchy ===

   rq_mult_parallel                  1
     modq_freeze                     1
       modmul4591s                   1
         mod4591svec28               1
     rq_fma_v2                     761

   Number of wires:             200177
   Number of wire bits:         739650
   Number of public wires:       21509
   Number of public wire bits:  560981
   Number of memories:               0
   Number of memory bits:            0
   Number of processes:              0
   Number of cells:             235914
     $_ANDNOT_                   42497
     $_AND_                       9919
     $_DFFE_PP0P_                    7
     $_DFFE_PP_                  19776
     $_DFF_P_                       30
     $_MUX_                      42606
     $_NAND_                      2428
     $_NOR_                      13869
     $_NOT_                      10693
     $_ORNOT_                    16896
     $_OR_                       31314
     $_SDFFCE_PN0P_                 23
     $_SDFFCE_PP0P_                 10
     $_SDFF_PP0_                    41
     $_XNOR_                      3858
     $_XOR_                      41947

3.26. Executing CHECK pass (checking for obvious problems).
Checking module mod4591svec28...
Checking module modmul4591s...
Checking module modq_freeze...
Checking module rq_fma_v2...
Checking module rq_mult_parallel...
Found and reported 0 problems.

4. Executing DFFLIBMAP pass (mapping DFF cells to sequential cells from liberty file).
Warning: Found unsupported expression 'SE*SI+D*!SE' in pin attribute of cell 'SDFFRS_X1' - skipping.
Warning: Found unsupported expression 'SE*SI+D*!SE' in pin attribute of cell 'SDFFRS_X2' - skipping.
Warning: Found unsupported expression 'SE*SI+D*!SE' in pin attribute of cell 'SDFFR_X1' - skipping.
Warning: Found unsupported expression 'SE*SI+D*!SE' in pin attribute of cell 'SDFFR_X2' - skipping.
Warning: Found unsupported expression 'SE*SI+D*!SE' in pin attribute of cell 'SDFFS_X1' - skipping.
Warning: Found unsupported expression 'SE*SI+D*!SE' in pin attribute of cell 'SDFFS_X2' - skipping.
Warning: Found unsupported expression 'SE*SI+D*!SE' in pin attribute of cell 'SDFF_X1' - skipping.
Warning: Found unsupported expression 'SE*SI+D*!SE' in pin attribute of cell 'SDFF_X2' - skipping.
  cell DFF_X1 (noninv, pins=4, area=4.52) is a direct match for cell type $_DFF_P_.
Warning: Found unsupported expression 'SE*SI+D*!SE' in pin attribute of cell 'SDFFRS_X1' - skipping.
Warning: Found unsupported expression 'SE*SI+D*!SE' in pin attribute of cell 'SDFFRS_X2' - skipping.
Warning: Found unsupported expression 'SE*SI+D*!SE' in pin attribute of cell 'SDFFR_X1' - skipping.
Warning: Found unsupported expression 'SE*SI+D*!SE' in pin attribute of cell 'SDFFR_X2' - skipping.
Warning: Found unsupported expression 'SE*SI+D*!SE' in pin attribute of cell 'SDFFS_X1' - skipping.
Warning: Found unsupported expression 'SE*SI+D*!SE' in pin attribute of cell 'SDFFS_X2' - skipping.
Warning: Found unsupported expression 'SE*SI+D*!SE' in pin attribute of cell 'SDFF_X1' - skipping.
Warning: Found unsupported expression 'SE*SI+D*!SE' in pin attribute of cell 'SDFF_X2' - skipping.
  cell DFFR_X1 (noninv, pins=5, area=5.32) is a direct match for cell type $_DFF_PN0_.
Warning: Found unsupported expression 'SE*SI+D*!SE' in pin attribute of cell 'SDFFRS_X1' - skipping.
Warning: Found unsupported expression 'SE*SI+D*!SE' in pin attribute of cell 'SDFFRS_X2' - skipping.
Warning: Found unsupported expression 'SE*SI+D*!SE' in pin attribute of cell 'SDFFR_X1' - skipping.
Warning: Found unsupported expression 'SE*SI+D*!SE' in pin attribute of cell 'SDFFR_X2' - skipping.
Warning: Found unsupported expression 'SE*SI+D*!SE' in pin attribute of cell 'SDFFS_X1' - skipping.
Warning: Found unsupported expression 'SE*SI+D*!SE' in pin attribute of cell 'SDFFS_X2' - skipping.
Warning: Found unsupported expression 'SE*SI+D*!SE' in pin attribute of cell 'SDFF_X1' - skipping.
Warning: Found unsupported expression 'SE*SI+D*!SE' in pin attribute of cell 'SDFF_X2' - skipping.
  cell DFFS_X1 (noninv, pins=5, area=5.32) is a direct match for cell type $_DFF_PN1_.
Warning: Found unsupported expression 'SE*SI+D*!SE' in pin attribute of cell 'SDFFRS_X1' - skipping.
Warning: Found unsupported expression 'SE*SI+D*!SE' in pin attribute of cell 'SDFFRS_X2' - skipping.
Warning: Found unsupported expression 'SE*SI+D*!SE' in pin attribute of cell 'SDFFR_X1' - skipping.
Warning: Found unsupported expression 'SE*SI+D*!SE' in pin attribute of cell 'SDFFR_X2' - skipping.
Warning: Found unsupported expression 'SE*SI+D*!SE' in pin attribute of cell 'SDFFS_X1' - skipping.
Warning: Found unsupported expression 'SE*SI+D*!SE' in pin attribute of cell 'SDFFS_X2' - skipping.
Warning: Found unsupported expression 'SE*SI+D*!SE' in pin attribute of cell 'SDFF_X1' - skipping.
Warning: Found unsupported expression 'SE*SI+D*!SE' in pin attribute of cell 'SDFF_X2' - skipping.
Warning: Found unsupported expression 'SE*SI+D*!SE' in pin attribute of cell 'SDFFRS_X1' - skipping.
Warning: Found unsupported expression 'SE*SI+D*!SE' in pin attribute of cell 'SDFFRS_X2' - skipping.
Warning: Found unsupported expression 'SE*SI+D*!SE' in pin attribute of cell 'SDFFR_X1' - skipping.
Warning: Found unsupported expression 'SE*SI+D*!SE' in pin attribute of cell 'SDFFR_X2' - skipping.
Warning: Found unsupported expression 'SE*SI+D*!SE' in pin attribute of cell 'SDFFS_X1' - skipping.
Warning: Found unsupported expression 'SE*SI+D*!SE' in pin attribute of cell 'SDFFS_X2' - skipping.
Warning: Found unsupported expression 'SE*SI+D*!SE' in pin attribute of cell 'SDFF_X1' - skipping.
Warning: Found unsupported expression 'SE*SI+D*!SE' in pin attribute of cell 'SDFF_X2' - skipping.
Warning: Found unsupported expression 'SE*SI+D*!SE' in pin attribute of cell 'SDFFRS_X1' - skipping.
Warning: Found unsupported expression 'SE*SI+D*!SE' in pin attribute of cell 'SDFFRS_X2' - skipping.
Warning: Found unsupported expression 'SE*SI+D*!SE' in pin attribute of cell 'SDFFR_X1' - skipping.
Warning: Found unsupported expression 'SE*SI+D*!SE' in pin attribute of cell 'SDFFR_X2' - skipping.
Warning: Found unsupported expression 'SE*SI+D*!SE' in pin attribute of cell 'SDFFS_X1' - skipping.
Warning: Found unsupported expression 'SE*SI+D*!SE' in pin attribute of cell 'SDFFS_X2' - skipping.
Warning: Found unsupported expression 'SE*SI+D*!SE' in pin attribute of cell 'SDFF_X1' - skipping.
Warning: Found unsupported expression 'SE*SI+D*!SE' in pin attribute of cell 'SDFF_X2' - skipping.
  cell DFFRS_X1 (noninv, pins=6, area=6.38) is a direct match for cell type $_DFFSR_PNN_.
Warning: Found unsupported expression 'SE*SI+D*!SE' in pin attribute of cell 'SDFFRS_X1' - skipping.
Warning: Found unsupported expression 'SE*SI+D*!SE' in pin attribute of cell 'SDFFRS_X2' - skipping.
Warning: Found unsupported expression 'SE*SI+D*!SE' in pin attribute of cell 'SDFFR_X1' - skipping.
Warning: Found unsupported expression 'SE*SI+D*!SE' in pin attribute of cell 'SDFFR_X2' - skipping.
Warning: Found unsupported expression 'SE*SI+D*!SE' in pin attribute of cell 'SDFFS_X1' - skipping.
Warning: Found unsupported expression 'SE*SI+D*!SE' in pin attribute of cell 'SDFFS_X2' - skipping.
Warning: Found unsupported expression 'SE*SI+D*!SE' in pin attribute of cell 'SDFF_X1' - skipping.
Warning: Found unsupported expression 'SE*SI+D*!SE' in pin attribute of cell 'SDFF_X2' - skipping.
Warning: Found unsupported expression 'SE*SI+D*!SE' in pin attribute of cell 'SDFFRS_X1' - skipping.
Warning: Found unsupported expression 'SE*SI+D*!SE' in pin attribute of cell 'SDFFRS_X2' - skipping.
Warning: Found unsupported expression 'SE*SI+D*!SE' in pin attribute of cell 'SDFFR_X1' - skipping.
Warning: Found unsupported expression 'SE*SI+D*!SE' in pin attribute of cell 'SDFFR_X2' - skipping.
Warning: Found unsupported expression 'SE*SI+D*!SE' in pin attribute of cell 'SDFFS_X1' - skipping.
Warning: Found unsupported expression 'SE*SI+D*!SE' in pin attribute of cell 'SDFFS_X2' - skipping.
Warning: Found unsupported expression 'SE*SI+D*!SE' in pin attribute of cell 'SDFF_X1' - skipping.
Warning: Found unsupported expression 'SE*SI+D*!SE' in pin attribute of cell 'SDFF_X2' - skipping.
Warning: Found unsupported expression 'SE*SI+D*!SE' in pin attribute of cell 'SDFFRS_X1' - skipping.
Warning: Found unsupported expression 'SE*SI+D*!SE' in pin attribute of cell 'SDFFRS_X2' - skipping.
Warning: Found unsupported expression 'SE*SI+D*!SE' in pin attribute of cell 'SDFFR_X1' - skipping.
Warning: Found unsupported expression 'SE*SI+D*!SE' in pin attribute of cell 'SDFFR_X2' - skipping.
Warning: Found unsupported expression 'SE*SI+D*!SE' in pin attribute of cell 'SDFFS_X1' - skipping.
Warning: Found unsupported expression 'SE*SI+D*!SE' in pin attribute of cell 'SDFFS_X2' - skipping.
Warning: Found unsupported expression 'SE*SI+D*!SE' in pin attribute of cell 'SDFF_X1' - skipping.
Warning: Found unsupported expression 'SE*SI+D*!SE' in pin attribute of cell 'SDFF_X2' - skipping.
  final dff cell mappings:
    unmapped dff cell: $_DFF_N_
    \DFF_X1 _DFF_P_ (.CK( C), .D( D), .Q( Q), .QN(~Q));
    unmapped dff cell: $_DFF_NN0_
    unmapped dff cell: $_DFF_NN1_
    unmapped dff cell: $_DFF_NP0_
    unmapped dff cell: $_DFF_NP1_
    \DFFR_X1 _DFF_PN0_ (.CK( C), .D( D), .Q( Q), .QN(~Q), .RN( R));
    \DFFS_X1 _DFF_PN1_ (.CK( C), .D( D), .Q( Q), .QN(~Q), .SN( R));
    unmapped dff cell: $_DFF_PP0_
    unmapped dff cell: $_DFF_PP1_
    unmapped dff cell: $_DFFSR_NNN_
    unmapped dff cell: $_DFFSR_NNP_
    unmapped dff cell: $_DFFSR_NPN_
    unmapped dff cell: $_DFFSR_NPP_
    \DFFRS_X1 _DFFSR_PNN_ (.CK( C), .D( D), .Q( Q), .QN(~Q), .RN( R), .SN( S));
    unmapped dff cell: $_DFFSR_PNP_
    unmapped dff cell: $_DFFSR_PPN_
    unmapped dff cell: $_DFFSR_PPP_

4.1. Executing DFFLEGALIZE pass (convert FFs to types supported by the target).
Mapping DFF cells in module `\mod4591svec28':
Mapping DFF cells in module `\modmul4591s':
  mapped 55 $_DFF_P_ cells to \DFF_X1 cells.
Mapping DFF cells in module `\modq_freeze':
Mapping DFF cells in module `\rq_fma_v2':
Mapping DFF cells in module `\rq_mult_parallel':
  mapped 7 $_DFF_PN0_ cells to \DFFR_X1 cells.
  mapped 19825 $_DFF_P_ cells to \DFF_X1 cells.

5. Executing ABC pass (technology mapping using ABC).

5.1. Extracting gate netlist of module `\mod4591svec28' to `<abc-temp-dir>/input.blif'..
Extracted 2062 gates and 2078 wires to a netlist network with 16 inputs and 36 outputs.

5.1.1. Executing ABC.
Running ABC command: "<yosys-exe-dir>/yosys-abc" -s -f <abc-temp-dir>/abc.script 2>&1
ABC: ABC command line: "source <abc-temp-dir>/abc.script".
ABC: 
ABC: + read_blif <abc-temp-dir>/input.blif 
ABC: + read_lib -w /path/asic_work/peng_asic3/nangate45.lib 
ABC: Parsing finished successfully.  Parsing time =     0.04 sec
ABC: Scl_LibertyReadGenlib() skipped cell "ANTENNA_X1" due to dont_use attribute.
ABC: Scl_LibertyReadGenlib() skipped cell "CLKGATETST_X1" without logic function.
ABC: Scl_LibertyReadGenlib() skipped cell "CLKGATETST_X2" without logic function.
ABC: Scl_LibertyReadGenlib() skipped cell "CLKGATETST_X4" without logic function.
ABC: Scl_LibertyReadGenlib() skipped cell "CLKGATETST_X8" without logic function.
ABC: Scl_LibertyReadGenlib() skipped cell "CLKGATE_X1" without logic function.
ABC: Scl_LibertyReadGenlib() skipped cell "CLKGATE_X2" without logic function.
ABC: Scl_LibertyReadGenlib() skipped cell "CLKGATE_X4" without logic function.
ABC: Scl_LibertyReadGenlib() skipped cell "CLKGATE_X8" without logic function.
ABC: Scl_LibertyReadGenlib() skipped sequential cell "DFFRS_X1".
ABC: Scl_LibertyReadGenlib() skipped sequential cell "DFFRS_X2".
ABC: Scl_LibertyReadGenlib() skipped sequential cell "DFFR_X1".
ABC: Scl_LibertyReadGenlib() skipped sequential cell "DFFR_X2".
ABC: Scl_LibertyReadGenlib() skipped sequential cell "DFFS_X1".
ABC: Scl_LibertyReadGenlib() skipped sequential cell "DFFS_X2".
ABC: Scl_LibertyReadGenlib() skipped sequential cell "DFF_X1".
ABC: Scl_LibertyReadGenlib() skipped sequential cell "DFF_X2".
ABC: Scl_LibertyReadGenlib() skipped sequential cell "DLH_X1".
ABC: Scl_LibertyReadGenlib() skipped sequential cell "DLH_X2".
ABC: Scl_LibertyReadGenlib() skipped sequential cell "DLL_X1".
ABC: Scl_LibertyReadGenlib() skipped sequential cell "DLL_X2".
ABC: Scl_LibertyReadGenlib() skipped cell "FILLCELL_X1" due to dont_use attribute.
ABC: Scl_LibertyReadGenlib() skipped cell "FILLCELL_X2" due to dont_use attribute.
ABC: Scl_LibertyReadGenlib() skipped cell "FILLCELL_X4" due to dont_use attribute.
ABC: Scl_LibertyReadGenlib() skipped cell "FILLCELL_X8" due to dont_use attribute.
ABC: Scl_LibertyReadGenlib() skipped cell "FILLCELL_X16" due to dont_use attribute.
ABC: Scl_LibertyReadGenlib() skipped cell "FILLCELL_X32" due to dont_use attribute.
ABC: Scl_LibertyReadGenlib() skipped cell "LOGIC0_X1" due to dont_use attribute.
ABC: Scl_LibertyReadGenlib() skipped cell "LOGIC1_X1" due to dont_use attribute.
ABC: Scl_LibertyReadGenlib() skipped sequential cell "SDFFRS_X1".
ABC: Scl_LibertyReadGenlib() skipped sequential cell "SDFFRS_X2".
ABC: Scl_LibertyReadGenlib() skipped sequential cell "SDFFR_X1".
ABC: Scl_LibertyReadGenlib() skipped sequential cell "SDFFR_X2".
ABC: Scl_LibertyReadGenlib() skipped sequential cell "SDFFS_X1".
ABC: Scl_LibertyReadGenlib() skipped sequential cell "SDFFS_X2".
ABC: Scl_LibertyReadGenlib() skipped sequential cell "SDFF_X1".
ABC: Scl_LibertyReadGenlib() skipped sequential cell "SDFF_X2".
ABC: Scl_LibertyReadGenlib() skipped three-state cell "TBUF_X1".
ABC: Scl_LibertyReadGenlib() skipped three-state cell "TBUF_X2".
ABC: Scl_LibertyReadGenlib() skipped three-state cell "TBUF_X4".
ABC: Scl_LibertyReadGenlib() skipped three-state cell "TBUF_X8".
ABC: Scl_LibertyReadGenlib() skipped three-state cell "TBUF_X16".
ABC: Scl_LibertyReadGenlib() skipped three-state cell "TINV_X1".
ABC: Scl_LibertyReadGenlib() skipped sequential cell "TLAT_X1".
ABC: Library "NangateOpenCellLibrary" from "/path/asic_work/peng_asic3/nangate45.lib" has 90 cells (35 skipped: 21 seq; 6 tri-state; 8 no func; 9 dont_use).  Time =     0.06 sec
ABC: Memory =   11.38 MB. Time =     0.06 sec
ABC: Warning: Detected 2 multi-output gates (for example, "FA_X1").
ABC: + strash 
ABC: + &get -n 
ABC: + &fraig -x 
ABC: + &put 
ABC: + scorr 
ABC: Warning: The network is combinational (run "fraig" or "fraig_sweep").
ABC: + dc2 
ABC: + dretime 
ABC: + strash 
ABC: + &get -n 
ABC: + &dch -f 
ABC: + &nf 
ABC: + &put 
ABC: + write_blif <abc-temp-dir>/output.blif 

5.1.2. Re-integrating ABC results.
ABC RESULTS:         AOI221_X1 cells:        4
ABC RESULTS:         AOI222_X1 cells:        4
ABC RESULTS:           AND3_X1 cells:       10
ABC RESULTS:           AND4_X1 cells:       14
ABC RESULTS:          AOI22_X1 cells:       16
ABC RESULTS:            OR4_X1 cells:        3
ABC RESULTS:           AND2_X1 cells:       15
ABC RESULTS:            INV_X1 cells:       21
ABC RESULTS:          OAI21_X1 cells:       68
ABC RESULTS:          AOI21_X1 cells:       14
ABC RESULTS:            OR2_X1 cells:       14
ABC RESULTS:         AOI211_X1 cells:       11
ABC RESULTS:           NOR2_X1 cells:       46
ABC RESULTS:           NOR4_X1 cells:       26
ABC RESULTS:          NAND2_X1 cells:       98
ABC RESULTS:           NOR3_X1 cells:       49
ABC RESULTS:          NAND4_X1 cells:       60
ABC RESULTS:            OR3_X1 cells:        4
ABC RESULTS:         OAI211_X1 cells:       10
ABC RESULTS:          NAND3_X1 cells:       44
ABC RESULTS:        internal signals:     2026
ABC RESULTS:           input signals:       16
ABC RESULTS:          output signals:       36
Removing temp directory.

5.2. Extracting gate netlist of module `\modmul4591s' to `<abc-temp-dir>/input.blif'..
Extracted 549 gates and 641 wires to a netlist network with 91 inputs and 55 outputs.

5.2.1. Executing ABC.
Running ABC command: "<yosys-exe-dir>/yosys-abc" -s -f <abc-temp-dir>/abc.script 2>&1
ABC: ABC command line: "source <abc-temp-dir>/abc.script".
ABC: 
ABC: + read_blif <abc-temp-dir>/input.blif 
ABC: + read_lib -w /path/asic_work/peng_asic3/nangate45.lib 
ABC: Parsing finished successfully.  Parsing time =     0.04 sec
ABC: Scl_LibertyReadGenlib() skipped cell "ANTENNA_X1" due to dont_use attribute.
ABC: Scl_LibertyReadGenlib() skipped cell "CLKGATETST_X1" without logic function.
ABC: Scl_LibertyReadGenlib() skipped cell "CLKGATETST_X2" without logic function.
ABC: Scl_LibertyReadGenlib() skipped cell "CLKGATETST_X4" without logic function.
ABC: Scl_LibertyReadGenlib() skipped cell "CLKGATETST_X8" without logic function.
ABC: Scl_LibertyReadGenlib() skipped cell "CLKGATE_X1" without logic function.
ABC: Scl_LibertyReadGenlib() skipped cell "CLKGATE_X2" without logic function.
ABC: Scl_LibertyReadGenlib() skipped cell "CLKGATE_X4" without logic function.
ABC: Scl_LibertyReadGenlib() skipped cell "CLKGATE_X8" without logic function.
ABC: Scl_LibertyReadGenlib() skipped sequential cell "DFFRS_X1".
ABC: Scl_LibertyReadGenlib() skipped sequential cell "DFFRS_X2".
ABC: Scl_LibertyReadGenlib() skipped sequential cell "DFFR_X1".
ABC: Scl_LibertyReadGenlib() skipped sequential cell "DFFR_X2".
ABC: Scl_LibertyReadGenlib() skipped sequential cell "DFFS_X1".
ABC: Scl_LibertyReadGenlib() skipped sequential cell "DFFS_X2".
ABC: Scl_LibertyReadGenlib() skipped sequential cell "DFF_X1".
ABC: Scl_LibertyReadGenlib() skipped sequential cell "DFF_X2".
ABC: Scl_LibertyReadGenlib() skipped sequential cell "DLH_X1".
ABC: Scl_LibertyReadGenlib() skipped sequential cell "DLH_X2".
ABC: Scl_LibertyReadGenlib() skipped sequential cell "DLL_X1".
ABC: Scl_LibertyReadGenlib() skipped sequential cell "DLL_X2".
ABC: Scl_LibertyReadGenlib() skipped cell "FILLCELL_X1" due to dont_use attribute.
ABC: Scl_LibertyReadGenlib() skipped cell "FILLCELL_X2" due to dont_use attribute.
ABC: Scl_LibertyReadGenlib() skipped cell "FILLCELL_X4" due to dont_use attribute.
ABC: Scl_LibertyReadGenlib() skipped cell "FILLCELL_X8" due to dont_use attribute.
ABC: Scl_LibertyReadGenlib() skipped cell "FILLCELL_X16" due to dont_use attribute.
ABC: Scl_LibertyReadGenlib() skipped cell "FILLCELL_X32" due to dont_use attribute.
ABC: Scl_LibertyReadGenlib() skipped cell "LOGIC0_X1" due to dont_use attribute.
ABC: Scl_LibertyReadGenlib() skipped cell "LOGIC1_X1" due to dont_use attribute.
ABC: Scl_LibertyReadGenlib() skipped sequential cell "SDFFRS_X1".
ABC: Scl_LibertyReadGenlib() skipped sequential cell "SDFFRS_X2".
ABC: Scl_LibertyReadGenlib() skipped sequential cell "SDFFR_X1".
ABC: Scl_LibertyReadGenlib() skipped sequential cell "SDFFR_X2".
ABC: Scl_LibertyReadGenlib() skipped sequential cell "SDFFS_X1".
ABC: Scl_LibertyReadGenlib() skipped sequential cell "SDFFS_X2".
ABC: Scl_LibertyReadGenlib() skipped sequential cell "SDFF_X1".
ABC: Scl_LibertyReadGenlib() skipped sequential cell "SDFF_X2".
ABC: Scl_LibertyReadGenlib() skipped three-state cell "TBUF_X1".
ABC: Scl_LibertyReadGenlib() skipped three-state cell "TBUF_X2".
ABC: Scl_LibertyReadGenlib() skipped three-state cell "TBUF_X4".
ABC: Scl_LibertyReadGenlib() skipped three-state cell "TBUF_X8".
ABC: Scl_LibertyReadGenlib() skipped three-state cell "TBUF_X16".
ABC: Scl_LibertyReadGenlib() skipped three-state cell "TINV_X1".
ABC: Scl_LibertyReadGenlib() skipped sequential cell "TLAT_X1".
ABC: Library "NangateOpenCellLibrary" from "/path/asic_work/peng_asic3/nangate45.lib" has 90 cells (35 skipped: 21 seq; 6 tri-state; 8 no func; 9 dont_use).  Time =     0.06 sec
ABC: Memory =   11.38 MB. Time =     0.06 sec
ABC: Warning: Detected 2 multi-output gates (for example, "FA_X1").
ABC: + strash 
ABC: + &get -n 
ABC: + &fraig -x 
ABC: + &put 
ABC: + scorr 
ABC: Warning: The network is combinational (run "fraig" or "fraig_sweep").
ABC: + dc2 
ABC: + dretime 
ABC: + strash 
ABC: + &get -n 
ABC: + &dch -f 
ABC: + &nf 
ABC: + &put 
ABC: + write_blif <abc-temp-dir>/output.blif 

5.2.2. Re-integrating ABC results.
ABC RESULTS:           MUX2_X1 cells:        1
ABC RESULTS:           AND4_X1 cells:        1
ABC RESULTS:          OAI22_X1 cells:        2
ABC RESULTS:           XOR2_X1 cells:       33
ABC RESULTS:           NOR3_X1 cells:       10
ABC RESULTS:         OAI211_X1 cells:        4
ABC RESULTS:         OAI221_X1 cells:        1
ABC RESULTS:           AND3_X1 cells:        6
ABC RESULTS:            OR2_X1 cells:        6
ABC RESULTS:          AOI22_X1 cells:        3
ABC RESULTS:          XNOR2_X1 cells:       49
ABC RESULTS:          NAND2_X1 cells:       36
ABC RESULTS:            OR3_X1 cells:       12
ABC RESULTS:           AND2_X1 cells:       24
ABC RESULTS:          NAND3_X1 cells:        8
ABC RESULTS:            INV_X1 cells:       60
ABC RESULTS:          OAI21_X1 cells:       50
ABC RESULTS:          NAND4_X1 cells:        3
ABC RESULTS:         AOI211_X1 cells:        5
ABC RESULTS:          AOI21_X1 cells:       35
ABC RESULTS:           NOR2_X1 cells:       78
ABC RESULTS:        internal signals:      495
ABC RESULTS:           input signals:       91
ABC RESULTS:          output signals:       55
Removing temp directory.

5.3. Extracting gate netlist of module `\modq_freeze' to `<abc-temp-dir>/input.blif'..
Extracted 0 gates and 0 wires to a netlist network with 0 inputs and 0 outputs.
Don't call ABC as there is nothing to map.
Removing temp directory.

5.4. Extracting gate netlist of module `\rq_fma_v2' to `<abc-temp-dir>/input.blif'..
Extracted 254 gates and 293 wires to a netlist network with 39 inputs and 23 outputs.

5.4.1. Executing ABC.
Running ABC command: "<yosys-exe-dir>/yosys-abc" -s -f <abc-temp-dir>/abc.script 2>&1
ABC: ABC command line: "source <abc-temp-dir>/abc.script".
ABC: 
ABC: + read_blif <abc-temp-dir>/input.blif 
ABC: + read_lib -w /path/asic_work/peng_asic3/nangate45.lib 
ABC: Parsing finished successfully.  Parsing time =     0.04 sec
ABC: Scl_LibertyReadGenlib() skipped cell "ANTENNA_X1" due to dont_use attribute.
ABC: Scl_LibertyReadGenlib() skipped cell "CLKGATETST_X1" without logic function.
ABC: Scl_LibertyReadGenlib() skipped cell "CLKGATETST_X2" without logic function.
ABC: Scl_LibertyReadGenlib() skipped cell "CLKGATETST_X4" without logic function.
ABC: Scl_LibertyReadGenlib() skipped cell "CLKGATETST_X8" without logic function.
ABC: Scl_LibertyReadGenlib() skipped cell "CLKGATE_X1" without logic function.
ABC: Scl_LibertyReadGenlib() skipped cell "CLKGATE_X2" without logic function.
ABC: Scl_LibertyReadGenlib() skipped cell "CLKGATE_X4" without logic function.
ABC: Scl_LibertyReadGenlib() skipped cell "CLKGATE_X8" without logic function.
ABC: Scl_LibertyReadGenlib() skipped sequential cell "DFFRS_X1".
ABC: Scl_LibertyReadGenlib() skipped sequential cell "DFFRS_X2".
ABC: Scl_LibertyReadGenlib() skipped sequential cell "DFFR_X1".
ABC: Scl_LibertyReadGenlib() skipped sequential cell "DFFR_X2".
ABC: Scl_LibertyReadGenlib() skipped sequential cell "DFFS_X1".
ABC: Scl_LibertyReadGenlib() skipped sequential cell "DFFS_X2".
ABC: Scl_LibertyReadGenlib() skipped sequential cell "DFF_X1".
ABC: Scl_LibertyReadGenlib() skipped sequential cell "DFF_X2".
ABC: Scl_LibertyReadGenlib() skipped sequential cell "DLH_X1".
ABC: Scl_LibertyReadGenlib() skipped sequential cell "DLH_X2".
ABC: Scl_LibertyReadGenlib() skipped sequential cell "DLL_X1".
ABC: Scl_LibertyReadGenlib() skipped sequential cell "DLL_X2".
ABC: Scl_LibertyReadGenlib() skipped cell "FILLCELL_X1" due to dont_use attribute.
ABC: Scl_LibertyReadGenlib() skipped cell "FILLCELL_X2" due to dont_use attribute.
ABC: Scl_LibertyReadGenlib() skipped cell "FILLCELL_X4" due to dont_use attribute.
ABC: Scl_LibertyReadGenlib() skipped cell "FILLCELL_X8" due to dont_use attribute.
ABC: Scl_LibertyReadGenlib() skipped cell "FILLCELL_X16" due to dont_use attribute.
ABC: Scl_LibertyReadGenlib() skipped cell "FILLCELL_X32" due to dont_use attribute.
ABC: Scl_LibertyReadGenlib() skipped cell "LOGIC0_X1" due to dont_use attribute.
ABC: Scl_LibertyReadGenlib() skipped cell "LOGIC1_X1" due to dont_use attribute.
ABC: Scl_LibertyReadGenlib() skipped sequential cell "SDFFRS_X1".
ABC: Scl_LibertyReadGenlib() skipped sequential cell "SDFFRS_X2".
ABC: Scl_LibertyReadGenlib() skipped sequential cell "SDFFR_X1".
ABC: Scl_LibertyReadGenlib() skipped sequential cell "SDFFR_X2".
ABC: Scl_LibertyReadGenlib() skipped sequential cell "SDFFS_X1".
ABC: Scl_LibertyReadGenlib() skipped sequential cell "SDFFS_X2".
ABC: Scl_LibertyReadGenlib() skipped sequential cell "SDFF_X1".
ABC: Scl_LibertyReadGenlib() skipped sequential cell "SDFF_X2".
ABC: Scl_LibertyReadGenlib() skipped three-state cell "TBUF_X1".
ABC: Scl_LibertyReadGenlib() skipped three-state cell "TBUF_X2".
ABC: Scl_LibertyReadGenlib() skipped three-state cell "TBUF_X4".
ABC: Scl_LibertyReadGenlib() skipped three-state cell "TBUF_X8".
ABC: Scl_LibertyReadGenlib() skipped three-state cell "TBUF_X16".
ABC: Scl_LibertyReadGenlib() skipped three-state cell "TINV_X1".
ABC: Scl_LibertyReadGenlib() skipped sequential cell "TLAT_X1".
ABC: Library "NangateOpenCellLibrary" from "/path/asic_work/peng_asic3/nangate45.lib" has 90 cells (35 skipped: 21 seq; 6 tri-state; 8 no func; 9 dont_use).  Time =     0.05 sec
ABC: Memory =   11.38 MB. Time =     0.05 sec
ABC: Warning: Detected 2 multi-output gates (for example, "FA_X1").
ABC: + strash 
ABC: + &get -n 
ABC: + &fraig -x 
ABC: + &put 
ABC: + scorr 
ABC: Warning: The network is combinational (run "fraig" or "fraig_sweep").
ABC: + dc2 
ABC: + dretime 
ABC: + strash 
ABC: + &get -n 
ABC: + &dch -f 
ABC: + &nf 
ABC: + &put 
ABC: + write_blif <abc-temp-dir>/output.blif 

5.4.2. Re-integrating ABC results.
ABC RESULTS:           AND4_X1 cells:        1
ABC RESULTS:          NAND3_X1 cells:        9
ABC RESULTS:          AOI22_X1 cells:       11
ABC RESULTS:          NAND4_X1 cells:        1
ABC RESULTS:            INV_X1 cells:       17
ABC RESULTS:           MUX2_X1 cells:        1
ABC RESULTS:           AND2_X1 cells:        5
ABC RESULTS:            OR2_X1 cells:        5
ABC RESULTS:           NOR4_X1 cells:        1
ABC RESULTS:           NOR2_X1 cells:       17
ABC RESULTS:           XOR2_X1 cells:       14
ABC RESULTS:          NAND2_X1 cells:       25
ABC RESULTS:          AOI21_X1 cells:       14
ABC RESULTS:           AND3_X1 cells:        3
ABC RESULTS:          OAI21_X1 cells:       16
ABC RESULTS:          XNOR2_X1 cells:       39
ABC RESULTS:        internal signals:      231
ABC RESULTS:           input signals:       39
ABC RESULTS:          output signals:       23
Removing temp directory.

5.5. Extracting gate netlist of module `\rq_mult_parallel' to `<abc-temp-dir>/input.blif'..
Extracted 40019 gates and 77346 wires to a netlist network with 37326 inputs and 19823 outputs.

5.5.1. Executing ABC.
Running ABC command: "<yosys-exe-dir>/yosys-abc" -s -f <abc-temp-dir>/abc.script 2>&1
ABC: ABC command line: "source <abc-temp-dir>/abc.script".
ABC: 
ABC: + read_blif <abc-temp-dir>/input.blif 
ABC: + read_lib -w /path/asic_work/peng_asic3/nangate45.lib 
ABC: Parsing finished successfully.  Parsing time =     0.03 sec
ABC: Scl_LibertyReadGenlib() skipped cell "ANTENNA_X1" due to dont_use attribute.
ABC: Scl_LibertyReadGenlib() skipped cell "CLKGATETST_X1" without logic function.
ABC: Scl_LibertyReadGenlib() skipped cell "CLKGATETST_X2" without logic function.
ABC: Scl_LibertyReadGenlib() skipped cell "CLKGATETST_X4" without logic function.
ABC: Scl_LibertyReadGenlib() skipped cell "CLKGATETST_X8" without logic function.
ABC: Scl_LibertyReadGenlib() skipped cell "CLKGATE_X1" without logic function.
ABC: Scl_LibertyReadGenlib() skipped cell "CLKGATE_X2" without logic function.
ABC: Scl_LibertyReadGenlib() skipped cell "CLKGATE_X4" without logic function.
ABC: Scl_LibertyReadGenlib() skipped cell "CLKGATE_X8" without logic function.
ABC: Scl_LibertyReadGenlib() skipped sequential cell "DFFRS_X1".
ABC: Scl_LibertyReadGenlib() skipped sequential cell "DFFRS_X2".
ABC: Scl_LibertyReadGenlib() skipped sequential cell "DFFR_X1".
ABC: Scl_LibertyReadGenlib() skipped sequential cell "DFFR_X2".
ABC: Scl_LibertyReadGenlib() skipped sequential cell "DFFS_X1".
ABC: Scl_LibertyReadGenlib() skipped sequential cell "DFFS_X2".
ABC: Scl_LibertyReadGenlib() skipped sequential cell "DFF_X1".
ABC: Scl_LibertyReadGenlib() skipped sequential cell "DFF_X2".
ABC: Scl_LibertyReadGenlib() skipped sequential cell "DLH_X1".
ABC: Scl_LibertyReadGenlib() skipped sequential cell "DLH_X2".
ABC: Scl_LibertyReadGenlib() skipped sequential cell "DLL_X1".
ABC: Scl_LibertyReadGenlib() skipped sequential cell "DLL_X2".
ABC: Scl_LibertyReadGenlib() skipped cell "FILLCELL_X1" due to dont_use attribute.
ABC: Scl_LibertyReadGenlib() skipped cell "FILLCELL_X2" due to dont_use attribute.
ABC: Scl_LibertyReadGenlib() skipped cell "FILLCELL_X4" due to dont_use attribute.
ABC: Scl_LibertyReadGenlib() skipped cell "FILLCELL_X8" due to dont_use attribute.
ABC: Scl_LibertyReadGenlib() skipped cell "FILLCELL_X16" due to dont_use attribute.
ABC: Scl_LibertyReadGenlib() skipped cell "FILLCELL_X32" due to dont_use attribute.
ABC: Scl_LibertyReadGenlib() skipped cell "LOGIC0_X1" due to dont_use attribute.
ABC: Scl_LibertyReadGenlib() skipped cell "LOGIC1_X1" due to dont_use attribute.
ABC: Scl_LibertyReadGenlib() skipped sequential cell "SDFFRS_X1".
ABC: Scl_LibertyReadGenlib() skipped sequential cell "SDFFRS_X2".
ABC: Scl_LibertyReadGenlib() skipped sequential cell "SDFFR_X1".
ABC: Scl_LibertyReadGenlib() skipped sequential cell "SDFFR_X2".
ABC: Scl_LibertyReadGenlib() skipped sequential cell "SDFFS_X1".
ABC: Scl_LibertyReadGenlib() skipped sequential cell "SDFFS_X2".
ABC: Scl_LibertyReadGenlib() skipped sequential cell "SDFF_X1".
ABC: Scl_LibertyReadGenlib() skipped sequential cell "SDFF_X2".
ABC: Scl_LibertyReadGenlib() skipped three-state cell "TBUF_X1".
ABC: Scl_LibertyReadGenlib() skipped three-state cell "TBUF_X2".
ABC: Scl_LibertyReadGenlib() skipped three-state cell "TBUF_X4".
ABC: Scl_LibertyReadGenlib() skipped three-state cell "TBUF_X8".
ABC: Scl_LibertyReadGenlib() skipped three-state cell "TBUF_X16".
ABC: Scl_LibertyReadGenlib() skipped three-state cell "TINV_X1".
ABC: Scl_LibertyReadGenlib() skipped sequential cell "TLAT_X1".
ABC: Library "NangateOpenCellLibrary" from "/path/asic_work/peng_asic3/nangate45.lib" has 90 cells (35 skipped: 21 seq; 6 tri-state; 8 no func; 9 dont_use).  Time =     0.05 sec
ABC: Memory =   11.38 MB. Time =     0.05 sec
ABC: Warning: Detected 2 multi-output gates (for example, "FA_X1").
ABC: + strash 
ABC: + &get -n 
ABC: + &fraig -x 
ABC: + &put 
ABC: + scorr 
ABC: Warning: The network is combinational (run "fraig" or "fraig_sweep").
ABC: + dc2 
ABC: + dretime 
ABC: + strash 
ABC: + &get -n 
ABC: + &dch -f 
ABC: + &nf 
ABC: + &put 
ABC: + write_blif <abc-temp-dir>/output.blif 

5.5.2. Re-integrating ABC results.
ABC RESULTS:         OAI211_X1 cells:        1
ABC RESULTS:          OAI22_X1 cells:        2
ABC RESULTS:            OR3_X1 cells:        6
ABC RESULTS:          NAND4_X1 cells:        9
ABC RESULTS:          NAND3_X1 cells:       29
ABC RESULTS:           NOR4_X1 cells:        8
ABC RESULTS:            OR4_X1 cells:        4
ABC RESULTS:           AND4_X1 cells:        5
ABC RESULTS:         AOI211_X1 cells:        9
ABC RESULTS:         AOI221_X1 cells:       23
ABC RESULTS:           NOR3_X1 cells:       14
ABC RESULTS:           AND2_X1 cells:       11
ABC RESULTS:           NOR2_X1 cells:       21
ABC RESULTS:           AND3_X1 cells:        9
ABC RESULTS:            OR2_X1 cells:        5
ABC RESULTS:          NAND2_X1 cells:       13
ABC RESULTS:          OAI21_X1 cells:       31
ABC RESULTS:          AOI21_X1 cells:       49
ABC RESULTS:           XOR2_X1 cells:        3
ABC RESULTS:          XNOR2_X1 cells:        1
ABC RESULTS:           MUX2_X1 cells:    39484
ABC RESULTS:            INV_X1 cells:       70
ABC RESULTS:        internal signals:    20197
ABC RESULTS:           input signals:    37326
ABC RESULTS:          output signals:    19823
Removing temp directory.

6. Printing statistics.

=== mod4591svec28 ===

   Number of wires:               2616
   Number of wire bits:           2785
   Number of public wires:          43
   Number of public wire bits:     212
   Number of memories:               0
   Number of memory bits:            0
   Number of processes:              0
   Number of cells:                531
     AND2_X1                        15
     AND3_X1                        10
     AND4_X1                        14
     AOI211_X1                      11
     AOI21_X1                       14
     AOI221_X1                       4
     AOI222_X1                       4
     AOI22_X1                       16
     INV_X1                         21
     NAND2_X1                       98
     NAND3_X1                       44
     NAND4_X1                       60
     NOR2_X1                        46
     NOR3_X1                        49
     NOR4_X1                        26
     OAI211_X1                      10
     OAI21_X1                       68
     OR2_X1                         14
     OR3_X1                          4
     OR4_X1                          3

   Chip area for module '\mod4591svec28': 567.378000

=== modmul4591s ===

   Number of wires:               1127
   Number of wire bits:           1528
   Number of public wires:          32
   Number of public wire bits:     433
   Number of memories:               0
   Number of memory bits:            0
   Number of processes:              0
   Number of cells:                483
     AND2_X1                        24
     AND3_X1                         6
     AND4_X1                         1
     AOI211_X1                       5
     AOI21_X1                       35
     AOI22_X1                        3
     DFF_X1                         55
     INV_X1                         60
     MUX2_X1                         1
     NAND2_X1                       36
     NAND3_X1                        8
     NAND4_X1                        3
     NOR2_X1                        78
     NOR3_X1                        10
     OAI211_X1                       4
     OAI21_X1                       50
     OAI221_X1                       1
     OAI22_X1                        2
     OR2_X1                          6
     OR3_X1                         12
     XNOR2_X1                       49
     XOR2_X1                        33
     mod4591svec28                   1

   Area for cell type \mod4591svec28 is unknown!

   Chip area for module '\modmul4591s': 695.590000

=== modq_freeze ===

   Number of wires:                  8
   Number of wire bits:            123
   Number of public wires:           8
   Number of public wire bits:     123
   Number of memories:               0
   Number of memory bits:            0
   Number of processes:              0
   Number of cells:                  1
     modmul4591s                     1

   Area for cell type \modmul4591s is unknown!

=== rq_fma_v2 ===

   Number of wires:                469
   Number of wire bits:            840
   Number of public wires:          20
   Number of public wire bits:     391
   Number of memories:               0
   Number of memory bits:            0
   Number of processes:              0
   Number of cells:                179
     AND2_X1                         5
     AND3_X1                         3
     AND4_X1                         1
     AOI21_X1                       14
     AOI22_X1                       11
     INV_X1                         17
     MUX2_X1                         1
     NAND2_X1                       25
     NAND3_X1                        9
     NAND4_X1                        1
     NOR2_X1                        17
     NOR4_X1                         1
     OAI21_X1                       16
     OR2_X1                          5
     XNOR2_X1                       39
     XOR2_X1                        14

   Chip area for module '\rq_fma_v2': 204.022000

=== rq_mult_parallel ===

   Number of wires:             123399
   Number of wire bits:         379856
   Number of public wires:        6206
   Number of public wire bits:  262662
   Number of memories:               0
   Number of memory bits:            0
   Number of processes:              0
   Number of cells:              60401
     AND2_X1                        11
     AND3_X1                         9
     AND4_X1                         5
     AOI211_X1                       9
     AOI21_X1                       49
     AOI221_X1                      23
     DFFR_X1                         7
     DFF_X1                      19825
     INV_X1                         70
     MUX2_X1                     39484
     NAND2_X1                       13
     NAND3_X1                       29
     NAND4_X1                        9
     NOR2_X1                        21
     NOR3_X1                        14
     NOR4_X1                         8
     OAI211_X1                       1
     OAI21_X1                       31
     OAI22_X1                        2
     OR2_X1                          5
     OR3_X1                          6
     OR4_X1                          4
     XNOR2_X1                        1
     XOR2_X1                         3
     modq_freeze                     1
     rq_fma_v2                     761

   Area for cell type \modq_freeze is unknown!
   Area for cell type \rq_fma_v2 is unknown!

   Chip area for module '\rq_mult_parallel': 163533.342000

=== design hierarchy ===

   rq_mult_parallel                  1
     modq_freeze                     1
       modmul4591s                   1
         mod4591svec28               1
     rq_fma_v2                     761

   Number of wires:             484059
   Number of wire bits:         1023532
   Number of public wires:       21509
   Number of public wire bits:  560981
   Number of memories:               0
   Number of memory bits:            0
   Number of processes:              0
   Number of cells:             196871
     AND2_X1                      3855
     AND3_X1                      2308
     AND4_X1                       781
     AOI211_X1                      25
     AOI21_X1                    10752
     AOI221_X1                      27
     AOI222_X1                       4
     AOI22_X1                     8390
     DFFR_X1                         7
     DFF_X1                      19880
     INV_X1                      13088
     MUX2_X1                     40246
     NAND2_X1                    19172
     NAND3_X1                     6930
     NAND4_X1                      833
     NOR2_X1                     13082
     NOR3_X1                        73
     NOR4_X1                       795
     OAI211_X1                      15
     OAI21_X1                    12325
     OAI221_X1                       1
     OAI22_X1                        4
     OR2_X1                       3830
     OR3_X1                         22
     OR4_X1                          7
     XNOR2_X1                    29729
     XOR2_X1                     10690

   Chip area for top module '\rq_mult_parallel': 320057.052000

Warnings: 10 unique messages, 74 total
End of script. Logfile hash: 80431b323a, CPU: user 36.11s system 0.31s, MEM: 379.90 MB peak
Yosys 0.33 (git sha1 2584903a060)
Time spent: 26% 2x abc (12 sec), 21% 25x opt_clean (10 sec), ...
