nohup: ignoring input

 /----------------------------------------------------------------------------\
 |                                                                            |
 |  yosys -- Yosys Open SYnthesis Suite                                       |
 |                                                                            |
 |  Copyright (C) 2012 - 2020  Claire Xenia Wolf <claire@yosyshq.com>         |
 |                                                                            |
 |  Permission to use, copy, modify, and/or distribute this software for any  |
 |  purpose with or without fee is hereby granted, provided that the above    |
 |  copyright notice and this permission notice appear in all copies.         |
 |                                                                            |
 |  THE SOFTWARE IS PROVIDED "AS IS" AND THE AUTHOR DISCLAIMS ALL WARRANTIES  |
 |  WITH REGARD TO THIS SOFTWARE INCLUDING ALL IMPLIED WARRANTIES OF          |
 |  MERCHANTABILITY AND FITNESS. IN NO EVENT SHALL THE AUTHOR BE LIABLE FOR   |
 |  ANY SPECIAL, DIRECT, INDIRECT, OR CONSEQUENTIAL DAMAGES OR ANY DAMAGES    |
 |  WHATSOEVER RESULTING FROM LOSS OF USE, DATA OR PROFITS, WHETHER IN AN     |
 |  ACTION OF CONTRACT, NEGLIGENCE OR OTHER TORTIOUS ACTION, ARISING OUT OF   |
 |  OR IN CONNECTION WITH THE USE OR PERFORMANCE OF THIS SOFTWARE.            |
 |                                                                            |
 \----------------------------------------------------------------------------/

 Yosys 0.33 (git sha1 2584903a060)


-- Executing script file `synth_b1.ys' --

1. Executing Verilog-2005 frontend: b1_r3_761_serial_0608_1414.v
Parsing Verilog input from `b1_r3_761_serial_0608_1414.v' to AST representation.
Generating RTLIL representation for module `\b1_r3_761_serial_0608_1414'.
Successfully finished Verilog frontend.

2. Executing Verilog-2005 frontend: b1_real_serial_0608.v
Parsing Verilog input from `b1_real_serial_0608.v' to AST representation.
Generating RTLIL representation for module `\b1_real_serial_0608'.
Successfully finished Verilog frontend.

3. Executing Verilog-2005 frontend: sbr17_f3_0608.v
Parsing Verilog input from `sbr17_f3_0608.v' to AST representation.
Generating RTLIL representation for module `\sbr17_f3_0608'.
Successfully finished Verilog frontend.

4. Executing Verilog-2005 frontend: sbr16_f3_0608.v
Parsing Verilog input from `sbr16_f3_0608.v' to AST representation.
Generating RTLIL representation for module `\sbr16_f3_0608'.
Successfully finished Verilog frontend.

5. Executing Verilog-2005 frontend: f3_add_0608.v
Parsing Verilog input from `f3_add_0608.v' to AST representation.
Generating RTLIL representation for module `\f3_add_0608'.
Successfully finished Verilog frontend.

6. Executing Verilog-2005 frontend: f3_mul_0608.v
Parsing Verilog input from `f3_mul_0608.v' to AST representation.
Generating RTLIL representation for module `\f3_mul_0608'.
Successfully finished Verilog frontend.

7. Executing Verilog-2005 frontend: f3_sub3_0608.v
Parsing Verilog input from `f3_sub3_0608.v' to AST representation.
Generating RTLIL representation for module `\f3_sub3_0608'.
Successfully finished Verilog frontend.

8. Executing HIERARCHY pass (managing design hierarchy).

8.1. Analyzing design hierarchy..
Top module:  \b1_r3_761_serial_0608_1414
Used module:     \f3_add_0608
Used module:     \b1_real_serial_0608
Used module:         \sbr17_f3_0608
Used module:             \f3_mul_0608
Used module:         \f3_sub3_0608

8.2. Analyzing design hierarchy..
Top module:  \b1_r3_761_serial_0608_1414
Used module:     \f3_add_0608
Used module:     \b1_real_serial_0608
Used module:         \sbr17_f3_0608
Used module:             \f3_mul_0608
Used module:         \f3_sub3_0608
Removing unused module `\sbr16_f3_0608'.
Removed 1 unused modules.

9. Executing SYNTH pass.

9.1. Executing HIERARCHY pass (managing design hierarchy).

9.1.1. Analyzing design hierarchy..
Top module:  \b1_r3_761_serial_0608_1414
Used module:     \f3_add_0608
Used module:     \b1_real_serial_0608
Used module:         \sbr17_f3_0608
Used module:             \f3_mul_0608
Used module:         \f3_sub3_0608

9.1.2. Analyzing design hierarchy..
Top module:  \b1_r3_761_serial_0608_1414
Used module:     \f3_add_0608
Used module:     \b1_real_serial_0608
Used module:         \sbr17_f3_0608
Used module:             \f3_mul_0608
Used module:         \f3_sub3_0608
Removed 0 unused modules.

9.2. Executing PROC pass (convert processes to netlists).

9.2.1. Executing PROC_CLEAN pass (remove empty switches from decision trees).
Cleaned up 0 empty switches.

9.2.2. Executing PROC_RMDEAD pass (remove dead branches from decision trees).
Marked 3 switch rules as full_case in process $proc$b1_real_serial_0608.v:69968$2 in module b1_real_serial_0608.
Marked 1 switch rules as full_case in process $proc$b1_real_serial_0608.v:69152$1 in module b1_real_serial_0608.
Removed a total of 0 dead cases.

9.2.3. Executing PROC_PRUNE pass (remove redundant assignments in processes).
Removed 0 redundant assignments.
Promoted 2 assignments to connections.

9.2.4. Executing PROC_INIT pass (extract init attributes).

9.2.5. Executing PROC_ARST pass (detect async resets in processes).

9.2.6. Executing PROC_ROM pass (convert switches to ROMs).
Converted 0 switches.
<suppressed ~7 debug messages>

9.2.7. Executing PROC_MUX pass (convert decision trees to multiplexers).
Creating decoders for process `\b1_real_serial_0608.$proc$b1_real_serial_0608.v:69968$2'.
     1/409: $0\state[1:0]
     2/409: $0\resreg_404[61:0]
     3/409: $0\resreg_403[61:0]
     4/409: $0\resreg_402[61:0]
     5/409: $0\resreg_401[61:0]
     6/409: $0\resreg_400[61:0]
     7/409: $0\resreg_399[61:0]
     8/409: $0\resreg_398[61:0]
     9/409: $0\resreg_397[61:0]
    10/409: $0\resreg_396[61:0]
    11/409: $0\resreg_395[61:0]
    12/409: $0\resreg_394[61:0]
    13/409: $0\resreg_393[61:0]
    14/409: $0\resreg_392[61:0]
    15/409: $0\resreg_391[61:0]
    16/409: $0\resreg_390[61:0]
    17/409: $0\resreg_389[61:0]
    18/409: $0\resreg_388[61:0]
    19/409: $0\resreg_387[61:0]
    20/409: $0\resreg_386[61:0]
    21/409: $0\resreg_385[61:0]
    22/409: $0\resreg_384[61:0]
    23/409: $0\resreg_383[61:0]
    24/409: $0\resreg_382[61:0]
    25/409: $0\resreg_381[61:0]
    26/409: $0\resreg_380[61:0]
    27/409: $0\resreg_379[61:0]
    28/409: $0\resreg_378[61:0]
    29/409: $0\resreg_377[61:0]
    30/409: $0\resreg_376[61:0]
    31/409: $0\resreg_375[61:0]
    32/409: $0\resreg_374[61:0]
    33/409: $0\resreg_373[61:0]
    34/409: $0\resreg_372[61:0]
    35/409: $0\resreg_371[61:0]
    36/409: $0\resreg_370[61:0]
    37/409: $0\resreg_369[61:0]
    38/409: $0\resreg_368[61:0]
    39/409: $0\resreg_367[61:0]
    40/409: $0\resreg_366[61:0]
    41/409: $0\resreg_365[61:0]
    42/409: $0\resreg_364[61:0]
    43/409: $0\resreg_363[61:0]
    44/409: $0\resreg_362[61:0]
    45/409: $0\resreg_361[61:0]
    46/409: $0\resreg_360[61:0]
    47/409: $0\resreg_359[61:0]
    48/409: $0\resreg_358[61:0]
    49/409: $0\resreg_357[61:0]
    50/409: $0\resreg_356[61:0]
    51/409: $0\resreg_355[61:0]
    52/409: $0\resreg_354[61:0]
    53/409: $0\resreg_353[61:0]
    54/409: $0\resreg_352[61:0]
    55/409: $0\resreg_351[61:0]
    56/409: $0\resreg_350[61:0]
    57/409: $0\resreg_349[61:0]
    58/409: $0\resreg_348[61:0]
    59/409: $0\resreg_347[61:0]
    60/409: $0\resreg_346[61:0]
    61/409: $0\resreg_345[61:0]
    62/409: $0\resreg_344[61:0]
    63/409: $0\resreg_343[61:0]
    64/409: $0\resreg_342[61:0]
    65/409: $0\resreg_341[61:0]
    66/409: $0\resreg_340[61:0]
    67/409: $0\resreg_339[61:0]
    68/409: $0\resreg_338[61:0]
    69/409: $0\resreg_337[61:0]
    70/409: $0\resreg_336[61:0]
    71/409: $0\resreg_335[61:0]
    72/409: $0\resreg_334[61:0]
    73/409: $0\resreg_333[61:0]
    74/409: $0\resreg_332[61:0]
    75/409: $0\resreg_331[61:0]
    76/409: $0\resreg_330[61:0]
    77/409: $0\resreg_329[61:0]
    78/409: $0\resreg_328[61:0]
    79/409: $0\resreg_327[61:0]
    80/409: $0\resreg_326[61:0]
    81/409: $0\resreg_325[61:0]
    82/409: $0\resreg_324[61:0]
    83/409: $0\resreg_323[61:0]
    84/409: $0\resreg_322[61:0]
    85/409: $0\resreg_321[61:0]
    86/409: $0\resreg_320[61:0]
    87/409: $0\resreg_319[61:0]
    88/409: $0\resreg_318[61:0]
    89/409: $0\resreg_317[61:0]
    90/409: $0\resreg_316[61:0]
    91/409: $0\resreg_315[61:0]
    92/409: $0\resreg_314[61:0]
    93/409: $0\resreg_313[61:0]
    94/409: $0\resreg_312[61:0]
    95/409: $0\resreg_311[61:0]
    96/409: $0\resreg_310[65:0]
    97/409: $0\resreg_309[65:0]
    98/409: $0\resreg_308[61:0]
    99/409: $0\resreg_307[65:0]
   100/409: $0\resreg_306[65:0]
   101/409: $0\resreg_305[61:0]
   102/409: $0\resreg_304[61:0]
   103/409: $0\resreg_303[61:0]
   104/409: $0\resreg_302[61:0]
   105/409: $0\resreg_301[65:0]
   106/409: $0\resreg_300[65:0]
   107/409: $0\resreg_299[61:0]
   108/409: $0\resreg_298[65:0]
   109/409: $0\resreg_297[65:0]
   110/409: $0\resreg_296[61:0]
   111/409: $0\resreg_295[61:0]
   112/409: $0\resreg_294[61:0]
   113/409: $0\resreg_293[61:0]
   114/409: $0\resreg_292[61:0]
   115/409: $0\resreg_291[61:0]
   116/409: $0\resreg_290[61:0]
   117/409: $0\resreg_289[61:0]
   118/409: $0\resreg_288[61:0]
   119/409: $0\resreg_287[61:0]
   120/409: $0\resreg_286[61:0]
   121/409: $0\resreg_285[61:0]
   122/409: $0\resreg_284[61:0]
   123/409: $0\resreg_283[65:0]
   124/409: $0\resreg_282[65:0]
   125/409: $0\resreg_281[61:0]
   126/409: $0\resreg_280[65:0]
   127/409: $0\resreg_279[65:0]
   128/409: $0\resreg_278[61:0]
   129/409: $0\resreg_277[61:0]
   130/409: $0\resreg_276[61:0]
   131/409: $0\resreg_275[61:0]
   132/409: $0\resreg_274[65:0]
   133/409: $0\resreg_273[65:0]
   134/409: $0\resreg_272[61:0]
   135/409: $0\resreg_271[65:0]
   136/409: $0\resreg_270[65:0]
   137/409: $0\resreg_269[61:0]
   138/409: $0\resreg_268[61:0]
   139/409: $0\resreg_267[61:0]
   140/409: $0\resreg_266[61:0]
   141/409: $0\resreg_265[61:0]
   142/409: $0\resreg_264[61:0]
   143/409: $0\resreg_263[61:0]
   144/409: $0\resreg_262[61:0]
   145/409: $0\resreg_261[61:0]
   146/409: $0\resreg_260[61:0]
   147/409: $0\resreg_259[61:0]
   148/409: $0\resreg_258[61:0]
   149/409: $0\resreg_257[61:0]
   150/409: $0\resreg_256[65:0]
   151/409: $0\resreg_255[65:0]
   152/409: $0\resreg_254[61:0]
   153/409: $0\resreg_253[65:0]
   154/409: $0\resreg_252[65:0]
   155/409: $0\resreg_251[61:0]
   156/409: $0\resreg_250[61:0]
   157/409: $0\resreg_249[61:0]
   158/409: $0\resreg_248[61:0]
   159/409: $0\resreg_247[65:0]
   160/409: $0\resreg_246[65:0]
   161/409: $0\resreg_245[61:0]
   162/409: $0\resreg_244[65:0]
   163/409: $0\resreg_243[65:0]
   164/409: $0\resreg_242[61:0]
   165/409: $0\resreg_241[61:0]
   166/409: $0\resreg_240[61:0]
   167/409: $0\resreg_239[61:0]
   168/409: $0\resreg_238[61:0]
   169/409: $0\resreg_237[61:0]
   170/409: $0\resreg_236[61:0]
   171/409: $0\resreg_235[61:0]
   172/409: $0\resreg_234[61:0]
   173/409: $0\resreg_233[61:0]
   174/409: $0\resreg_232[61:0]
   175/409: $0\resreg_231[61:0]
   176/409: $0\resreg_230[61:0]
   177/409: $0\resreg_229[61:0]
   178/409: $0\resreg_228[61:0]
   179/409: $0\resreg_227[61:0]
   180/409: $0\resreg_226[61:0]
   181/409: $0\resreg_225[61:0]
   182/409: $0\resreg_224[61:0]
   183/409: $0\resreg_223[61:0]
   184/409: $0\resreg_222[61:0]
   185/409: $0\resreg_221[61:0]
   186/409: $0\resreg_220[61:0]
   187/409: $0\resreg_219[61:0]
   188/409: $0\resreg_218[61:0]
   189/409: $0\resreg_217[61:0]
   190/409: $0\resreg_216[61:0]
   191/409: $0\resreg_215[61:0]
   192/409: $0\resreg_214[61:0]
   193/409: $0\resreg_213[61:0]
   194/409: $0\resreg_212[61:0]
   195/409: $0\resreg_211[61:0]
   196/409: $0\resreg_210[61:0]
   197/409: $0\resreg_209[61:0]
   198/409: $0\resreg_208[61:0]
   199/409: $0\resreg_207[61:0]
   200/409: $0\resreg_206[61:0]
   201/409: $0\resreg_205[61:0]
   202/409: $0\resreg_204[61:0]
   203/409: $0\resreg_203[61:0]
   204/409: $0\resreg_202[61:0]
   205/409: $0\resreg_201[61:0]
   206/409: $0\resreg_200[61:0]
   207/409: $0\resreg_199[61:0]
   208/409: $0\resreg_198[61:0]
   209/409: $0\resreg_197[61:0]
   210/409: $0\resreg_196[61:0]
   211/409: $0\resreg_195[61:0]
   212/409: $0\resreg_194[61:0]
   213/409: $0\resreg_193[61:0]
   214/409: $0\resreg_192[61:0]
   215/409: $0\resreg_191[61:0]
   216/409: $0\resreg_190[61:0]
   217/409: $0\resreg_189[61:0]
   218/409: $0\resreg_188[61:0]
   219/409: $0\resreg_187[61:0]
   220/409: $0\resreg_186[61:0]
   221/409: $0\resreg_185[61:0]
   222/409: $0\resreg_184[61:0]
   223/409: $0\resreg_183[61:0]
   224/409: $0\resreg_182[61:0]
   225/409: $0\resreg_181[61:0]
   226/409: $0\resreg_180[61:0]
   227/409: $0\resreg_179[61:0]
   228/409: $0\resreg_178[61:0]
   229/409: $0\resreg_177[61:0]
   230/409: $0\resreg_176[61:0]
   231/409: $0\resreg_175[61:0]
   232/409: $0\resreg_174[61:0]
   233/409: $0\resreg_173[61:0]
   234/409: $0\resreg_172[61:0]
   235/409: $0\resreg_171[61:0]
   236/409: $0\resreg_170[61:0]
   237/409: $0\resreg_169[61:0]
   238/409: $0\resreg_168[61:0]
   239/409: $0\resreg_167[61:0]
   240/409: $0\resreg_166[61:0]
   241/409: $0\resreg_165[61:0]
   242/409: $0\resreg_164[61:0]
   243/409: $0\resreg_163[61:0]
   244/409: $0\resreg_162[61:0]
   245/409: $0\resreg_161[61:0]
   246/409: $0\resreg_160[61:0]
   247/409: $0\resreg_159[61:0]
   248/409: $0\resreg_158[61:0]
   249/409: $0\resreg_157[61:0]
   250/409: $0\resreg_156[61:0]
   251/409: $0\resreg_155[61:0]
   252/409: $0\resreg_154[61:0]
   253/409: $0\resreg_153[61:0]
   254/409: $0\resreg_152[61:0]
   255/409: $0\resreg_151[61:0]
   256/409: $0\resreg_150[61:0]
   257/409: $0\resreg_149[61:0]
   258/409: $0\resreg_148[61:0]
   259/409: $0\resreg_147[61:0]
   260/409: $0\resreg_146[61:0]
   261/409: $0\resreg_145[61:0]
   262/409: $0\resreg_144[61:0]
   263/409: $0\resreg_143[61:0]
   264/409: $0\resreg_142[61:0]
   265/409: $0\resreg_141[61:0]
   266/409: $0\resreg_140[61:0]
   267/409: $0\resreg_139[61:0]
   268/409: $0\resreg_138[61:0]
   269/409: $0\resreg_137[61:0]
   270/409: $0\resreg_136[61:0]
   271/409: $0\resreg_135[61:0]
   272/409: $0\resreg_134[61:0]
   273/409: $0\resreg_133[61:0]
   274/409: $0\resreg_132[61:0]
   275/409: $0\resreg_131[61:0]
   276/409: $0\resreg_130[61:0]
   277/409: $0\resreg_129[61:0]
   278/409: $0\resreg_128[61:0]
   279/409: $0\resreg_127[61:0]
   280/409: $0\resreg_126[61:0]
   281/409: $0\resreg_125[61:0]
   282/409: $0\resreg_124[61:0]
   283/409: $0\resreg_123[61:0]
   284/409: $0\resreg_122[61:0]
   285/409: $0\resreg_121[61:0]
   286/409: $0\resreg_120[61:0]
   287/409: $0\resreg_119[61:0]
   288/409: $0\resreg_118[61:0]
   289/409: $0\resreg_117[61:0]
   290/409: $0\resreg_116[61:0]
   291/409: $0\resreg_115[61:0]
   292/409: $0\resreg_114[61:0]
   293/409: $0\resreg_113[61:0]
   294/409: $0\resreg_112[61:0]
   295/409: $0\resreg_111[61:0]
   296/409: $0\resreg_110[61:0]
   297/409: $0\resreg_109[61:0]
   298/409: $0\resreg_108[61:0]
   299/409: $0\resreg_107[61:0]
   300/409: $0\resreg_106[61:0]
   301/409: $0\resreg_105[61:0]
   302/409: $0\resreg_104[61:0]
   303/409: $0\resreg_103[61:0]
   304/409: $0\resreg_102[61:0]
   305/409: $0\resreg_101[61:0]
   306/409: $0\resreg_100[61:0]
   307/409: $0\resreg_99[61:0]
   308/409: $0\resreg_98[61:0]
   309/409: $0\resreg_97[61:0]
   310/409: $0\resreg_96[61:0]
   311/409: $0\resreg_95[61:0]
   312/409: $0\resreg_94[61:0]
   313/409: $0\resreg_93[61:0]
   314/409: $0\resreg_92[61:0]
   315/409: $0\resreg_91[61:0]
   316/409: $0\resreg_90[61:0]
   317/409: $0\resreg_89[61:0]
   318/409: $0\resreg_88[61:0]
   319/409: $0\resreg_87[61:0]
   320/409: $0\resreg_86[61:0]
   321/409: $0\resreg_85[61:0]
   322/409: $0\resreg_84[61:0]
   323/409: $0\resreg_83[61:0]
   324/409: $0\resreg_82[61:0]
   325/409: $0\resreg_81[61:0]
   326/409: $0\resreg_80[61:0]
   327/409: $0\resreg_79[61:0]
   328/409: $0\resreg_78[61:0]
   329/409: $0\resreg_77[61:0]
   330/409: $0\resreg_76[61:0]
   331/409: $0\resreg_75[61:0]
   332/409: $0\resreg_74[61:0]
   333/409: $0\resreg_73[61:0]
   334/409: $0\resreg_72[61:0]
   335/409: $0\resreg_71[61:0]
   336/409: $0\resreg_70[61:0]
   337/409: $0\resreg_69[61:0]
   338/409: $0\resreg_68[61:0]
   339/409: $0\resreg_67[61:0]
   340/409: $0\resreg_66[61:0]
   341/409: $0\resreg_65[61:0]
   342/409: $0\resreg_64[61:0]
   343/409: $0\resreg_63[61:0]
   344/409: $0\resreg_62[61:0]
   345/409: $0\resreg_61[61:0]
   346/409: $0\resreg_60[61:0]
   347/409: $0\resreg_59[61:0]
   348/409: $0\resreg_58[61:0]
   349/409: $0\resreg_57[61:0]
   350/409: $0\resreg_56[61:0]
   351/409: $0\resreg_55[61:0]
   352/409: $0\resreg_54[61:0]
   353/409: $0\resreg_53[61:0]
   354/409: $0\resreg_52[61:0]
   355/409: $0\resreg_51[61:0]
   356/409: $0\resreg_50[61:0]
   357/409: $0\resreg_49[61:0]
   358/409: $0\resreg_48[61:0]
   359/409: $0\resreg_47[61:0]
   360/409: $0\resreg_46[61:0]
   361/409: $0\resreg_45[61:0]
   362/409: $0\resreg_44[61:0]
   363/409: $0\resreg_43[61:0]
   364/409: $0\resreg_42[61:0]
   365/409: $0\resreg_41[61:0]
   366/409: $0\resreg_40[61:0]
   367/409: $0\resreg_39[61:0]
   368/409: $0\resreg_38[61:0]
   369/409: $0\resreg_37[61:0]
   370/409: $0\resreg_36[61:0]
   371/409: $0\resreg_35[61:0]
   372/409: $0\resreg_34[61:0]
   373/409: $0\resreg_33[61:0]
   374/409: $0\resreg_32[61:0]
   375/409: $0\resreg_31[61:0]
   376/409: $0\resreg_30[61:0]
   377/409: $0\resreg_29[61:0]
   378/409: $0\resreg_28[61:0]
   379/409: $0\resreg_27[61:0]
   380/409: $0\resreg_26[61:0]
   381/409: $0\resreg_25[61:0]
   382/409: $0\resreg_24[61:0]
   383/409: $0\resreg_23[61:0]
   384/409: $0\resreg_22[61:0]
   385/409: $0\resreg_21[61:0]
   386/409: $0\resreg_20[61:0]
   387/409: $0\resreg_19[61:0]
   388/409: $0\resreg_18[61:0]
   389/409: $0\resreg_17[61:0]
   390/409: $0\resreg_16[61:0]
   391/409: $0\resreg_15[61:0]
   392/409: $0\resreg_14[61:0]
   393/409: $0\resreg_13[61:0]
   394/409: $0\resreg_12[61:0]
   395/409: $0\resreg_11[61:0]
   396/409: $0\resreg_10[61:0]
   397/409: $0\resreg_9[61:0]
   398/409: $0\resreg_8[61:0]
   399/409: $0\resreg_7[61:0]
   400/409: $0\resreg_6[61:0]
   401/409: $0\resreg_5[61:0]
   402/409: $0\resreg_4[61:0]
   403/409: $0\resreg_3[61:0]
   404/409: $0\resreg_2[61:0]
   405/409: $0\resreg_1[61:0]
   406/409: $0\resreg_0[61:0]
   407/409: $0\job_idx[8:0]
   408/409: $0\cycle_count[15:0]
   409/409: $0\done[0:0]
Creating decoders for process `\b1_real_serial_0608.$proc$b1_real_serial_0608.v:69152$1'.
     1/2: $1\mux_b[33:0]
     2/2: $1\mux_a[33:0]

9.2.8. Executing PROC_DLATCH pass (convert process syncs to latches).
No latch inferred for signal `\b1_real_serial_0608.\mux_a' from process `\b1_real_serial_0608.$proc$b1_real_serial_0608.v:69152$1'.
No latch inferred for signal `\b1_real_serial_0608.\mux_b' from process `\b1_real_serial_0608.$proc$b1_real_serial_0608.v:69152$1'.

9.2.9. Executing PROC_DFF pass (convert process syncs to FFs).
Creating register for signal `\b1_real_serial_0608.\done' using process `\b1_real_serial_0608.$proc$b1_real_serial_0608.v:69968$2'.
  created $dff cell `$procdff$86329' with positive edge clock.
Creating register for signal `\b1_real_serial_0608.\cycle_count' using process `\b1_real_serial_0608.$proc$b1_real_serial_0608.v:69968$2'.
  created $dff cell `$procdff$86330' with positive edge clock.
Creating register for signal `\b1_real_serial_0608.\job_idx' using process `\b1_real_serial_0608.$proc$b1_real_serial_0608.v:69968$2'.
  created $dff cell `$procdff$86331' with positive edge clock.
Creating register for signal `\b1_real_serial_0608.\resreg_0' using process `\b1_real_serial_0608.$proc$b1_real_serial_0608.v:69968$2'.
  created $dff cell `$procdff$86332' with positive edge clock.
Creating register for signal `\b1_real_serial_0608.\resreg_1' using process `\b1_real_serial_0608.$proc$b1_real_serial_0608.v:69968$2'.
  created $dff cell `$procdff$86333' with positive edge clock.
Creating register for signal `\b1_real_serial_0608.\resreg_2' using process `\b1_real_serial_0608.$proc$b1_real_serial_0608.v:69968$2'.
  created $dff cell `$procdff$86334' with positive edge clock.
Creating register for signal `\b1_real_serial_0608.\resreg_3' using process `\b1_real_serial_0608.$proc$b1_real_serial_0608.v:69968$2'.
  created $dff cell `$procdff$86335' with positive edge clock.
Creating register for signal `\b1_real_serial_0608.\resreg_4' using process `\b1_real_serial_0608.$proc$b1_real_serial_0608.v:69968$2'.
  created $dff cell `$procdff$86336' with positive edge clock.
Creating register for signal `\b1_real_serial_0608.\resreg_5' using process `\b1_real_serial_0608.$proc$b1_real_serial_0608.v:69968$2'.
  created $dff cell `$procdff$86337' with positive edge clock.
Creating register for signal `\b1_real_serial_0608.\resreg_6' using process `\b1_real_serial_0608.$proc$b1_real_serial_0608.v:69968$2'.
  created $dff cell `$procdff$86338' with positive edge clock.
Creating register for signal `\b1_real_serial_0608.\resreg_7' using process `\b1_real_serial_0608.$proc$b1_real_serial_0608.v:69968$2'.
  created $dff cell `$procdff$86339' with positive edge clock.
Creating register for signal `\b1_real_serial_0608.\resreg_8' using process `\b1_real_serial_0608.$proc$b1_real_serial_0608.v:69968$2'.
  created $dff cell `$procdff$86340' with positive edge clock.
Creating register for signal `\b1_real_serial_0608.\resreg_9' using process `\b1_real_serial_0608.$proc$b1_real_serial_0608.v:69968$2'.
  created $dff cell `$procdff$86341' with positive edge clock.
Creating register for signal `\b1_real_serial_0608.\resreg_10' using process `\b1_real_serial_0608.$proc$b1_real_serial_0608.v:69968$2'.
  created $dff cell `$procdff$86342' with positive edge clock.
Creating register for signal `\b1_real_serial_0608.\resreg_11' using process `\b1_real_serial_0608.$proc$b1_real_serial_0608.v:69968$2'.
  created $dff cell `$procdff$86343' with positive edge clock.
Creating register for signal `\b1_real_serial_0608.\resreg_12' using process `\b1_real_serial_0608.$proc$b1_real_serial_0608.v:69968$2'.
  created $dff cell `$procdff$86344' with positive edge clock.
Creating register for signal `\b1_real_serial_0608.\resreg_13' using process `\b1_real_serial_0608.$proc$b1_real_serial_0608.v:69968$2'.
  created $dff cell `$procdff$86345' with positive edge clock.
Creating register for signal `\b1_real_serial_0608.\resreg_14' using process `\b1_real_serial_0608.$proc$b1_real_serial_0608.v:69968$2'.
  created $dff cell `$procdff$86346' with positive edge clock.
Creating register for signal `\b1_real_serial_0608.\resreg_15' using process `\b1_real_serial_0608.$proc$b1_real_serial_0608.v:69968$2'.
  created $dff cell `$procdff$86347' with positive edge clock.
Creating register for signal `\b1_real_serial_0608.\resreg_16' using process `\b1_real_serial_0608.$proc$b1_real_serial_0608.v:69968$2'.
  created $dff cell `$procdff$86348' with positive edge clock.
Creating register for signal `\b1_real_serial_0608.\resreg_17' using process `\b1_real_serial_0608.$proc$b1_real_serial_0608.v:69968$2'.
  created $dff cell `$procdff$86349' with positive edge clock.
Creating register for signal `\b1_real_serial_0608.\resreg_18' using process `\b1_real_serial_0608.$proc$b1_real_serial_0608.v:69968$2'.
  created $dff cell `$procdff$86350' with positive edge clock.
Creating register for signal `\b1_real_serial_0608.\resreg_19' using process `\b1_real_serial_0608.$proc$b1_real_serial_0608.v:69968$2'.
  created $dff cell `$procdff$86351' with positive edge clock.
Creating register for signal `\b1_real_serial_0608.\resreg_20' using process `\b1_real_serial_0608.$proc$b1_real_serial_0608.v:69968$2'.
  created $dff cell `$procdff$86352' with positive edge clock.
Creating register for signal `\b1_real_serial_0608.\resreg_21' using process `\b1_real_serial_0608.$proc$b1_real_serial_0608.v:69968$2'.
  created $dff cell `$procdff$86353' with positive edge clock.
Creating register for signal `\b1_real_serial_0608.\resreg_22' using process `\b1_real_serial_0608.$proc$b1_real_serial_0608.v:69968$2'.
  created $dff cell `$procdff$86354' with positive edge clock.
Creating register for signal `\b1_real_serial_0608.\resreg_23' using process `\b1_real_serial_0608.$proc$b1_real_serial_0608.v:69968$2'.
  created $dff cell `$procdff$86355' with positive edge clock.
Creating register for signal `\b1_real_serial_0608.\resreg_24' using process `\b1_real_serial_0608.$proc$b1_real_serial_0608.v:69968$2'.
  created $dff cell `$procdff$86356' with positive edge clock.
Creating register for signal `\b1_real_serial_0608.\resreg_25' using process `\b1_real_serial_0608.$proc$b1_real_serial_0608.v:69968$2'.
  created $dff cell `$procdff$86357' with positive edge clock.
Creating register for signal `\b1_real_serial_0608.\resreg_26' using process `\b1_real_serial_0608.$proc$b1_real_serial_0608.v:69968$2'.
  created $dff cell `$procdff$86358' with positive edge clock.
Creating register for signal `\b1_real_serial_0608.\resreg_27' using process `\b1_real_serial_0608.$proc$b1_real_serial_0608.v:69968$2'.
  created $dff cell `$procdff$86359' with positive edge clock.
Creating register for signal `\b1_real_serial_0608.\resreg_28' using process `\b1_real_serial_0608.$proc$b1_real_serial_0608.v:69968$2'.
  created $dff cell `$procdff$86360' with positive edge clock.
Creating register for signal `\b1_real_serial_0608.\resreg_29' using process `\b1_real_serial_0608.$proc$b1_real_serial_0608.v:69968$2'.
  created $dff cell `$procdff$86361' with positive edge clock.
Creating register for signal `\b1_real_serial_0608.\resreg_30' using process `\b1_real_serial_0608.$proc$b1_real_serial_0608.v:69968$2'.
  created $dff cell `$procdff$86362' with positive edge clock.
Creating register for signal `\b1_real_serial_0608.\resreg_31' using process `\b1_real_serial_0608.$proc$b1_real_serial_0608.v:69968$2'.
  created $dff cell `$procdff$86363' with positive edge clock.
Creating register for signal `\b1_real_serial_0608.\resreg_32' using process `\b1_real_serial_0608.$proc$b1_real_serial_0608.v:69968$2'.
  created $dff cell `$procdff$86364' with positive edge clock.
Creating register for signal `\b1_real_serial_0608.\resreg_33' using process `\b1_real_serial_0608.$proc$b1_real_serial_0608.v:69968$2'.
  created $dff cell `$procdff$86365' with positive edge clock.
Creating register for signal `\b1_real_serial_0608.\resreg_34' using process `\b1_real_serial_0608.$proc$b1_real_serial_0608.v:69968$2'.
  created $dff cell `$procdff$86366' with positive edge clock.
Creating register for signal `\b1_real_serial_0608.\resreg_35' using process `\b1_real_serial_0608.$proc$b1_real_serial_0608.v:69968$2'.
  created $dff cell `$procdff$86367' with positive edge clock.
Creating register for signal `\b1_real_serial_0608.\resreg_36' using process `\b1_real_serial_0608.$proc$b1_real_serial_0608.v:69968$2'.
  created $dff cell `$procdff$86368' with positive edge clock.
Creating register for signal `\b1_real_serial_0608.\resreg_37' using process `\b1_real_serial_0608.$proc$b1_real_serial_0608.v:69968$2'.
  created $dff cell `$procdff$86369' with positive edge clock.
Creating register for signal `\b1_real_serial_0608.\resreg_38' using process `\b1_real_serial_0608.$proc$b1_real_serial_0608.v:69968$2'.
  created $dff cell `$procdff$86370' with positive edge clock.
Creating register for signal `\b1_real_serial_0608.\resreg_39' using process `\b1_real_serial_0608.$proc$b1_real_serial_0608.v:69968$2'.
  created $dff cell `$procdff$86371' with positive edge clock.
Creating register for signal `\b1_real_serial_0608.\resreg_40' using process `\b1_real_serial_0608.$proc$b1_real_serial_0608.v:69968$2'.
  created $dff cell `$procdff$86372' with positive edge clock.
Creating register for signal `\b1_real_serial_0608.\resreg_41' using process `\b1_real_serial_0608.$proc$b1_real_serial_0608.v:69968$2'.
  created $dff cell `$procdff$86373' with positive edge clock.
Creating register for signal `\b1_real_serial_0608.\resreg_42' using process `\b1_real_serial_0608.$proc$b1_real_serial_0608.v:69968$2'.
  created $dff cell `$procdff$86374' with positive edge clock.
Creating register for signal `\b1_real_serial_0608.\resreg_43' using process `\b1_real_serial_0608.$proc$b1_real_serial_0608.v:69968$2'.
  created $dff cell `$procdff$86375' with positive edge clock.
Creating register for signal `\b1_real_serial_0608.\resreg_44' using process `\b1_real_serial_0608.$proc$b1_real_serial_0608.v:69968$2'.
  created $dff cell `$procdff$86376' with positive edge clock.
Creating register for signal `\b1_real_serial_0608.\resreg_45' using process `\b1_real_serial_0608.$proc$b1_real_serial_0608.v:69968$2'.
  created $dff cell `$procdff$86377' with positive edge clock.
Creating register for signal `\b1_real_serial_0608.\resreg_46' using process `\b1_real_serial_0608.$proc$b1_real_serial_0608.v:69968$2'.
  created $dff cell `$procdff$86378' with positive edge clock.
Creating register for signal `\b1_real_serial_0608.\resreg_47' using process `\b1_real_serial_0608.$proc$b1_real_serial_0608.v:69968$2'.
  created $dff cell `$procdff$86379' with positive edge clock.
Creating register for signal `\b1_real_serial_0608.\resreg_48' using process `\b1_real_serial_0608.$proc$b1_real_serial_0608.v:69968$2'.
  created $dff cell `$procdff$86380' with positive edge clock.
Creating register for signal `\b1_real_serial_0608.\resreg_49' using process `\b1_real_serial_0608.$proc$b1_real_serial_0608.v:69968$2'.
  created $dff cell `$procdff$86381' with positive edge clock.
Creating register for signal `\b1_real_serial_0608.\resreg_50' using process `\b1_real_serial_0608.$proc$b1_real_serial_0608.v:69968$2'.
  created $dff cell `$procdff$86382' with positive edge clock.
Creating register for signal `\b1_real_serial_0608.\resreg_51' using process `\b1_real_serial_0608.$proc$b1_real_serial_0608.v:69968$2'.
  created $dff cell `$procdff$86383' with positive edge clock.
Creating register for signal `\b1_real_serial_0608.\resreg_52' using process `\b1_real_serial_0608.$proc$b1_real_serial_0608.v:69968$2'.
  created $dff cell `$procdff$86384' with positive edge clock.
Creating register for signal `\b1_real_serial_0608.\resreg_53' using process `\b1_real_serial_0608.$proc$b1_real_serial_0608.v:69968$2'.
  created $dff cell `$procdff$86385' with positive edge clock.
Creating register for signal `\b1_real_serial_0608.\resreg_54' using process `\b1_real_serial_0608.$proc$b1_real_serial_0608.v:69968$2'.
  created $dff cell `$procdff$86386' with positive edge clock.
Creating register for signal `\b1_real_serial_0608.\resreg_55' using process `\b1_real_serial_0608.$proc$b1_real_serial_0608.v:69968$2'.
  created $dff cell `$procdff$86387' with positive edge clock.
Creating register for signal `\b1_real_serial_0608.\resreg_56' using process `\b1_real_serial_0608.$proc$b1_real_serial_0608.v:69968$2'.
  created $dff cell `$procdff$86388' with positive edge clock.
Creating register for signal `\b1_real_serial_0608.\resreg_57' using process `\b1_real_serial_0608.$proc$b1_real_serial_0608.v:69968$2'.
  created $dff cell `$procdff$86389' with positive edge clock.
Creating register for signal `\b1_real_serial_0608.\resreg_58' using process `\b1_real_serial_0608.$proc$b1_real_serial_0608.v:69968$2'.
  created $dff cell `$procdff$86390' with positive edge clock.
Creating register for signal `\b1_real_serial_0608.\resreg_59' using process `\b1_real_serial_0608.$proc$b1_real_serial_0608.v:69968$2'.
  created $dff cell `$procdff$86391' with positive edge clock.
Creating register for signal `\b1_real_serial_0608.\resreg_60' using process `\b1_real_serial_0608.$proc$b1_real_serial_0608.v:69968$2'.
  created $dff cell `$procdff$86392' with positive edge clock.
Creating register for signal `\b1_real_serial_0608.\resreg_61' using process `\b1_real_serial_0608.$proc$b1_real_serial_0608.v:69968$2'.
  created $dff cell `$procdff$86393' with positive edge clock.
Creating register for signal `\b1_real_serial_0608.\resreg_62' using process `\b1_real_serial_0608.$proc$b1_real_serial_0608.v:69968$2'.
  created $dff cell `$procdff$86394' with positive edge clock.
Creating register for signal `\b1_real_serial_0608.\resreg_63' using process `\b1_real_serial_0608.$proc$b1_real_serial_0608.v:69968$2'.
  created $dff cell `$procdff$86395' with positive edge clock.
Creating register for signal `\b1_real_serial_0608.\resreg_64' using process `\b1_real_serial_0608.$proc$b1_real_serial_0608.v:69968$2'.
  created $dff cell `$procdff$86396' with positive edge clock.
Creating register for signal `\b1_real_serial_0608.\resreg_65' using process `\b1_real_serial_0608.$proc$b1_real_serial_0608.v:69968$2'.
  created $dff cell `$procdff$86397' with positive edge clock.
Creating register for signal `\b1_real_serial_0608.\resreg_66' using process `\b1_real_serial_0608.$proc$b1_real_serial_0608.v:69968$2'.
  created $dff cell `$procdff$86398' with positive edge clock.
Creating register for signal `\b1_real_serial_0608.\resreg_67' using process `\b1_real_serial_0608.$proc$b1_real_serial_0608.v:69968$2'.
  created $dff cell `$procdff$86399' with positive edge clock.
Creating register for signal `\b1_real_serial_0608.\resreg_68' using process `\b1_real_serial_0608.$proc$b1_real_serial_0608.v:69968$2'.
  created $dff cell `$procdff$86400' with positive edge clock.
Creating register for signal `\b1_real_serial_0608.\resreg_69' using process `\b1_real_serial_0608.$proc$b1_real_serial_0608.v:69968$2'.
  created $dff cell `$procdff$86401' with positive edge clock.
Creating register for signal `\b1_real_serial_0608.\resreg_70' using process `\b1_real_serial_0608.$proc$b1_real_serial_0608.v:69968$2'.
  created $dff cell `$procdff$86402' with positive edge clock.
Creating register for signal `\b1_real_serial_0608.\resreg_71' using process `\b1_real_serial_0608.$proc$b1_real_serial_0608.v:69968$2'.
  created $dff cell `$procdff$86403' with positive edge clock.
Creating register for signal `\b1_real_serial_0608.\resreg_72' using process `\b1_real_serial_0608.$proc$b1_real_serial_0608.v:69968$2'.
  created $dff cell `$procdff$86404' with positive edge clock.
Creating register for signal `\b1_real_serial_0608.\resreg_73' using process `\b1_real_serial_0608.$proc$b1_real_serial_0608.v:69968$2'.
  created $dff cell `$procdff$86405' with positive edge clock.
Creating register for signal `\b1_real_serial_0608.\resreg_74' using process `\b1_real_serial_0608.$proc$b1_real_serial_0608.v:69968$2'.
  created $dff cell `$procdff$86406' with positive edge clock.
Creating register for signal `\b1_real_serial_0608.\resreg_75' using process `\b1_real_serial_0608.$proc$b1_real_serial_0608.v:69968$2'.
  created $dff cell `$procdff$86407' with positive edge clock.
Creating register for signal `\b1_real_serial_0608.\resreg_76' using process `\b1_real_serial_0608.$proc$b1_real_serial_0608.v:69968$2'.
  created $dff cell `$procdff$86408' with positive edge clock.
Creating register for signal `\b1_real_serial_0608.\resreg_77' using process `\b1_real_serial_0608.$proc$b1_real_serial_0608.v:69968$2'.
  created $dff cell `$procdff$86409' with positive edge clock.
Creating register for signal `\b1_real_serial_0608.\resreg_78' using process `\b1_real_serial_0608.$proc$b1_real_serial_0608.v:69968$2'.
  created $dff cell `$procdff$86410' with positive edge clock.
Creating register for signal `\b1_real_serial_0608.\resreg_79' using process `\b1_real_serial_0608.$proc$b1_real_serial_0608.v:69968$2'.
  created $dff cell `$procdff$86411' with positive edge clock.
Creating register for signal `\b1_real_serial_0608.\resreg_80' using process `\b1_real_serial_0608.$proc$b1_real_serial_0608.v:69968$2'.
  created $dff cell `$procdff$86412' with positive edge clock.
Creating register for signal `\b1_real_serial_0608.\resreg_81' using process `\b1_real_serial_0608.$proc$b1_real_serial_0608.v:69968$2'.
  created $dff cell `$procdff$86413' with positive edge clock.
Creating register for signal `\b1_real_serial_0608.\resreg_82' using process `\b1_real_serial_0608.$proc$b1_real_serial_0608.v:69968$2'.
  created $dff cell `$procdff$86414' with positive edge clock.
Creating register for signal `\b1_real_serial_0608.\resreg_83' using process `\b1_real_serial_0608.$proc$b1_real_serial_0608.v:69968$2'.
  created $dff cell `$procdff$86415' with positive edge clock.
Creating register for signal `\b1_real_serial_0608.\resreg_84' using process `\b1_real_serial_0608.$proc$b1_real_serial_0608.v:69968$2'.
  created $dff cell `$procdff$86416' with positive edge clock.
Creating register for signal `\b1_real_serial_0608.\resreg_85' using process `\b1_real_serial_0608.$proc$b1_real_serial_0608.v:69968$2'.
  created $dff cell `$procdff$86417' with positive edge clock.
Creating register for signal `\b1_real_serial_0608.\resreg_86' using process `\b1_real_serial_0608.$proc$b1_real_serial_0608.v:69968$2'.
  created $dff cell `$procdff$86418' with positive edge clock.
Creating register for signal `\b1_real_serial_0608.\resreg_87' using process `\b1_real_serial_0608.$proc$b1_real_serial_0608.v:69968$2'.
  created $dff cell `$procdff$86419' with positive edge clock.
Creating register for signal `\b1_real_serial_0608.\resreg_88' using process `\b1_real_serial_0608.$proc$b1_real_serial_0608.v:69968$2'.
  created $dff cell `$procdff$86420' with positive edge clock.
Creating register for signal `\b1_real_serial_0608.\resreg_89' using process `\b1_real_serial_0608.$proc$b1_real_serial_0608.v:69968$2'.
  created $dff cell `$procdff$86421' with positive edge clock.
Creating register for signal `\b1_real_serial_0608.\resreg_90' using process `\b1_real_serial_0608.$proc$b1_real_serial_0608.v:69968$2'.
  created $dff cell `$procdff$86422' with positive edge clock.
Creating register for signal `\b1_real_serial_0608.\resreg_91' using process `\b1_real_serial_0608.$proc$b1_real_serial_0608.v:69968$2'.
  created $dff cell `$procdff$86423' with positive edge clock.
Creating register for signal `\b1_real_serial_0608.\resreg_92' using process `\b1_real_serial_0608.$proc$b1_real_serial_0608.v:69968$2'.
  created $dff cell `$procdff$86424' with positive edge clock.
Creating register for signal `\b1_real_serial_0608.\resreg_93' using process `\b1_real_serial_0608.$proc$b1_real_serial_0608.v:69968$2'.
  created $dff cell `$procdff$86425' with positive edge clock.
Creating register for signal `\b1_real_serial_0608.\resreg_94' using process `\b1_real_serial_0608.$proc$b1_real_serial_0608.v:69968$2'.
  created $dff cell `$procdff$86426' with positive edge clock.
Creating register for signal `\b1_real_serial_0608.\resreg_95' using process `\b1_real_serial_0608.$proc$b1_real_serial_0608.v:69968$2'.
  created $dff cell `$procdff$86427' with positive edge clock.
Creating register for signal `\b1_real_serial_0608.\resreg_96' using process `\b1_real_serial_0608.$proc$b1_real_serial_0608.v:69968$2'.
  created $dff cell `$procdff$86428' with positive edge clock.
Creating register for signal `\b1_real_serial_0608.\resreg_97' using process `\b1_real_serial_0608.$proc$b1_real_serial_0608.v:69968$2'.
  created $dff cell `$procdff$86429' with positive edge clock.
Creating register for signal `\b1_real_serial_0608.\resreg_98' using process `\b1_real_serial_0608.$proc$b1_real_serial_0608.v:69968$2'.
  created $dff cell `$procdff$86430' with positive edge clock.
Creating register for signal `\b1_real_serial_0608.\resreg_99' using process `\b1_real_serial_0608.$proc$b1_real_serial_0608.v:69968$2'.
  created $dff cell `$procdff$86431' with positive edge clock.
Creating register for signal `\b1_real_serial_0608.\resreg_100' using process `\b1_real_serial_0608.$proc$b1_real_serial_0608.v:69968$2'.
  created $dff cell `$procdff$86432' with positive edge clock.
Creating register for signal `\b1_real_serial_0608.\resreg_101' using process `\b1_real_serial_0608.$proc$b1_real_serial_0608.v:69968$2'.
  created $dff cell `$procdff$86433' with positive edge clock.
Creating register for signal `\b1_real_serial_0608.\resreg_102' using process `\b1_real_serial_0608.$proc$b1_real_serial_0608.v:69968$2'.
  created $dff cell `$procdff$86434' with positive edge clock.
Creating register for signal `\b1_real_serial_0608.\resreg_103' using process `\b1_real_serial_0608.$proc$b1_real_serial_0608.v:69968$2'.
  created $dff cell `$procdff$86435' with positive edge clock.
Creating register for signal `\b1_real_serial_0608.\resreg_104' using process `\b1_real_serial_0608.$proc$b1_real_serial_0608.v:69968$2'.
  created $dff cell `$procdff$86436' with positive edge clock.
Creating register for signal `\b1_real_serial_0608.\resreg_105' using process `\b1_real_serial_0608.$proc$b1_real_serial_0608.v:69968$2'.
  created $dff cell `$procdff$86437' with positive edge clock.
Creating register for signal `\b1_real_serial_0608.\resreg_106' using process `\b1_real_serial_0608.$proc$b1_real_serial_0608.v:69968$2'.
  created $dff cell `$procdff$86438' with positive edge clock.
Creating register for signal `\b1_real_serial_0608.\resreg_107' using process `\b1_real_serial_0608.$proc$b1_real_serial_0608.v:69968$2'.
  created $dff cell `$procdff$86439' with positive edge clock.
Creating register for signal `\b1_real_serial_0608.\resreg_108' using process `\b1_real_serial_0608.$proc$b1_real_serial_0608.v:69968$2'.
  created $dff cell `$procdff$86440' with positive edge clock.
Creating register for signal `\b1_real_serial_0608.\resreg_109' using process `\b1_real_serial_0608.$proc$b1_real_serial_0608.v:69968$2'.
  created $dff cell `$procdff$86441' with positive edge clock.
Creating register for signal `\b1_real_serial_0608.\resreg_110' using process `\b1_real_serial_0608.$proc$b1_real_serial_0608.v:69968$2'.
  created $dff cell `$procdff$86442' with positive edge clock.
Creating register for signal `\b1_real_serial_0608.\resreg_111' using process `\b1_real_serial_0608.$proc$b1_real_serial_0608.v:69968$2'.
  created $dff cell `$procdff$86443' with positive edge clock.
Creating register for signal `\b1_real_serial_0608.\resreg_112' using process `\b1_real_serial_0608.$proc$b1_real_serial_0608.v:69968$2'.
  created $dff cell `$procdff$86444' with positive edge clock.
Creating register for signal `\b1_real_serial_0608.\resreg_113' using process `\b1_real_serial_0608.$proc$b1_real_serial_0608.v:69968$2'.
  created $dff cell `$procdff$86445' with positive edge clock.
Creating register for signal `\b1_real_serial_0608.\resreg_114' using process `\b1_real_serial_0608.$proc$b1_real_serial_0608.v:69968$2'.
  created $dff cell `$procdff$86446' with positive edge clock.
Creating register for signal `\b1_real_serial_0608.\resreg_115' using process `\b1_real_serial_0608.$proc$b1_real_serial_0608.v:69968$2'.
  created $dff cell `$procdff$86447' with positive edge clock.
Creating register for signal `\b1_real_serial_0608.\resreg_116' using process `\b1_real_serial_0608.$proc$b1_real_serial_0608.v:69968$2'.
  created $dff cell `$procdff$86448' with positive edge clock.
Creating register for signal `\b1_real_serial_0608.\resreg_117' using process `\b1_real_serial_0608.$proc$b1_real_serial_0608.v:69968$2'.
  created $dff cell `$procdff$86449' with positive edge clock.
Creating register for signal `\b1_real_serial_0608.\resreg_118' using process `\b1_real_serial_0608.$proc$b1_real_serial_0608.v:69968$2'.
  created $dff cell `$procdff$86450' with positive edge clock.
Creating register for signal `\b1_real_serial_0608.\resreg_119' using process `\b1_real_serial_0608.$proc$b1_real_serial_0608.v:69968$2'.
  created $dff cell `$procdff$86451' with positive edge clock.
Creating register for signal `\b1_real_serial_0608.\resreg_120' using process `\b1_real_serial_0608.$proc$b1_real_serial_0608.v:69968$2'.
  created $dff cell `$procdff$86452' with positive edge clock.
Creating register for signal `\b1_real_serial_0608.\resreg_121' using process `\b1_real_serial_0608.$proc$b1_real_serial_0608.v:69968$2'.
  created $dff cell `$procdff$86453' with positive edge clock.
Creating register for signal `\b1_real_serial_0608.\resreg_122' using process `\b1_real_serial_0608.$proc$b1_real_serial_0608.v:69968$2'.
  created $dff cell `$procdff$86454' with positive edge clock.
Creating register for signal `\b1_real_serial_0608.\resreg_123' using process `\b1_real_serial_0608.$proc$b1_real_serial_0608.v:69968$2'.
  created $dff cell `$procdff$86455' with positive edge clock.
Creating register for signal `\b1_real_serial_0608.\resreg_124' using process `\b1_real_serial_0608.$proc$b1_real_serial_0608.v:69968$2'.
  created $dff cell `$procdff$86456' with positive edge clock.
Creating register for signal `\b1_real_serial_0608.\resreg_125' using process `\b1_real_serial_0608.$proc$b1_real_serial_0608.v:69968$2'.
  created $dff cell `$procdff$86457' with positive edge clock.
Creating register for signal `\b1_real_serial_0608.\resreg_126' using process `\b1_real_serial_0608.$proc$b1_real_serial_0608.v:69968$2'.
  created $dff cell `$procdff$86458' with positive edge clock.
Creating register for signal `\b1_real_serial_0608.\resreg_127' using process `\b1_real_serial_0608.$proc$b1_real_serial_0608.v:69968$2'.
  created $dff cell `$procdff$86459' with positive edge clock.
Creating register for signal `\b1_real_serial_0608.\resreg_128' using process `\b1_real_serial_0608.$proc$b1_real_serial_0608.v:69968$2'.
  created $dff cell `$procdff$86460' with positive edge clock.
Creating register for signal `\b1_real_serial_0608.\resreg_129' using process `\b1_real_serial_0608.$proc$b1_real_serial_0608.v:69968$2'.
  created $dff cell `$procdff$86461' with positive edge clock.
Creating register for signal `\b1_real_serial_0608.\resreg_130' using process `\b1_real_serial_0608.$proc$b1_real_serial_0608.v:69968$2'.
  created $dff cell `$procdff$86462' with positive edge clock.
Creating register for signal `\b1_real_serial_0608.\resreg_131' using process `\b1_real_serial_0608.$proc$b1_real_serial_0608.v:69968$2'.
  created $dff cell `$procdff$86463' with positive edge clock.
Creating register for signal `\b1_real_serial_0608.\resreg_132' using process `\b1_real_serial_0608.$proc$b1_real_serial_0608.v:69968$2'.
  created $dff cell `$procdff$86464' with positive edge clock.
Creating register for signal `\b1_real_serial_0608.\resreg_133' using process `\b1_real_serial_0608.$proc$b1_real_serial_0608.v:69968$2'.
  created $dff cell `$procdff$86465' with positive edge clock.
Creating register for signal `\b1_real_serial_0608.\resreg_134' using process `\b1_real_serial_0608.$proc$b1_real_serial_0608.v:69968$2'.
  created $dff cell `$procdff$86466' with positive edge clock.
Creating register for signal `\b1_real_serial_0608.\resreg_135' using process `\b1_real_serial_0608.$proc$b1_real_serial_0608.v:69968$2'.
  created $dff cell `$procdff$86467' with positive edge clock.
Creating register for signal `\b1_real_serial_0608.\resreg_136' using process `\b1_real_serial_0608.$proc$b1_real_serial_0608.v:69968$2'.
  created $dff cell `$procdff$86468' with positive edge clock.
Creating register for signal `\b1_real_serial_0608.\resreg_137' using process `\b1_real_serial_0608.$proc$b1_real_serial_0608.v:69968$2'.
  created $dff cell `$procdff$86469' with positive edge clock.
Creating register for signal `\b1_real_serial_0608.\resreg_138' using process `\b1_real_serial_0608.$proc$b1_real_serial_0608.v:69968$2'.
  created $dff cell `$procdff$86470' with positive edge clock.
Creating register for signal `\b1_real_serial_0608.\resreg_139' using process `\b1_real_serial_0608.$proc$b1_real_serial_0608.v:69968$2'.
  created $dff cell `$procdff$86471' with positive edge clock.
Creating register for signal `\b1_real_serial_0608.\resreg_140' using process `\b1_real_serial_0608.$proc$b1_real_serial_0608.v:69968$2'.
  created $dff cell `$procdff$86472' with positive edge clock.
Creating register for signal `\b1_real_serial_0608.\resreg_141' using process `\b1_real_serial_0608.$proc$b1_real_serial_0608.v:69968$2'.
  created $dff cell `$procdff$86473' with positive edge clock.
Creating register for signal `\b1_real_serial_0608.\resreg_142' using process `\b1_real_serial_0608.$proc$b1_real_serial_0608.v:69968$2'.
  created $dff cell `$procdff$86474' with positive edge clock.
Creating register for signal `\b1_real_serial_0608.\resreg_143' using process `\b1_real_serial_0608.$proc$b1_real_serial_0608.v:69968$2'.
  created $dff cell `$procdff$86475' with positive edge clock.
Creating register for signal `\b1_real_serial_0608.\resreg_144' using process `\b1_real_serial_0608.$proc$b1_real_serial_0608.v:69968$2'.
  created $dff cell `$procdff$86476' with positive edge clock.
Creating register for signal `\b1_real_serial_0608.\resreg_145' using process `\b1_real_serial_0608.$proc$b1_real_serial_0608.v:69968$2'.
  created $dff cell `$procdff$86477' with positive edge clock.
Creating register for signal `\b1_real_serial_0608.\resreg_146' using process `\b1_real_serial_0608.$proc$b1_real_serial_0608.v:69968$2'.
  created $dff cell `$procdff$86478' with positive edge clock.
Creating register for signal `\b1_real_serial_0608.\resreg_147' using process `\b1_real_serial_0608.$proc$b1_real_serial_0608.v:69968$2'.
  created $dff cell `$procdff$86479' with positive edge clock.
Creating register for signal `\b1_real_serial_0608.\resreg_148' using process `\b1_real_serial_0608.$proc$b1_real_serial_0608.v:69968$2'.
  created $dff cell `$procdff$86480' with positive edge clock.
Creating register for signal `\b1_real_serial_0608.\resreg_149' using process `\b1_real_serial_0608.$proc$b1_real_serial_0608.v:69968$2'.
  created $dff cell `$procdff$86481' with positive edge clock.
Creating register for signal `\b1_real_serial_0608.\resreg_150' using process `\b1_real_serial_0608.$proc$b1_real_serial_0608.v:69968$2'.
  created $dff cell `$procdff$86482' with positive edge clock.
Creating register for signal `\b1_real_serial_0608.\resreg_151' using process `\b1_real_serial_0608.$proc$b1_real_serial_0608.v:69968$2'.
  created $dff cell `$procdff$86483' with positive edge clock.
Creating register for signal `\b1_real_serial_0608.\resreg_152' using process `\b1_real_serial_0608.$proc$b1_real_serial_0608.v:69968$2'.
  created $dff cell `$procdff$86484' with positive edge clock.
Creating register for signal `\b1_real_serial_0608.\resreg_153' using process `\b1_real_serial_0608.$proc$b1_real_serial_0608.v:69968$2'.
  created $dff cell `$procdff$86485' with positive edge clock.
Creating register for signal `\b1_real_serial_0608.\resreg_154' using process `\b1_real_serial_0608.$proc$b1_real_serial_0608.v:69968$2'.
  created $dff cell `$procdff$86486' with positive edge clock.
Creating register for signal `\b1_real_serial_0608.\resreg_155' using process `\b1_real_serial_0608.$proc$b1_real_serial_0608.v:69968$2'.
  created $dff cell `$procdff$86487' with positive edge clock.
Creating register for signal `\b1_real_serial_0608.\resreg_156' using process `\b1_real_serial_0608.$proc$b1_real_serial_0608.v:69968$2'.
  created $dff cell `$procdff$86488' with positive edge clock.
Creating register for signal `\b1_real_serial_0608.\resreg_157' using process `\b1_real_serial_0608.$proc$b1_real_serial_0608.v:69968$2'.
  created $dff cell `$procdff$86489' with positive edge clock.
Creating register for signal `\b1_real_serial_0608.\resreg_158' using process `\b1_real_serial_0608.$proc$b1_real_serial_0608.v:69968$2'.
  created $dff cell `$procdff$86490' with positive edge clock.
Creating register for signal `\b1_real_serial_0608.\resreg_159' using process `\b1_real_serial_0608.$proc$b1_real_serial_0608.v:69968$2'.
  created $dff cell `$procdff$86491' with positive edge clock.
Creating register for signal `\b1_real_serial_0608.\resreg_160' using process `\b1_real_serial_0608.$proc$b1_real_serial_0608.v:69968$2'.
  created $dff cell `$procdff$86492' with positive edge clock.
Creating register for signal `\b1_real_serial_0608.\resreg_161' using process `\b1_real_serial_0608.$proc$b1_real_serial_0608.v:69968$2'.
  created $dff cell `$procdff$86493' with positive edge clock.
Creating register for signal `\b1_real_serial_0608.\resreg_162' using process `\b1_real_serial_0608.$proc$b1_real_serial_0608.v:69968$2'.
  created $dff cell `$procdff$86494' with positive edge clock.
Creating register for signal `\b1_real_serial_0608.\resreg_163' using process `\b1_real_serial_0608.$proc$b1_real_serial_0608.v:69968$2'.
  created $dff cell `$procdff$86495' with positive edge clock.
Creating register for signal `\b1_real_serial_0608.\resreg_164' using process `\b1_real_serial_0608.$proc$b1_real_serial_0608.v:69968$2'.
  created $dff cell `$procdff$86496' with positive edge clock.
Creating register for signal `\b1_real_serial_0608.\resreg_165' using process `\b1_real_serial_0608.$proc$b1_real_serial_0608.v:69968$2'.
  created $dff cell `$procdff$86497' with positive edge clock.
Creating register for signal `\b1_real_serial_0608.\resreg_166' using process `\b1_real_serial_0608.$proc$b1_real_serial_0608.v:69968$2'.
  created $dff cell `$procdff$86498' with positive edge clock.
Creating register for signal `\b1_real_serial_0608.\resreg_167' using process `\b1_real_serial_0608.$proc$b1_real_serial_0608.v:69968$2'.
  created $dff cell `$procdff$86499' with positive edge clock.
Creating register for signal `\b1_real_serial_0608.\resreg_168' using process `\b1_real_serial_0608.$proc$b1_real_serial_0608.v:69968$2'.
  created $dff cell `$procdff$86500' with positive edge clock.
Creating register for signal `\b1_real_serial_0608.\resreg_169' using process `\b1_real_serial_0608.$proc$b1_real_serial_0608.v:69968$2'.
  created $dff cell `$procdff$86501' with positive edge clock.
Creating register for signal `\b1_real_serial_0608.\resreg_170' using process `\b1_real_serial_0608.$proc$b1_real_serial_0608.v:69968$2'.
  created $dff cell `$procdff$86502' with positive edge clock.
Creating register for signal `\b1_real_serial_0608.\resreg_171' using process `\b1_real_serial_0608.$proc$b1_real_serial_0608.v:69968$2'.
  created $dff cell `$procdff$86503' with positive edge clock.
Creating register for signal `\b1_real_serial_0608.\resreg_172' using process `\b1_real_serial_0608.$proc$b1_real_serial_0608.v:69968$2'.
  created $dff cell `$procdff$86504' with positive edge clock.
Creating register for signal `\b1_real_serial_0608.\resreg_173' using process `\b1_real_serial_0608.$proc$b1_real_serial_0608.v:69968$2'.
  created $dff cell `$procdff$86505' with positive edge clock.
Creating register for signal `\b1_real_serial_0608.\resreg_174' using process `\b1_real_serial_0608.$proc$b1_real_serial_0608.v:69968$2'.
  created $dff cell `$procdff$86506' with positive edge clock.
Creating register for signal `\b1_real_serial_0608.\resreg_175' using process `\b1_real_serial_0608.$proc$b1_real_serial_0608.v:69968$2'.
  created $dff cell `$procdff$86507' with positive edge clock.
Creating register for signal `\b1_real_serial_0608.\resreg_176' using process `\b1_real_serial_0608.$proc$b1_real_serial_0608.v:69968$2'.
  created $dff cell `$procdff$86508' with positive edge clock.
Creating register for signal `\b1_real_serial_0608.\resreg_177' using process `\b1_real_serial_0608.$proc$b1_real_serial_0608.v:69968$2'.
  created $dff cell `$procdff$86509' with positive edge clock.
Creating register for signal `\b1_real_serial_0608.\resreg_178' using process `\b1_real_serial_0608.$proc$b1_real_serial_0608.v:69968$2'.
  created $dff cell `$procdff$86510' with positive edge clock.
Creating register for signal `\b1_real_serial_0608.\resreg_179' using process `\b1_real_serial_0608.$proc$b1_real_serial_0608.v:69968$2'.
  created $dff cell `$procdff$86511' with positive edge clock.
Creating register for signal `\b1_real_serial_0608.\resreg_180' using process `\b1_real_serial_0608.$proc$b1_real_serial_0608.v:69968$2'.
  created $dff cell `$procdff$86512' with positive edge clock.
Creating register for signal `\b1_real_serial_0608.\resreg_181' using process `\b1_real_serial_0608.$proc$b1_real_serial_0608.v:69968$2'.
  created $dff cell `$procdff$86513' with positive edge clock.
Creating register for signal `\b1_real_serial_0608.\resreg_182' using process `\b1_real_serial_0608.$proc$b1_real_serial_0608.v:69968$2'.
  created $dff cell `$procdff$86514' with positive edge clock.
Creating register for signal `\b1_real_serial_0608.\resreg_183' using process `\b1_real_serial_0608.$proc$b1_real_serial_0608.v:69968$2'.
  created $dff cell `$procdff$86515' with positive edge clock.
Creating register for signal `\b1_real_serial_0608.\resreg_184' using process `\b1_real_serial_0608.$proc$b1_real_serial_0608.v:69968$2'.
  created $dff cell `$procdff$86516' with positive edge clock.
Creating register for signal `\b1_real_serial_0608.\resreg_185' using process `\b1_real_serial_0608.$proc$b1_real_serial_0608.v:69968$2'.
  created $dff cell `$procdff$86517' with positive edge clock.
Creating register for signal `\b1_real_serial_0608.\resreg_186' using process `\b1_real_serial_0608.$proc$b1_real_serial_0608.v:69968$2'.
  created $dff cell `$procdff$86518' with positive edge clock.
Creating register for signal `\b1_real_serial_0608.\resreg_187' using process `\b1_real_serial_0608.$proc$b1_real_serial_0608.v:69968$2'.
  created $dff cell `$procdff$86519' with positive edge clock.
Creating register for signal `\b1_real_serial_0608.\resreg_188' using process `\b1_real_serial_0608.$proc$b1_real_serial_0608.v:69968$2'.
  created $dff cell `$procdff$86520' with positive edge clock.
Creating register for signal `\b1_real_serial_0608.\resreg_189' using process `\b1_real_serial_0608.$proc$b1_real_serial_0608.v:69968$2'.
  created $dff cell `$procdff$86521' with positive edge clock.
Creating register for signal `\b1_real_serial_0608.\resreg_190' using process `\b1_real_serial_0608.$proc$b1_real_serial_0608.v:69968$2'.
  created $dff cell `$procdff$86522' with positive edge clock.
Creating register for signal `\b1_real_serial_0608.\resreg_191' using process `\b1_real_serial_0608.$proc$b1_real_serial_0608.v:69968$2'.
  created $dff cell `$procdff$86523' with positive edge clock.
Creating register for signal `\b1_real_serial_0608.\resreg_192' using process `\b1_real_serial_0608.$proc$b1_real_serial_0608.v:69968$2'.
  created $dff cell `$procdff$86524' with positive edge clock.
Creating register for signal `\b1_real_serial_0608.\resreg_193' using process `\b1_real_serial_0608.$proc$b1_real_serial_0608.v:69968$2'.
  created $dff cell `$procdff$86525' with positive edge clock.
Creating register for signal `\b1_real_serial_0608.\resreg_194' using process `\b1_real_serial_0608.$proc$b1_real_serial_0608.v:69968$2'.
  created $dff cell `$procdff$86526' with positive edge clock.
Creating register for signal `\b1_real_serial_0608.\resreg_195' using process `\b1_real_serial_0608.$proc$b1_real_serial_0608.v:69968$2'.
  created $dff cell `$procdff$86527' with positive edge clock.
Creating register for signal `\b1_real_serial_0608.\resreg_196' using process `\b1_real_serial_0608.$proc$b1_real_serial_0608.v:69968$2'.
  created $dff cell `$procdff$86528' with positive edge clock.
Creating register for signal `\b1_real_serial_0608.\resreg_197' using process `\b1_real_serial_0608.$proc$b1_real_serial_0608.v:69968$2'.
  created $dff cell `$procdff$86529' with positive edge clock.
Creating register for signal `\b1_real_serial_0608.\resreg_198' using process `\b1_real_serial_0608.$proc$b1_real_serial_0608.v:69968$2'.
  created $dff cell `$procdff$86530' with positive edge clock.
Creating register for signal `\b1_real_serial_0608.\resreg_199' using process `\b1_real_serial_0608.$proc$b1_real_serial_0608.v:69968$2'.
  created $dff cell `$procdff$86531' with positive edge clock.
Creating register for signal `\b1_real_serial_0608.\resreg_200' using process `\b1_real_serial_0608.$proc$b1_real_serial_0608.v:69968$2'.
  created $dff cell `$procdff$86532' with positive edge clock.
Creating register for signal `\b1_real_serial_0608.\resreg_201' using process `\b1_real_serial_0608.$proc$b1_real_serial_0608.v:69968$2'.
  created $dff cell `$procdff$86533' with positive edge clock.
Creating register for signal `\b1_real_serial_0608.\resreg_202' using process `\b1_real_serial_0608.$proc$b1_real_serial_0608.v:69968$2'.
  created $dff cell `$procdff$86534' with positive edge clock.
Creating register for signal `\b1_real_serial_0608.\resreg_203' using process `\b1_real_serial_0608.$proc$b1_real_serial_0608.v:69968$2'.
  created $dff cell `$procdff$86535' with positive edge clock.
Creating register for signal `\b1_real_serial_0608.\resreg_204' using process `\b1_real_serial_0608.$proc$b1_real_serial_0608.v:69968$2'.
  created $dff cell `$procdff$86536' with positive edge clock.
Creating register for signal `\b1_real_serial_0608.\resreg_205' using process `\b1_real_serial_0608.$proc$b1_real_serial_0608.v:69968$2'.
  created $dff cell `$procdff$86537' with positive edge clock.
Creating register for signal `\b1_real_serial_0608.\resreg_206' using process `\b1_real_serial_0608.$proc$b1_real_serial_0608.v:69968$2'.
  created $dff cell `$procdff$86538' with positive edge clock.
Creating register for signal `\b1_real_serial_0608.\resreg_207' using process `\b1_real_serial_0608.$proc$b1_real_serial_0608.v:69968$2'.
  created $dff cell `$procdff$86539' with positive edge clock.
Creating register for signal `\b1_real_serial_0608.\resreg_208' using process `\b1_real_serial_0608.$proc$b1_real_serial_0608.v:69968$2'.
  created $dff cell `$procdff$86540' with positive edge clock.
Creating register for signal `\b1_real_serial_0608.\resreg_209' using process `\b1_real_serial_0608.$proc$b1_real_serial_0608.v:69968$2'.
  created $dff cell `$procdff$86541' with positive edge clock.
Creating register for signal `\b1_real_serial_0608.\resreg_210' using process `\b1_real_serial_0608.$proc$b1_real_serial_0608.v:69968$2'.
  created $dff cell `$procdff$86542' with positive edge clock.
Creating register for signal `\b1_real_serial_0608.\resreg_211' using process `\b1_real_serial_0608.$proc$b1_real_serial_0608.v:69968$2'.
  created $dff cell `$procdff$86543' with positive edge clock.
Creating register for signal `\b1_real_serial_0608.\resreg_212' using process `\b1_real_serial_0608.$proc$b1_real_serial_0608.v:69968$2'.
  created $dff cell `$procdff$86544' with positive edge clock.
Creating register for signal `\b1_real_serial_0608.\resreg_213' using process `\b1_real_serial_0608.$proc$b1_real_serial_0608.v:69968$2'.
  created $dff cell `$procdff$86545' with positive edge clock.
Creating register for signal `\b1_real_serial_0608.\resreg_214' using process `\b1_real_serial_0608.$proc$b1_real_serial_0608.v:69968$2'.
  created $dff cell `$procdff$86546' with positive edge clock.
Creating register for signal `\b1_real_serial_0608.\resreg_215' using process `\b1_real_serial_0608.$proc$b1_real_serial_0608.v:69968$2'.
  created $dff cell `$procdff$86547' with positive edge clock.
Creating register for signal `\b1_real_serial_0608.\resreg_216' using process `\b1_real_serial_0608.$proc$b1_real_serial_0608.v:69968$2'.
  created $dff cell `$procdff$86548' with positive edge clock.
Creating register for signal `\b1_real_serial_0608.\resreg_217' using process `\b1_real_serial_0608.$proc$b1_real_serial_0608.v:69968$2'.
  created $dff cell `$procdff$86549' with positive edge clock.
Creating register for signal `\b1_real_serial_0608.\resreg_218' using process `\b1_real_serial_0608.$proc$b1_real_serial_0608.v:69968$2'.
  created $dff cell `$procdff$86550' with positive edge clock.
Creating register for signal `\b1_real_serial_0608.\resreg_219' using process `\b1_real_serial_0608.$proc$b1_real_serial_0608.v:69968$2'.
  created $dff cell `$procdff$86551' with positive edge clock.
Creating register for signal `\b1_real_serial_0608.\resreg_220' using process `\b1_real_serial_0608.$proc$b1_real_serial_0608.v:69968$2'.
  created $dff cell `$procdff$86552' with positive edge clock.
Creating register for signal `\b1_real_serial_0608.\resreg_221' using process `\b1_real_serial_0608.$proc$b1_real_serial_0608.v:69968$2'.
  created $dff cell `$procdff$86553' with positive edge clock.
Creating register for signal `\b1_real_serial_0608.\resreg_222' using process `\b1_real_serial_0608.$proc$b1_real_serial_0608.v:69968$2'.
  created $dff cell `$procdff$86554' with positive edge clock.
Creating register for signal `\b1_real_serial_0608.\resreg_223' using process `\b1_real_serial_0608.$proc$b1_real_serial_0608.v:69968$2'.
  created $dff cell `$procdff$86555' with positive edge clock.
Creating register for signal `\b1_real_serial_0608.\resreg_224' using process `\b1_real_serial_0608.$proc$b1_real_serial_0608.v:69968$2'.
  created $dff cell `$procdff$86556' with positive edge clock.
Creating register for signal `\b1_real_serial_0608.\resreg_225' using process `\b1_real_serial_0608.$proc$b1_real_serial_0608.v:69968$2'.
  created $dff cell `$procdff$86557' with positive edge clock.
Creating register for signal `\b1_real_serial_0608.\resreg_226' using process `\b1_real_serial_0608.$proc$b1_real_serial_0608.v:69968$2'.
  created $dff cell `$procdff$86558' with positive edge clock.
Creating register for signal `\b1_real_serial_0608.\resreg_227' using process `\b1_real_serial_0608.$proc$b1_real_serial_0608.v:69968$2'.
  created $dff cell `$procdff$86559' with positive edge clock.
Creating register for signal `\b1_real_serial_0608.\resreg_228' using process `\b1_real_serial_0608.$proc$b1_real_serial_0608.v:69968$2'.
  created $dff cell `$procdff$86560' with positive edge clock.
Creating register for signal `\b1_real_serial_0608.\resreg_229' using process `\b1_real_serial_0608.$proc$b1_real_serial_0608.v:69968$2'.
  created $dff cell `$procdff$86561' with positive edge clock.
Creating register for signal `\b1_real_serial_0608.\resreg_230' using process `\b1_real_serial_0608.$proc$b1_real_serial_0608.v:69968$2'.
  created $dff cell `$procdff$86562' with positive edge clock.
Creating register for signal `\b1_real_serial_0608.\resreg_231' using process `\b1_real_serial_0608.$proc$b1_real_serial_0608.v:69968$2'.
  created $dff cell `$procdff$86563' with positive edge clock.
Creating register for signal `\b1_real_serial_0608.\resreg_232' using process `\b1_real_serial_0608.$proc$b1_real_serial_0608.v:69968$2'.
  created $dff cell `$procdff$86564' with positive edge clock.
Creating register for signal `\b1_real_serial_0608.\resreg_233' using process `\b1_real_serial_0608.$proc$b1_real_serial_0608.v:69968$2'.
  created $dff cell `$procdff$86565' with positive edge clock.
Creating register for signal `\b1_real_serial_0608.\resreg_234' using process `\b1_real_serial_0608.$proc$b1_real_serial_0608.v:69968$2'.
  created $dff cell `$procdff$86566' with positive edge clock.
Creating register for signal `\b1_real_serial_0608.\resreg_235' using process `\b1_real_serial_0608.$proc$b1_real_serial_0608.v:69968$2'.
  created $dff cell `$procdff$86567' with positive edge clock.
Creating register for signal `\b1_real_serial_0608.\resreg_236' using process `\b1_real_serial_0608.$proc$b1_real_serial_0608.v:69968$2'.
  created $dff cell `$procdff$86568' with positive edge clock.
Creating register for signal `\b1_real_serial_0608.\resreg_237' using process `\b1_real_serial_0608.$proc$b1_real_serial_0608.v:69968$2'.
  created $dff cell `$procdff$86569' with positive edge clock.
Creating register for signal `\b1_real_serial_0608.\resreg_238' using process `\b1_real_serial_0608.$proc$b1_real_serial_0608.v:69968$2'.
  created $dff cell `$procdff$86570' with positive edge clock.
Creating register for signal `\b1_real_serial_0608.\resreg_239' using process `\b1_real_serial_0608.$proc$b1_real_serial_0608.v:69968$2'.
  created $dff cell `$procdff$86571' with positive edge clock.
Creating register for signal `\b1_real_serial_0608.\resreg_240' using process `\b1_real_serial_0608.$proc$b1_real_serial_0608.v:69968$2'.
  created $dff cell `$procdff$86572' with positive edge clock.
Creating register for signal `\b1_real_serial_0608.\resreg_241' using process `\b1_real_serial_0608.$proc$b1_real_serial_0608.v:69968$2'.
  created $dff cell `$procdff$86573' with positive edge clock.
Creating register for signal `\b1_real_serial_0608.\resreg_242' using process `\b1_real_serial_0608.$proc$b1_real_serial_0608.v:69968$2'.
  created $dff cell `$procdff$86574' with positive edge clock.
Creating register for signal `\b1_real_serial_0608.\resreg_243' using process `\b1_real_serial_0608.$proc$b1_real_serial_0608.v:69968$2'.
  created $dff cell `$procdff$86575' with positive edge clock.
Creating register for signal `\b1_real_serial_0608.\resreg_244' using process `\b1_real_serial_0608.$proc$b1_real_serial_0608.v:69968$2'.
  created $dff cell `$procdff$86576' with positive edge clock.
Creating register for signal `\b1_real_serial_0608.\resreg_245' using process `\b1_real_serial_0608.$proc$b1_real_serial_0608.v:69968$2'.
  created $dff cell `$procdff$86577' with positive edge clock.
Creating register for signal `\b1_real_serial_0608.\resreg_246' using process `\b1_real_serial_0608.$proc$b1_real_serial_0608.v:69968$2'.
  created $dff cell `$procdff$86578' with positive edge clock.
Creating register for signal `\b1_real_serial_0608.\resreg_247' using process `\b1_real_serial_0608.$proc$b1_real_serial_0608.v:69968$2'.
  created $dff cell `$procdff$86579' with positive edge clock.
Creating register for signal `\b1_real_serial_0608.\resreg_248' using process `\b1_real_serial_0608.$proc$b1_real_serial_0608.v:69968$2'.
  created $dff cell `$procdff$86580' with positive edge clock.
Creating register for signal `\b1_real_serial_0608.\resreg_249' using process `\b1_real_serial_0608.$proc$b1_real_serial_0608.v:69968$2'.
  created $dff cell `$procdff$86581' with positive edge clock.
Creating register for signal `\b1_real_serial_0608.\resreg_250' using process `\b1_real_serial_0608.$proc$b1_real_serial_0608.v:69968$2'.
  created $dff cell `$procdff$86582' with positive edge clock.
Creating register for signal `\b1_real_serial_0608.\resreg_251' using process `\b1_real_serial_0608.$proc$b1_real_serial_0608.v:69968$2'.
  created $dff cell `$procdff$86583' with positive edge clock.
Creating register for signal `\b1_real_serial_0608.\resreg_252' using process `\b1_real_serial_0608.$proc$b1_real_serial_0608.v:69968$2'.
  created $dff cell `$procdff$86584' with positive edge clock.
Creating register for signal `\b1_real_serial_0608.\resreg_253' using process `\b1_real_serial_0608.$proc$b1_real_serial_0608.v:69968$2'.
  created $dff cell `$procdff$86585' with positive edge clock.
Creating register for signal `\b1_real_serial_0608.\resreg_254' using process `\b1_real_serial_0608.$proc$b1_real_serial_0608.v:69968$2'.
  created $dff cell `$procdff$86586' with positive edge clock.
Creating register for signal `\b1_real_serial_0608.\resreg_255' using process `\b1_real_serial_0608.$proc$b1_real_serial_0608.v:69968$2'.
  created $dff cell `$procdff$86587' with positive edge clock.
Creating register for signal `\b1_real_serial_0608.\resreg_256' using process `\b1_real_serial_0608.$proc$b1_real_serial_0608.v:69968$2'.
  created $dff cell `$procdff$86588' with positive edge clock.
Creating register for signal `\b1_real_serial_0608.\resreg_257' using process `\b1_real_serial_0608.$proc$b1_real_serial_0608.v:69968$2'.
  created $dff cell `$procdff$86589' with positive edge clock.
Creating register for signal `\b1_real_serial_0608.\resreg_258' using process `\b1_real_serial_0608.$proc$b1_real_serial_0608.v:69968$2'.
  created $dff cell `$procdff$86590' with positive edge clock.
Creating register for signal `\b1_real_serial_0608.\resreg_259' using process `\b1_real_serial_0608.$proc$b1_real_serial_0608.v:69968$2'.
  created $dff cell `$procdff$86591' with positive edge clock.
Creating register for signal `\b1_real_serial_0608.\resreg_260' using process `\b1_real_serial_0608.$proc$b1_real_serial_0608.v:69968$2'.
  created $dff cell `$procdff$86592' with positive edge clock.
Creating register for signal `\b1_real_serial_0608.\resreg_261' using process `\b1_real_serial_0608.$proc$b1_real_serial_0608.v:69968$2'.
  created $dff cell `$procdff$86593' with positive edge clock.
Creating register for signal `\b1_real_serial_0608.\resreg_262' using process `\b1_real_serial_0608.$proc$b1_real_serial_0608.v:69968$2'.
  created $dff cell `$procdff$86594' with positive edge clock.
Creating register for signal `\b1_real_serial_0608.\resreg_263' using process `\b1_real_serial_0608.$proc$b1_real_serial_0608.v:69968$2'.
  created $dff cell `$procdff$86595' with positive edge clock.
Creating register for signal `\b1_real_serial_0608.\resreg_264' using process `\b1_real_serial_0608.$proc$b1_real_serial_0608.v:69968$2'.
  created $dff cell `$procdff$86596' with positive edge clock.
Creating register for signal `\b1_real_serial_0608.\resreg_265' using process `\b1_real_serial_0608.$proc$b1_real_serial_0608.v:69968$2'.
  created $dff cell `$procdff$86597' with positive edge clock.
Creating register for signal `\b1_real_serial_0608.\resreg_266' using process `\b1_real_serial_0608.$proc$b1_real_serial_0608.v:69968$2'.
  created $dff cell `$procdff$86598' with positive edge clock.
Creating register for signal `\b1_real_serial_0608.\resreg_267' using process `\b1_real_serial_0608.$proc$b1_real_serial_0608.v:69968$2'.
  created $dff cell `$procdff$86599' with positive edge clock.
Creating register for signal `\b1_real_serial_0608.\resreg_268' using process `\b1_real_serial_0608.$proc$b1_real_serial_0608.v:69968$2'.
  created $dff cell `$procdff$86600' with positive edge clock.
Creating register for signal `\b1_real_serial_0608.\resreg_269' using process `\b1_real_serial_0608.$proc$b1_real_serial_0608.v:69968$2'.
  created $dff cell `$procdff$86601' with positive edge clock.
Creating register for signal `\b1_real_serial_0608.\resreg_270' using process `\b1_real_serial_0608.$proc$b1_real_serial_0608.v:69968$2'.
  created $dff cell `$procdff$86602' with positive edge clock.
Creating register for signal `\b1_real_serial_0608.\resreg_271' using process `\b1_real_serial_0608.$proc$b1_real_serial_0608.v:69968$2'.
  created $dff cell `$procdff$86603' with positive edge clock.
Creating register for signal `\b1_real_serial_0608.\resreg_272' using process `\b1_real_serial_0608.$proc$b1_real_serial_0608.v:69968$2'.
  created $dff cell `$procdff$86604' with positive edge clock.
Creating register for signal `\b1_real_serial_0608.\resreg_273' using process `\b1_real_serial_0608.$proc$b1_real_serial_0608.v:69968$2'.
  created $dff cell `$procdff$86605' with positive edge clock.
Creating register for signal `\b1_real_serial_0608.\resreg_274' using process `\b1_real_serial_0608.$proc$b1_real_serial_0608.v:69968$2'.
  created $dff cell `$procdff$86606' with positive edge clock.
Creating register for signal `\b1_real_serial_0608.\resreg_275' using process `\b1_real_serial_0608.$proc$b1_real_serial_0608.v:69968$2'.
  created $dff cell `$procdff$86607' with positive edge clock.
Creating register for signal `\b1_real_serial_0608.\resreg_276' using process `\b1_real_serial_0608.$proc$b1_real_serial_0608.v:69968$2'.
  created $dff cell `$procdff$86608' with positive edge clock.
Creating register for signal `\b1_real_serial_0608.\resreg_277' using process `\b1_real_serial_0608.$proc$b1_real_serial_0608.v:69968$2'.
  created $dff cell `$procdff$86609' with positive edge clock.
Creating register for signal `\b1_real_serial_0608.\resreg_278' using process `\b1_real_serial_0608.$proc$b1_real_serial_0608.v:69968$2'.
  created $dff cell `$procdff$86610' with positive edge clock.
Creating register for signal `\b1_real_serial_0608.\resreg_279' using process `\b1_real_serial_0608.$proc$b1_real_serial_0608.v:69968$2'.
  created $dff cell `$procdff$86611' with positive edge clock.
Creating register for signal `\b1_real_serial_0608.\resreg_280' using process `\b1_real_serial_0608.$proc$b1_real_serial_0608.v:69968$2'.
  created $dff cell `$procdff$86612' with positive edge clock.
Creating register for signal `\b1_real_serial_0608.\resreg_281' using process `\b1_real_serial_0608.$proc$b1_real_serial_0608.v:69968$2'.
  created $dff cell `$procdff$86613' with positive edge clock.
Creating register for signal `\b1_real_serial_0608.\resreg_282' using process `\b1_real_serial_0608.$proc$b1_real_serial_0608.v:69968$2'.
  created $dff cell `$procdff$86614' with positive edge clock.
Creating register for signal `\b1_real_serial_0608.\resreg_283' using process `\b1_real_serial_0608.$proc$b1_real_serial_0608.v:69968$2'.
  created $dff cell `$procdff$86615' with positive edge clock.
Creating register for signal `\b1_real_serial_0608.\resreg_284' using process `\b1_real_serial_0608.$proc$b1_real_serial_0608.v:69968$2'.
  created $dff cell `$procdff$86616' with positive edge clock.
Creating register for signal `\b1_real_serial_0608.\resreg_285' using process `\b1_real_serial_0608.$proc$b1_real_serial_0608.v:69968$2'.
  created $dff cell `$procdff$86617' with positive edge clock.
Creating register for signal `\b1_real_serial_0608.\resreg_286' using process `\b1_real_serial_0608.$proc$b1_real_serial_0608.v:69968$2'.
  created $dff cell `$procdff$86618' with positive edge clock.
Creating register for signal `\b1_real_serial_0608.\resreg_287' using process `\b1_real_serial_0608.$proc$b1_real_serial_0608.v:69968$2'.
  created $dff cell `$procdff$86619' with positive edge clock.
Creating register for signal `\b1_real_serial_0608.\resreg_288' using process `\b1_real_serial_0608.$proc$b1_real_serial_0608.v:69968$2'.
  created $dff cell `$procdff$86620' with positive edge clock.
Creating register for signal `\b1_real_serial_0608.\resreg_289' using process `\b1_real_serial_0608.$proc$b1_real_serial_0608.v:69968$2'.
  created $dff cell `$procdff$86621' with positive edge clock.
Creating register for signal `\b1_real_serial_0608.\resreg_290' using process `\b1_real_serial_0608.$proc$b1_real_serial_0608.v:69968$2'.
  created $dff cell `$procdff$86622' with positive edge clock.
Creating register for signal `\b1_real_serial_0608.\resreg_291' using process `\b1_real_serial_0608.$proc$b1_real_serial_0608.v:69968$2'.
  created $dff cell `$procdff$86623' with positive edge clock.
Creating register for signal `\b1_real_serial_0608.\resreg_292' using process `\b1_real_serial_0608.$proc$b1_real_serial_0608.v:69968$2'.
  created $dff cell `$procdff$86624' with positive edge clock.
Creating register for signal `\b1_real_serial_0608.\resreg_293' using process `\b1_real_serial_0608.$proc$b1_real_serial_0608.v:69968$2'.
  created $dff cell `$procdff$86625' with positive edge clock.
Creating register for signal `\b1_real_serial_0608.\resreg_294' using process `\b1_real_serial_0608.$proc$b1_real_serial_0608.v:69968$2'.
  created $dff cell `$procdff$86626' with positive edge clock.
Creating register for signal `\b1_real_serial_0608.\resreg_295' using process `\b1_real_serial_0608.$proc$b1_real_serial_0608.v:69968$2'.
  created $dff cell `$procdff$86627' with positive edge clock.
Creating register for signal `\b1_real_serial_0608.\resreg_296' using process `\b1_real_serial_0608.$proc$b1_real_serial_0608.v:69968$2'.
  created $dff cell `$procdff$86628' with positive edge clock.
Creating register for signal `\b1_real_serial_0608.\resreg_297' using process `\b1_real_serial_0608.$proc$b1_real_serial_0608.v:69968$2'.
  created $dff cell `$procdff$86629' with positive edge clock.
Creating register for signal `\b1_real_serial_0608.\resreg_298' using process `\b1_real_serial_0608.$proc$b1_real_serial_0608.v:69968$2'.
  created $dff cell `$procdff$86630' with positive edge clock.
Creating register for signal `\b1_real_serial_0608.\resreg_299' using process `\b1_real_serial_0608.$proc$b1_real_serial_0608.v:69968$2'.
  created $dff cell `$procdff$86631' with positive edge clock.
Creating register for signal `\b1_real_serial_0608.\resreg_300' using process `\b1_real_serial_0608.$proc$b1_real_serial_0608.v:69968$2'.
  created $dff cell `$procdff$86632' with positive edge clock.
Creating register for signal `\b1_real_serial_0608.\resreg_301' using process `\b1_real_serial_0608.$proc$b1_real_serial_0608.v:69968$2'.
  created $dff cell `$procdff$86633' with positive edge clock.
Creating register for signal `\b1_real_serial_0608.\resreg_302' using process `\b1_real_serial_0608.$proc$b1_real_serial_0608.v:69968$2'.
  created $dff cell `$procdff$86634' with positive edge clock.
Creating register for signal `\b1_real_serial_0608.\resreg_303' using process `\b1_real_serial_0608.$proc$b1_real_serial_0608.v:69968$2'.
  created $dff cell `$procdff$86635' with positive edge clock.
Creating register for signal `\b1_real_serial_0608.\resreg_304' using process `\b1_real_serial_0608.$proc$b1_real_serial_0608.v:69968$2'.
  created $dff cell `$procdff$86636' with positive edge clock.
Creating register for signal `\b1_real_serial_0608.\resreg_305' using process `\b1_real_serial_0608.$proc$b1_real_serial_0608.v:69968$2'.
  created $dff cell `$procdff$86637' with positive edge clock.
Creating register for signal `\b1_real_serial_0608.\resreg_306' using process `\b1_real_serial_0608.$proc$b1_real_serial_0608.v:69968$2'.
  created $dff cell `$procdff$86638' with positive edge clock.
Creating register for signal `\b1_real_serial_0608.\resreg_307' using process `\b1_real_serial_0608.$proc$b1_real_serial_0608.v:69968$2'.
  created $dff cell `$procdff$86639' with positive edge clock.
Creating register for signal `\b1_real_serial_0608.\resreg_308' using process `\b1_real_serial_0608.$proc$b1_real_serial_0608.v:69968$2'.
  created $dff cell `$procdff$86640' with positive edge clock.
Creating register for signal `\b1_real_serial_0608.\resreg_309' using process `\b1_real_serial_0608.$proc$b1_real_serial_0608.v:69968$2'.
  created $dff cell `$procdff$86641' with positive edge clock.
Creating register for signal `\b1_real_serial_0608.\resreg_310' using process `\b1_real_serial_0608.$proc$b1_real_serial_0608.v:69968$2'.
  created $dff cell `$procdff$86642' with positive edge clock.
Creating register for signal `\b1_real_serial_0608.\resreg_311' using process `\b1_real_serial_0608.$proc$b1_real_serial_0608.v:69968$2'.
  created $dff cell `$procdff$86643' with positive edge clock.
Creating register for signal `\b1_real_serial_0608.\resreg_312' using process `\b1_real_serial_0608.$proc$b1_real_serial_0608.v:69968$2'.
  created $dff cell `$procdff$86644' with positive edge clock.
Creating register for signal `\b1_real_serial_0608.\resreg_313' using process `\b1_real_serial_0608.$proc$b1_real_serial_0608.v:69968$2'.
  created $dff cell `$procdff$86645' with positive edge clock.
Creating register for signal `\b1_real_serial_0608.\resreg_314' using process `\b1_real_serial_0608.$proc$b1_real_serial_0608.v:69968$2'.
  created $dff cell `$procdff$86646' with positive edge clock.
Creating register for signal `\b1_real_serial_0608.\resreg_315' using process `\b1_real_serial_0608.$proc$b1_real_serial_0608.v:69968$2'.
  created $dff cell `$procdff$86647' with positive edge clock.
Creating register for signal `\b1_real_serial_0608.\resreg_316' using process `\b1_real_serial_0608.$proc$b1_real_serial_0608.v:69968$2'.
  created $dff cell `$procdff$86648' with positive edge clock.
Creating register for signal `\b1_real_serial_0608.\resreg_317' using process `\b1_real_serial_0608.$proc$b1_real_serial_0608.v:69968$2'.
  created $dff cell `$procdff$86649' with positive edge clock.
Creating register for signal `\b1_real_serial_0608.\resreg_318' using process `\b1_real_serial_0608.$proc$b1_real_serial_0608.v:69968$2'.
  created $dff cell `$procdff$86650' with positive edge clock.
Creating register for signal `\b1_real_serial_0608.\resreg_319' using process `\b1_real_serial_0608.$proc$b1_real_serial_0608.v:69968$2'.
  created $dff cell `$procdff$86651' with positive edge clock.
Creating register for signal `\b1_real_serial_0608.\resreg_320' using process `\b1_real_serial_0608.$proc$b1_real_serial_0608.v:69968$2'.
  created $dff cell `$procdff$86652' with positive edge clock.
Creating register for signal `\b1_real_serial_0608.\resreg_321' using process `\b1_real_serial_0608.$proc$b1_real_serial_0608.v:69968$2'.
  created $dff cell `$procdff$86653' with positive edge clock.
Creating register for signal `\b1_real_serial_0608.\resreg_322' using process `\b1_real_serial_0608.$proc$b1_real_serial_0608.v:69968$2'.
  created $dff cell `$procdff$86654' with positive edge clock.
Creating register for signal `\b1_real_serial_0608.\resreg_323' using process `\b1_real_serial_0608.$proc$b1_real_serial_0608.v:69968$2'.
  created $dff cell `$procdff$86655' with positive edge clock.
Creating register for signal `\b1_real_serial_0608.\resreg_324' using process `\b1_real_serial_0608.$proc$b1_real_serial_0608.v:69968$2'.
  created $dff cell `$procdff$86656' with positive edge clock.
Creating register for signal `\b1_real_serial_0608.\resreg_325' using process `\b1_real_serial_0608.$proc$b1_real_serial_0608.v:69968$2'.
  created $dff cell `$procdff$86657' with positive edge clock.
Creating register for signal `\b1_real_serial_0608.\resreg_326' using process `\b1_real_serial_0608.$proc$b1_real_serial_0608.v:69968$2'.
  created $dff cell `$procdff$86658' with positive edge clock.
Creating register for signal `\b1_real_serial_0608.\resreg_327' using process `\b1_real_serial_0608.$proc$b1_real_serial_0608.v:69968$2'.
  created $dff cell `$procdff$86659' with positive edge clock.
Creating register for signal `\b1_real_serial_0608.\resreg_328' using process `\b1_real_serial_0608.$proc$b1_real_serial_0608.v:69968$2'.
  created $dff cell `$procdff$86660' with positive edge clock.
Creating register for signal `\b1_real_serial_0608.\resreg_329' using process `\b1_real_serial_0608.$proc$b1_real_serial_0608.v:69968$2'.
  created $dff cell `$procdff$86661' with positive edge clock.
Creating register for signal `\b1_real_serial_0608.\resreg_330' using process `\b1_real_serial_0608.$proc$b1_real_serial_0608.v:69968$2'.
  created $dff cell `$procdff$86662' with positive edge clock.
Creating register for signal `\b1_real_serial_0608.\resreg_331' using process `\b1_real_serial_0608.$proc$b1_real_serial_0608.v:69968$2'.
  created $dff cell `$procdff$86663' with positive edge clock.
Creating register for signal `\b1_real_serial_0608.\resreg_332' using process `\b1_real_serial_0608.$proc$b1_real_serial_0608.v:69968$2'.
  created $dff cell `$procdff$86664' with positive edge clock.
Creating register for signal `\b1_real_serial_0608.\resreg_333' using process `\b1_real_serial_0608.$proc$b1_real_serial_0608.v:69968$2'.
  created $dff cell `$procdff$86665' with positive edge clock.
Creating register for signal `\b1_real_serial_0608.\resreg_334' using process `\b1_real_serial_0608.$proc$b1_real_serial_0608.v:69968$2'.
  created $dff cell `$procdff$86666' with positive edge clock.
Creating register for signal `\b1_real_serial_0608.\resreg_335' using process `\b1_real_serial_0608.$proc$b1_real_serial_0608.v:69968$2'.
  created $dff cell `$procdff$86667' with positive edge clock.
Creating register for signal `\b1_real_serial_0608.\resreg_336' using process `\b1_real_serial_0608.$proc$b1_real_serial_0608.v:69968$2'.
  created $dff cell `$procdff$86668' with positive edge clock.
Creating register for signal `\b1_real_serial_0608.\resreg_337' using process `\b1_real_serial_0608.$proc$b1_real_serial_0608.v:69968$2'.
  created $dff cell `$procdff$86669' with positive edge clock.
Creating register for signal `\b1_real_serial_0608.\resreg_338' using process `\b1_real_serial_0608.$proc$b1_real_serial_0608.v:69968$2'.
  created $dff cell `$procdff$86670' with positive edge clock.
Creating register for signal `\b1_real_serial_0608.\resreg_339' using process `\b1_real_serial_0608.$proc$b1_real_serial_0608.v:69968$2'.
  created $dff cell `$procdff$86671' with positive edge clock.
Creating register for signal `\b1_real_serial_0608.\resreg_340' using process `\b1_real_serial_0608.$proc$b1_real_serial_0608.v:69968$2'.
  created $dff cell `$procdff$86672' with positive edge clock.
Creating register for signal `\b1_real_serial_0608.\resreg_341' using process `\b1_real_serial_0608.$proc$b1_real_serial_0608.v:69968$2'.
  created $dff cell `$procdff$86673' with positive edge clock.
Creating register for signal `\b1_real_serial_0608.\resreg_342' using process `\b1_real_serial_0608.$proc$b1_real_serial_0608.v:69968$2'.
  created $dff cell `$procdff$86674' with positive edge clock.
Creating register for signal `\b1_real_serial_0608.\resreg_343' using process `\b1_real_serial_0608.$proc$b1_real_serial_0608.v:69968$2'.
  created $dff cell `$procdff$86675' with positive edge clock.
Creating register for signal `\b1_real_serial_0608.\resreg_344' using process `\b1_real_serial_0608.$proc$b1_real_serial_0608.v:69968$2'.
  created $dff cell `$procdff$86676' with positive edge clock.
Creating register for signal `\b1_real_serial_0608.\resreg_345' using process `\b1_real_serial_0608.$proc$b1_real_serial_0608.v:69968$2'.
  created $dff cell `$procdff$86677' with positive edge clock.
Creating register for signal `\b1_real_serial_0608.\resreg_346' using process `\b1_real_serial_0608.$proc$b1_real_serial_0608.v:69968$2'.
  created $dff cell `$procdff$86678' with positive edge clock.
Creating register for signal `\b1_real_serial_0608.\resreg_347' using process `\b1_real_serial_0608.$proc$b1_real_serial_0608.v:69968$2'.
  created $dff cell `$procdff$86679' with positive edge clock.
Creating register for signal `\b1_real_serial_0608.\resreg_348' using process `\b1_real_serial_0608.$proc$b1_real_serial_0608.v:69968$2'.
  created $dff cell `$procdff$86680' with positive edge clock.
Creating register for signal `\b1_real_serial_0608.\resreg_349' using process `\b1_real_serial_0608.$proc$b1_real_serial_0608.v:69968$2'.
  created $dff cell `$procdff$86681' with positive edge clock.
Creating register for signal `\b1_real_serial_0608.\resreg_350' using process `\b1_real_serial_0608.$proc$b1_real_serial_0608.v:69968$2'.
  created $dff cell `$procdff$86682' with positive edge clock.
Creating register for signal `\b1_real_serial_0608.\resreg_351' using process `\b1_real_serial_0608.$proc$b1_real_serial_0608.v:69968$2'.
  created $dff cell `$procdff$86683' with positive edge clock.
Creating register for signal `\b1_real_serial_0608.\resreg_352' using process `\b1_real_serial_0608.$proc$b1_real_serial_0608.v:69968$2'.
  created $dff cell `$procdff$86684' with positive edge clock.
Creating register for signal `\b1_real_serial_0608.\resreg_353' using process `\b1_real_serial_0608.$proc$b1_real_serial_0608.v:69968$2'.
  created $dff cell `$procdff$86685' with positive edge clock.
Creating register for signal `\b1_real_serial_0608.\resreg_354' using process `\b1_real_serial_0608.$proc$b1_real_serial_0608.v:69968$2'.
  created $dff cell `$procdff$86686' with positive edge clock.
Creating register for signal `\b1_real_serial_0608.\resreg_355' using process `\b1_real_serial_0608.$proc$b1_real_serial_0608.v:69968$2'.
  created $dff cell `$procdff$86687' with positive edge clock.
Creating register for signal `\b1_real_serial_0608.\resreg_356' using process `\b1_real_serial_0608.$proc$b1_real_serial_0608.v:69968$2'.
  created $dff cell `$procdff$86688' with positive edge clock.
Creating register for signal `\b1_real_serial_0608.\resreg_357' using process `\b1_real_serial_0608.$proc$b1_real_serial_0608.v:69968$2'.
  created $dff cell `$procdff$86689' with positive edge clock.
Creating register for signal `\b1_real_serial_0608.\resreg_358' using process `\b1_real_serial_0608.$proc$b1_real_serial_0608.v:69968$2'.
  created $dff cell `$procdff$86690' with positive edge clock.
Creating register for signal `\b1_real_serial_0608.\resreg_359' using process `\b1_real_serial_0608.$proc$b1_real_serial_0608.v:69968$2'.
  created $dff cell `$procdff$86691' with positive edge clock.
Creating register for signal `\b1_real_serial_0608.\resreg_360' using process `\b1_real_serial_0608.$proc$b1_real_serial_0608.v:69968$2'.
  created $dff cell `$procdff$86692' with positive edge clock.
Creating register for signal `\b1_real_serial_0608.\resreg_361' using process `\b1_real_serial_0608.$proc$b1_real_serial_0608.v:69968$2'.
  created $dff cell `$procdff$86693' with positive edge clock.
Creating register for signal `\b1_real_serial_0608.\resreg_362' using process `\b1_real_serial_0608.$proc$b1_real_serial_0608.v:69968$2'.
  created $dff cell `$procdff$86694' with positive edge clock.
Creating register for signal `\b1_real_serial_0608.\resreg_363' using process `\b1_real_serial_0608.$proc$b1_real_serial_0608.v:69968$2'.
  created $dff cell `$procdff$86695' with positive edge clock.
Creating register for signal `\b1_real_serial_0608.\resreg_364' using process `\b1_real_serial_0608.$proc$b1_real_serial_0608.v:69968$2'.
  created $dff cell `$procdff$86696' with positive edge clock.
Creating register for signal `\b1_real_serial_0608.\resreg_365' using process `\b1_real_serial_0608.$proc$b1_real_serial_0608.v:69968$2'.
  created $dff cell `$procdff$86697' with positive edge clock.
Creating register for signal `\b1_real_serial_0608.\resreg_366' using process `\b1_real_serial_0608.$proc$b1_real_serial_0608.v:69968$2'.
  created $dff cell `$procdff$86698' with positive edge clock.
Creating register for signal `\b1_real_serial_0608.\resreg_367' using process `\b1_real_serial_0608.$proc$b1_real_serial_0608.v:69968$2'.
  created $dff cell `$procdff$86699' with positive edge clock.
Creating register for signal `\b1_real_serial_0608.\resreg_368' using process `\b1_real_serial_0608.$proc$b1_real_serial_0608.v:69968$2'.
  created $dff cell `$procdff$86700' with positive edge clock.
Creating register for signal `\b1_real_serial_0608.\resreg_369' using process `\b1_real_serial_0608.$proc$b1_real_serial_0608.v:69968$2'.
  created $dff cell `$procdff$86701' with positive edge clock.
Creating register for signal `\b1_real_serial_0608.\resreg_370' using process `\b1_real_serial_0608.$proc$b1_real_serial_0608.v:69968$2'.
  created $dff cell `$procdff$86702' with positive edge clock.
Creating register for signal `\b1_real_serial_0608.\resreg_371' using process `\b1_real_serial_0608.$proc$b1_real_serial_0608.v:69968$2'.
  created $dff cell `$procdff$86703' with positive edge clock.
Creating register for signal `\b1_real_serial_0608.\resreg_372' using process `\b1_real_serial_0608.$proc$b1_real_serial_0608.v:69968$2'.
  created $dff cell `$procdff$86704' with positive edge clock.
Creating register for signal `\b1_real_serial_0608.\resreg_373' using process `\b1_real_serial_0608.$proc$b1_real_serial_0608.v:69968$2'.
  created $dff cell `$procdff$86705' with positive edge clock.
Creating register for signal `\b1_real_serial_0608.\resreg_374' using process `\b1_real_serial_0608.$proc$b1_real_serial_0608.v:69968$2'.
  created $dff cell `$procdff$86706' with positive edge clock.
Creating register for signal `\b1_real_serial_0608.\resreg_375' using process `\b1_real_serial_0608.$proc$b1_real_serial_0608.v:69968$2'.
  created $dff cell `$procdff$86707' with positive edge clock.
Creating register for signal `\b1_real_serial_0608.\resreg_376' using process `\b1_real_serial_0608.$proc$b1_real_serial_0608.v:69968$2'.
  created $dff cell `$procdff$86708' with positive edge clock.
Creating register for signal `\b1_real_serial_0608.\resreg_377' using process `\b1_real_serial_0608.$proc$b1_real_serial_0608.v:69968$2'.
  created $dff cell `$procdff$86709' with positive edge clock.
Creating register for signal `\b1_real_serial_0608.\resreg_378' using process `\b1_real_serial_0608.$proc$b1_real_serial_0608.v:69968$2'.
  created $dff cell `$procdff$86710' with positive edge clock.
Creating register for signal `\b1_real_serial_0608.\resreg_379' using process `\b1_real_serial_0608.$proc$b1_real_serial_0608.v:69968$2'.
  created $dff cell `$procdff$86711' with positive edge clock.
Creating register for signal `\b1_real_serial_0608.\resreg_380' using process `\b1_real_serial_0608.$proc$b1_real_serial_0608.v:69968$2'.
  created $dff cell `$procdff$86712' with positive edge clock.
Creating register for signal `\b1_real_serial_0608.\resreg_381' using process `\b1_real_serial_0608.$proc$b1_real_serial_0608.v:69968$2'.
  created $dff cell `$procdff$86713' with positive edge clock.
Creating register for signal `\b1_real_serial_0608.\resreg_382' using process `\b1_real_serial_0608.$proc$b1_real_serial_0608.v:69968$2'.
  created $dff cell `$procdff$86714' with positive edge clock.
Creating register for signal `\b1_real_serial_0608.\resreg_383' using process `\b1_real_serial_0608.$proc$b1_real_serial_0608.v:69968$2'.
  created $dff cell `$procdff$86715' with positive edge clock.
Creating register for signal `\b1_real_serial_0608.\resreg_384' using process `\b1_real_serial_0608.$proc$b1_real_serial_0608.v:69968$2'.
  created $dff cell `$procdff$86716' with positive edge clock.
Creating register for signal `\b1_real_serial_0608.\resreg_385' using process `\b1_real_serial_0608.$proc$b1_real_serial_0608.v:69968$2'.
  created $dff cell `$procdff$86717' with positive edge clock.
Creating register for signal `\b1_real_serial_0608.\resreg_386' using process `\b1_real_serial_0608.$proc$b1_real_serial_0608.v:69968$2'.
  created $dff cell `$procdff$86718' with positive edge clock.
Creating register for signal `\b1_real_serial_0608.\resreg_387' using process `\b1_real_serial_0608.$proc$b1_real_serial_0608.v:69968$2'.
  created $dff cell `$procdff$86719' with positive edge clock.
Creating register for signal `\b1_real_serial_0608.\resreg_388' using process `\b1_real_serial_0608.$proc$b1_real_serial_0608.v:69968$2'.
  created $dff cell `$procdff$86720' with positive edge clock.
Creating register for signal `\b1_real_serial_0608.\resreg_389' using process `\b1_real_serial_0608.$proc$b1_real_serial_0608.v:69968$2'.
  created $dff cell `$procdff$86721' with positive edge clock.
Creating register for signal `\b1_real_serial_0608.\resreg_390' using process `\b1_real_serial_0608.$proc$b1_real_serial_0608.v:69968$2'.
  created $dff cell `$procdff$86722' with positive edge clock.
Creating register for signal `\b1_real_serial_0608.\resreg_391' using process `\b1_real_serial_0608.$proc$b1_real_serial_0608.v:69968$2'.
  created $dff cell `$procdff$86723' with positive edge clock.
Creating register for signal `\b1_real_serial_0608.\resreg_392' using process `\b1_real_serial_0608.$proc$b1_real_serial_0608.v:69968$2'.
  created $dff cell `$procdff$86724' with positive edge clock.
Creating register for signal `\b1_real_serial_0608.\resreg_393' using process `\b1_real_serial_0608.$proc$b1_real_serial_0608.v:69968$2'.
  created $dff cell `$procdff$86725' with positive edge clock.
Creating register for signal `\b1_real_serial_0608.\resreg_394' using process `\b1_real_serial_0608.$proc$b1_real_serial_0608.v:69968$2'.
  created $dff cell `$procdff$86726' with positive edge clock.
Creating register for signal `\b1_real_serial_0608.\resreg_395' using process `\b1_real_serial_0608.$proc$b1_real_serial_0608.v:69968$2'.
  created $dff cell `$procdff$86727' with positive edge clock.
Creating register for signal `\b1_real_serial_0608.\resreg_396' using process `\b1_real_serial_0608.$proc$b1_real_serial_0608.v:69968$2'.
  created $dff cell `$procdff$86728' with positive edge clock.
Creating register for signal `\b1_real_serial_0608.\resreg_397' using process `\b1_real_serial_0608.$proc$b1_real_serial_0608.v:69968$2'.
  created $dff cell `$procdff$86729' with positive edge clock.
Creating register for signal `\b1_real_serial_0608.\resreg_398' using process `\b1_real_serial_0608.$proc$b1_real_serial_0608.v:69968$2'.
  created $dff cell `$procdff$86730' with positive edge clock.
Creating register for signal `\b1_real_serial_0608.\resreg_399' using process `\b1_real_serial_0608.$proc$b1_real_serial_0608.v:69968$2'.
  created $dff cell `$procdff$86731' with positive edge clock.
Creating register for signal `\b1_real_serial_0608.\resreg_400' using process `\b1_real_serial_0608.$proc$b1_real_serial_0608.v:69968$2'.
  created $dff cell `$procdff$86732' with positive edge clock.
Creating register for signal `\b1_real_serial_0608.\resreg_401' using process `\b1_real_serial_0608.$proc$b1_real_serial_0608.v:69968$2'.
  created $dff cell `$procdff$86733' with positive edge clock.
Creating register for signal `\b1_real_serial_0608.\resreg_402' using process `\b1_real_serial_0608.$proc$b1_real_serial_0608.v:69968$2'.
  created $dff cell `$procdff$86734' with positive edge clock.
Creating register for signal `\b1_real_serial_0608.\resreg_403' using process `\b1_real_serial_0608.$proc$b1_real_serial_0608.v:69968$2'.
  created $dff cell `$procdff$86735' with positive edge clock.
Creating register for signal `\b1_real_serial_0608.\resreg_404' using process `\b1_real_serial_0608.$proc$b1_real_serial_0608.v:69968$2'.
  created $dff cell `$procdff$86736' with positive edge clock.
Creating register for signal `\b1_real_serial_0608.\state' using process `\b1_real_serial_0608.$proc$b1_real_serial_0608.v:69968$2'.
  created $dff cell `$procdff$86737' with positive edge clock.

9.2.10. Executing PROC_MEMWR pass (convert process memory writes to cells).

9.2.11. Executing PROC_CLEAN pass (remove empty switches from decision trees).
Found and cleaned up 6 empty switches in `\b1_real_serial_0608.$proc$b1_real_serial_0608.v:69968$2'.
Removing empty process `b1_real_serial_0608.$proc$b1_real_serial_0608.v:69968$2'.
Found and cleaned up 1 empty switch in `\b1_real_serial_0608.$proc$b1_real_serial_0608.v:69152$1'.
Removing empty process `b1_real_serial_0608.$proc$b1_real_serial_0608.v:69152$1'.
Cleaned up 7 empty switches.

9.2.12. Executing OPT_EXPR pass (perform const folding).
Optimizing module f3_mul_0608.
Optimizing module f3_add_0608.
Optimizing module f3_sub3_0608.
<suppressed ~1 debug messages>
Optimizing module sbr17_f3_0608.
Optimizing module b1_real_serial_0608.
<suppressed ~8 debug messages>
Optimizing module b1_r3_761_serial_0608_1414.

9.3. Executing OPT_EXPR pass (perform const folding).
Optimizing module f3_mul_0608.
Optimizing module f3_add_0608.
Optimizing module f3_sub3_0608.
Optimizing module sbr17_f3_0608.
Optimizing module b1_real_serial_0608.
Optimizing module b1_r3_761_serial_0608_1414.

9.4. Executing OPT_CLEAN pass (remove unused cells and wires).
Finding unused cells or wires in module \f3_mul_0608..
Finding unused cells or wires in module \f3_add_0608..
Finding unused cells or wires in module \f3_sub3_0608..
Finding unused cells or wires in module \sbr17_f3_0608..
Finding unused cells or wires in module \b1_real_serial_0608..
Finding unused cells or wires in module \b1_r3_761_serial_0608_1414..
Removed 5 unused cells and 838 unused wires.
<suppressed ~14 debug messages>

9.5. Executing CHECK pass (checking for obvious problems).
Checking module b1_r3_761_serial_0608_1414...
Checking module b1_real_serial_0608...
Checking module f3_add_0608...
Checking module f3_mul_0608...
Checking module f3_sub3_0608...
Checking module sbr17_f3_0608...
Found and reported 0 problems.

9.6. Executing OPT pass (performing simple optimizations).

9.6.1. Executing OPT_EXPR pass (perform const folding).
Optimizing module b1_r3_761_serial_0608_1414.
Optimizing module b1_real_serial_0608.
Optimizing module f3_add_0608.
Optimizing module f3_mul_0608.
Optimizing module f3_sub3_0608.
Optimizing module sbr17_f3_0608.

9.6.2. Executing OPT_MERGE pass (detect identical cells).
Finding identical cells in module `\b1_r3_761_serial_0608_1414'.
Finding identical cells in module `\b1_real_serial_0608'.
<suppressed ~3666 debug messages>
Finding identical cells in module `\f3_add_0608'.
Finding identical cells in module `\f3_mul_0608'.
Finding identical cells in module `\f3_sub3_0608'.
Finding identical cells in module `\sbr17_f3_0608'.
Removed a total of 1222 cells.

9.6.3. Executing OPT_MUXTREE pass (detect dead branches in mux trees).
Running muxtree optimizer on module \b1_r3_761_serial_0608_1414..
  Creating internal representation of mux trees.
  No muxes found in this module.
Running muxtree optimizer on module \b1_real_serial_0608..
  Creating internal representation of mux trees.
  Evaluating internal representation of mux trees.
  Analyzing evaluation results.
Running muxtree optimizer on module \f3_add_0608..
  Creating internal representation of mux trees.
  Evaluating internal representation of mux trees.
  Analyzing evaluation results.
Running muxtree optimizer on module \f3_mul_0608..
  Creating internal representation of mux trees.
  No muxes found in this module.
Running muxtree optimizer on module \f3_sub3_0608..
  Creating internal representation of mux trees.
  Evaluating internal representation of mux trees.
  Analyzing evaluation results.
Running muxtree optimizer on module \sbr17_f3_0608..
  Creating internal representation of mux trees.
  No muxes found in this module.
Removed 0 multiplexer ports.
<suppressed ~413 debug messages>

9.6.4. Executing OPT_REDUCE pass (consolidate $*mux and $reduce_* inputs).
  Optimizing cells in module \b1_r3_761_serial_0608_1414.
  Optimizing cells in module \b1_real_serial_0608.
  Optimizing cells in module \f3_add_0608.
  Optimizing cells in module \f3_mul_0608.
  Optimizing cells in module \f3_sub3_0608.
  Optimizing cells in module \sbr17_f3_0608.
Performed a total of 0 changes.

9.6.5. Executing OPT_MERGE pass (detect identical cells).
Finding identical cells in module `\b1_r3_761_serial_0608_1414'.
Finding identical cells in module `\b1_real_serial_0608'.
Finding identical cells in module `\f3_add_0608'.
Finding identical cells in module `\f3_mul_0608'.
Finding identical cells in module `\f3_sub3_0608'.
Finding identical cells in module `\sbr17_f3_0608'.
Removed a total of 0 cells.

9.6.6. Executing OPT_DFF pass (perform DFF optimizations).

9.6.7. Executing OPT_CLEAN pass (remove unused cells and wires).
Finding unused cells or wires in module \b1_r3_761_serial_0608_1414..
Finding unused cells or wires in module \b1_real_serial_0608..
Finding unused cells or wires in module \f3_add_0608..
Finding unused cells or wires in module \f3_mul_0608..
Finding unused cells or wires in module \f3_sub3_0608..
Finding unused cells or wires in module \sbr17_f3_0608..
Removed 0 unused cells and 1222 unused wires.
<suppressed ~1 debug messages>

9.6.8. Executing OPT_EXPR pass (perform const folding).
Optimizing module b1_r3_761_serial_0608_1414.
Optimizing module b1_real_serial_0608.
Optimizing module f3_add_0608.
Optimizing module f3_mul_0608.
Optimizing module f3_sub3_0608.
Optimizing module sbr17_f3_0608.

9.6.9. Rerunning OPT passes. (Maybe there is more to do..)

9.6.10. Executing OPT_MUXTREE pass (detect dead branches in mux trees).
Running muxtree optimizer on module \b1_r3_761_serial_0608_1414..
  Creating internal representation of mux trees.
  No muxes found in this module.
Running muxtree optimizer on module \b1_real_serial_0608..
  Creating internal representation of mux trees.
  Evaluating internal representation of mux trees.
  Analyzing evaluation results.
Running muxtree optimizer on module \f3_add_0608..
  Creating internal representation of mux trees.
  Evaluating internal representation of mux trees.
  Analyzing evaluation results.
Running muxtree optimizer on module \f3_mul_0608..
  Creating internal representation of mux trees.
  No muxes found in this module.
Running muxtree optimizer on module \f3_sub3_0608..
  Creating internal representation of mux trees.
  Evaluating internal representation of mux trees.
  Analyzing evaluation results.
Running muxtree optimizer on module \sbr17_f3_0608..
  Creating internal representation of mux trees.
  No muxes found in this module.
Removed 0 multiplexer ports.
<suppressed ~413 debug messages>

9.6.11. Executing OPT_REDUCE pass (consolidate $*mux and $reduce_* inputs).
  Optimizing cells in module \b1_r3_761_serial_0608_1414.
  Optimizing cells in module \b1_real_serial_0608.
  Optimizing cells in module \f3_add_0608.
  Optimizing cells in module \f3_mul_0608.
  Optimizing cells in module \f3_sub3_0608.
  Optimizing cells in module \sbr17_f3_0608.
Performed a total of 0 changes.

9.6.12. Executing OPT_MERGE pass (detect identical cells).
Finding identical cells in module `\b1_r3_761_serial_0608_1414'.
Finding identical cells in module `\b1_real_serial_0608'.
Finding identical cells in module `\f3_add_0608'.
Finding identical cells in module `\f3_mul_0608'.
Finding identical cells in module `\f3_sub3_0608'.
Finding identical cells in module `\sbr17_f3_0608'.
Removed a total of 0 cells.

9.6.13. Executing OPT_DFF pass (perform DFF optimizations).

9.6.14. Executing OPT_CLEAN pass (remove unused cells and wires).
Finding unused cells or wires in module \b1_r3_761_serial_0608_1414..
Finding unused cells or wires in module \b1_real_serial_0608..
Finding unused cells or wires in module \f3_add_0608..
Finding unused cells or wires in module \f3_mul_0608..
Finding unused cells or wires in module \f3_sub3_0608..
Finding unused cells or wires in module \sbr17_f3_0608..

9.6.15. Executing OPT_EXPR pass (perform const folding).
Optimizing module b1_r3_761_serial_0608_1414.
Optimizing module b1_real_serial_0608.
Optimizing module f3_add_0608.
Optimizing module f3_mul_0608.
Optimizing module f3_sub3_0608.
Optimizing module sbr17_f3_0608.

9.6.16. Finished OPT passes. (There is nothing left to do.)

9.7. Executing FSM pass (extract and optimize FSM).

9.7.1. Executing FSM_DETECT pass (finding FSMs in design).
Found FSM state register b1_real_serial_0608.state.

9.7.2. Executing FSM_EXTRACT pass (extracting FSM from design).
Extracting FSM `\state' from module `\b1_real_serial_0608'.
  found $dff cell for state register: $procdff$86737
  root of input selection tree: $0\state[1:0]
  found reset state: 2'00 (guessed from mux tree)
  found ctrl input: \rst
  found ctrl input: $procmux$21_CMP
  found ctrl input: $procmux$10003_CMP
  found ctrl input: $procmux$28_CMP
  found state code: 2'00
  found ctrl input: \start
  found ctrl input: $eq$b1_real_serial_0608.v:70379$4_Y
  found state code: 2'10
  found state code: 2'01
  found ctrl output: $procmux$21_CMP
  found ctrl output: $procmux$28_CMP
  found ctrl output: $procmux$10003_CMP
  ctrl inputs: { $eq$b1_real_serial_0608.v:70379$4_Y \start \rst }
  ctrl outputs: { $procmux$10003_CMP $procmux$28_CMP $procmux$21_CMP $0\state[1:0] }
  transition:       2'00 3'-00 ->       2'00 5'01000
  transition:       2'00 3'-10 ->       2'01 5'01001
  transition:       2'00 3'--1 ->       2'00 5'01000
  transition:       2'10 3'-00 ->       2'00 5'00100
  transition:       2'10 3'-10 ->       2'10 5'00110
  transition:       2'10 3'--1 ->       2'00 5'00100
  transition:       2'01 3'0-0 ->       2'01 5'10001
  transition:       2'01 3'1-0 ->       2'10 5'10010
  transition:       2'01 3'--1 ->       2'00 5'10000

9.7.3. Executing FSM_OPT pass (simple optimizations of FSMs).
Optimizing FSM `$fsm$\state$86738' from module `\b1_real_serial_0608'.

9.7.4. Executing OPT_CLEAN pass (remove unused cells and wires).
Finding unused cells or wires in module \b1_r3_761_serial_0608_1414..
Finding unused cells or wires in module \b1_real_serial_0608..
Finding unused cells or wires in module \f3_add_0608..
Finding unused cells or wires in module \f3_mul_0608..
Finding unused cells or wires in module \f3_sub3_0608..
Finding unused cells or wires in module \sbr17_f3_0608..
Removed 9 unused cells and 9 unused wires.
<suppressed ~10 debug messages>

9.7.5. Executing FSM_OPT pass (simple optimizations of FSMs).
Optimizing FSM `$fsm$\state$86738' from module `\b1_real_serial_0608'.
  Removing unused output signal $0\state[1:0] [0].
  Removing unused output signal $0\state[1:0] [1].

9.7.6. Executing FSM_RECODE pass (re-assigning FSM state encoding).
Recoding FSM `$fsm$\state$86738' from module `\b1_real_serial_0608' using `auto' encoding:
  mapping auto encoding to `one-hot` for this FSM.
  00 -> --1
  10 -> -1-
  01 -> 1--

9.7.7. Executing FSM_INFO pass (dumping all available information on FSM cells).

FSM `$fsm$\state$86738' from module `b1_real_serial_0608':
-------------------------------------

  Information on FSM $fsm$\state$86738 (\state):

  Number of input signals:    3
  Number of output signals:   3
  Number of state bits:       3

  Input signals:
    0: \rst
    1: \start
    2: $eq$b1_real_serial_0608.v:70379$4_Y

  Output signals:
    0: $procmux$21_CMP
    1: $procmux$28_CMP
    2: $procmux$10003_CMP

  State encoding:
    0:      3'--1  <RESET STATE>
    1:      3'-1-
    2:      3'1--

  Transition Table (state_in, ctrl_in, state_out, ctrl_out):
      0:     0 3'-00   ->     0 3'010
      1:     0 3'--1   ->     0 3'010
      2:     0 3'-10   ->     2 3'010
      3:     1 3'-00   ->     0 3'001
      4:     1 3'--1   ->     0 3'001
      5:     1 3'-10   ->     1 3'001
      6:     2 3'--1   ->     0 3'100
      7:     2 3'1-0   ->     1 3'100
      8:     2 3'0-0   ->     2 3'100

-------------------------------------

9.7.8. Executing FSM_MAP pass (mapping FSMs to basic logic).
Mapping FSM `$fsm$\state$86738' from module `\b1_real_serial_0608'.

9.8. Executing OPT pass (performing simple optimizations).

9.8.1. Executing OPT_EXPR pass (perform const folding).
Optimizing module b1_r3_761_serial_0608_1414.
Optimizing module b1_real_serial_0608.
<suppressed ~3 debug messages>
Optimizing module f3_add_0608.
Optimizing module f3_mul_0608.
Optimizing module f3_sub3_0608.
Optimizing module sbr17_f3_0608.

9.8.2. Executing OPT_MERGE pass (detect identical cells).
Finding identical cells in module `\b1_r3_761_serial_0608_1414'.
Finding identical cells in module `\b1_real_serial_0608'.
<suppressed ~3 debug messages>
Finding identical cells in module `\f3_add_0608'.
Finding identical cells in module `\f3_mul_0608'.
Finding identical cells in module `\f3_sub3_0608'.
Finding identical cells in module `\sbr17_f3_0608'.
Removed a total of 1 cells.

9.8.3. Executing OPT_MUXTREE pass (detect dead branches in mux trees).
Running muxtree optimizer on module \b1_r3_761_serial_0608_1414..
  Creating internal representation of mux trees.
  No muxes found in this module.
Running muxtree optimizer on module \b1_real_serial_0608..
  Creating internal representation of mux trees.
  Evaluating internal representation of mux trees.
  Analyzing evaluation results.
Running muxtree optimizer on module \f3_add_0608..
  Creating internal representation of mux trees.
  Evaluating internal representation of mux trees.
  Analyzing evaluation results.
Running muxtree optimizer on module \f3_mul_0608..
  Creating internal representation of mux trees.
  No muxes found in this module.
Running muxtree optimizer on module \f3_sub3_0608..
  Creating internal representation of mux trees.
  Evaluating internal representation of mux trees.
  Analyzing evaluation results.
Running muxtree optimizer on module \sbr17_f3_0608..
  Creating internal representation of mux trees.
  No muxes found in this module.
Removed 0 multiplexer ports.
<suppressed ~412 debug messages>

9.8.4. Executing OPT_REDUCE pass (consolidate $*mux and $reduce_* inputs).
  Optimizing cells in module \b1_r3_761_serial_0608_1414.
  Optimizing cells in module \b1_real_serial_0608.
  Optimizing cells in module \f3_add_0608.
  Optimizing cells in module \f3_mul_0608.
  Optimizing cells in module \f3_sub3_0608.
  Optimizing cells in module \sbr17_f3_0608.
Performed a total of 0 changes.

9.8.5. Executing OPT_MERGE pass (detect identical cells).
Finding identical cells in module `\b1_r3_761_serial_0608_1414'.
Finding identical cells in module `\b1_real_serial_0608'.
Finding identical cells in module `\f3_add_0608'.
Finding identical cells in module `\f3_mul_0608'.
Finding identical cells in module `\f3_sub3_0608'.
Finding identical cells in module `\sbr17_f3_0608'.
Removed a total of 0 cells.

9.8.6. Executing OPT_DFF pass (perform DFF optimizations).
Adding EN signal on $procdff$86736 ($dff) from module b1_real_serial_0608 (D = \eng_c [61:0], Q = \resreg_404).
Adding EN signal on $procdff$86735 ($dff) from module b1_real_serial_0608 (D = \eng_c [61:0], Q = \resreg_403).
Adding EN signal on $procdff$86734 ($dff) from module b1_real_serial_0608 (D = \eng_c [61:0], Q = \resreg_402).
Adding EN signal on $procdff$86733 ($dff) from module b1_real_serial_0608 (D = \eng_c [61:0], Q = \resreg_401).
Adding EN signal on $procdff$86732 ($dff) from module b1_real_serial_0608 (D = \eng_c [61:0], Q = \resreg_400).
Adding EN signal on $procdff$86731 ($dff) from module b1_real_serial_0608 (D = \eng_c [61:0], Q = \resreg_399).
Adding EN signal on $procdff$86730 ($dff) from module b1_real_serial_0608 (D = \eng_c [61:0], Q = \resreg_398).
Adding EN signal on $procdff$86729 ($dff) from module b1_real_serial_0608 (D = \eng_c [61:0], Q = \resreg_397).
Adding EN signal on $procdff$86728 ($dff) from module b1_real_serial_0608 (D = \eng_c [61:0], Q = \resreg_396).
Adding EN signal on $procdff$86727 ($dff) from module b1_real_serial_0608 (D = \eng_c [61:0], Q = \resreg_395).
Adding EN signal on $procdff$86726 ($dff) from module b1_real_serial_0608 (D = \eng_c [61:0], Q = \resreg_394).
Adding EN signal on $procdff$86725 ($dff) from module b1_real_serial_0608 (D = \eng_c [61:0], Q = \resreg_393).
Adding EN signal on $procdff$86724 ($dff) from module b1_real_serial_0608 (D = \eng_c [61:0], Q = \resreg_392).
Adding EN signal on $procdff$86723 ($dff) from module b1_real_serial_0608 (D = \eng_c [61:0], Q = \resreg_391).
Adding EN signal on $procdff$86722 ($dff) from module b1_real_serial_0608 (D = \eng_c [61:0], Q = \resreg_390).
Adding EN signal on $procdff$86721 ($dff) from module b1_real_serial_0608 (D = \eng_c [61:0], Q = \resreg_389).
Adding EN signal on $procdff$86720 ($dff) from module b1_real_serial_0608 (D = \eng_c [61:0], Q = \resreg_388).
Adding EN signal on $procdff$86719 ($dff) from module b1_real_serial_0608 (D = \eng_c [61:0], Q = \resreg_387).
Adding EN signal on $procdff$86718 ($dff) from module b1_real_serial_0608 (D = \eng_c [61:0], Q = \resreg_386).
Adding EN signal on $procdff$86717 ($dff) from module b1_real_serial_0608 (D = \eng_c [61:0], Q = \resreg_385).
Adding EN signal on $procdff$86716 ($dff) from module b1_real_serial_0608 (D = \eng_c [61:0], Q = \resreg_384).
Adding EN signal on $procdff$86715 ($dff) from module b1_real_serial_0608 (D = \eng_c [61:0], Q = \resreg_383).
Adding EN signal on $procdff$86714 ($dff) from module b1_real_serial_0608 (D = \eng_c [61:0], Q = \resreg_382).
Adding EN signal on $procdff$86713 ($dff) from module b1_real_serial_0608 (D = \eng_c [61:0], Q = \resreg_381).
Adding EN signal on $procdff$86712 ($dff) from module b1_real_serial_0608 (D = \eng_c [61:0], Q = \resreg_380).
Adding EN signal on $procdff$86711 ($dff) from module b1_real_serial_0608 (D = \eng_c [61:0], Q = \resreg_379).
Adding EN signal on $procdff$86710 ($dff) from module b1_real_serial_0608 (D = \eng_c [61:0], Q = \resreg_378).
Adding EN signal on $procdff$86709 ($dff) from module b1_real_serial_0608 (D = \eng_c [61:0], Q = \resreg_377).
Adding EN signal on $procdff$86708 ($dff) from module b1_real_serial_0608 (D = \eng_c [61:0], Q = \resreg_376).
Adding EN signal on $procdff$86707 ($dff) from module b1_real_serial_0608 (D = \eng_c [61:0], Q = \resreg_375).
Adding EN signal on $procdff$86706 ($dff) from module b1_real_serial_0608 (D = \eng_c [61:0], Q = \resreg_374).
Adding EN signal on $procdff$86705 ($dff) from module b1_real_serial_0608 (D = \eng_c [61:0], Q = \resreg_373).
Adding EN signal on $procdff$86704 ($dff) from module b1_real_serial_0608 (D = \eng_c [61:0], Q = \resreg_372).
Adding EN signal on $procdff$86703 ($dff) from module b1_real_serial_0608 (D = \eng_c [61:0], Q = \resreg_371).
Adding EN signal on $procdff$86702 ($dff) from module b1_real_serial_0608 (D = \eng_c [61:0], Q = \resreg_370).
Adding EN signal on $procdff$86701 ($dff) from module b1_real_serial_0608 (D = \eng_c [61:0], Q = \resreg_369).
Adding EN signal on $procdff$86700 ($dff) from module b1_real_serial_0608 (D = \eng_c [61:0], Q = \resreg_368).
Adding EN signal on $procdff$86699 ($dff) from module b1_real_serial_0608 (D = \eng_c [61:0], Q = \resreg_367).
Adding EN signal on $procdff$86698 ($dff) from module b1_real_serial_0608 (D = \eng_c [61:0], Q = \resreg_366).
Adding EN signal on $procdff$86697 ($dff) from module b1_real_serial_0608 (D = \eng_c [61:0], Q = \resreg_365).
Adding EN signal on $procdff$86696 ($dff) from module b1_real_serial_0608 (D = \eng_c [61:0], Q = \resreg_364).
Adding EN signal on $procdff$86695 ($dff) from module b1_real_serial_0608 (D = \eng_c [61:0], Q = \resreg_363).
Adding EN signal on $procdff$86694 ($dff) from module b1_real_serial_0608 (D = \eng_c [61:0], Q = \resreg_362).
Adding EN signal on $procdff$86693 ($dff) from module b1_real_serial_0608 (D = \eng_c [61:0], Q = \resreg_361).
Adding EN signal on $procdff$86692 ($dff) from module b1_real_serial_0608 (D = \eng_c [61:0], Q = \resreg_360).
Adding EN signal on $procdff$86691 ($dff) from module b1_real_serial_0608 (D = \eng_c [61:0], Q = \resreg_359).
Adding EN signal on $procdff$86690 ($dff) from module b1_real_serial_0608 (D = \eng_c [61:0], Q = \resreg_358).
Adding EN signal on $procdff$86689 ($dff) from module b1_real_serial_0608 (D = \eng_c [61:0], Q = \resreg_357).
Adding EN signal on $procdff$86688 ($dff) from module b1_real_serial_0608 (D = \eng_c [61:0], Q = \resreg_356).
Adding EN signal on $procdff$86687 ($dff) from module b1_real_serial_0608 (D = \eng_c [61:0], Q = \resreg_355).
Adding EN signal on $procdff$86686 ($dff) from module b1_real_serial_0608 (D = \eng_c [61:0], Q = \resreg_354).
Adding EN signal on $procdff$86685 ($dff) from module b1_real_serial_0608 (D = \eng_c [61:0], Q = \resreg_353).
Adding EN signal on $procdff$86684 ($dff) from module b1_real_serial_0608 (D = \eng_c [61:0], Q = \resreg_352).
Adding EN signal on $procdff$86683 ($dff) from module b1_real_serial_0608 (D = \eng_c [61:0], Q = \resreg_351).
Adding EN signal on $procdff$86682 ($dff) from module b1_real_serial_0608 (D = \eng_c [61:0], Q = \resreg_350).
Adding EN signal on $procdff$86681 ($dff) from module b1_real_serial_0608 (D = \eng_c [61:0], Q = \resreg_349).
Adding EN signal on $procdff$86680 ($dff) from module b1_real_serial_0608 (D = \eng_c [61:0], Q = \resreg_348).
Adding EN signal on $procdff$86679 ($dff) from module b1_real_serial_0608 (D = \eng_c [61:0], Q = \resreg_347).
Adding EN signal on $procdff$86678 ($dff) from module b1_real_serial_0608 (D = \eng_c [61:0], Q = \resreg_346).
Adding EN signal on $procdff$86677 ($dff) from module b1_real_serial_0608 (D = \eng_c [61:0], Q = \resreg_345).
Adding EN signal on $procdff$86676 ($dff) from module b1_real_serial_0608 (D = \eng_c [61:0], Q = \resreg_344).
Adding EN signal on $procdff$86675 ($dff) from module b1_real_serial_0608 (D = \eng_c [61:0], Q = \resreg_343).
Adding EN signal on $procdff$86674 ($dff) from module b1_real_serial_0608 (D = \eng_c [61:0], Q = \resreg_342).
Adding EN signal on $procdff$86673 ($dff) from module b1_real_serial_0608 (D = \eng_c [61:0], Q = \resreg_341).
Adding EN signal on $procdff$86672 ($dff) from module b1_real_serial_0608 (D = \eng_c [61:0], Q = \resreg_340).
Adding EN signal on $procdff$86671 ($dff) from module b1_real_serial_0608 (D = \eng_c [61:0], Q = \resreg_339).
Adding EN signal on $procdff$86670 ($dff) from module b1_real_serial_0608 (D = \eng_c [61:0], Q = \resreg_338).
Adding EN signal on $procdff$86669 ($dff) from module b1_real_serial_0608 (D = \eng_c [61:0], Q = \resreg_337).
Adding EN signal on $procdff$86668 ($dff) from module b1_real_serial_0608 (D = \eng_c [61:0], Q = \resreg_336).
Adding EN signal on $procdff$86667 ($dff) from module b1_real_serial_0608 (D = \eng_c [61:0], Q = \resreg_335).
Adding EN signal on $procdff$86666 ($dff) from module b1_real_serial_0608 (D = \eng_c [61:0], Q = \resreg_334).
Adding EN signal on $procdff$86665 ($dff) from module b1_real_serial_0608 (D = \eng_c [61:0], Q = \resreg_333).
Adding EN signal on $procdff$86664 ($dff) from module b1_real_serial_0608 (D = \eng_c [61:0], Q = \resreg_332).
Adding EN signal on $procdff$86663 ($dff) from module b1_real_serial_0608 (D = \eng_c [61:0], Q = \resreg_331).
Adding EN signal on $procdff$86662 ($dff) from module b1_real_serial_0608 (D = \eng_c [61:0], Q = \resreg_330).
Adding EN signal on $procdff$86661 ($dff) from module b1_real_serial_0608 (D = \eng_c [61:0], Q = \resreg_329).
Adding EN signal on $procdff$86660 ($dff) from module b1_real_serial_0608 (D = \eng_c [61:0], Q = \resreg_328).
Adding EN signal on $procdff$86659 ($dff) from module b1_real_serial_0608 (D = \eng_c [61:0], Q = \resreg_327).
Adding EN signal on $procdff$86658 ($dff) from module b1_real_serial_0608 (D = \eng_c [61:0], Q = \resreg_326).
Adding EN signal on $procdff$86657 ($dff) from module b1_real_serial_0608 (D = \eng_c [61:0], Q = \resreg_325).
Adding EN signal on $procdff$86656 ($dff) from module b1_real_serial_0608 (D = \eng_c [61:0], Q = \resreg_324).
Adding EN signal on $procdff$86655 ($dff) from module b1_real_serial_0608 (D = \eng_c [61:0], Q = \resreg_323).
Adding EN signal on $procdff$86654 ($dff) from module b1_real_serial_0608 (D = \eng_c [61:0], Q = \resreg_322).
Adding EN signal on $procdff$86653 ($dff) from module b1_real_serial_0608 (D = \eng_c [61:0], Q = \resreg_321).
Adding EN signal on $procdff$86652 ($dff) from module b1_real_serial_0608 (D = \eng_c [61:0], Q = \resreg_320).
Adding EN signal on $procdff$86651 ($dff) from module b1_real_serial_0608 (D = \eng_c [61:0], Q = \resreg_319).
Adding EN signal on $procdff$86650 ($dff) from module b1_real_serial_0608 (D = \eng_c [61:0], Q = \resreg_318).
Adding EN signal on $procdff$86649 ($dff) from module b1_real_serial_0608 (D = \eng_c [61:0], Q = \resreg_317).
Adding EN signal on $procdff$86648 ($dff) from module b1_real_serial_0608 (D = \eng_c [61:0], Q = \resreg_316).
Adding EN signal on $procdff$86647 ($dff) from module b1_real_serial_0608 (D = \eng_c [61:0], Q = \resreg_315).
Adding EN signal on $procdff$86646 ($dff) from module b1_real_serial_0608 (D = \eng_c [61:0], Q = \resreg_314).
Adding EN signal on $procdff$86645 ($dff) from module b1_real_serial_0608 (D = \eng_c [61:0], Q = \resreg_313).
Adding EN signal on $procdff$86644 ($dff) from module b1_real_serial_0608 (D = \eng_c [61:0], Q = \resreg_312).
Adding EN signal on $procdff$86643 ($dff) from module b1_real_serial_0608 (D = \eng_c [61:0], Q = \resreg_311).
Adding EN signal on $procdff$86642 ($dff) from module b1_real_serial_0608 (D = \eng_c, Q = \resreg_310).
Adding EN signal on $procdff$86641 ($dff) from module b1_real_serial_0608 (D = \eng_c, Q = \resreg_309).
Adding EN signal on $procdff$86640 ($dff) from module b1_real_serial_0608 (D = \eng_c [61:0], Q = \resreg_308).
Adding EN signal on $procdff$86639 ($dff) from module b1_real_serial_0608 (D = \eng_c, Q = \resreg_307).
Adding EN signal on $procdff$86638 ($dff) from module b1_real_serial_0608 (D = \eng_c, Q = \resreg_306).
Adding EN signal on $procdff$86637 ($dff) from module b1_real_serial_0608 (D = \eng_c [61:0], Q = \resreg_305).
Adding EN signal on $procdff$86636 ($dff) from module b1_real_serial_0608 (D = \eng_c [61:0], Q = \resreg_304).
Adding EN signal on $procdff$86635 ($dff) from module b1_real_serial_0608 (D = \eng_c [61:0], Q = \resreg_303).
Adding EN signal on $procdff$86634 ($dff) from module b1_real_serial_0608 (D = \eng_c [61:0], Q = \resreg_302).
Adding EN signal on $procdff$86633 ($dff) from module b1_real_serial_0608 (D = \eng_c, Q = \resreg_301).
Adding EN signal on $procdff$86632 ($dff) from module b1_real_serial_0608 (D = \eng_c, Q = \resreg_300).
Adding EN signal on $procdff$86631 ($dff) from module b1_real_serial_0608 (D = \eng_c [61:0], Q = \resreg_299).
Adding EN signal on $procdff$86630 ($dff) from module b1_real_serial_0608 (D = \eng_c, Q = \resreg_298).
Adding EN signal on $procdff$86629 ($dff) from module b1_real_serial_0608 (D = \eng_c, Q = \resreg_297).
Adding EN signal on $procdff$86628 ($dff) from module b1_real_serial_0608 (D = \eng_c [61:0], Q = \resreg_296).
Adding EN signal on $procdff$86627 ($dff) from module b1_real_serial_0608 (D = \eng_c [61:0], Q = \resreg_295).
Adding EN signal on $procdff$86626 ($dff) from module b1_real_serial_0608 (D = \eng_c [61:0], Q = \resreg_294).
Adding EN signal on $procdff$86625 ($dff) from module b1_real_serial_0608 (D = \eng_c [61:0], Q = \resreg_293).
Adding EN signal on $procdff$86624 ($dff) from module b1_real_serial_0608 (D = \eng_c [61:0], Q = \resreg_292).
Adding EN signal on $procdff$86623 ($dff) from module b1_real_serial_0608 (D = \eng_c [61:0], Q = \resreg_291).
Adding EN signal on $procdff$86622 ($dff) from module b1_real_serial_0608 (D = \eng_c [61:0], Q = \resreg_290).
Adding EN signal on $procdff$86621 ($dff) from module b1_real_serial_0608 (D = \eng_c [61:0], Q = \resreg_289).
Adding EN signal on $procdff$86620 ($dff) from module b1_real_serial_0608 (D = \eng_c [61:0], Q = \resreg_288).
Adding EN signal on $procdff$86619 ($dff) from module b1_real_serial_0608 (D = \eng_c [61:0], Q = \resreg_287).
Adding EN signal on $procdff$86618 ($dff) from module b1_real_serial_0608 (D = \eng_c [61:0], Q = \resreg_286).
Adding EN signal on $procdff$86617 ($dff) from module b1_real_serial_0608 (D = \eng_c [61:0], Q = \resreg_285).
Adding EN signal on $procdff$86616 ($dff) from module b1_real_serial_0608 (D = \eng_c [61:0], Q = \resreg_284).
Adding EN signal on $procdff$86615 ($dff) from module b1_real_serial_0608 (D = \eng_c, Q = \resreg_283).
Adding EN signal on $procdff$86614 ($dff) from module b1_real_serial_0608 (D = \eng_c, Q = \resreg_282).
Adding EN signal on $procdff$86613 ($dff) from module b1_real_serial_0608 (D = \eng_c [61:0], Q = \resreg_281).
Adding EN signal on $procdff$86612 ($dff) from module b1_real_serial_0608 (D = \eng_c, Q = \resreg_280).
Adding EN signal on $procdff$86611 ($dff) from module b1_real_serial_0608 (D = \eng_c, Q = \resreg_279).
Adding EN signal on $procdff$86610 ($dff) from module b1_real_serial_0608 (D = \eng_c [61:0], Q = \resreg_278).
Adding EN signal on $procdff$86609 ($dff) from module b1_real_serial_0608 (D = \eng_c [61:0], Q = \resreg_277).
Adding EN signal on $procdff$86608 ($dff) from module b1_real_serial_0608 (D = \eng_c [61:0], Q = \resreg_276).
Adding EN signal on $procdff$86607 ($dff) from module b1_real_serial_0608 (D = \eng_c [61:0], Q = \resreg_275).
Adding EN signal on $procdff$86606 ($dff) from module b1_real_serial_0608 (D = \eng_c, Q = \resreg_274).
Adding EN signal on $procdff$86605 ($dff) from module b1_real_serial_0608 (D = \eng_c, Q = \resreg_273).
Adding EN signal on $procdff$86604 ($dff) from module b1_real_serial_0608 (D = \eng_c [61:0], Q = \resreg_272).
Adding EN signal on $procdff$86603 ($dff) from module b1_real_serial_0608 (D = \eng_c, Q = \resreg_271).
Adding EN signal on $procdff$86602 ($dff) from module b1_real_serial_0608 (D = \eng_c, Q = \resreg_270).
Adding EN signal on $procdff$86601 ($dff) from module b1_real_serial_0608 (D = \eng_c [61:0], Q = \resreg_269).
Adding EN signal on $procdff$86600 ($dff) from module b1_real_serial_0608 (D = \eng_c [61:0], Q = \resreg_268).
Adding EN signal on $procdff$86599 ($dff) from module b1_real_serial_0608 (D = \eng_c [61:0], Q = \resreg_267).
Adding EN signal on $procdff$86598 ($dff) from module b1_real_serial_0608 (D = \eng_c [61:0], Q = \resreg_266).
Adding EN signal on $procdff$86597 ($dff) from module b1_real_serial_0608 (D = \eng_c [61:0], Q = \resreg_265).
Adding EN signal on $procdff$86596 ($dff) from module b1_real_serial_0608 (D = \eng_c [61:0], Q = \resreg_264).
Adding EN signal on $procdff$86595 ($dff) from module b1_real_serial_0608 (D = \eng_c [61:0], Q = \resreg_263).
Adding EN signal on $procdff$86594 ($dff) from module b1_real_serial_0608 (D = \eng_c [61:0], Q = \resreg_262).
Adding EN signal on $procdff$86593 ($dff) from module b1_real_serial_0608 (D = \eng_c [61:0], Q = \resreg_261).
Adding EN signal on $procdff$86592 ($dff) from module b1_real_serial_0608 (D = \eng_c [61:0], Q = \resreg_260).
Adding EN signal on $procdff$86591 ($dff) from module b1_real_serial_0608 (D = \eng_c [61:0], Q = \resreg_259).
Adding EN signal on $procdff$86590 ($dff) from module b1_real_serial_0608 (D = \eng_c [61:0], Q = \resreg_258).
Adding EN signal on $procdff$86589 ($dff) from module b1_real_serial_0608 (D = \eng_c [61:0], Q = \resreg_257).
Adding EN signal on $procdff$86588 ($dff) from module b1_real_serial_0608 (D = \eng_c, Q = \resreg_256).
Adding EN signal on $procdff$86587 ($dff) from module b1_real_serial_0608 (D = \eng_c, Q = \resreg_255).
Adding EN signal on $procdff$86586 ($dff) from module b1_real_serial_0608 (D = \eng_c [61:0], Q = \resreg_254).
Adding EN signal on $procdff$86585 ($dff) from module b1_real_serial_0608 (D = \eng_c, Q = \resreg_253).
Adding EN signal on $procdff$86584 ($dff) from module b1_real_serial_0608 (D = \eng_c, Q = \resreg_252).
Adding EN signal on $procdff$86583 ($dff) from module b1_real_serial_0608 (D = \eng_c [61:0], Q = \resreg_251).
Adding EN signal on $procdff$86582 ($dff) from module b1_real_serial_0608 (D = \eng_c [61:0], Q = \resreg_250).
Adding EN signal on $procdff$86581 ($dff) from module b1_real_serial_0608 (D = \eng_c [61:0], Q = \resreg_249).
Adding EN signal on $procdff$86580 ($dff) from module b1_real_serial_0608 (D = \eng_c [61:0], Q = \resreg_248).
Adding EN signal on $procdff$86579 ($dff) from module b1_real_serial_0608 (D = \eng_c, Q = \resreg_247).
Adding EN signal on $procdff$86578 ($dff) from module b1_real_serial_0608 (D = \eng_c, Q = \resreg_246).
Adding EN signal on $procdff$86577 ($dff) from module b1_real_serial_0608 (D = \eng_c [61:0], Q = \resreg_245).
Adding EN signal on $procdff$86576 ($dff) from module b1_real_serial_0608 (D = \eng_c, Q = \resreg_244).
Adding EN signal on $procdff$86575 ($dff) from module b1_real_serial_0608 (D = \eng_c, Q = \resreg_243).
Adding EN signal on $procdff$86574 ($dff) from module b1_real_serial_0608 (D = \eng_c [61:0], Q = \resreg_242).
Adding EN signal on $procdff$86573 ($dff) from module b1_real_serial_0608 (D = \eng_c [61:0], Q = \resreg_241).
Adding EN signal on $procdff$86572 ($dff) from module b1_real_serial_0608 (D = \eng_c [61:0], Q = \resreg_240).
Adding EN signal on $procdff$86571 ($dff) from module b1_real_serial_0608 (D = \eng_c [61:0], Q = \resreg_239).
Adding EN signal on $procdff$86570 ($dff) from module b1_real_serial_0608 (D = \eng_c [61:0], Q = \resreg_238).
Adding EN signal on $procdff$86569 ($dff) from module b1_real_serial_0608 (D = \eng_c [61:0], Q = \resreg_237).
Adding EN signal on $procdff$86568 ($dff) from module b1_real_serial_0608 (D = \eng_c [61:0], Q = \resreg_236).
Adding EN signal on $procdff$86567 ($dff) from module b1_real_serial_0608 (D = \eng_c [61:0], Q = \resreg_235).
Adding EN signal on $procdff$86566 ($dff) from module b1_real_serial_0608 (D = \eng_c [61:0], Q = \resreg_234).
Adding EN signal on $procdff$86565 ($dff) from module b1_real_serial_0608 (D = \eng_c [61:0], Q = \resreg_233).
Adding EN signal on $procdff$86564 ($dff) from module b1_real_serial_0608 (D = \eng_c [61:0], Q = \resreg_232).
Adding EN signal on $procdff$86563 ($dff) from module b1_real_serial_0608 (D = \eng_c [61:0], Q = \resreg_231).
Adding EN signal on $procdff$86562 ($dff) from module b1_real_serial_0608 (D = \eng_c [61:0], Q = \resreg_230).
Adding EN signal on $procdff$86561 ($dff) from module b1_real_serial_0608 (D = \eng_c [61:0], Q = \resreg_229).
Adding EN signal on $procdff$86560 ($dff) from module b1_real_serial_0608 (D = \eng_c [61:0], Q = \resreg_228).
Adding EN signal on $procdff$86559 ($dff) from module b1_real_serial_0608 (D = \eng_c [61:0], Q = \resreg_227).
Adding EN signal on $procdff$86558 ($dff) from module b1_real_serial_0608 (D = \eng_c [61:0], Q = \resreg_226).
Adding EN signal on $procdff$86557 ($dff) from module b1_real_serial_0608 (D = \eng_c [61:0], Q = \resreg_225).
Adding EN signal on $procdff$86556 ($dff) from module b1_real_serial_0608 (D = \eng_c [61:0], Q = \resreg_224).
Adding EN signal on $procdff$86555 ($dff) from module b1_real_serial_0608 (D = \eng_c [61:0], Q = \resreg_223).
Adding EN signal on $procdff$86554 ($dff) from module b1_real_serial_0608 (D = \eng_c [61:0], Q = \resreg_222).
Adding EN signal on $procdff$86553 ($dff) from module b1_real_serial_0608 (D = \eng_c [61:0], Q = \resreg_221).
Adding EN signal on $procdff$86552 ($dff) from module b1_real_serial_0608 (D = \eng_c [61:0], Q = \resreg_220).
Adding EN signal on $procdff$86551 ($dff) from module b1_real_serial_0608 (D = \eng_c [61:0], Q = \resreg_219).
Adding EN signal on $procdff$86550 ($dff) from module b1_real_serial_0608 (D = \eng_c [61:0], Q = \resreg_218).
Adding EN signal on $procdff$86549 ($dff) from module b1_real_serial_0608 (D = \eng_c [61:0], Q = \resreg_217).
Adding EN signal on $procdff$86548 ($dff) from module b1_real_serial_0608 (D = \eng_c [61:0], Q = \resreg_216).
Adding EN signal on $procdff$86547 ($dff) from module b1_real_serial_0608 (D = \eng_c [61:0], Q = \resreg_215).
Adding EN signal on $procdff$86546 ($dff) from module b1_real_serial_0608 (D = \eng_c [61:0], Q = \resreg_214).
Adding EN signal on $procdff$86545 ($dff) from module b1_real_serial_0608 (D = \eng_c [61:0], Q = \resreg_213).
Adding EN signal on $procdff$86544 ($dff) from module b1_real_serial_0608 (D = \eng_c [61:0], Q = \resreg_212).
Adding EN signal on $procdff$86543 ($dff) from module b1_real_serial_0608 (D = \eng_c [61:0], Q = \resreg_211).
Adding EN signal on $procdff$86542 ($dff) from module b1_real_serial_0608 (D = \eng_c [61:0], Q = \resreg_210).
Adding EN signal on $procdff$86541 ($dff) from module b1_real_serial_0608 (D = \eng_c [61:0], Q = \resreg_209).
Adding EN signal on $procdff$86540 ($dff) from module b1_real_serial_0608 (D = \eng_c [61:0], Q = \resreg_208).
Adding EN signal on $procdff$86539 ($dff) from module b1_real_serial_0608 (D = \eng_c [61:0], Q = \resreg_207).
Adding EN signal on $procdff$86538 ($dff) from module b1_real_serial_0608 (D = \eng_c [61:0], Q = \resreg_206).
Adding EN signal on $procdff$86537 ($dff) from module b1_real_serial_0608 (D = \eng_c [61:0], Q = \resreg_205).
Adding EN signal on $procdff$86536 ($dff) from module b1_real_serial_0608 (D = \eng_c [61:0], Q = \resreg_204).
Adding EN signal on $procdff$86535 ($dff) from module b1_real_serial_0608 (D = \eng_c [61:0], Q = \resreg_203).
Adding EN signal on $procdff$86534 ($dff) from module b1_real_serial_0608 (D = \eng_c [61:0], Q = \resreg_202).
Adding EN signal on $procdff$86533 ($dff) from module b1_real_serial_0608 (D = \eng_c [61:0], Q = \resreg_201).
Adding EN signal on $procdff$86532 ($dff) from module b1_real_serial_0608 (D = \eng_c [61:0], Q = \resreg_200).
Adding EN signal on $procdff$86531 ($dff) from module b1_real_serial_0608 (D = \eng_c [61:0], Q = \resreg_199).
Adding EN signal on $procdff$86530 ($dff) from module b1_real_serial_0608 (D = \eng_c [61:0], Q = \resreg_198).
Adding EN signal on $procdff$86529 ($dff) from module b1_real_serial_0608 (D = \eng_c [61:0], Q = \resreg_197).
Adding EN signal on $procdff$86528 ($dff) from module b1_real_serial_0608 (D = \eng_c [61:0], Q = \resreg_196).
Adding EN signal on $procdff$86527 ($dff) from module b1_real_serial_0608 (D = \eng_c [61:0], Q = \resreg_195).
Adding EN signal on $procdff$86526 ($dff) from module b1_real_serial_0608 (D = \eng_c [61:0], Q = \resreg_194).
Adding EN signal on $procdff$86525 ($dff) from module b1_real_serial_0608 (D = \eng_c [61:0], Q = \resreg_193).
Adding EN signal on $procdff$86524 ($dff) from module b1_real_serial_0608 (D = \eng_c [61:0], Q = \resreg_192).
Adding EN signal on $procdff$86523 ($dff) from module b1_real_serial_0608 (D = \eng_c [61:0], Q = \resreg_191).
Adding EN signal on $procdff$86522 ($dff) from module b1_real_serial_0608 (D = \eng_c [61:0], Q = \resreg_190).
Adding EN signal on $procdff$86521 ($dff) from module b1_real_serial_0608 (D = \eng_c [61:0], Q = \resreg_189).
Adding EN signal on $procdff$86520 ($dff) from module b1_real_serial_0608 (D = \eng_c [61:0], Q = \resreg_188).
Adding EN signal on $procdff$86519 ($dff) from module b1_real_serial_0608 (D = \eng_c [61:0], Q = \resreg_187).
Adding EN signal on $procdff$86518 ($dff) from module b1_real_serial_0608 (D = \eng_c [61:0], Q = \resreg_186).
Adding EN signal on $procdff$86517 ($dff) from module b1_real_serial_0608 (D = \eng_c [61:0], Q = \resreg_185).
Adding EN signal on $procdff$86516 ($dff) from module b1_real_serial_0608 (D = \eng_c [61:0], Q = \resreg_184).
Adding EN signal on $procdff$86515 ($dff) from module b1_real_serial_0608 (D = \eng_c [61:0], Q = \resreg_183).
Adding EN signal on $procdff$86514 ($dff) from module b1_real_serial_0608 (D = \eng_c [61:0], Q = \resreg_182).
Adding EN signal on $procdff$86513 ($dff) from module b1_real_serial_0608 (D = \eng_c [61:0], Q = \resreg_181).
Adding EN signal on $procdff$86512 ($dff) from module b1_real_serial_0608 (D = \eng_c [61:0], Q = \resreg_180).
Adding EN signal on $procdff$86511 ($dff) from module b1_real_serial_0608 (D = \eng_c [61:0], Q = \resreg_179).
Adding EN signal on $procdff$86510 ($dff) from module b1_real_serial_0608 (D = \eng_c [61:0], Q = \resreg_178).
Adding EN signal on $procdff$86509 ($dff) from module b1_real_serial_0608 (D = \eng_c [61:0], Q = \resreg_177).
Adding EN signal on $procdff$86508 ($dff) from module b1_real_serial_0608 (D = \eng_c [61:0], Q = \resreg_176).
Adding EN signal on $procdff$86507 ($dff) from module b1_real_serial_0608 (D = \eng_c [61:0], Q = \resreg_175).
Adding EN signal on $procdff$86506 ($dff) from module b1_real_serial_0608 (D = \eng_c [61:0], Q = \resreg_174).
Adding EN signal on $procdff$86505 ($dff) from module b1_real_serial_0608 (D = \eng_c [61:0], Q = \resreg_173).
Adding EN signal on $procdff$86504 ($dff) from module b1_real_serial_0608 (D = \eng_c [61:0], Q = \resreg_172).
Adding EN signal on $procdff$86503 ($dff) from module b1_real_serial_0608 (D = \eng_c [61:0], Q = \resreg_171).
Adding EN signal on $procdff$86502 ($dff) from module b1_real_serial_0608 (D = \eng_c [61:0], Q = \resreg_170).
Adding EN signal on $procdff$86501 ($dff) from module b1_real_serial_0608 (D = \eng_c [61:0], Q = \resreg_169).
Adding EN signal on $procdff$86500 ($dff) from module b1_real_serial_0608 (D = \eng_c [61:0], Q = \resreg_168).
Adding EN signal on $procdff$86499 ($dff) from module b1_real_serial_0608 (D = \eng_c [61:0], Q = \resreg_167).
Adding EN signal on $procdff$86498 ($dff) from module b1_real_serial_0608 (D = \eng_c [61:0], Q = \resreg_166).
Adding EN signal on $procdff$86497 ($dff) from module b1_real_serial_0608 (D = \eng_c [61:0], Q = \resreg_165).
Adding EN signal on $procdff$86496 ($dff) from module b1_real_serial_0608 (D = \eng_c [61:0], Q = \resreg_164).
Adding EN signal on $procdff$86495 ($dff) from module b1_real_serial_0608 (D = \eng_c [61:0], Q = \resreg_163).
Adding EN signal on $procdff$86494 ($dff) from module b1_real_serial_0608 (D = \eng_c [61:0], Q = \resreg_162).
Adding EN signal on $procdff$86493 ($dff) from module b1_real_serial_0608 (D = \eng_c [61:0], Q = \resreg_161).
Adding EN signal on $procdff$86492 ($dff) from module b1_real_serial_0608 (D = \eng_c [61:0], Q = \resreg_160).
Adding EN signal on $procdff$86491 ($dff) from module b1_real_serial_0608 (D = \eng_c [61:0], Q = \resreg_159).
Adding EN signal on $procdff$86490 ($dff) from module b1_real_serial_0608 (D = \eng_c [61:0], Q = \resreg_158).
Adding EN signal on $procdff$86489 ($dff) from module b1_real_serial_0608 (D = \eng_c [61:0], Q = \resreg_157).
Adding EN signal on $procdff$86488 ($dff) from module b1_real_serial_0608 (D = \eng_c [61:0], Q = \resreg_156).
Adding EN signal on $procdff$86487 ($dff) from module b1_real_serial_0608 (D = \eng_c [61:0], Q = \resreg_155).
Adding EN signal on $procdff$86486 ($dff) from module b1_real_serial_0608 (D = \eng_c [61:0], Q = \resreg_154).
Adding EN signal on $procdff$86485 ($dff) from module b1_real_serial_0608 (D = \eng_c [61:0], Q = \resreg_153).
Adding EN signal on $procdff$86484 ($dff) from module b1_real_serial_0608 (D = \eng_c [61:0], Q = \resreg_152).
Adding EN signal on $procdff$86483 ($dff) from module b1_real_serial_0608 (D = \eng_c [61:0], Q = \resreg_151).
Adding EN signal on $procdff$86482 ($dff) from module b1_real_serial_0608 (D = \eng_c [61:0], Q = \resreg_150).
Adding EN signal on $procdff$86481 ($dff) from module b1_real_serial_0608 (D = \eng_c [61:0], Q = \resreg_149).
Adding EN signal on $procdff$86480 ($dff) from module b1_real_serial_0608 (D = \eng_c [61:0], Q = \resreg_148).
Adding EN signal on $procdff$86479 ($dff) from module b1_real_serial_0608 (D = \eng_c [61:0], Q = \resreg_147).
Adding EN signal on $procdff$86478 ($dff) from module b1_real_serial_0608 (D = \eng_c [61:0], Q = \resreg_146).
Adding EN signal on $procdff$86477 ($dff) from module b1_real_serial_0608 (D = \eng_c [61:0], Q = \resreg_145).
Adding EN signal on $procdff$86476 ($dff) from module b1_real_serial_0608 (D = \eng_c [61:0], Q = \resreg_144).
Adding EN signal on $procdff$86475 ($dff) from module b1_real_serial_0608 (D = \eng_c [61:0], Q = \resreg_143).
Adding EN signal on $procdff$86474 ($dff) from module b1_real_serial_0608 (D = \eng_c [61:0], Q = \resreg_142).
Adding EN signal on $procdff$86473 ($dff) from module b1_real_serial_0608 (D = \eng_c [61:0], Q = \resreg_141).
Adding EN signal on $procdff$86472 ($dff) from module b1_real_serial_0608 (D = \eng_c [61:0], Q = \resreg_140).
Adding EN signal on $procdff$86471 ($dff) from module b1_real_serial_0608 (D = \eng_c [61:0], Q = \resreg_139).
Adding EN signal on $procdff$86470 ($dff) from module b1_real_serial_0608 (D = \eng_c [61:0], Q = \resreg_138).
Adding EN signal on $procdff$86469 ($dff) from module b1_real_serial_0608 (D = \eng_c [61:0], Q = \resreg_137).
Adding EN signal on $procdff$86468 ($dff) from module b1_real_serial_0608 (D = \eng_c [61:0], Q = \resreg_136).
Adding EN signal on $procdff$86467 ($dff) from module b1_real_serial_0608 (D = \eng_c [61:0], Q = \resreg_135).
Adding EN signal on $procdff$86466 ($dff) from module b1_real_serial_0608 (D = \eng_c [61:0], Q = \resreg_134).
Adding EN signal on $procdff$86465 ($dff) from module b1_real_serial_0608 (D = \eng_c [61:0], Q = \resreg_133).
Adding EN signal on $procdff$86464 ($dff) from module b1_real_serial_0608 (D = \eng_c [61:0], Q = \resreg_132).
Adding EN signal on $procdff$86463 ($dff) from module b1_real_serial_0608 (D = \eng_c [61:0], Q = \resreg_131).
Adding EN signal on $procdff$86462 ($dff) from module b1_real_serial_0608 (D = \eng_c [61:0], Q = \resreg_130).
Adding EN signal on $procdff$86461 ($dff) from module b1_real_serial_0608 (D = \eng_c [61:0], Q = \resreg_129).
Adding EN signal on $procdff$86460 ($dff) from module b1_real_serial_0608 (D = \eng_c [61:0], Q = \resreg_128).
Adding EN signal on $procdff$86459 ($dff) from module b1_real_serial_0608 (D = \eng_c [61:0], Q = \resreg_127).
Adding EN signal on $procdff$86458 ($dff) from module b1_real_serial_0608 (D = \eng_c [61:0], Q = \resreg_126).
Adding EN signal on $procdff$86457 ($dff) from module b1_real_serial_0608 (D = \eng_c [61:0], Q = \resreg_125).
Adding EN signal on $procdff$86456 ($dff) from module b1_real_serial_0608 (D = \eng_c [61:0], Q = \resreg_124).
Adding EN signal on $procdff$86455 ($dff) from module b1_real_serial_0608 (D = \eng_c [61:0], Q = \resreg_123).
Adding EN signal on $procdff$86454 ($dff) from module b1_real_serial_0608 (D = \eng_c [61:0], Q = \resreg_122).
Adding EN signal on $procdff$86453 ($dff) from module b1_real_serial_0608 (D = \eng_c [61:0], Q = \resreg_121).
Adding EN signal on $procdff$86452 ($dff) from module b1_real_serial_0608 (D = \eng_c [61:0], Q = \resreg_120).
Adding EN signal on $procdff$86451 ($dff) from module b1_real_serial_0608 (D = \eng_c [61:0], Q = \resreg_119).
Adding EN signal on $procdff$86450 ($dff) from module b1_real_serial_0608 (D = \eng_c [61:0], Q = \resreg_118).
Adding EN signal on $procdff$86449 ($dff) from module b1_real_serial_0608 (D = \eng_c [61:0], Q = \resreg_117).
Adding EN signal on $procdff$86448 ($dff) from module b1_real_serial_0608 (D = \eng_c [61:0], Q = \resreg_116).
Adding EN signal on $procdff$86447 ($dff) from module b1_real_serial_0608 (D = \eng_c [61:0], Q = \resreg_115).
Adding EN signal on $procdff$86446 ($dff) from module b1_real_serial_0608 (D = \eng_c [61:0], Q = \resreg_114).
Adding EN signal on $procdff$86445 ($dff) from module b1_real_serial_0608 (D = \eng_c [61:0], Q = \resreg_113).
Adding EN signal on $procdff$86444 ($dff) from module b1_real_serial_0608 (D = \eng_c [61:0], Q = \resreg_112).
Adding EN signal on $procdff$86443 ($dff) from module b1_real_serial_0608 (D = \eng_c [61:0], Q = \resreg_111).
Adding EN signal on $procdff$86442 ($dff) from module b1_real_serial_0608 (D = \eng_c [61:0], Q = \resreg_110).
Adding EN signal on $procdff$86441 ($dff) from module b1_real_serial_0608 (D = \eng_c [61:0], Q = \resreg_109).
Adding EN signal on $procdff$86440 ($dff) from module b1_real_serial_0608 (D = \eng_c [61:0], Q = \resreg_108).
Adding EN signal on $procdff$86439 ($dff) from module b1_real_serial_0608 (D = \eng_c [61:0], Q = \resreg_107).
Adding EN signal on $procdff$86438 ($dff) from module b1_real_serial_0608 (D = \eng_c [61:0], Q = \resreg_106).
Adding EN signal on $procdff$86437 ($dff) from module b1_real_serial_0608 (D = \eng_c [61:0], Q = \resreg_105).
Adding EN signal on $procdff$86436 ($dff) from module b1_real_serial_0608 (D = \eng_c [61:0], Q = \resreg_104).
Adding EN signal on $procdff$86435 ($dff) from module b1_real_serial_0608 (D = \eng_c [61:0], Q = \resreg_103).
Adding EN signal on $procdff$86434 ($dff) from module b1_real_serial_0608 (D = \eng_c [61:0], Q = \resreg_102).
Adding EN signal on $procdff$86433 ($dff) from module b1_real_serial_0608 (D = \eng_c [61:0], Q = \resreg_101).
Adding EN signal on $procdff$86432 ($dff) from module b1_real_serial_0608 (D = \eng_c [61:0], Q = \resreg_100).
Adding EN signal on $procdff$86431 ($dff) from module b1_real_serial_0608 (D = \eng_c [61:0], Q = \resreg_99).
Adding EN signal on $procdff$86430 ($dff) from module b1_real_serial_0608 (D = \eng_c [61:0], Q = \resreg_98).
Adding EN signal on $procdff$86429 ($dff) from module b1_real_serial_0608 (D = \eng_c [61:0], Q = \resreg_97).
Adding EN signal on $procdff$86428 ($dff) from module b1_real_serial_0608 (D = \eng_c [61:0], Q = \resreg_96).
Adding EN signal on $procdff$86427 ($dff) from module b1_real_serial_0608 (D = \eng_c [61:0], Q = \resreg_95).
Adding EN signal on $procdff$86426 ($dff) from module b1_real_serial_0608 (D = \eng_c [61:0], Q = \resreg_94).
Adding EN signal on $procdff$86425 ($dff) from module b1_real_serial_0608 (D = \eng_c [61:0], Q = \resreg_93).
Adding EN signal on $procdff$86424 ($dff) from module b1_real_serial_0608 (D = \eng_c [61:0], Q = \resreg_92).
Adding EN signal on $procdff$86423 ($dff) from module b1_real_serial_0608 (D = \eng_c [61:0], Q = \resreg_91).
Adding EN signal on $procdff$86422 ($dff) from module b1_real_serial_0608 (D = \eng_c [61:0], Q = \resreg_90).
Adding EN signal on $procdff$86421 ($dff) from module b1_real_serial_0608 (D = \eng_c [61:0], Q = \resreg_89).
Adding EN signal on $procdff$86420 ($dff) from module b1_real_serial_0608 (D = \eng_c [61:0], Q = \resreg_88).
Adding EN signal on $procdff$86419 ($dff) from module b1_real_serial_0608 (D = \eng_c [61:0], Q = \resreg_87).
Adding EN signal on $procdff$86418 ($dff) from module b1_real_serial_0608 (D = \eng_c [61:0], Q = \resreg_86).
Adding EN signal on $procdff$86417 ($dff) from module b1_real_serial_0608 (D = \eng_c [61:0], Q = \resreg_85).
Adding EN signal on $procdff$86416 ($dff) from module b1_real_serial_0608 (D = \eng_c [61:0], Q = \resreg_84).
Adding EN signal on $procdff$86415 ($dff) from module b1_real_serial_0608 (D = \eng_c [61:0], Q = \resreg_83).
Adding EN signal on $procdff$86414 ($dff) from module b1_real_serial_0608 (D = \eng_c [61:0], Q = \resreg_82).
Adding EN signal on $procdff$86413 ($dff) from module b1_real_serial_0608 (D = \eng_c [61:0], Q = \resreg_81).
Adding EN signal on $procdff$86412 ($dff) from module b1_real_serial_0608 (D = \eng_c [61:0], Q = \resreg_80).
Adding EN signal on $procdff$86411 ($dff) from module b1_real_serial_0608 (D = \eng_c [61:0], Q = \resreg_79).
Adding EN signal on $procdff$86410 ($dff) from module b1_real_serial_0608 (D = \eng_c [61:0], Q = \resreg_78).
Adding EN signal on $procdff$86409 ($dff) from module b1_real_serial_0608 (D = \eng_c [61:0], Q = \resreg_77).
Adding EN signal on $procdff$86408 ($dff) from module b1_real_serial_0608 (D = \eng_c [61:0], Q = \resreg_76).
Adding EN signal on $procdff$86407 ($dff) from module b1_real_serial_0608 (D = \eng_c [61:0], Q = \resreg_75).
Adding EN signal on $procdff$86406 ($dff) from module b1_real_serial_0608 (D = \eng_c [61:0], Q = \resreg_74).
Adding EN signal on $procdff$86405 ($dff) from module b1_real_serial_0608 (D = \eng_c [61:0], Q = \resreg_73).
Adding EN signal on $procdff$86404 ($dff) from module b1_real_serial_0608 (D = \eng_c [61:0], Q = \resreg_72).
Adding EN signal on $procdff$86403 ($dff) from module b1_real_serial_0608 (D = \eng_c [61:0], Q = \resreg_71).
Adding EN signal on $procdff$86402 ($dff) from module b1_real_serial_0608 (D = \eng_c [61:0], Q = \resreg_70).
Adding EN signal on $procdff$86401 ($dff) from module b1_real_serial_0608 (D = \eng_c [61:0], Q = \resreg_69).
Adding EN signal on $procdff$86400 ($dff) from module b1_real_serial_0608 (D = \eng_c [61:0], Q = \resreg_68).
Adding EN signal on $procdff$86399 ($dff) from module b1_real_serial_0608 (D = \eng_c [61:0], Q = \resreg_67).
Adding EN signal on $procdff$86398 ($dff) from module b1_real_serial_0608 (D = \eng_c [61:0], Q = \resreg_66).
Adding EN signal on $procdff$86397 ($dff) from module b1_real_serial_0608 (D = \eng_c [61:0], Q = \resreg_65).
Adding EN signal on $procdff$86396 ($dff) from module b1_real_serial_0608 (D = \eng_c [61:0], Q = \resreg_64).
Adding EN signal on $procdff$86395 ($dff) from module b1_real_serial_0608 (D = \eng_c [61:0], Q = \resreg_63).
Adding EN signal on $procdff$86394 ($dff) from module b1_real_serial_0608 (D = \eng_c [61:0], Q = \resreg_62).
Adding EN signal on $procdff$86393 ($dff) from module b1_real_serial_0608 (D = \eng_c [61:0], Q = \resreg_61).
Adding EN signal on $procdff$86392 ($dff) from module b1_real_serial_0608 (D = \eng_c [61:0], Q = \resreg_60).
Adding EN signal on $procdff$86391 ($dff) from module b1_real_serial_0608 (D = \eng_c [61:0], Q = \resreg_59).
Adding EN signal on $procdff$86390 ($dff) from module b1_real_serial_0608 (D = \eng_c [61:0], Q = \resreg_58).
Adding EN signal on $procdff$86389 ($dff) from module b1_real_serial_0608 (D = \eng_c [61:0], Q = \resreg_57).
Adding EN signal on $procdff$86388 ($dff) from module b1_real_serial_0608 (D = \eng_c [61:0], Q = \resreg_56).
Adding EN signal on $procdff$86387 ($dff) from module b1_real_serial_0608 (D = \eng_c [61:0], Q = \resreg_55).
Adding EN signal on $procdff$86386 ($dff) from module b1_real_serial_0608 (D = \eng_c [61:0], Q = \resreg_54).
Adding EN signal on $procdff$86385 ($dff) from module b1_real_serial_0608 (D = \eng_c [61:0], Q = \resreg_53).
Adding EN signal on $procdff$86384 ($dff) from module b1_real_serial_0608 (D = \eng_c [61:0], Q = \resreg_52).
Adding EN signal on $procdff$86383 ($dff) from module b1_real_serial_0608 (D = \eng_c [61:0], Q = \resreg_51).
Adding EN signal on $procdff$86382 ($dff) from module b1_real_serial_0608 (D = \eng_c [61:0], Q = \resreg_50).
Adding EN signal on $procdff$86381 ($dff) from module b1_real_serial_0608 (D = \eng_c [61:0], Q = \resreg_49).
Adding EN signal on $procdff$86380 ($dff) from module b1_real_serial_0608 (D = \eng_c [61:0], Q = \resreg_48).
Adding EN signal on $procdff$86379 ($dff) from module b1_real_serial_0608 (D = \eng_c [61:0], Q = \resreg_47).
Adding EN signal on $procdff$86378 ($dff) from module b1_real_serial_0608 (D = \eng_c [61:0], Q = \resreg_46).
Adding EN signal on $procdff$86377 ($dff) from module b1_real_serial_0608 (D = \eng_c [61:0], Q = \resreg_45).
Adding EN signal on $procdff$86376 ($dff) from module b1_real_serial_0608 (D = \eng_c [61:0], Q = \resreg_44).
Adding EN signal on $procdff$86375 ($dff) from module b1_real_serial_0608 (D = \eng_c [61:0], Q = \resreg_43).
Adding EN signal on $procdff$86374 ($dff) from module b1_real_serial_0608 (D = \eng_c [61:0], Q = \resreg_42).
Adding EN signal on $procdff$86373 ($dff) from module b1_real_serial_0608 (D = \eng_c [61:0], Q = \resreg_41).
Adding EN signal on $procdff$86372 ($dff) from module b1_real_serial_0608 (D = \eng_c [61:0], Q = \resreg_40).
Adding EN signal on $procdff$86371 ($dff) from module b1_real_serial_0608 (D = \eng_c [61:0], Q = \resreg_39).
Adding EN signal on $procdff$86370 ($dff) from module b1_real_serial_0608 (D = \eng_c [61:0], Q = \resreg_38).
Adding EN signal on $procdff$86369 ($dff) from module b1_real_serial_0608 (D = \eng_c [61:0], Q = \resreg_37).
Adding EN signal on $procdff$86368 ($dff) from module b1_real_serial_0608 (D = \eng_c [61:0], Q = \resreg_36).
Adding EN signal on $procdff$86367 ($dff) from module b1_real_serial_0608 (D = \eng_c [61:0], Q = \resreg_35).
Adding EN signal on $procdff$86366 ($dff) from module b1_real_serial_0608 (D = \eng_c [61:0], Q = \resreg_34).
Adding EN signal on $procdff$86365 ($dff) from module b1_real_serial_0608 (D = \eng_c [61:0], Q = \resreg_33).
Adding EN signal on $procdff$86364 ($dff) from module b1_real_serial_0608 (D = \eng_c [61:0], Q = \resreg_32).
Adding EN signal on $procdff$86363 ($dff) from module b1_real_serial_0608 (D = \eng_c [61:0], Q = \resreg_31).
Adding EN signal on $procdff$86362 ($dff) from module b1_real_serial_0608 (D = \eng_c [61:0], Q = \resreg_30).
Adding EN signal on $procdff$86361 ($dff) from module b1_real_serial_0608 (D = \eng_c [61:0], Q = \resreg_29).
Adding EN signal on $procdff$86360 ($dff) from module b1_real_serial_0608 (D = \eng_c [61:0], Q = \resreg_28).
Adding EN signal on $procdff$86359 ($dff) from module b1_real_serial_0608 (D = \eng_c [61:0], Q = \resreg_27).
Adding EN signal on $procdff$86358 ($dff) from module b1_real_serial_0608 (D = \eng_c [61:0], Q = \resreg_26).
Adding EN signal on $procdff$86357 ($dff) from module b1_real_serial_0608 (D = \eng_c [61:0], Q = \resreg_25).
Adding EN signal on $procdff$86356 ($dff) from module b1_real_serial_0608 (D = \eng_c [61:0], Q = \resreg_24).
Adding EN signal on $procdff$86355 ($dff) from module b1_real_serial_0608 (D = \eng_c [61:0], Q = \resreg_23).
Adding EN signal on $procdff$86354 ($dff) from module b1_real_serial_0608 (D = \eng_c [61:0], Q = \resreg_22).
Adding EN signal on $procdff$86353 ($dff) from module b1_real_serial_0608 (D = \eng_c [61:0], Q = \resreg_21).
Adding EN signal on $procdff$86352 ($dff) from module b1_real_serial_0608 (D = \eng_c [61:0], Q = \resreg_20).
Adding EN signal on $procdff$86351 ($dff) from module b1_real_serial_0608 (D = \eng_c [61:0], Q = \resreg_19).
Adding EN signal on $procdff$86350 ($dff) from module b1_real_serial_0608 (D = \eng_c [61:0], Q = \resreg_18).
Adding EN signal on $procdff$86349 ($dff) from module b1_real_serial_0608 (D = \eng_c [61:0], Q = \resreg_17).
Adding EN signal on $procdff$86348 ($dff) from module b1_real_serial_0608 (D = \eng_c [61:0], Q = \resreg_16).
Adding EN signal on $procdff$86347 ($dff) from module b1_real_serial_0608 (D = \eng_c [61:0], Q = \resreg_15).
Adding EN signal on $procdff$86346 ($dff) from module b1_real_serial_0608 (D = \eng_c [61:0], Q = \resreg_14).
Adding EN signal on $procdff$86345 ($dff) from module b1_real_serial_0608 (D = \eng_c [61:0], Q = \resreg_13).
Adding EN signal on $procdff$86344 ($dff) from module b1_real_serial_0608 (D = \eng_c [61:0], Q = \resreg_12).
Adding EN signal on $procdff$86343 ($dff) from module b1_real_serial_0608 (D = \eng_c [61:0], Q = \resreg_11).
Adding EN signal on $procdff$86342 ($dff) from module b1_real_serial_0608 (D = \eng_c [61:0], Q = \resreg_10).
Adding EN signal on $procdff$86341 ($dff) from module b1_real_serial_0608 (D = \eng_c [61:0], Q = \resreg_9).
Adding EN signal on $procdff$86340 ($dff) from module b1_real_serial_0608 (D = \eng_c [61:0], Q = \resreg_8).
Adding EN signal on $procdff$86339 ($dff) from module b1_real_serial_0608 (D = \eng_c [61:0], Q = \resreg_7).
Adding EN signal on $procdff$86338 ($dff) from module b1_real_serial_0608 (D = \eng_c [61:0], Q = \resreg_6).
Adding EN signal on $procdff$86337 ($dff) from module b1_real_serial_0608 (D = \eng_c [61:0], Q = \resreg_5).
Adding EN signal on $procdff$86336 ($dff) from module b1_real_serial_0608 (D = \eng_c [61:0], Q = \resreg_4).
Adding EN signal on $procdff$86335 ($dff) from module b1_real_serial_0608 (D = \eng_c [61:0], Q = \resreg_3).
Adding EN signal on $procdff$86334 ($dff) from module b1_real_serial_0608 (D = \eng_c [61:0], Q = \resreg_2).
Adding EN signal on $procdff$86333 ($dff) from module b1_real_serial_0608 (D = \eng_c [61:0], Q = \resreg_1).
Adding EN signal on $procdff$86332 ($dff) from module b1_real_serial_0608 (D = \eng_c [61:0], Q = \resreg_0).
Adding SRST signal on $procdff$86331 ($dff) from module b1_real_serial_0608 (D = $procmux$85492_Y, Q = \job_idx, rval = 9'000000000).
Adding EN signal on $auto$ff.cc:266:slice$88799 ($sdff) from module b1_real_serial_0608 (D = $procmux$85492_Y, Q = \job_idx).
Adding SRST signal on $procdff$86330 ($dff) from module b1_real_serial_0608 (D = $procmux$85502_Y, Q = \cycle_count, rval = 16'0000000000000000).
Adding EN signal on $auto$ff.cc:266:slice$88809 ($sdff) from module b1_real_serial_0608 (D = $procmux$85502_Y, Q = \cycle_count).
Adding SRST signal on $procdff$86329 ($dff) from module b1_real_serial_0608 (D = $procmux$85509_Y, Q = \done, rval = 1'0).
Adding EN signal on $auto$ff.cc:266:slice$88813 ($sdff) from module b1_real_serial_0608 (D = $procmux$85509_Y, Q = \done).

9.8.7. Executing OPT_CLEAN pass (remove unused cells and wires).
Finding unused cells or wires in module \b1_r3_761_serial_0608_1414..
Finding unused cells or wires in module \b1_real_serial_0608..
Finding unused cells or wires in module \f3_add_0608..
Finding unused cells or wires in module \f3_mul_0608..
Finding unused cells or wires in module \f3_sub3_0608..
Finding unused cells or wires in module \sbr17_f3_0608..
Removed 1218 unused cells and 1226 unused wires.
<suppressed ~1219 debug messages>

9.8.8. Executing OPT_EXPR pass (perform const folding).
Optimizing module b1_r3_761_serial_0608_1414.
Optimizing module b1_real_serial_0608.
<suppressed ~3 debug messages>
Optimizing module f3_add_0608.
Optimizing module f3_mul_0608.
Optimizing module f3_sub3_0608.
Optimizing module sbr17_f3_0608.

9.8.9. Rerunning OPT passes. (Maybe there is more to do..)

9.8.10. Executing OPT_MUXTREE pass (detect dead branches in mux trees).
Running muxtree optimizer on module \b1_r3_761_serial_0608_1414..
  Creating internal representation of mux trees.
  No muxes found in this module.
Running muxtree optimizer on module \b1_real_serial_0608..
  Creating internal representation of mux trees.
  Evaluating internal representation of mux trees.
  Analyzing evaluation results.
Running muxtree optimizer on module \f3_add_0608..
  Creating internal representation of mux trees.
  Evaluating internal representation of mux trees.
  Analyzing evaluation results.
Running muxtree optimizer on module \f3_mul_0608..
  Creating internal representation of mux trees.
  No muxes found in this module.
Running muxtree optimizer on module \f3_sub3_0608..
  Creating internal representation of mux trees.
  Evaluating internal representation of mux trees.
  Analyzing evaluation results.
Running muxtree optimizer on module \sbr17_f3_0608..
  Creating internal representation of mux trees.
  No muxes found in this module.
Removed 0 multiplexer ports.
<suppressed ~7 debug messages>

9.8.11. Executing OPT_REDUCE pass (consolidate $*mux and $reduce_* inputs).
  Optimizing cells in module \b1_r3_761_serial_0608_1414.
  Optimizing cells in module \b1_real_serial_0608.
  Optimizing cells in module \f3_add_0608.
  Optimizing cells in module \f3_mul_0608.
  Optimizing cells in module \f3_sub3_0608.
  Optimizing cells in module \sbr17_f3_0608.
Performed a total of 0 changes.

9.8.12. Executing OPT_MERGE pass (detect identical cells).
Finding identical cells in module `\b1_r3_761_serial_0608_1414'.
Finding identical cells in module `\b1_real_serial_0608'.
<suppressed ~1215 debug messages>
Finding identical cells in module `\f3_add_0608'.
Finding identical cells in module `\f3_mul_0608'.
Finding identical cells in module `\f3_sub3_0608'.
Finding identical cells in module `\sbr17_f3_0608'.
Removed a total of 405 cells.

9.8.13. Executing OPT_DFF pass (perform DFF optimizations).

9.8.14. Executing OPT_CLEAN pass (remove unused cells and wires).
Finding unused cells or wires in module \b1_r3_761_serial_0608_1414..
Finding unused cells or wires in module \b1_real_serial_0608..
Finding unused cells or wires in module \f3_add_0608..
Finding unused cells or wires in module \f3_mul_0608..
Finding unused cells or wires in module \f3_sub3_0608..
Finding unused cells or wires in module \sbr17_f3_0608..
Removed 0 unused cells and 405 unused wires.
<suppressed ~1 debug messages>

9.8.15. Executing OPT_EXPR pass (perform const folding).
Optimizing module b1_r3_761_serial_0608_1414.
Optimizing module b1_real_serial_0608.
Optimizing module f3_add_0608.
Optimizing module f3_mul_0608.
Optimizing module f3_sub3_0608.
Optimizing module sbr17_f3_0608.

9.8.16. Rerunning OPT passes. (Maybe there is more to do..)

9.8.17. Executing OPT_MUXTREE pass (detect dead branches in mux trees).
Running muxtree optimizer on module \b1_r3_761_serial_0608_1414..
  Creating internal representation of mux trees.
  No muxes found in this module.
Running muxtree optimizer on module \b1_real_serial_0608..
  Creating internal representation of mux trees.
  Evaluating internal representation of mux trees.
  Analyzing evaluation results.
Running muxtree optimizer on module \f3_add_0608..
  Creating internal representation of mux trees.
  Evaluating internal representation of mux trees.
  Analyzing evaluation results.
Running muxtree optimizer on module \f3_mul_0608..
  Creating internal representation of mux trees.
  No muxes found in this module.
Running muxtree optimizer on module \f3_sub3_0608..
  Creating internal representation of mux trees.
  Evaluating internal representation of mux trees.
  Analyzing evaluation results.
Running muxtree optimizer on module \sbr17_f3_0608..
  Creating internal representation of mux trees.
  No muxes found in this module.
Removed 0 multiplexer ports.
<suppressed ~7 debug messages>

9.8.18. Executing OPT_REDUCE pass (consolidate $*mux and $reduce_* inputs).
  Optimizing cells in module \b1_r3_761_serial_0608_1414.
  Optimizing cells in module \b1_real_serial_0608.
  Optimizing cells in module \f3_add_0608.
  Optimizing cells in module \f3_mul_0608.
  Optimizing cells in module \f3_sub3_0608.
  Optimizing cells in module \sbr17_f3_0608.
Performed a total of 0 changes.

9.8.19. Executing OPT_MERGE pass (detect identical cells).
Finding identical cells in module `\b1_r3_761_serial_0608_1414'.
Finding identical cells in module `\b1_real_serial_0608'.
Finding identical cells in module `\f3_add_0608'.
Finding identical cells in module `\f3_mul_0608'.
Finding identical cells in module `\f3_sub3_0608'.
Finding identical cells in module `\sbr17_f3_0608'.
Removed a total of 0 cells.

9.8.20. Executing OPT_DFF pass (perform DFF optimizations).

9.8.21. Executing OPT_CLEAN pass (remove unused cells and wires).
Finding unused cells or wires in module \b1_r3_761_serial_0608_1414..
Finding unused cells or wires in module \b1_real_serial_0608..
Finding unused cells or wires in module \f3_add_0608..
Finding unused cells or wires in module \f3_mul_0608..
Finding unused cells or wires in module \f3_sub3_0608..
Finding unused cells or wires in module \sbr17_f3_0608..

9.8.22. Executing OPT_EXPR pass (perform const folding).
Optimizing module b1_r3_761_serial_0608_1414.
Optimizing module b1_real_serial_0608.
Optimizing module f3_add_0608.
Optimizing module f3_mul_0608.
Optimizing module f3_sub3_0608.
Optimizing module sbr17_f3_0608.

9.8.23. Finished OPT passes. (There is nothing left to do.)

9.9. Executing WREDUCE pass (reducing word size of cells).
Removed top 1 bits (of 9) from port B of cell b1_real_serial_0608.$procmux$12551_CMP0 ($eq).
Removed top 1 bits (of 9) from port B of cell b1_real_serial_0608.$procmux$12710_CMP0 ($eq).
Removed top 1 bits (of 9) from port B of cell b1_real_serial_0608.$procmux$12870_CMP0 ($eq).
Removed top 1 bits (of 9) from port B of cell b1_real_serial_0608.$procmux$13031_CMP0 ($eq).
Removed top 1 bits (of 9) from port B of cell b1_real_serial_0608.$procmux$13193_CMP0 ($eq).
Removed top 1 bits (of 9) from port B of cell b1_real_serial_0608.$procmux$13356_CMP0 ($eq).
Removed top 1 bits (of 9) from port B of cell b1_real_serial_0608.$procmux$13520_CMP0 ($eq).
Removed top 1 bits (of 9) from port B of cell b1_real_serial_0608.$procmux$13685_CMP0 ($eq).
Removed top 1 bits (of 9) from port B of cell b1_real_serial_0608.$procmux$13851_CMP0 ($eq).
Removed top 1 bits (of 9) from port B of cell b1_real_serial_0608.$procmux$14018_CMP0 ($eq).
Removed top 1 bits (of 9) from port B of cell b1_real_serial_0608.$procmux$14186_CMP0 ($eq).
Removed top 1 bits (of 9) from port B of cell b1_real_serial_0608.$procmux$14355_CMP0 ($eq).
Removed top 1 bits (of 9) from port B of cell b1_real_serial_0608.$procmux$14525_CMP0 ($eq).
Removed top 1 bits (of 9) from port B of cell b1_real_serial_0608.$procmux$14696_CMP0 ($eq).
Removed top 1 bits (of 9) from port B of cell b1_real_serial_0608.$procmux$14868_CMP0 ($eq).
Removed top 1 bits (of 9) from port B of cell b1_real_serial_0608.$procmux$15041_CMP0 ($eq).
Removed top 1 bits (of 9) from port B of cell b1_real_serial_0608.$procmux$15215_CMP0 ($eq).
Removed top 1 bits (of 9) from port B of cell b1_real_serial_0608.$procmux$15390_CMP0 ($eq).
Removed top 1 bits (of 9) from port B of cell b1_real_serial_0608.$procmux$15566_CMP0 ($eq).
Removed top 1 bits (of 9) from port B of cell b1_real_serial_0608.$procmux$15743_CMP0 ($eq).
Removed top 1 bits (of 9) from port B of cell b1_real_serial_0608.$procmux$15921_CMP0 ($eq).
Removed top 1 bits (of 9) from port B of cell b1_real_serial_0608.$procmux$16100_CMP0 ($eq).
Removed top 1 bits (of 9) from port B of cell b1_real_serial_0608.$procmux$16280_CMP0 ($eq).
Removed top 1 bits (of 9) from port B of cell b1_real_serial_0608.$procmux$16461_CMP0 ($eq).
Removed top 1 bits (of 9) from port B of cell b1_real_serial_0608.$procmux$16643_CMP0 ($eq).
Removed top 1 bits (of 9) from port B of cell b1_real_serial_0608.$procmux$16826_CMP0 ($eq).
Removed top 1 bits (of 9) from port B of cell b1_real_serial_0608.$procmux$17010_CMP0 ($eq).
Removed top 1 bits (of 9) from port B of cell b1_real_serial_0608.$procmux$17195_CMP0 ($eq).
Removed top 1 bits (of 9) from port B of cell b1_real_serial_0608.$procmux$17381_CMP0 ($eq).
Removed top 1 bits (of 9) from port B of cell b1_real_serial_0608.$procmux$17568_CMP0 ($eq).
Removed top 1 bits (of 9) from port B of cell b1_real_serial_0608.$procmux$17756_CMP0 ($eq).
Removed top 1 bits (of 9) from port B of cell b1_real_serial_0608.$procmux$17945_CMP0 ($eq).
Removed top 1 bits (of 9) from port B of cell b1_real_serial_0608.$procmux$18135_CMP0 ($eq).
Removed top 1 bits (of 9) from port B of cell b1_real_serial_0608.$procmux$18326_CMP0 ($eq).
Removed top 1 bits (of 9) from port B of cell b1_real_serial_0608.$procmux$18518_CMP0 ($eq).
Removed top 1 bits (of 9) from port B of cell b1_real_serial_0608.$procmux$18711_CMP0 ($eq).
Removed top 1 bits (of 9) from port B of cell b1_real_serial_0608.$procmux$18905_CMP0 ($eq).
Removed top 1 bits (of 9) from port B of cell b1_real_serial_0608.$procmux$19100_CMP0 ($eq).
Removed top 1 bits (of 9) from port B of cell b1_real_serial_0608.$procmux$19296_CMP0 ($eq).
Removed top 1 bits (of 9) from port B of cell b1_real_serial_0608.$procmux$19493_CMP0 ($eq).
Removed top 1 bits (of 9) from port B of cell b1_real_serial_0608.$procmux$19691_CMP0 ($eq).
Removed top 1 bits (of 9) from port B of cell b1_real_serial_0608.$procmux$19890_CMP0 ($eq).
Removed top 1 bits (of 9) from port B of cell b1_real_serial_0608.$procmux$20090_CMP0 ($eq).
Removed top 1 bits (of 9) from port B of cell b1_real_serial_0608.$procmux$20291_CMP0 ($eq).
Removed top 1 bits (of 9) from port B of cell b1_real_serial_0608.$procmux$20493_CMP0 ($eq).
Removed top 1 bits (of 9) from port B of cell b1_real_serial_0608.$procmux$20696_CMP0 ($eq).
Removed top 1 bits (of 9) from port B of cell b1_real_serial_0608.$procmux$20900_CMP0 ($eq).
Removed top 1 bits (of 9) from port B of cell b1_real_serial_0608.$procmux$21105_CMP0 ($eq).
Removed top 1 bits (of 9) from port B of cell b1_real_serial_0608.$procmux$21311_CMP0 ($eq).
Removed top 1 bits (of 9) from port B of cell b1_real_serial_0608.$procmux$21518_CMP0 ($eq).
Removed top 1 bits (of 9) from port B of cell b1_real_serial_0608.$procmux$21726_CMP0 ($eq).
Removed top 1 bits (of 9) from port B of cell b1_real_serial_0608.$procmux$21935_CMP0 ($eq).
Removed top 1 bits (of 9) from port B of cell b1_real_serial_0608.$procmux$22145_CMP0 ($eq).
Removed top 1 bits (of 9) from port B of cell b1_real_serial_0608.$procmux$22356_CMP0 ($eq).
Removed top 1 bits (of 9) from port B of cell b1_real_serial_0608.$procmux$22568_CMP0 ($eq).
Removed top 1 bits (of 9) from port B of cell b1_real_serial_0608.$procmux$22781_CMP0 ($eq).
Removed top 1 bits (of 9) from port B of cell b1_real_serial_0608.$procmux$22995_CMP0 ($eq).
Removed top 1 bits (of 9) from port B of cell b1_real_serial_0608.$procmux$23210_CMP0 ($eq).
Removed top 1 bits (of 9) from port B of cell b1_real_serial_0608.$procmux$23426_CMP0 ($eq).
Removed top 1 bits (of 9) from port B of cell b1_real_serial_0608.$procmux$23643_CMP0 ($eq).
Removed top 1 bits (of 9) from port B of cell b1_real_serial_0608.$procmux$23861_CMP0 ($eq).
Removed top 1 bits (of 9) from port B of cell b1_real_serial_0608.$procmux$24080_CMP0 ($eq).
Removed top 1 bits (of 9) from port B of cell b1_real_serial_0608.$procmux$24300_CMP0 ($eq).
Removed top 1 bits (of 9) from port B of cell b1_real_serial_0608.$procmux$24521_CMP0 ($eq).
Removed top 1 bits (of 9) from port B of cell b1_real_serial_0608.$procmux$24743_CMP0 ($eq).
Removed top 1 bits (of 9) from port B of cell b1_real_serial_0608.$procmux$24966_CMP0 ($eq).
Removed top 1 bits (of 9) from port B of cell b1_real_serial_0608.$procmux$25190_CMP0 ($eq).
Removed top 1 bits (of 9) from port B of cell b1_real_serial_0608.$procmux$25415_CMP0 ($eq).
Removed top 1 bits (of 9) from port B of cell b1_real_serial_0608.$procmux$25641_CMP0 ($eq).
Removed top 1 bits (of 9) from port B of cell b1_real_serial_0608.$procmux$25868_CMP0 ($eq).
Removed top 1 bits (of 9) from port B of cell b1_real_serial_0608.$procmux$26096_CMP0 ($eq).
Removed top 1 bits (of 9) from port B of cell b1_real_serial_0608.$procmux$26325_CMP0 ($eq).
Removed top 1 bits (of 9) from port B of cell b1_real_serial_0608.$procmux$26555_CMP0 ($eq).
Removed top 1 bits (of 9) from port B of cell b1_real_serial_0608.$procmux$26786_CMP0 ($eq).
Removed top 1 bits (of 9) from port B of cell b1_real_serial_0608.$procmux$27018_CMP0 ($eq).
Removed top 1 bits (of 9) from port B of cell b1_real_serial_0608.$procmux$27251_CMP0 ($eq).
Removed top 1 bits (of 9) from port B of cell b1_real_serial_0608.$procmux$27485_CMP0 ($eq).
Removed top 1 bits (of 9) from port B of cell b1_real_serial_0608.$procmux$27720_CMP0 ($eq).
Removed top 1 bits (of 9) from port B of cell b1_real_serial_0608.$procmux$27956_CMP0 ($eq).
Removed top 1 bits (of 9) from port B of cell b1_real_serial_0608.$procmux$28193_CMP0 ($eq).
Removed top 1 bits (of 9) from port B of cell b1_real_serial_0608.$procmux$28431_CMP0 ($eq).
Removed top 1 bits (of 9) from port B of cell b1_real_serial_0608.$procmux$28670_CMP0 ($eq).
Removed top 1 bits (of 9) from port B of cell b1_real_serial_0608.$procmux$28910_CMP0 ($eq).
Removed top 1 bits (of 9) from port B of cell b1_real_serial_0608.$procmux$29151_CMP0 ($eq).
Removed top 1 bits (of 9) from port B of cell b1_real_serial_0608.$procmux$29393_CMP0 ($eq).
Removed top 1 bits (of 9) from port B of cell b1_real_serial_0608.$procmux$29636_CMP0 ($eq).
Removed top 1 bits (of 9) from port B of cell b1_real_serial_0608.$procmux$29880_CMP0 ($eq).
Removed top 1 bits (of 9) from port B of cell b1_real_serial_0608.$procmux$30125_CMP0 ($eq).
Removed top 1 bits (of 9) from port B of cell b1_real_serial_0608.$procmux$30371_CMP0 ($eq).
Removed top 1 bits (of 9) from port B of cell b1_real_serial_0608.$procmux$30618_CMP0 ($eq).
Removed top 1 bits (of 9) from port B of cell b1_real_serial_0608.$procmux$30866_CMP0 ($eq).
Removed top 1 bits (of 9) from port B of cell b1_real_serial_0608.$procmux$31115_CMP0 ($eq).
Removed top 1 bits (of 9) from port B of cell b1_real_serial_0608.$procmux$31365_CMP0 ($eq).
Removed top 1 bits (of 9) from port B of cell b1_real_serial_0608.$procmux$31616_CMP0 ($eq).
Removed top 1 bits (of 9) from port B of cell b1_real_serial_0608.$procmux$31868_CMP0 ($eq).
Removed top 1 bits (of 9) from port B of cell b1_real_serial_0608.$procmux$32121_CMP0 ($eq).
Removed top 1 bits (of 9) from port B of cell b1_real_serial_0608.$procmux$32375_CMP0 ($eq).
Removed top 1 bits (of 9) from port B of cell b1_real_serial_0608.$procmux$32630_CMP0 ($eq).
Removed top 1 bits (of 9) from port B of cell b1_real_serial_0608.$procmux$32886_CMP0 ($eq).
Removed top 1 bits (of 9) from port B of cell b1_real_serial_0608.$procmux$33143_CMP0 ($eq).
Removed top 1 bits (of 9) from port B of cell b1_real_serial_0608.$procmux$33401_CMP0 ($eq).
Removed top 1 bits (of 9) from port B of cell b1_real_serial_0608.$procmux$33660_CMP0 ($eq).
Removed top 1 bits (of 9) from port B of cell b1_real_serial_0608.$procmux$33920_CMP0 ($eq).
Removed top 1 bits (of 9) from port B of cell b1_real_serial_0608.$procmux$34181_CMP0 ($eq).
Removed top 1 bits (of 9) from port B of cell b1_real_serial_0608.$procmux$34443_CMP0 ($eq).
Removed top 1 bits (of 9) from port B of cell b1_real_serial_0608.$procmux$34706_CMP0 ($eq).
Removed top 1 bits (of 9) from port B of cell b1_real_serial_0608.$procmux$34970_CMP0 ($eq).
Removed top 1 bits (of 9) from port B of cell b1_real_serial_0608.$procmux$35235_CMP0 ($eq).
Removed top 1 bits (of 9) from port B of cell b1_real_serial_0608.$procmux$35501_CMP0 ($eq).
Removed top 1 bits (of 9) from port B of cell b1_real_serial_0608.$procmux$35768_CMP0 ($eq).
Removed top 1 bits (of 9) from port B of cell b1_real_serial_0608.$procmux$36036_CMP0 ($eq).
Removed top 1 bits (of 9) from port B of cell b1_real_serial_0608.$procmux$36305_CMP0 ($eq).
Removed top 1 bits (of 9) from port B of cell b1_real_serial_0608.$procmux$36575_CMP0 ($eq).
Removed top 1 bits (of 9) from port B of cell b1_real_serial_0608.$procmux$36846_CMP0 ($eq).
Removed top 1 bits (of 9) from port B of cell b1_real_serial_0608.$procmux$37118_CMP0 ($eq).
Removed top 1 bits (of 9) from port B of cell b1_real_serial_0608.$procmux$37391_CMP0 ($eq).
Removed top 1 bits (of 9) from port B of cell b1_real_serial_0608.$procmux$37665_CMP0 ($eq).
Removed top 1 bits (of 9) from port B of cell b1_real_serial_0608.$procmux$37940_CMP0 ($eq).
Removed top 1 bits (of 9) from port B of cell b1_real_serial_0608.$procmux$38216_CMP0 ($eq).
Removed top 1 bits (of 9) from port B of cell b1_real_serial_0608.$procmux$38493_CMP0 ($eq).
Removed top 1 bits (of 9) from port B of cell b1_real_serial_0608.$procmux$38771_CMP0 ($eq).
Removed top 1 bits (of 9) from port B of cell b1_real_serial_0608.$procmux$39050_CMP0 ($eq).
Removed top 1 bits (of 9) from port B of cell b1_real_serial_0608.$procmux$39330_CMP0 ($eq).
Removed top 1 bits (of 9) from port B of cell b1_real_serial_0608.$procmux$39611_CMP0 ($eq).
Removed top 1 bits (of 9) from port B of cell b1_real_serial_0608.$procmux$39893_CMP0 ($eq).
Removed top 1 bits (of 9) from port B of cell b1_real_serial_0608.$procmux$40176_CMP0 ($eq).
Removed top 1 bits (of 9) from port B of cell b1_real_serial_0608.$procmux$40460_CMP0 ($eq).
Removed top 1 bits (of 9) from port B of cell b1_real_serial_0608.$procmux$40745_CMP0 ($eq).
Removed top 2 bits (of 9) from port B of cell b1_real_serial_0608.$procmux$41031_CMP0 ($eq).
Removed top 2 bits (of 9) from port B of cell b1_real_serial_0608.$procmux$41318_CMP0 ($eq).
Removed top 2 bits (of 9) from port B of cell b1_real_serial_0608.$procmux$41606_CMP0 ($eq).
Removed top 2 bits (of 9) from port B of cell b1_real_serial_0608.$procmux$41895_CMP0 ($eq).
Removed top 2 bits (of 9) from port B of cell b1_real_serial_0608.$procmux$42185_CMP0 ($eq).
Removed top 2 bits (of 9) from port B of cell b1_real_serial_0608.$procmux$42476_CMP0 ($eq).
Removed top 2 bits (of 9) from port B of cell b1_real_serial_0608.$procmux$42768_CMP0 ($eq).
Removed top 2 bits (of 9) from port B of cell b1_real_serial_0608.$procmux$43061_CMP0 ($eq).
Removed top 2 bits (of 9) from port B of cell b1_real_serial_0608.$procmux$43355_CMP0 ($eq).
Removed top 2 bits (of 9) from port B of cell b1_real_serial_0608.$procmux$43650_CMP0 ($eq).
Removed top 2 bits (of 9) from port B of cell b1_real_serial_0608.$procmux$43946_CMP0 ($eq).
Removed top 2 bits (of 9) from port B of cell b1_real_serial_0608.$procmux$44243_CMP0 ($eq).
Removed top 2 bits (of 9) from port B of cell b1_real_serial_0608.$procmux$44541_CMP0 ($eq).
Removed top 2 bits (of 9) from port B of cell b1_real_serial_0608.$procmux$44840_CMP0 ($eq).
Removed top 2 bits (of 9) from port B of cell b1_real_serial_0608.$procmux$45140_CMP0 ($eq).
Removed top 2 bits (of 9) from port B of cell b1_real_serial_0608.$procmux$45441_CMP0 ($eq).
Removed top 2 bits (of 9) from port B of cell b1_real_serial_0608.$procmux$45743_CMP0 ($eq).
Removed top 2 bits (of 9) from port B of cell b1_real_serial_0608.$procmux$46046_CMP0 ($eq).
Removed top 2 bits (of 9) from port B of cell b1_real_serial_0608.$procmux$46350_CMP0 ($eq).
Removed top 2 bits (of 9) from port B of cell b1_real_serial_0608.$procmux$46655_CMP0 ($eq).
Removed top 2 bits (of 9) from port B of cell b1_real_serial_0608.$procmux$46961_CMP0 ($eq).
Removed top 2 bits (of 9) from port B of cell b1_real_serial_0608.$procmux$47268_CMP0 ($eq).
Removed top 2 bits (of 9) from port B of cell b1_real_serial_0608.$procmux$47576_CMP0 ($eq).
Removed top 2 bits (of 9) from port B of cell b1_real_serial_0608.$procmux$47885_CMP0 ($eq).
Removed top 2 bits (of 9) from port B of cell b1_real_serial_0608.$procmux$48195_CMP0 ($eq).
Removed top 2 bits (of 9) from port B of cell b1_real_serial_0608.$procmux$48506_CMP0 ($eq).
Removed top 2 bits (of 9) from port B of cell b1_real_serial_0608.$procmux$48818_CMP0 ($eq).
Removed top 2 bits (of 9) from port B of cell b1_real_serial_0608.$procmux$49131_CMP0 ($eq).
Removed top 2 bits (of 9) from port B of cell b1_real_serial_0608.$procmux$49445_CMP0 ($eq).
Removed top 2 bits (of 9) from port B of cell b1_real_serial_0608.$procmux$49760_CMP0 ($eq).
Removed top 2 bits (of 9) from port B of cell b1_real_serial_0608.$procmux$50076_CMP0 ($eq).
Removed top 2 bits (of 9) from port B of cell b1_real_serial_0608.$procmux$50393_CMP0 ($eq).
Removed top 2 bits (of 9) from port B of cell b1_real_serial_0608.$procmux$50711_CMP0 ($eq).
Removed top 2 bits (of 9) from port B of cell b1_real_serial_0608.$procmux$51030_CMP0 ($eq).
Removed top 2 bits (of 9) from port B of cell b1_real_serial_0608.$procmux$51350_CMP0 ($eq).
Removed top 2 bits (of 9) from port B of cell b1_real_serial_0608.$procmux$51671_CMP0 ($eq).
Removed top 2 bits (of 9) from port B of cell b1_real_serial_0608.$procmux$51993_CMP0 ($eq).
Removed top 2 bits (of 9) from port B of cell b1_real_serial_0608.$procmux$52316_CMP0 ($eq).
Removed top 2 bits (of 9) from port B of cell b1_real_serial_0608.$procmux$52640_CMP0 ($eq).
Removed top 2 bits (of 9) from port B of cell b1_real_serial_0608.$procmux$52965_CMP0 ($eq).
Removed top 2 bits (of 9) from port B of cell b1_real_serial_0608.$procmux$53291_CMP0 ($eq).
Removed top 2 bits (of 9) from port B of cell b1_real_serial_0608.$procmux$53618_CMP0 ($eq).
Removed top 2 bits (of 9) from port B of cell b1_real_serial_0608.$procmux$53946_CMP0 ($eq).
Removed top 2 bits (of 9) from port B of cell b1_real_serial_0608.$procmux$54275_CMP0 ($eq).
Removed top 2 bits (of 9) from port B of cell b1_real_serial_0608.$procmux$54605_CMP0 ($eq).
Removed top 2 bits (of 9) from port B of cell b1_real_serial_0608.$procmux$54936_CMP0 ($eq).
Removed top 2 bits (of 9) from port B of cell b1_real_serial_0608.$procmux$55268_CMP0 ($eq).
Removed top 2 bits (of 9) from port B of cell b1_real_serial_0608.$procmux$55601_CMP0 ($eq).
Removed top 2 bits (of 9) from port B of cell b1_real_serial_0608.$procmux$55935_CMP0 ($eq).
Removed top 2 bits (of 9) from port B of cell b1_real_serial_0608.$procmux$56270_CMP0 ($eq).
Removed top 2 bits (of 9) from port B of cell b1_real_serial_0608.$procmux$56606_CMP0 ($eq).
Removed top 2 bits (of 9) from port B of cell b1_real_serial_0608.$procmux$56943_CMP0 ($eq).
Removed top 2 bits (of 9) from port B of cell b1_real_serial_0608.$procmux$57281_CMP0 ($eq).
Removed top 2 bits (of 9) from port B of cell b1_real_serial_0608.$procmux$57620_CMP0 ($eq).
Removed top 2 bits (of 9) from port B of cell b1_real_serial_0608.$procmux$57960_CMP0 ($eq).
Removed top 2 bits (of 9) from port B of cell b1_real_serial_0608.$procmux$58301_CMP0 ($eq).
Removed top 2 bits (of 9) from port B of cell b1_real_serial_0608.$procmux$58643_CMP0 ($eq).
Removed top 2 bits (of 9) from port B of cell b1_real_serial_0608.$procmux$58986_CMP0 ($eq).
Removed top 2 bits (of 9) from port B of cell b1_real_serial_0608.$procmux$59330_CMP0 ($eq).
Removed top 2 bits (of 9) from port B of cell b1_real_serial_0608.$procmux$59675_CMP0 ($eq).
Removed top 2 bits (of 9) from port B of cell b1_real_serial_0608.$procmux$60021_CMP0 ($eq).
Removed top 2 bits (of 9) from port B of cell b1_real_serial_0608.$procmux$60368_CMP0 ($eq).
Removed top 2 bits (of 9) from port B of cell b1_real_serial_0608.$procmux$60716_CMP0 ($eq).
Removed top 2 bits (of 9) from port B of cell b1_real_serial_0608.$procmux$61065_CMP0 ($eq).
Removed top 3 bits (of 9) from port B of cell b1_real_serial_0608.$procmux$61415_CMP0 ($eq).
Removed top 3 bits (of 9) from port B of cell b1_real_serial_0608.$procmux$61766_CMP0 ($eq).
Removed top 3 bits (of 9) from port B of cell b1_real_serial_0608.$procmux$62118_CMP0 ($eq).
Removed top 3 bits (of 9) from port B of cell b1_real_serial_0608.$procmux$62471_CMP0 ($eq).
Removed top 3 bits (of 9) from port B of cell b1_real_serial_0608.$procmux$62825_CMP0 ($eq).
Removed top 3 bits (of 9) from port B of cell b1_real_serial_0608.$procmux$63180_CMP0 ($eq).
Removed top 3 bits (of 9) from port B of cell b1_real_serial_0608.$procmux$63536_CMP0 ($eq).
Removed top 3 bits (of 9) from port B of cell b1_real_serial_0608.$procmux$63893_CMP0 ($eq).
Removed top 3 bits (of 9) from port B of cell b1_real_serial_0608.$procmux$64251_CMP0 ($eq).
Removed top 3 bits (of 9) from port B of cell b1_real_serial_0608.$procmux$64610_CMP0 ($eq).
Removed top 3 bits (of 9) from port B of cell b1_real_serial_0608.$procmux$64970_CMP0 ($eq).
Removed top 3 bits (of 9) from port B of cell b1_real_serial_0608.$procmux$65331_CMP0 ($eq).
Removed top 3 bits (of 9) from port B of cell b1_real_serial_0608.$procmux$65693_CMP0 ($eq).
Removed top 3 bits (of 9) from port B of cell b1_real_serial_0608.$procmux$66056_CMP0 ($eq).
Removed top 3 bits (of 9) from port B of cell b1_real_serial_0608.$procmux$66420_CMP0 ($eq).
Removed top 3 bits (of 9) from port B of cell b1_real_serial_0608.$procmux$66785_CMP0 ($eq).
Removed top 3 bits (of 9) from port B of cell b1_real_serial_0608.$procmux$67151_CMP0 ($eq).
Removed top 3 bits (of 9) from port B of cell b1_real_serial_0608.$procmux$67518_CMP0 ($eq).
Removed top 3 bits (of 9) from port B of cell b1_real_serial_0608.$procmux$67886_CMP0 ($eq).
Removed top 3 bits (of 9) from port B of cell b1_real_serial_0608.$procmux$68255_CMP0 ($eq).
Removed top 3 bits (of 9) from port B of cell b1_real_serial_0608.$procmux$68625_CMP0 ($eq).
Removed top 3 bits (of 9) from port B of cell b1_real_serial_0608.$procmux$68996_CMP0 ($eq).
Removed top 3 bits (of 9) from port B of cell b1_real_serial_0608.$procmux$69368_CMP0 ($eq).
Removed top 3 bits (of 9) from port B of cell b1_real_serial_0608.$procmux$69741_CMP0 ($eq).
Removed top 3 bits (of 9) from port B of cell b1_real_serial_0608.$procmux$70115_CMP0 ($eq).
Removed top 3 bits (of 9) from port B of cell b1_real_serial_0608.$procmux$70490_CMP0 ($eq).
Removed top 3 bits (of 9) from port B of cell b1_real_serial_0608.$procmux$70866_CMP0 ($eq).
Removed top 3 bits (of 9) from port B of cell b1_real_serial_0608.$procmux$71243_CMP0 ($eq).
Removed top 3 bits (of 9) from port B of cell b1_real_serial_0608.$procmux$71621_CMP0 ($eq).
Removed top 3 bits (of 9) from port B of cell b1_real_serial_0608.$procmux$72000_CMP0 ($eq).
Removed top 3 bits (of 9) from port B of cell b1_real_serial_0608.$procmux$72380_CMP0 ($eq).
Removed top 3 bits (of 9) from port B of cell b1_real_serial_0608.$procmux$72761_CMP0 ($eq).
Removed top 4 bits (of 9) from port B of cell b1_real_serial_0608.$procmux$73143_CMP0 ($eq).
Removed top 4 bits (of 9) from port B of cell b1_real_serial_0608.$procmux$73526_CMP0 ($eq).
Removed top 4 bits (of 9) from port B of cell b1_real_serial_0608.$procmux$73910_CMP0 ($eq).
Removed top 4 bits (of 9) from port B of cell b1_real_serial_0608.$procmux$74295_CMP0 ($eq).
Removed top 4 bits (of 9) from port B of cell b1_real_serial_0608.$procmux$74681_CMP0 ($eq).
Removed top 4 bits (of 9) from port B of cell b1_real_serial_0608.$procmux$75068_CMP0 ($eq).
Removed top 4 bits (of 9) from port B of cell b1_real_serial_0608.$procmux$75456_CMP0 ($eq).
Removed top 4 bits (of 9) from port B of cell b1_real_serial_0608.$procmux$75845_CMP0 ($eq).
Removed top 4 bits (of 9) from port B of cell b1_real_serial_0608.$procmux$76235_CMP0 ($eq).
Removed top 4 bits (of 9) from port B of cell b1_real_serial_0608.$procmux$76626_CMP0 ($eq).
Removed top 4 bits (of 9) from port B of cell b1_real_serial_0608.$procmux$77018_CMP0 ($eq).
Removed top 4 bits (of 9) from port B of cell b1_real_serial_0608.$procmux$77411_CMP0 ($eq).
Removed top 4 bits (of 9) from port B of cell b1_real_serial_0608.$procmux$77805_CMP0 ($eq).
Removed top 4 bits (of 9) from port B of cell b1_real_serial_0608.$procmux$78200_CMP0 ($eq).
Removed top 4 bits (of 9) from port B of cell b1_real_serial_0608.$procmux$78596_CMP0 ($eq).
Removed top 4 bits (of 9) from port B of cell b1_real_serial_0608.$procmux$78993_CMP0 ($eq).
Removed top 5 bits (of 9) from port B of cell b1_real_serial_0608.$procmux$79391_CMP0 ($eq).
Removed top 5 bits (of 9) from port B of cell b1_real_serial_0608.$procmux$79790_CMP0 ($eq).
Removed top 5 bits (of 9) from port B of cell b1_real_serial_0608.$procmux$80190_CMP0 ($eq).
Removed top 5 bits (of 9) from port B of cell b1_real_serial_0608.$procmux$80591_CMP0 ($eq).
Removed top 5 bits (of 9) from port B of cell b1_real_serial_0608.$procmux$80993_CMP0 ($eq).
Removed top 5 bits (of 9) from port B of cell b1_real_serial_0608.$procmux$81396_CMP0 ($eq).
Removed top 5 bits (of 9) from port B of cell b1_real_serial_0608.$procmux$81800_CMP0 ($eq).
Removed top 5 bits (of 9) from port B of cell b1_real_serial_0608.$procmux$82205_CMP0 ($eq).
Removed top 6 bits (of 9) from port B of cell b1_real_serial_0608.$procmux$82611_CMP0 ($eq).
Removed top 6 bits (of 9) from port B of cell b1_real_serial_0608.$procmux$83018_CMP0 ($eq).
Removed top 6 bits (of 9) from port B of cell b1_real_serial_0608.$procmux$83426_CMP0 ($eq).
Removed top 6 bits (of 9) from port B of cell b1_real_serial_0608.$procmux$83835_CMP0 ($eq).
Removed top 7 bits (of 9) from port B of cell b1_real_serial_0608.$procmux$84245_CMP0 ($eq).
Removed top 7 bits (of 9) from port B of cell b1_real_serial_0608.$procmux$84656_CMP0 ($eq).
Removed top 8 bits (of 9) from port B of cell b1_real_serial_0608.$procmux$85068_CMP0 ($eq).
Removed top 2 bits (of 34) from wire b1_real_serial_0608.jobA_0.
Removed top 2 bits (of 34) from wire b1_real_serial_0608.jobA_1.
Removed top 2 bits (of 34) from wire b1_real_serial_0608.jobA_10.
Removed top 2 bits (of 34) from wire b1_real_serial_0608.jobA_100.
Removed top 2 bits (of 34) from wire b1_real_serial_0608.jobA_101.
Removed top 2 bits (of 34) from wire b1_real_serial_0608.jobA_102.
Removed top 2 bits (of 34) from wire b1_real_serial_0608.jobA_103.
Removed top 2 bits (of 34) from wire b1_real_serial_0608.jobA_104.
Removed top 2 bits (of 34) from wire b1_real_serial_0608.jobA_105.
Removed top 2 bits (of 34) from wire b1_real_serial_0608.jobA_106.
Removed top 2 bits (of 34) from wire b1_real_serial_0608.jobA_107.
Removed top 2 bits (of 34) from wire b1_real_serial_0608.jobA_108.
Removed top 2 bits (of 34) from wire b1_real_serial_0608.jobA_109.
Removed top 2 bits (of 34) from wire b1_real_serial_0608.jobA_11.
Removed top 2 bits (of 34) from wire b1_real_serial_0608.jobA_110.
Removed top 2 bits (of 34) from wire b1_real_serial_0608.jobA_111.
Removed top 2 bits (of 34) from wire b1_real_serial_0608.jobA_112.
Removed top 2 bits (of 34) from wire b1_real_serial_0608.jobA_113.
Removed top 2 bits (of 34) from wire b1_real_serial_0608.jobA_114.
Removed top 2 bits (of 34) from wire b1_real_serial_0608.jobA_115.
Removed top 2 bits (of 34) from wire b1_real_serial_0608.jobA_116.
Removed top 2 bits (of 34) from wire b1_real_serial_0608.jobA_117.
Removed top 2 bits (of 34) from wire b1_real_serial_0608.jobA_118.
Removed top 2 bits (of 34) from wire b1_real_serial_0608.jobA_119.
Removed top 2 bits (of 34) from wire b1_real_serial_0608.jobA_12.
Removed top 2 bits (of 34) from wire b1_real_serial_0608.jobA_120.
Removed top 2 bits (of 34) from wire b1_real_serial_0608.jobA_121.
Removed top 2 bits (of 34) from wire b1_real_serial_0608.jobA_122.
Removed top 2 bits (of 34) from wire b1_real_serial_0608.jobA_123.
Removed top 2 bits (of 34) from wire b1_real_serial_0608.jobA_124.
Removed top 2 bits (of 34) from wire b1_real_serial_0608.jobA_125.
Removed top 2 bits (of 34) from wire b1_real_serial_0608.jobA_126.
Removed top 2 bits (of 34) from wire b1_real_serial_0608.jobA_127.
Removed top 2 bits (of 34) from wire b1_real_serial_0608.jobA_128.
Removed top 2 bits (of 34) from wire b1_real_serial_0608.jobA_129.
Removed top 2 bits (of 34) from wire b1_real_serial_0608.jobA_13.
Removed top 2 bits (of 34) from wire b1_real_serial_0608.jobA_130.
Removed top 2 bits (of 34) from wire b1_real_serial_0608.jobA_131.
Removed top 2 bits (of 34) from wire b1_real_serial_0608.jobA_132.
Removed top 2 bits (of 34) from wire b1_real_serial_0608.jobA_133.
Removed top 2 bits (of 34) from wire b1_real_serial_0608.jobA_134.
Removed top 2 bits (of 34) from wire b1_real_serial_0608.jobA_135.
Removed top 2 bits (of 34) from wire b1_real_serial_0608.jobA_136.
Removed top 2 bits (of 34) from wire b1_real_serial_0608.jobA_137.
Removed top 2 bits (of 34) from wire b1_real_serial_0608.jobA_138.
Removed top 2 bits (of 34) from wire b1_real_serial_0608.jobA_139.
Removed top 2 bits (of 34) from wire b1_real_serial_0608.jobA_14.
Removed top 2 bits (of 34) from wire b1_real_serial_0608.jobA_140.
Removed top 2 bits (of 34) from wire b1_real_serial_0608.jobA_141.
Removed top 2 bits (of 34) from wire b1_real_serial_0608.jobA_142.
Removed top 2 bits (of 34) from wire b1_real_serial_0608.jobA_143.
Removed top 2 bits (of 34) from wire b1_real_serial_0608.jobA_144.
Removed top 2 bits (of 34) from wire b1_real_serial_0608.jobA_145.
Removed top 2 bits (of 34) from wire b1_real_serial_0608.jobA_146.
Removed top 2 bits (of 34) from wire b1_real_serial_0608.jobA_147.
Removed top 2 bits (of 34) from wire b1_real_serial_0608.jobA_148.
Removed top 2 bits (of 34) from wire b1_real_serial_0608.jobA_149.
Removed top 2 bits (of 34) from wire b1_real_serial_0608.jobA_15.
Removed top 2 bits (of 34) from wire b1_real_serial_0608.jobA_150.
Removed top 2 bits (of 34) from wire b1_real_serial_0608.jobA_151.
Removed top 2 bits (of 34) from wire b1_real_serial_0608.jobA_152.
Removed top 2 bits (of 34) from wire b1_real_serial_0608.jobA_153.
Removed top 2 bits (of 34) from wire b1_real_serial_0608.jobA_154.
Removed top 2 bits (of 34) from wire b1_real_serial_0608.jobA_155.
Removed top 2 bits (of 34) from wire b1_real_serial_0608.jobA_156.
Removed top 2 bits (of 34) from wire b1_real_serial_0608.jobA_157.
Removed top 2 bits (of 34) from wire b1_real_serial_0608.jobA_158.
Removed top 2 bits (of 34) from wire b1_real_serial_0608.jobA_159.
Removed top 2 bits (of 34) from wire b1_real_serial_0608.jobA_16.
Removed top 2 bits (of 34) from wire b1_real_serial_0608.jobA_160.
Removed top 2 bits (of 34) from wire b1_real_serial_0608.jobA_161.
Removed top 2 bits (of 34) from wire b1_real_serial_0608.jobA_162.
Removed top 2 bits (of 34) from wire b1_real_serial_0608.jobA_163.
Removed top 2 bits (of 34) from wire b1_real_serial_0608.jobA_164.
Removed top 2 bits (of 34) from wire b1_real_serial_0608.jobA_165.
Removed top 2 bits (of 34) from wire b1_real_serial_0608.jobA_166.
Removed top 2 bits (of 34) from wire b1_real_serial_0608.jobA_167.
Removed top 2 bits (of 34) from wire b1_real_serial_0608.jobA_168.
Removed top 2 bits (of 34) from wire b1_real_serial_0608.jobA_169.
Removed top 2 bits (of 34) from wire b1_real_serial_0608.jobA_17.
Removed top 2 bits (of 34) from wire b1_real_serial_0608.jobA_170.
Removed top 2 bits (of 34) from wire b1_real_serial_0608.jobA_171.
Removed top 2 bits (of 34) from wire b1_real_serial_0608.jobA_172.
Removed top 2 bits (of 34) from wire b1_real_serial_0608.jobA_173.
Removed top 2 bits (of 34) from wire b1_real_serial_0608.jobA_174.
Removed top 2 bits (of 34) from wire b1_real_serial_0608.jobA_175.
Removed top 2 bits (of 34) from wire b1_real_serial_0608.jobA_176.
Removed top 2 bits (of 34) from wire b1_real_serial_0608.jobA_177.
Removed top 2 bits (of 34) from wire b1_real_serial_0608.jobA_178.
Removed top 2 bits (of 34) from wire b1_real_serial_0608.jobA_179.
Removed top 2 bits (of 34) from wire b1_real_serial_0608.jobA_18.
Removed top 2 bits (of 34) from wire b1_real_serial_0608.jobA_180.
Removed top 2 bits (of 34) from wire b1_real_serial_0608.jobA_181.
Removed top 2 bits (of 34) from wire b1_real_serial_0608.jobA_182.
Removed top 2 bits (of 34) from wire b1_real_serial_0608.jobA_183.
Removed top 2 bits (of 34) from wire b1_real_serial_0608.jobA_184.
Removed top 2 bits (of 34) from wire b1_real_serial_0608.jobA_185.
Removed top 2 bits (of 34) from wire b1_real_serial_0608.jobA_186.
Removed top 2 bits (of 34) from wire b1_real_serial_0608.jobA_187.
Removed top 2 bits (of 34) from wire b1_real_serial_0608.jobA_188.
Removed top 2 bits (of 34) from wire b1_real_serial_0608.jobA_189.
Removed top 2 bits (of 34) from wire b1_real_serial_0608.jobA_19.
Removed top 2 bits (of 34) from wire b1_real_serial_0608.jobA_190.
Removed top 2 bits (of 34) from wire b1_real_serial_0608.jobA_191.
Removed top 2 bits (of 34) from wire b1_real_serial_0608.jobA_192.
Removed top 2 bits (of 34) from wire b1_real_serial_0608.jobA_193.
Removed top 2 bits (of 34) from wire b1_real_serial_0608.jobA_194.
Removed top 2 bits (of 34) from wire b1_real_serial_0608.jobA_195.
Removed top 2 bits (of 34) from wire b1_real_serial_0608.jobA_196.
Removed top 2 bits (of 34) from wire b1_real_serial_0608.jobA_197.
Removed top 2 bits (of 34) from wire b1_real_serial_0608.jobA_198.
Removed top 2 bits (of 34) from wire b1_real_serial_0608.jobA_199.
Removed top 2 bits (of 34) from wire b1_real_serial_0608.jobA_2.
Removed top 2 bits (of 34) from wire b1_real_serial_0608.jobA_20.
Removed top 2 bits (of 34) from wire b1_real_serial_0608.jobA_200.
Removed top 2 bits (of 34) from wire b1_real_serial_0608.jobA_201.
Removed top 2 bits (of 34) from wire b1_real_serial_0608.jobA_202.
Removed top 2 bits (of 34) from wire b1_real_serial_0608.jobA_203.
Removed top 2 bits (of 34) from wire b1_real_serial_0608.jobA_204.
Removed top 2 bits (of 34) from wire b1_real_serial_0608.jobA_205.
Removed top 2 bits (of 34) from wire b1_real_serial_0608.jobA_206.
Removed top 2 bits (of 34) from wire b1_real_serial_0608.jobA_207.
Removed top 2 bits (of 34) from wire b1_real_serial_0608.jobA_208.
Removed top 2 bits (of 34) from wire b1_real_serial_0608.jobA_209.
Removed top 2 bits (of 34) from wire b1_real_serial_0608.jobA_21.
Removed top 2 bits (of 34) from wire b1_real_serial_0608.jobA_210.
Removed top 2 bits (of 34) from wire b1_real_serial_0608.jobA_211.
Removed top 2 bits (of 34) from wire b1_real_serial_0608.jobA_212.
Removed top 2 bits (of 34) from wire b1_real_serial_0608.jobA_213.
Removed top 2 bits (of 34) from wire b1_real_serial_0608.jobA_214.
Removed top 2 bits (of 34) from wire b1_real_serial_0608.jobA_215.
Removed top 2 bits (of 34) from wire b1_real_serial_0608.jobA_216.
Removed top 2 bits (of 34) from wire b1_real_serial_0608.jobA_217.
Removed top 2 bits (of 34) from wire b1_real_serial_0608.jobA_218.
Removed top 2 bits (of 34) from wire b1_real_serial_0608.jobA_219.
Removed top 2 bits (of 34) from wire b1_real_serial_0608.jobA_22.
Removed top 2 bits (of 34) from wire b1_real_serial_0608.jobA_220.
Removed top 2 bits (of 34) from wire b1_real_serial_0608.jobA_221.
Removed top 2 bits (of 34) from wire b1_real_serial_0608.jobA_222.
Removed top 2 bits (of 34) from wire b1_real_serial_0608.jobA_223.
Removed top 2 bits (of 34) from wire b1_real_serial_0608.jobA_224.
Removed top 2 bits (of 34) from wire b1_real_serial_0608.jobA_225.
Removed top 2 bits (of 34) from wire b1_real_serial_0608.jobA_226.
Removed top 2 bits (of 34) from wire b1_real_serial_0608.jobA_227.
Removed top 2 bits (of 34) from wire b1_real_serial_0608.jobA_228.
Removed top 2 bits (of 34) from wire b1_real_serial_0608.jobA_229.
Removed top 2 bits (of 34) from wire b1_real_serial_0608.jobA_23.
Removed top 2 bits (of 34) from wire b1_real_serial_0608.jobA_230.
Removed top 2 bits (of 34) from wire b1_real_serial_0608.jobA_231.
Removed top 2 bits (of 34) from wire b1_real_serial_0608.jobA_232.
Removed top 2 bits (of 34) from wire b1_real_serial_0608.jobA_233.
Removed top 2 bits (of 34) from wire b1_real_serial_0608.jobA_234.
Removed top 2 bits (of 34) from wire b1_real_serial_0608.jobA_235.
Removed top 2 bits (of 34) from wire b1_real_serial_0608.jobA_236.
Removed top 2 bits (of 34) from wire b1_real_serial_0608.jobA_237.
Removed top 2 bits (of 34) from wire b1_real_serial_0608.jobA_238.
Removed top 2 bits (of 34) from wire b1_real_serial_0608.jobA_239.
Removed top 2 bits (of 34) from wire b1_real_serial_0608.jobA_24.
Removed top 2 bits (of 34) from wire b1_real_serial_0608.jobA_240.
Removed top 2 bits (of 34) from wire b1_real_serial_0608.jobA_241.
Removed top 2 bits (of 34) from wire b1_real_serial_0608.jobA_242.
Removed top 2 bits (of 34) from wire b1_real_serial_0608.jobA_245.
Removed top 2 bits (of 34) from wire b1_real_serial_0608.jobA_248.
Removed top 2 bits (of 34) from wire b1_real_serial_0608.jobA_249.
Removed top 2 bits (of 34) from wire b1_real_serial_0608.jobA_25.
Removed top 2 bits (of 34) from wire b1_real_serial_0608.jobA_250.
Removed top 2 bits (of 34) from wire b1_real_serial_0608.jobA_251.
Removed top 2 bits (of 34) from wire b1_real_serial_0608.jobA_254.
Removed top 2 bits (of 34) from wire b1_real_serial_0608.jobA_257.
Removed top 2 bits (of 34) from wire b1_real_serial_0608.jobA_258.
Removed top 2 bits (of 34) from wire b1_real_serial_0608.jobA_259.
Removed top 2 bits (of 34) from wire b1_real_serial_0608.jobA_26.
Removed top 2 bits (of 34) from wire b1_real_serial_0608.jobA_260.
Removed top 2 bits (of 34) from wire b1_real_serial_0608.jobA_261.
Removed top 2 bits (of 34) from wire b1_real_serial_0608.jobA_262.
Removed top 2 bits (of 34) from wire b1_real_serial_0608.jobA_263.
Removed top 2 bits (of 34) from wire b1_real_serial_0608.jobA_264.
Removed top 2 bits (of 34) from wire b1_real_serial_0608.jobA_265.
Removed top 2 bits (of 34) from wire b1_real_serial_0608.jobA_266.
Removed top 2 bits (of 34) from wire b1_real_serial_0608.jobA_267.
Removed top 2 bits (of 34) from wire b1_real_serial_0608.jobA_268.
Removed top 2 bits (of 34) from wire b1_real_serial_0608.jobA_269.
Removed top 2 bits (of 34) from wire b1_real_serial_0608.jobA_27.
Removed top 2 bits (of 34) from wire b1_real_serial_0608.jobA_272.
Removed top 2 bits (of 34) from wire b1_real_serial_0608.jobA_275.
Removed top 2 bits (of 34) from wire b1_real_serial_0608.jobA_276.
Removed top 2 bits (of 34) from wire b1_real_serial_0608.jobA_277.
Removed top 2 bits (of 34) from wire b1_real_serial_0608.jobA_278.
Removed top 2 bits (of 34) from wire b1_real_serial_0608.jobA_28.
Removed top 2 bits (of 34) from wire b1_real_serial_0608.jobA_281.
Removed top 2 bits (of 34) from wire b1_real_serial_0608.jobA_284.
Removed top 2 bits (of 34) from wire b1_real_serial_0608.jobA_285.
Removed top 2 bits (of 34) from wire b1_real_serial_0608.jobA_286.
Removed top 2 bits (of 34) from wire b1_real_serial_0608.jobA_287.
Removed top 2 bits (of 34) from wire b1_real_serial_0608.jobA_288.
Removed top 2 bits (of 34) from wire b1_real_serial_0608.jobA_289.
Removed top 2 bits (of 34) from wire b1_real_serial_0608.jobA_29.
Removed top 2 bits (of 34) from wire b1_real_serial_0608.jobA_290.
Removed top 2 bits (of 34) from wire b1_real_serial_0608.jobA_291.
Removed top 2 bits (of 34) from wire b1_real_serial_0608.jobA_292.
Removed top 2 bits (of 34) from wire b1_real_serial_0608.jobA_293.
Removed top 2 bits (of 34) from wire b1_real_serial_0608.jobA_294.
Removed top 2 bits (of 34) from wire b1_real_serial_0608.jobA_295.
Removed top 2 bits (of 34) from wire b1_real_serial_0608.jobA_296.
Removed top 2 bits (of 34) from wire b1_real_serial_0608.jobA_299.
Removed top 2 bits (of 34) from wire b1_real_serial_0608.jobA_3.
Removed top 2 bits (of 34) from wire b1_real_serial_0608.jobA_30.
Removed top 2 bits (of 34) from wire b1_real_serial_0608.jobA_302.
Removed top 2 bits (of 34) from wire b1_real_serial_0608.jobA_303.
Removed top 2 bits (of 34) from wire b1_real_serial_0608.jobA_304.
Removed top 2 bits (of 34) from wire b1_real_serial_0608.jobA_305.
Removed top 2 bits (of 34) from wire b1_real_serial_0608.jobA_308.
Removed top 2 bits (of 34) from wire b1_real_serial_0608.jobA_31.
Removed top 2 bits (of 34) from wire b1_real_serial_0608.jobA_311.
Removed top 2 bits (of 34) from wire b1_real_serial_0608.jobA_312.
Removed top 2 bits (of 34) from wire b1_real_serial_0608.jobA_313.
Removed top 2 bits (of 34) from wire b1_real_serial_0608.jobA_314.
Removed top 2 bits (of 34) from wire b1_real_serial_0608.jobA_315.
Removed top 2 bits (of 34) from wire b1_real_serial_0608.jobA_316.
Removed top 2 bits (of 34) from wire b1_real_serial_0608.jobA_317.
Removed top 2 bits (of 34) from wire b1_real_serial_0608.jobA_318.
Removed top 2 bits (of 34) from wire b1_real_serial_0608.jobA_319.
Removed top 2 bits (of 34) from wire b1_real_serial_0608.jobA_32.
Removed top 2 bits (of 34) from wire b1_real_serial_0608.jobA_320.
Removed top 2 bits (of 34) from wire b1_real_serial_0608.jobA_321.
Removed top 2 bits (of 34) from wire b1_real_serial_0608.jobA_322.
Removed top 2 bits (of 34) from wire b1_real_serial_0608.jobA_323.
Removed top 2 bits (of 34) from wire b1_real_serial_0608.jobA_324.
Removed top 2 bits (of 34) from wire b1_real_serial_0608.jobA_325.
Removed top 2 bits (of 34) from wire b1_real_serial_0608.jobA_326.
Removed top 2 bits (of 34) from wire b1_real_serial_0608.jobA_327.
Removed top 2 bits (of 34) from wire b1_real_serial_0608.jobA_328.
Removed top 2 bits (of 34) from wire b1_real_serial_0608.jobA_329.
Removed top 2 bits (of 34) from wire b1_real_serial_0608.jobA_33.
Removed top 2 bits (of 34) from wire b1_real_serial_0608.jobA_330.
Removed top 2 bits (of 34) from wire b1_real_serial_0608.jobA_331.
Removed top 2 bits (of 34) from wire b1_real_serial_0608.jobA_332.
Removed top 2 bits (of 34) from wire b1_real_serial_0608.jobA_333.
Removed top 2 bits (of 34) from wire b1_real_serial_0608.jobA_334.
Removed top 2 bits (of 34) from wire b1_real_serial_0608.jobA_335.
Removed top 2 bits (of 34) from wire b1_real_serial_0608.jobA_336.
Removed top 2 bits (of 34) from wire b1_real_serial_0608.jobA_337.
Removed top 2 bits (of 34) from wire b1_real_serial_0608.jobA_338.
Removed top 2 bits (of 34) from wire b1_real_serial_0608.jobA_339.
Removed top 2 bits (of 34) from wire b1_real_serial_0608.jobA_34.
Removed top 2 bits (of 34) from wire b1_real_serial_0608.jobA_340.
Removed top 2 bits (of 34) from wire b1_real_serial_0608.jobA_341.
Removed top 2 bits (of 34) from wire b1_real_serial_0608.jobA_342.
Removed top 2 bits (of 34) from wire b1_real_serial_0608.jobA_343.
Removed top 2 bits (of 34) from wire b1_real_serial_0608.jobA_344.
Removed top 2 bits (of 34) from wire b1_real_serial_0608.jobA_345.
Removed top 2 bits (of 34) from wire b1_real_serial_0608.jobA_346.
Removed top 2 bits (of 34) from wire b1_real_serial_0608.jobA_347.
Removed top 2 bits (of 34) from wire b1_real_serial_0608.jobA_348.
Removed top 2 bits (of 34) from wire b1_real_serial_0608.jobA_349.
Removed top 2 bits (of 34) from wire b1_real_serial_0608.jobA_35.
Removed top 2 bits (of 34) from wire b1_real_serial_0608.jobA_350.
Removed top 2 bits (of 34) from wire b1_real_serial_0608.jobA_351.
Removed top 2 bits (of 34) from wire b1_real_serial_0608.jobA_352.
Removed top 2 bits (of 34) from wire b1_real_serial_0608.jobA_353.
Removed top 2 bits (of 34) from wire b1_real_serial_0608.jobA_354.
Removed top 2 bits (of 34) from wire b1_real_serial_0608.jobA_355.
Removed top 2 bits (of 34) from wire b1_real_serial_0608.jobA_356.
Removed top 2 bits (of 34) from wire b1_real_serial_0608.jobA_357.
Removed top 2 bits (of 34) from wire b1_real_serial_0608.jobA_358.
Removed top 2 bits (of 34) from wire b1_real_serial_0608.jobA_359.
Removed top 2 bits (of 34) from wire b1_real_serial_0608.jobA_36.
Removed top 2 bits (of 34) from wire b1_real_serial_0608.jobA_360.
Removed top 2 bits (of 34) from wire b1_real_serial_0608.jobA_361.
Removed top 2 bits (of 34) from wire b1_real_serial_0608.jobA_362.
Removed top 2 bits (of 34) from wire b1_real_serial_0608.jobA_363.
Removed top 2 bits (of 34) from wire b1_real_serial_0608.jobA_364.
Removed top 2 bits (of 34) from wire b1_real_serial_0608.jobA_365.
Removed top 2 bits (of 34) from wire b1_real_serial_0608.jobA_366.
Removed top 2 bits (of 34) from wire b1_real_serial_0608.jobA_367.
Removed top 2 bits (of 34) from wire b1_real_serial_0608.jobA_368.
Removed top 2 bits (of 34) from wire b1_real_serial_0608.jobA_369.
Removed top 2 bits (of 34) from wire b1_real_serial_0608.jobA_37.
Removed top 2 bits (of 34) from wire b1_real_serial_0608.jobA_370.
Removed top 2 bits (of 34) from wire b1_real_serial_0608.jobA_371.
Removed top 2 bits (of 34) from wire b1_real_serial_0608.jobA_372.
Removed top 2 bits (of 34) from wire b1_real_serial_0608.jobA_373.
Removed top 2 bits (of 34) from wire b1_real_serial_0608.jobA_374.
Removed top 2 bits (of 34) from wire b1_real_serial_0608.jobA_375.
Removed top 2 bits (of 34) from wire b1_real_serial_0608.jobA_376.
Removed top 2 bits (of 34) from wire b1_real_serial_0608.jobA_377.
Removed top 2 bits (of 34) from wire b1_real_serial_0608.jobA_378.
Removed top 2 bits (of 34) from wire b1_real_serial_0608.jobA_379.
Removed top 2 bits (of 34) from wire b1_real_serial_0608.jobA_38.
Removed top 2 bits (of 34) from wire b1_real_serial_0608.jobA_380.
Removed top 2 bits (of 34) from wire b1_real_serial_0608.jobA_381.
Removed top 2 bits (of 34) from wire b1_real_serial_0608.jobA_382.
Removed top 2 bits (of 34) from wire b1_real_serial_0608.jobA_383.
Removed top 2 bits (of 34) from wire b1_real_serial_0608.jobA_384.
Removed top 2 bits (of 34) from wire b1_real_serial_0608.jobA_385.
Removed top 2 bits (of 34) from wire b1_real_serial_0608.jobA_386.
Removed top 2 bits (of 34) from wire b1_real_serial_0608.jobA_387.
Removed top 2 bits (of 34) from wire b1_real_serial_0608.jobA_388.
Removed top 2 bits (of 34) from wire b1_real_serial_0608.jobA_389.
Removed top 2 bits (of 34) from wire b1_real_serial_0608.jobA_39.
Removed top 2 bits (of 34) from wire b1_real_serial_0608.jobA_390.
Removed top 2 bits (of 34) from wire b1_real_serial_0608.jobA_391.
Removed top 2 bits (of 34) from wire b1_real_serial_0608.jobA_392.
Removed top 2 bits (of 34) from wire b1_real_serial_0608.jobA_393.
Removed top 2 bits (of 34) from wire b1_real_serial_0608.jobA_394.
Removed top 2 bits (of 34) from wire b1_real_serial_0608.jobA_395.
Removed top 2 bits (of 34) from wire b1_real_serial_0608.jobA_396.
Removed top 2 bits (of 34) from wire b1_real_serial_0608.jobA_397.
Removed top 2 bits (of 34) from wire b1_real_serial_0608.jobA_398.
Removed top 2 bits (of 34) from wire b1_real_serial_0608.jobA_399.
Removed top 2 bits (of 34) from wire b1_real_serial_0608.jobA_4.
Removed top 2 bits (of 34) from wire b1_real_serial_0608.jobA_40.
Removed top 2 bits (of 34) from wire b1_real_serial_0608.jobA_400.
Removed top 2 bits (of 34) from wire b1_real_serial_0608.jobA_401.
Removed top 2 bits (of 34) from wire b1_real_serial_0608.jobA_402.
Removed top 2 bits (of 34) from wire b1_real_serial_0608.jobA_403.
Removed top 2 bits (of 34) from wire b1_real_serial_0608.jobA_404.
Removed top 2 bits (of 34) from wire b1_real_serial_0608.jobA_41.
Removed top 2 bits (of 34) from wire b1_real_serial_0608.jobA_42.
Removed top 2 bits (of 34) from wire b1_real_serial_0608.jobA_43.
Removed top 2 bits (of 34) from wire b1_real_serial_0608.jobA_44.
Removed top 2 bits (of 34) from wire b1_real_serial_0608.jobA_45.
Removed top 2 bits (of 34) from wire b1_real_serial_0608.jobA_46.
Removed top 2 bits (of 34) from wire b1_real_serial_0608.jobA_47.
Removed top 2 bits (of 34) from wire b1_real_serial_0608.jobA_48.
Removed top 2 bits (of 34) from wire b1_real_serial_0608.jobA_49.
Removed top 2 bits (of 34) from wire b1_real_serial_0608.jobA_5.
Removed top 2 bits (of 34) from wire b1_real_serial_0608.jobA_50.
Removed top 2 bits (of 34) from wire b1_real_serial_0608.jobA_51.
Removed top 2 bits (of 34) from wire b1_real_serial_0608.jobA_52.
Removed top 2 bits (of 34) from wire b1_real_serial_0608.jobA_53.
Removed top 2 bits (of 34) from wire b1_real_serial_0608.jobA_54.
Removed top 2 bits (of 34) from wire b1_real_serial_0608.jobA_55.
Removed top 2 bits (of 34) from wire b1_real_serial_0608.jobA_56.
Removed top 2 bits (of 34) from wire b1_real_serial_0608.jobA_57.
Removed top 2 bits (of 34) from wire b1_real_serial_0608.jobA_58.
Removed top 2 bits (of 34) from wire b1_real_serial_0608.jobA_59.
Removed top 2 bits (of 34) from wire b1_real_serial_0608.jobA_6.
Removed top 2 bits (of 34) from wire b1_real_serial_0608.jobA_60.
Removed top 2 bits (of 34) from wire b1_real_serial_0608.jobA_61.
Removed top 2 bits (of 34) from wire b1_real_serial_0608.jobA_62.
Removed top 2 bits (of 34) from wire b1_real_serial_0608.jobA_63.
Removed top 2 bits (of 34) from wire b1_real_serial_0608.jobA_64.
Removed top 2 bits (of 34) from wire b1_real_serial_0608.jobA_65.
Removed top 2 bits (of 34) from wire b1_real_serial_0608.jobA_66.
Removed top 2 bits (of 34) from wire b1_real_serial_0608.jobA_67.
Removed top 2 bits (of 34) from wire b1_real_serial_0608.jobA_68.
Removed top 2 bits (of 34) from wire b1_real_serial_0608.jobA_69.
Removed top 2 bits (of 34) from wire b1_real_serial_0608.jobA_7.
Removed top 2 bits (of 34) from wire b1_real_serial_0608.jobA_70.
Removed top 2 bits (of 34) from wire b1_real_serial_0608.jobA_71.
Removed top 2 bits (of 34) from wire b1_real_serial_0608.jobA_72.
Removed top 2 bits (of 34) from wire b1_real_serial_0608.jobA_73.
Removed top 2 bits (of 34) from wire b1_real_serial_0608.jobA_74.
Removed top 2 bits (of 34) from wire b1_real_serial_0608.jobA_75.
Removed top 2 bits (of 34) from wire b1_real_serial_0608.jobA_76.
Removed top 2 bits (of 34) from wire b1_real_serial_0608.jobA_77.
Removed top 2 bits (of 34) from wire b1_real_serial_0608.jobA_78.
Removed top 2 bits (of 34) from wire b1_real_serial_0608.jobA_79.
Removed top 2 bits (of 34) from wire b1_real_serial_0608.jobA_8.
Removed top 2 bits (of 34) from wire b1_real_serial_0608.jobA_80.
Removed top 2 bits (of 34) from wire b1_real_serial_0608.jobA_81.
Removed top 2 bits (of 34) from wire b1_real_serial_0608.jobA_82.
Removed top 2 bits (of 34) from wire b1_real_serial_0608.jobA_83.
Removed top 2 bits (of 34) from wire b1_real_serial_0608.jobA_84.
Removed top 2 bits (of 34) from wire b1_real_serial_0608.jobA_85.
Removed top 2 bits (of 34) from wire b1_real_serial_0608.jobA_86.
Removed top 2 bits (of 34) from wire b1_real_serial_0608.jobA_87.
Removed top 2 bits (of 34) from wire b1_real_serial_0608.jobA_88.
Removed top 2 bits (of 34) from wire b1_real_serial_0608.jobA_89.
Removed top 2 bits (of 34) from wire b1_real_serial_0608.jobA_9.
Removed top 2 bits (of 34) from wire b1_real_serial_0608.jobA_90.
Removed top 2 bits (of 34) from wire b1_real_serial_0608.jobA_91.
Removed top 2 bits (of 34) from wire b1_real_serial_0608.jobA_92.
Removed top 2 bits (of 34) from wire b1_real_serial_0608.jobA_93.
Removed top 2 bits (of 34) from wire b1_real_serial_0608.jobA_94.
Removed top 2 bits (of 34) from wire b1_real_serial_0608.jobA_95.
Removed top 2 bits (of 34) from wire b1_real_serial_0608.jobA_96.
Removed top 2 bits (of 34) from wire b1_real_serial_0608.jobA_97.
Removed top 2 bits (of 34) from wire b1_real_serial_0608.jobA_98.
Removed top 2 bits (of 34) from wire b1_real_serial_0608.jobA_99.
Removed top 2 bits (of 34) from wire b1_real_serial_0608.jobB_0.
Removed top 2 bits (of 34) from wire b1_real_serial_0608.jobB_1.
Removed top 2 bits (of 34) from wire b1_real_serial_0608.jobB_10.
Removed top 2 bits (of 34) from wire b1_real_serial_0608.jobB_100.
Removed top 2 bits (of 34) from wire b1_real_serial_0608.jobB_101.
Removed top 2 bits (of 34) from wire b1_real_serial_0608.jobB_102.
Removed top 2 bits (of 34) from wire b1_real_serial_0608.jobB_103.
Removed top 2 bits (of 34) from wire b1_real_serial_0608.jobB_104.
Removed top 2 bits (of 34) from wire b1_real_serial_0608.jobB_105.
Removed top 2 bits (of 34) from wire b1_real_serial_0608.jobB_106.
Removed top 2 bits (of 34) from wire b1_real_serial_0608.jobB_107.
Removed top 2 bits (of 34) from wire b1_real_serial_0608.jobB_108.
Removed top 2 bits (of 34) from wire b1_real_serial_0608.jobB_109.
Removed top 2 bits (of 34) from wire b1_real_serial_0608.jobB_11.
Removed top 2 bits (of 34) from wire b1_real_serial_0608.jobB_110.
Removed top 2 bits (of 34) from wire b1_real_serial_0608.jobB_111.
Removed top 2 bits (of 34) from wire b1_real_serial_0608.jobB_112.
Removed top 2 bits (of 34) from wire b1_real_serial_0608.jobB_113.
Removed top 2 bits (of 34) from wire b1_real_serial_0608.jobB_114.
Removed top 2 bits (of 34) from wire b1_real_serial_0608.jobB_115.
Removed top 2 bits (of 34) from wire b1_real_serial_0608.jobB_116.
Removed top 2 bits (of 34) from wire b1_real_serial_0608.jobB_117.
Removed top 2 bits (of 34) from wire b1_real_serial_0608.jobB_118.
Removed top 2 bits (of 34) from wire b1_real_serial_0608.jobB_119.
Removed top 2 bits (of 34) from wire b1_real_serial_0608.jobB_12.
Removed top 2 bits (of 34) from wire b1_real_serial_0608.jobB_120.
Removed top 2 bits (of 34) from wire b1_real_serial_0608.jobB_121.
Removed top 2 bits (of 34) from wire b1_real_serial_0608.jobB_122.
Removed top 2 bits (of 34) from wire b1_real_serial_0608.jobB_123.
Removed top 2 bits (of 34) from wire b1_real_serial_0608.jobB_124.
Removed top 2 bits (of 34) from wire b1_real_serial_0608.jobB_125.
Removed top 2 bits (of 34) from wire b1_real_serial_0608.jobB_126.
Removed top 2 bits (of 34) from wire b1_real_serial_0608.jobB_127.
Removed top 2 bits (of 34) from wire b1_real_serial_0608.jobB_128.
Removed top 2 bits (of 34) from wire b1_real_serial_0608.jobB_129.
Removed top 2 bits (of 34) from wire b1_real_serial_0608.jobB_13.
Removed top 2 bits (of 34) from wire b1_real_serial_0608.jobB_130.
Removed top 2 bits (of 34) from wire b1_real_serial_0608.jobB_131.
Removed top 2 bits (of 34) from wire b1_real_serial_0608.jobB_132.
Removed top 2 bits (of 34) from wire b1_real_serial_0608.jobB_133.
Removed top 2 bits (of 34) from wire b1_real_serial_0608.jobB_134.
Removed top 2 bits (of 34) from wire b1_real_serial_0608.jobB_135.
Removed top 2 bits (of 34) from wire b1_real_serial_0608.jobB_136.
Removed top 2 bits (of 34) from wire b1_real_serial_0608.jobB_137.
Removed top 2 bits (of 34) from wire b1_real_serial_0608.jobB_138.
Removed top 2 bits (of 34) from wire b1_real_serial_0608.jobB_139.
Removed top 2 bits (of 34) from wire b1_real_serial_0608.jobB_14.
Removed top 2 bits (of 34) from wire b1_real_serial_0608.jobB_140.
Removed top 2 bits (of 34) from wire b1_real_serial_0608.jobB_141.
Removed top 2 bits (of 34) from wire b1_real_serial_0608.jobB_142.
Removed top 2 bits (of 34) from wire b1_real_serial_0608.jobB_143.
Removed top 2 bits (of 34) from wire b1_real_serial_0608.jobB_144.
Removed top 2 bits (of 34) from wire b1_real_serial_0608.jobB_145.
Removed top 2 bits (of 34) from wire b1_real_serial_0608.jobB_146.
Removed top 2 bits (of 34) from wire b1_real_serial_0608.jobB_147.
Removed top 2 bits (of 34) from wire b1_real_serial_0608.jobB_148.
Removed top 2 bits (of 34) from wire b1_real_serial_0608.jobB_149.
Removed top 2 bits (of 34) from wire b1_real_serial_0608.jobB_15.
Removed top 2 bits (of 34) from wire b1_real_serial_0608.jobB_150.
Removed top 2 bits (of 34) from wire b1_real_serial_0608.jobB_151.
Removed top 2 bits (of 34) from wire b1_real_serial_0608.jobB_152.
Removed top 2 bits (of 34) from wire b1_real_serial_0608.jobB_153.
Removed top 2 bits (of 34) from wire b1_real_serial_0608.jobB_154.
Removed top 2 bits (of 34) from wire b1_real_serial_0608.jobB_155.
Removed top 2 bits (of 34) from wire b1_real_serial_0608.jobB_156.
Removed top 2 bits (of 34) from wire b1_real_serial_0608.jobB_157.
Removed top 2 bits (of 34) from wire b1_real_serial_0608.jobB_158.
Removed top 2 bits (of 34) from wire b1_real_serial_0608.jobB_159.
Removed top 2 bits (of 34) from wire b1_real_serial_0608.jobB_16.
Removed top 2 bits (of 34) from wire b1_real_serial_0608.jobB_160.
Removed top 2 bits (of 34) from wire b1_real_serial_0608.jobB_161.
Removed top 2 bits (of 34) from wire b1_real_serial_0608.jobB_162.
Removed top 2 bits (of 34) from wire b1_real_serial_0608.jobB_163.
Removed top 2 bits (of 34) from wire b1_real_serial_0608.jobB_164.
Removed top 2 bits (of 34) from wire b1_real_serial_0608.jobB_165.
Removed top 2 bits (of 34) from wire b1_real_serial_0608.jobB_166.
Removed top 2 bits (of 34) from wire b1_real_serial_0608.jobB_167.
Removed top 2 bits (of 34) from wire b1_real_serial_0608.jobB_168.
Removed top 2 bits (of 34) from wire b1_real_serial_0608.jobB_169.
Removed top 2 bits (of 34) from wire b1_real_serial_0608.jobB_17.
Removed top 2 bits (of 34) from wire b1_real_serial_0608.jobB_170.
Removed top 2 bits (of 34) from wire b1_real_serial_0608.jobB_171.
Removed top 2 bits (of 34) from wire b1_real_serial_0608.jobB_172.
Removed top 2 bits (of 34) from wire b1_real_serial_0608.jobB_173.
Removed top 2 bits (of 34) from wire b1_real_serial_0608.jobB_174.
Removed top 2 bits (of 34) from wire b1_real_serial_0608.jobB_175.
Removed top 2 bits (of 34) from wire b1_real_serial_0608.jobB_176.
Removed top 2 bits (of 34) from wire b1_real_serial_0608.jobB_177.
Removed top 2 bits (of 34) from wire b1_real_serial_0608.jobB_178.
Removed top 2 bits (of 34) from wire b1_real_serial_0608.jobB_179.
Removed top 2 bits (of 34) from wire b1_real_serial_0608.jobB_18.
Removed top 2 bits (of 34) from wire b1_real_serial_0608.jobB_180.
Removed top 2 bits (of 34) from wire b1_real_serial_0608.jobB_181.
Removed top 2 bits (of 34) from wire b1_real_serial_0608.jobB_182.
Removed top 2 bits (of 34) from wire b1_real_serial_0608.jobB_183.
Removed top 2 bits (of 34) from wire b1_real_serial_0608.jobB_184.
Removed top 2 bits (of 34) from wire b1_real_serial_0608.jobB_185.
Removed top 2 bits (of 34) from wire b1_real_serial_0608.jobB_186.
Removed top 2 bits (of 34) from wire b1_real_serial_0608.jobB_187.
Removed top 2 bits (of 34) from wire b1_real_serial_0608.jobB_188.
Removed top 2 bits (of 34) from wire b1_real_serial_0608.jobB_189.
Removed top 2 bits (of 34) from wire b1_real_serial_0608.jobB_19.
Removed top 2 bits (of 34) from wire b1_real_serial_0608.jobB_190.
Removed top 2 bits (of 34) from wire b1_real_serial_0608.jobB_191.
Removed top 2 bits (of 34) from wire b1_real_serial_0608.jobB_192.
Removed top 2 bits (of 34) from wire b1_real_serial_0608.jobB_193.
Removed top 2 bits (of 34) from wire b1_real_serial_0608.jobB_194.
Removed top 2 bits (of 34) from wire b1_real_serial_0608.jobB_195.
Removed top 2 bits (of 34) from wire b1_real_serial_0608.jobB_196.
Removed top 2 bits (of 34) from wire b1_real_serial_0608.jobB_197.
Removed top 2 bits (of 34) from wire b1_real_serial_0608.jobB_198.
Removed top 2 bits (of 34) from wire b1_real_serial_0608.jobB_199.
Removed top 2 bits (of 34) from wire b1_real_serial_0608.jobB_2.
Removed top 2 bits (of 34) from wire b1_real_serial_0608.jobB_20.
Removed top 2 bits (of 34) from wire b1_real_serial_0608.jobB_200.
Removed top 2 bits (of 34) from wire b1_real_serial_0608.jobB_201.
Removed top 2 bits (of 34) from wire b1_real_serial_0608.jobB_202.
Removed top 2 bits (of 34) from wire b1_real_serial_0608.jobB_203.
Removed top 2 bits (of 34) from wire b1_real_serial_0608.jobB_204.
Removed top 2 bits (of 34) from wire b1_real_serial_0608.jobB_205.
Removed top 2 bits (of 34) from wire b1_real_serial_0608.jobB_206.
Removed top 2 bits (of 34) from wire b1_real_serial_0608.jobB_207.
Removed top 2 bits (of 34) from wire b1_real_serial_0608.jobB_208.
Removed top 2 bits (of 34) from wire b1_real_serial_0608.jobB_209.
Removed top 2 bits (of 34) from wire b1_real_serial_0608.jobB_21.
Removed top 2 bits (of 34) from wire b1_real_serial_0608.jobB_210.
Removed top 2 bits (of 34) from wire b1_real_serial_0608.jobB_211.
Removed top 2 bits (of 34) from wire b1_real_serial_0608.jobB_212.
Removed top 2 bits (of 34) from wire b1_real_serial_0608.jobB_213.
Removed top 2 bits (of 34) from wire b1_real_serial_0608.jobB_214.
Removed top 2 bits (of 34) from wire b1_real_serial_0608.jobB_215.
Removed top 2 bits (of 34) from wire b1_real_serial_0608.jobB_216.
Removed top 2 bits (of 34) from wire b1_real_serial_0608.jobB_217.
Removed top 2 bits (of 34) from wire b1_real_serial_0608.jobB_218.
Removed top 2 bits (of 34) from wire b1_real_serial_0608.jobB_219.
Removed top 2 bits (of 34) from wire b1_real_serial_0608.jobB_22.
Removed top 2 bits (of 34) from wire b1_real_serial_0608.jobB_220.
Removed top 2 bits (of 34) from wire b1_real_serial_0608.jobB_221.
Removed top 2 bits (of 34) from wire b1_real_serial_0608.jobB_222.
Removed top 2 bits (of 34) from wire b1_real_serial_0608.jobB_223.
Removed top 2 bits (of 34) from wire b1_real_serial_0608.jobB_224.
Removed top 2 bits (of 34) from wire b1_real_serial_0608.jobB_225.
Removed top 2 bits (of 34) from wire b1_real_serial_0608.jobB_226.
Removed top 2 bits (of 34) from wire b1_real_serial_0608.jobB_227.
Removed top 2 bits (of 34) from wire b1_real_serial_0608.jobB_228.
Removed top 2 bits (of 34) from wire b1_real_serial_0608.jobB_229.
Removed top 2 bits (of 34) from wire b1_real_serial_0608.jobB_23.
Removed top 2 bits (of 34) from wire b1_real_serial_0608.jobB_230.
Removed top 2 bits (of 34) from wire b1_real_serial_0608.jobB_231.
Removed top 2 bits (of 34) from wire b1_real_serial_0608.jobB_232.
Removed top 2 bits (of 34) from wire b1_real_serial_0608.jobB_233.
Removed top 2 bits (of 34) from wire b1_real_serial_0608.jobB_234.
Removed top 2 bits (of 34) from wire b1_real_serial_0608.jobB_235.
Removed top 2 bits (of 34) from wire b1_real_serial_0608.jobB_236.
Removed top 2 bits (of 34) from wire b1_real_serial_0608.jobB_237.
Removed top 2 bits (of 34) from wire b1_real_serial_0608.jobB_238.
Removed top 2 bits (of 34) from wire b1_real_serial_0608.jobB_239.
Removed top 2 bits (of 34) from wire b1_real_serial_0608.jobB_24.
Removed top 2 bits (of 34) from wire b1_real_serial_0608.jobB_240.
Removed top 2 bits (of 34) from wire b1_real_serial_0608.jobB_241.
Removed top 2 bits (of 34) from wire b1_real_serial_0608.jobB_242.
Removed top 2 bits (of 34) from wire b1_real_serial_0608.jobB_245.
Removed top 2 bits (of 34) from wire b1_real_serial_0608.jobB_248.
Removed top 2 bits (of 34) from wire b1_real_serial_0608.jobB_249.
Removed top 2 bits (of 34) from wire b1_real_serial_0608.jobB_25.
Removed top 2 bits (of 34) from wire b1_real_serial_0608.jobB_250.
Removed top 2 bits (of 34) from wire b1_real_serial_0608.jobB_251.
Removed top 2 bits (of 34) from wire b1_real_serial_0608.jobB_254.
Removed top 2 bits (of 34) from wire b1_real_serial_0608.jobB_257.
Removed top 2 bits (of 34) from wire b1_real_serial_0608.jobB_258.
Removed top 2 bits (of 34) from wire b1_real_serial_0608.jobB_259.
Removed top 2 bits (of 34) from wire b1_real_serial_0608.jobB_26.
Removed top 2 bits (of 34) from wire b1_real_serial_0608.jobB_260.
Removed top 2 bits (of 34) from wire b1_real_serial_0608.jobB_261.
Removed top 2 bits (of 34) from wire b1_real_serial_0608.jobB_262.
Removed top 2 bits (of 34) from wire b1_real_serial_0608.jobB_263.
Removed top 2 bits (of 34) from wire b1_real_serial_0608.jobB_264.
Removed top 2 bits (of 34) from wire b1_real_serial_0608.jobB_265.
Removed top 2 bits (of 34) from wire b1_real_serial_0608.jobB_266.
Removed top 2 bits (of 34) from wire b1_real_serial_0608.jobB_267.
Removed top 2 bits (of 34) from wire b1_real_serial_0608.jobB_268.
Removed top 2 bits (of 34) from wire b1_real_serial_0608.jobB_269.
Removed top 2 bits (of 34) from wire b1_real_serial_0608.jobB_27.
Removed top 2 bits (of 34) from wire b1_real_serial_0608.jobB_272.
Removed top 2 bits (of 34) from wire b1_real_serial_0608.jobB_275.
Removed top 2 bits (of 34) from wire b1_real_serial_0608.jobB_276.
Removed top 2 bits (of 34) from wire b1_real_serial_0608.jobB_277.
Removed top 2 bits (of 34) from wire b1_real_serial_0608.jobB_278.
Removed top 2 bits (of 34) from wire b1_real_serial_0608.jobB_28.
Removed top 2 bits (of 34) from wire b1_real_serial_0608.jobB_281.
Removed top 2 bits (of 34) from wire b1_real_serial_0608.jobB_284.
Removed top 2 bits (of 34) from wire b1_real_serial_0608.jobB_285.
Removed top 2 bits (of 34) from wire b1_real_serial_0608.jobB_286.
Removed top 2 bits (of 34) from wire b1_real_serial_0608.jobB_287.
Removed top 2 bits (of 34) from wire b1_real_serial_0608.jobB_288.
Removed top 2 bits (of 34) from wire b1_real_serial_0608.jobB_289.
Removed top 2 bits (of 34) from wire b1_real_serial_0608.jobB_29.
Removed top 2 bits (of 34) from wire b1_real_serial_0608.jobB_290.
Removed top 2 bits (of 34) from wire b1_real_serial_0608.jobB_291.
Removed top 2 bits (of 34) from wire b1_real_serial_0608.jobB_292.
Removed top 2 bits (of 34) from wire b1_real_serial_0608.jobB_293.
Removed top 2 bits (of 34) from wire b1_real_serial_0608.jobB_294.
Removed top 2 bits (of 34) from wire b1_real_serial_0608.jobB_295.
Removed top 2 bits (of 34) from wire b1_real_serial_0608.jobB_296.
Removed top 2 bits (of 34) from wire b1_real_serial_0608.jobB_299.
Removed top 2 bits (of 34) from wire b1_real_serial_0608.jobB_3.
Removed top 2 bits (of 34) from wire b1_real_serial_0608.jobB_30.
Removed top 2 bits (of 34) from wire b1_real_serial_0608.jobB_302.
Removed top 2 bits (of 34) from wire b1_real_serial_0608.jobB_303.
Removed top 2 bits (of 34) from wire b1_real_serial_0608.jobB_304.
Removed top 2 bits (of 34) from wire b1_real_serial_0608.jobB_305.
Removed top 2 bits (of 34) from wire b1_real_serial_0608.jobB_308.
Removed top 2 bits (of 34) from wire b1_real_serial_0608.jobB_31.
Removed top 2 bits (of 34) from wire b1_real_serial_0608.jobB_311.
Removed top 2 bits (of 34) from wire b1_real_serial_0608.jobB_312.
Removed top 2 bits (of 34) from wire b1_real_serial_0608.jobB_313.
Removed top 2 bits (of 34) from wire b1_real_serial_0608.jobB_314.
Removed top 2 bits (of 34) from wire b1_real_serial_0608.jobB_315.
Removed top 2 bits (of 34) from wire b1_real_serial_0608.jobB_316.
Removed top 2 bits (of 34) from wire b1_real_serial_0608.jobB_317.
Removed top 2 bits (of 34) from wire b1_real_serial_0608.jobB_318.
Removed top 2 bits (of 34) from wire b1_real_serial_0608.jobB_319.
Removed top 2 bits (of 34) from wire b1_real_serial_0608.jobB_32.
Removed top 2 bits (of 34) from wire b1_real_serial_0608.jobB_320.
Removed top 2 bits (of 34) from wire b1_real_serial_0608.jobB_321.
Removed top 2 bits (of 34) from wire b1_real_serial_0608.jobB_322.
Removed top 2 bits (of 34) from wire b1_real_serial_0608.jobB_323.
Removed top 2 bits (of 34) from wire b1_real_serial_0608.jobB_324.
Removed top 2 bits (of 34) from wire b1_real_serial_0608.jobB_325.
Removed top 2 bits (of 34) from wire b1_real_serial_0608.jobB_326.
Removed top 2 bits (of 34) from wire b1_real_serial_0608.jobB_327.
Removed top 2 bits (of 34) from wire b1_real_serial_0608.jobB_328.
Removed top 2 bits (of 34) from wire b1_real_serial_0608.jobB_329.
Removed top 2 bits (of 34) from wire b1_real_serial_0608.jobB_33.
Removed top 2 bits (of 34) from wire b1_real_serial_0608.jobB_330.
Removed top 2 bits (of 34) from wire b1_real_serial_0608.jobB_331.
Removed top 2 bits (of 34) from wire b1_real_serial_0608.jobB_332.
Removed top 2 bits (of 34) from wire b1_real_serial_0608.jobB_333.
Removed top 2 bits (of 34) from wire b1_real_serial_0608.jobB_334.
Removed top 2 bits (of 34) from wire b1_real_serial_0608.jobB_335.
Removed top 2 bits (of 34) from wire b1_real_serial_0608.jobB_336.
Removed top 2 bits (of 34) from wire b1_real_serial_0608.jobB_337.
Removed top 2 bits (of 34) from wire b1_real_serial_0608.jobB_338.
Removed top 2 bits (of 34) from wire b1_real_serial_0608.jobB_339.
Removed top 2 bits (of 34) from wire b1_real_serial_0608.jobB_34.
Removed top 2 bits (of 34) from wire b1_real_serial_0608.jobB_340.
Removed top 2 bits (of 34) from wire b1_real_serial_0608.jobB_341.
Removed top 2 bits (of 34) from wire b1_real_serial_0608.jobB_342.
Removed top 2 bits (of 34) from wire b1_real_serial_0608.jobB_343.
Removed top 2 bits (of 34) from wire b1_real_serial_0608.jobB_344.
Removed top 2 bits (of 34) from wire b1_real_serial_0608.jobB_345.
Removed top 2 bits (of 34) from wire b1_real_serial_0608.jobB_346.
Removed top 2 bits (of 34) from wire b1_real_serial_0608.jobB_347.
Removed top 2 bits (of 34) from wire b1_real_serial_0608.jobB_348.
Removed top 2 bits (of 34) from wire b1_real_serial_0608.jobB_349.
Removed top 2 bits (of 34) from wire b1_real_serial_0608.jobB_35.
Removed top 2 bits (of 34) from wire b1_real_serial_0608.jobB_350.
Removed top 2 bits (of 34) from wire b1_real_serial_0608.jobB_351.
Removed top 2 bits (of 34) from wire b1_real_serial_0608.jobB_352.
Removed top 2 bits (of 34) from wire b1_real_serial_0608.jobB_353.
Removed top 2 bits (of 34) from wire b1_real_serial_0608.jobB_354.
Removed top 2 bits (of 34) from wire b1_real_serial_0608.jobB_355.
Removed top 2 bits (of 34) from wire b1_real_serial_0608.jobB_356.
Removed top 2 bits (of 34) from wire b1_real_serial_0608.jobB_357.
Removed top 2 bits (of 34) from wire b1_real_serial_0608.jobB_358.
Removed top 2 bits (of 34) from wire b1_real_serial_0608.jobB_359.
Removed top 2 bits (of 34) from wire b1_real_serial_0608.jobB_36.
Removed top 2 bits (of 34) from wire b1_real_serial_0608.jobB_360.
Removed top 2 bits (of 34) from wire b1_real_serial_0608.jobB_361.
Removed top 2 bits (of 34) from wire b1_real_serial_0608.jobB_362.
Removed top 2 bits (of 34) from wire b1_real_serial_0608.jobB_363.
Removed top 2 bits (of 34) from wire b1_real_serial_0608.jobB_364.
Removed top 2 bits (of 34) from wire b1_real_serial_0608.jobB_365.
Removed top 2 bits (of 34) from wire b1_real_serial_0608.jobB_366.
Removed top 2 bits (of 34) from wire b1_real_serial_0608.jobB_367.
Removed top 2 bits (of 34) from wire b1_real_serial_0608.jobB_368.
Removed top 2 bits (of 34) from wire b1_real_serial_0608.jobB_369.
Removed top 2 bits (of 34) from wire b1_real_serial_0608.jobB_37.
Removed top 2 bits (of 34) from wire b1_real_serial_0608.jobB_370.
Removed top 2 bits (of 34) from wire b1_real_serial_0608.jobB_371.
Removed top 2 bits (of 34) from wire b1_real_serial_0608.jobB_372.
Removed top 2 bits (of 34) from wire b1_real_serial_0608.jobB_373.
Removed top 2 bits (of 34) from wire b1_real_serial_0608.jobB_374.
Removed top 2 bits (of 34) from wire b1_real_serial_0608.jobB_375.
Removed top 2 bits (of 34) from wire b1_real_serial_0608.jobB_376.
Removed top 2 bits (of 34) from wire b1_real_serial_0608.jobB_377.
Removed top 2 bits (of 34) from wire b1_real_serial_0608.jobB_378.
Removed top 2 bits (of 34) from wire b1_real_serial_0608.jobB_379.
Removed top 2 bits (of 34) from wire b1_real_serial_0608.jobB_38.
Removed top 2 bits (of 34) from wire b1_real_serial_0608.jobB_380.
Removed top 2 bits (of 34) from wire b1_real_serial_0608.jobB_381.
Removed top 2 bits (of 34) from wire b1_real_serial_0608.jobB_382.
Removed top 2 bits (of 34) from wire b1_real_serial_0608.jobB_383.
Removed top 2 bits (of 34) from wire b1_real_serial_0608.jobB_384.
Removed top 2 bits (of 34) from wire b1_real_serial_0608.jobB_385.
Removed top 2 bits (of 34) from wire b1_real_serial_0608.jobB_386.
Removed top 2 bits (of 34) from wire b1_real_serial_0608.jobB_387.
Removed top 2 bits (of 34) from wire b1_real_serial_0608.jobB_388.
Removed top 2 bits (of 34) from wire b1_real_serial_0608.jobB_389.
Removed top 2 bits (of 34) from wire b1_real_serial_0608.jobB_39.
Removed top 2 bits (of 34) from wire b1_real_serial_0608.jobB_390.
Removed top 2 bits (of 34) from wire b1_real_serial_0608.jobB_391.
Removed top 2 bits (of 34) from wire b1_real_serial_0608.jobB_392.
Removed top 2 bits (of 34) from wire b1_real_serial_0608.jobB_393.
Removed top 2 bits (of 34) from wire b1_real_serial_0608.jobB_394.
Removed top 2 bits (of 34) from wire b1_real_serial_0608.jobB_395.
Removed top 2 bits (of 34) from wire b1_real_serial_0608.jobB_396.
Removed top 2 bits (of 34) from wire b1_real_serial_0608.jobB_397.
Removed top 2 bits (of 34) from wire b1_real_serial_0608.jobB_398.
Removed top 2 bits (of 34) from wire b1_real_serial_0608.jobB_399.
Removed top 2 bits (of 34) from wire b1_real_serial_0608.jobB_4.
Removed top 2 bits (of 34) from wire b1_real_serial_0608.jobB_40.
Removed top 2 bits (of 34) from wire b1_real_serial_0608.jobB_400.
Removed top 2 bits (of 34) from wire b1_real_serial_0608.jobB_401.
Removed top 2 bits (of 34) from wire b1_real_serial_0608.jobB_402.
Removed top 2 bits (of 34) from wire b1_real_serial_0608.jobB_403.
Removed top 2 bits (of 34) from wire b1_real_serial_0608.jobB_404.
Removed top 2 bits (of 34) from wire b1_real_serial_0608.jobB_41.
Removed top 2 bits (of 34) from wire b1_real_serial_0608.jobB_42.
Removed top 2 bits (of 34) from wire b1_real_serial_0608.jobB_43.
Removed top 2 bits (of 34) from wire b1_real_serial_0608.jobB_44.
Removed top 2 bits (of 34) from wire b1_real_serial_0608.jobB_45.
Removed top 2 bits (of 34) from wire b1_real_serial_0608.jobB_46.
Removed top 2 bits (of 34) from wire b1_real_serial_0608.jobB_47.
Removed top 2 bits (of 34) from wire b1_real_serial_0608.jobB_48.
Removed top 2 bits (of 34) from wire b1_real_serial_0608.jobB_49.
Removed top 2 bits (of 34) from wire b1_real_serial_0608.jobB_5.
Removed top 2 bits (of 34) from wire b1_real_serial_0608.jobB_50.
Removed top 2 bits (of 34) from wire b1_real_serial_0608.jobB_51.
Removed top 2 bits (of 34) from wire b1_real_serial_0608.jobB_52.
Removed top 2 bits (of 34) from wire b1_real_serial_0608.jobB_53.
Removed top 2 bits (of 34) from wire b1_real_serial_0608.jobB_54.
Removed top 2 bits (of 34) from wire b1_real_serial_0608.jobB_55.
Removed top 2 bits (of 34) from wire b1_real_serial_0608.jobB_56.
Removed top 2 bits (of 34) from wire b1_real_serial_0608.jobB_57.
Removed top 2 bits (of 34) from wire b1_real_serial_0608.jobB_58.
Removed top 2 bits (of 34) from wire b1_real_serial_0608.jobB_59.
Removed top 2 bits (of 34) from wire b1_real_serial_0608.jobB_6.
Removed top 2 bits (of 34) from wire b1_real_serial_0608.jobB_60.
Removed top 2 bits (of 34) from wire b1_real_serial_0608.jobB_61.
Removed top 2 bits (of 34) from wire b1_real_serial_0608.jobB_62.
Removed top 2 bits (of 34) from wire b1_real_serial_0608.jobB_63.
Removed top 2 bits (of 34) from wire b1_real_serial_0608.jobB_64.
Removed top 2 bits (of 34) from wire b1_real_serial_0608.jobB_65.
Removed top 2 bits (of 34) from wire b1_real_serial_0608.jobB_66.
Removed top 2 bits (of 34) from wire b1_real_serial_0608.jobB_67.
Removed top 2 bits (of 34) from wire b1_real_serial_0608.jobB_68.
Removed top 2 bits (of 34) from wire b1_real_serial_0608.jobB_69.
Removed top 2 bits (of 34) from wire b1_real_serial_0608.jobB_7.
Removed top 2 bits (of 34) from wire b1_real_serial_0608.jobB_70.
Removed top 2 bits (of 34) from wire b1_real_serial_0608.jobB_71.
Removed top 2 bits (of 34) from wire b1_real_serial_0608.jobB_72.
Removed top 2 bits (of 34) from wire b1_real_serial_0608.jobB_73.
Removed top 2 bits (of 34) from wire b1_real_serial_0608.jobB_74.
Removed top 2 bits (of 34) from wire b1_real_serial_0608.jobB_75.
Removed top 2 bits (of 34) from wire b1_real_serial_0608.jobB_76.
Removed top 2 bits (of 34) from wire b1_real_serial_0608.jobB_77.
Removed top 2 bits (of 34) from wire b1_real_serial_0608.jobB_78.
Removed top 2 bits (of 34) from wire b1_real_serial_0608.jobB_79.
Removed top 2 bits (of 34) from wire b1_real_serial_0608.jobB_8.
Removed top 2 bits (of 34) from wire b1_real_serial_0608.jobB_80.
Removed top 2 bits (of 34) from wire b1_real_serial_0608.jobB_81.
Removed top 2 bits (of 34) from wire b1_real_serial_0608.jobB_82.
Removed top 2 bits (of 34) from wire b1_real_serial_0608.jobB_83.
Removed top 2 bits (of 34) from wire b1_real_serial_0608.jobB_84.
Removed top 2 bits (of 34) from wire b1_real_serial_0608.jobB_85.
Removed top 2 bits (of 34) from wire b1_real_serial_0608.jobB_86.
Removed top 2 bits (of 34) from wire b1_real_serial_0608.jobB_87.
Removed top 2 bits (of 34) from wire b1_real_serial_0608.jobB_88.
Removed top 2 bits (of 34) from wire b1_real_serial_0608.jobB_89.
Removed top 2 bits (of 34) from wire b1_real_serial_0608.jobB_9.
Removed top 2 bits (of 34) from wire b1_real_serial_0608.jobB_90.
Removed top 2 bits (of 34) from wire b1_real_serial_0608.jobB_91.
Removed top 2 bits (of 34) from wire b1_real_serial_0608.jobB_92.
Removed top 2 bits (of 34) from wire b1_real_serial_0608.jobB_93.
Removed top 2 bits (of 34) from wire b1_real_serial_0608.jobB_94.
Removed top 2 bits (of 34) from wire b1_real_serial_0608.jobB_95.
Removed top 2 bits (of 34) from wire b1_real_serial_0608.jobB_96.
Removed top 2 bits (of 34) from wire b1_real_serial_0608.jobB_97.
Removed top 2 bits (of 34) from wire b1_real_serial_0608.jobB_98.
Removed top 2 bits (of 34) from wire b1_real_serial_0608.jobB_99.
Removed top 30 bits (of 32) from port B of cell f3_add_0608.$ge$f3_add_0608.v:2$8 ($ge).
Removed top 30 bits (of 32) from port B of cell f3_add_0608.$sub$f3_add_0608.v:2$9 ($sub).
Removed top 28 bits (of 32) from port Y of cell f3_add_0608.$sub$f3_add_0608.v:2$9 ($sub).
Removed top 30 bits (of 32) from mux cell f3_add_0608.$ternary$f3_add_0608.v:2$11 ($mux).
Removed top 2 bits (of 4) from port Y of cell f3_add_0608.$sub$f3_add_0608.v:2$9 ($sub).
Removed top 1 bits (of 3) from port A of cell f3_add_0608.$sub$f3_add_0608.v:2$9 ($sub).
Removed top 30 bits (of 32) from wire f3_add_0608.$sub$f3_add_0608.v:2$9_Y.
Removed top 30 bits (of 32) from port B of cell f3_mul_0608.$mod$f3_mul_0608.v:2$13 ($mod).

9.10. Executing PEEPOPT pass (run peephole optimizers).

9.11. Executing OPT_CLEAN pass (remove unused cells and wires).
Finding unused cells or wires in module \b1_r3_761_serial_0608_1414..
Finding unused cells or wires in module \b1_real_serial_0608..
Finding unused cells or wires in module \f3_add_0608..
Finding unused cells or wires in module \f3_mul_0608..
Finding unused cells or wires in module \f3_sub3_0608..
Finding unused cells or wires in module \sbr17_f3_0608..
Removed 0 unused cells and 764 unused wires.
<suppressed ~2 debug messages>

9.12. Executing ALUMACC pass (create $alu and $macc cells).
Extracting $alu and $macc cells in module b1_r3_761_serial_0608_1414:
  created 0 $alu and 0 $macc cells.
Extracting $alu and $macc cells in module b1_real_serial_0608:
  creating $macc model for $add$b1_real_serial_0608.v:69972$3 ($add).
  creating $macc model for $add$b1_real_serial_0608.v:70379$5 ($add).
  creating $alu model for $macc $add$b1_real_serial_0608.v:70379$5.
  creating $alu model for $macc $add$b1_real_serial_0608.v:69972$3.
  creating $alu cell for $add$b1_real_serial_0608.v:69972$3: $auto$alumacc.cc:485:replace_alu$89580
  creating $alu cell for $add$b1_real_serial_0608.v:70379$5: $auto$alumacc.cc:485:replace_alu$89583
  created 2 $alu and 0 $macc cells.
Extracting $alu and $macc cells in module f3_add_0608:
  creating $macc model for $add$f3_add_0608.v:2$7 ($add).
  creating $macc model for $sub$f3_add_0608.v:2$9 ($sub).
  creating $alu model for $macc $sub$f3_add_0608.v:2$9.
  creating $alu model for $macc $add$f3_add_0608.v:2$7.
  creating $alu model for $ge$f3_add_0608.v:2$8 ($ge): new $alu
  creating $alu cell for $ge$f3_add_0608.v:2$8: $auto$alumacc.cc:485:replace_alu$89587
  creating $alu cell for $add$f3_add_0608.v:2$7: $auto$alumacc.cc:485:replace_alu$89596
  creating $alu cell for $sub$f3_add_0608.v:2$9: $auto$alumacc.cc:485:replace_alu$89599
  created 3 $alu and 0 $macc cells.
Extracting $alu and $macc cells in module f3_mul_0608:
  creating $macc model for $mul$f3_mul_0608.v:2$12 ($mul).
  creating $macc cell for $mul$f3_mul_0608.v:2$12: $auto$alumacc.cc:365:replace_macc$89602
  created 0 $alu and 1 $macc cells.
Extracting $alu and $macc cells in module f3_sub3_0608:
  creating $macc model for $sub$f3_sub3_0608.v:2$15 ($sub).
  creating $alu model for $macc $sub$f3_sub3_0608.v:2$15.
  creating $alu cell for $sub$f3_sub3_0608.v:2$15: $auto$alumacc.cc:485:replace_alu$89603
  created 1 $alu and 0 $macc cells.
Extracting $alu and $macc cells in module sbr17_f3_0608:
  created 0 $alu and 0 $macc cells.

9.13. Executing SHARE pass (SAT-based resource sharing).

9.14. Executing OPT pass (performing simple optimizations).

9.14.1. Executing OPT_EXPR pass (perform const folding).
Optimizing module b1_r3_761_serial_0608_1414.
Optimizing module b1_real_serial_0608.
Optimizing module f3_add_0608.
Optimizing module f3_mul_0608.
Optimizing module f3_sub3_0608.
Optimizing module sbr17_f3_0608.

9.14.2. Executing OPT_MERGE pass (detect identical cells).
Finding identical cells in module `\b1_r3_761_serial_0608_1414'.
Finding identical cells in module `\b1_real_serial_0608'.
Finding identical cells in module `\f3_add_0608'.
Finding identical cells in module `\f3_mul_0608'.
Finding identical cells in module `\f3_sub3_0608'.
Finding identical cells in module `\sbr17_f3_0608'.
Removed a total of 0 cells.

9.14.3. Executing OPT_MUXTREE pass (detect dead branches in mux trees).
Running muxtree optimizer on module \b1_r3_761_serial_0608_1414..
  Creating internal representation of mux trees.
  No muxes found in this module.
Running muxtree optimizer on module \b1_real_serial_0608..
  Creating internal representation of mux trees.
  Evaluating internal representation of mux trees.
  Analyzing evaluation results.
Running muxtree optimizer on module \f3_add_0608..
  Creating internal representation of mux trees.
  Evaluating internal representation of mux trees.
  Analyzing evaluation results.
Running muxtree optimizer on module \f3_mul_0608..
  Creating internal representation of mux trees.
  No muxes found in this module.
Running muxtree optimizer on module \f3_sub3_0608..
  Creating internal representation of mux trees.
  Evaluating internal representation of mux trees.
  Analyzing evaluation results.
Running muxtree optimizer on module \sbr17_f3_0608..
  Creating internal representation of mux trees.
  No muxes found in this module.
Removed 0 multiplexer ports.
<suppressed ~7 debug messages>

9.14.4. Executing OPT_REDUCE pass (consolidate $*mux and $reduce_* inputs).
  Optimizing cells in module \b1_r3_761_serial_0608_1414.
  Optimizing cells in module \b1_real_serial_0608.
  Optimizing cells in module \f3_add_0608.
  Optimizing cells in module \f3_mul_0608.
  Optimizing cells in module \f3_sub3_0608.
  Optimizing cells in module \sbr17_f3_0608.
Performed a total of 0 changes.

9.14.5. Executing OPT_MERGE pass (detect identical cells).
Finding identical cells in module `\b1_r3_761_serial_0608_1414'.
Finding identical cells in module `\b1_real_serial_0608'.
Finding identical cells in module `\f3_add_0608'.
Finding identical cells in module `\f3_mul_0608'.
Finding identical cells in module `\f3_sub3_0608'.
Finding identical cells in module `\sbr17_f3_0608'.
Removed a total of 0 cells.

9.14.6. Executing OPT_DFF pass (perform DFF optimizations).

9.14.7. Executing OPT_CLEAN pass (remove unused cells and wires).
Finding unused cells or wires in module \b1_r3_761_serial_0608_1414..
Finding unused cells or wires in module \b1_real_serial_0608..
Finding unused cells or wires in module \f3_add_0608..
Finding unused cells or wires in module \f3_mul_0608..
Finding unused cells or wires in module \f3_sub3_0608..
Finding unused cells or wires in module \sbr17_f3_0608..
Removed 0 unused cells and 1 unused wires.
<suppressed ~1 debug messages>

9.14.8. Executing OPT_EXPR pass (perform const folding).
Optimizing module b1_r3_761_serial_0608_1414.
Optimizing module b1_real_serial_0608.
Optimizing module f3_add_0608.
Optimizing module f3_mul_0608.
Optimizing module f3_sub3_0608.
Optimizing module sbr17_f3_0608.

9.14.9. Rerunning OPT passes. (Maybe there is more to do..)

9.14.10. Executing OPT_MUXTREE pass (detect dead branches in mux trees).
Running muxtree optimizer on module \b1_r3_761_serial_0608_1414..
  Creating internal representation of mux trees.
  No muxes found in this module.
Running muxtree optimizer on module \b1_real_serial_0608..
  Creating internal representation of mux trees.
  Evaluating internal representation of mux trees.
  Analyzing evaluation results.
Running muxtree optimizer on module \f3_add_0608..
  Creating internal representation of mux trees.
  Evaluating internal representation of mux trees.
  Analyzing evaluation results.
Running muxtree optimizer on module \f3_mul_0608..
  Creating internal representation of mux trees.
  No muxes found in this module.
Running muxtree optimizer on module \f3_sub3_0608..
  Creating internal representation of mux trees.
  Evaluating internal representation of mux trees.
  Analyzing evaluation results.
Running muxtree optimizer on module \sbr17_f3_0608..
  Creating internal representation of mux trees.
  No muxes found in this module.
Removed 0 multiplexer ports.
<suppressed ~7 debug messages>

9.14.11. Executing OPT_REDUCE pass (consolidate $*mux and $reduce_* inputs).
  Optimizing cells in module \b1_r3_761_serial_0608_1414.
  Optimizing cells in module \b1_real_serial_0608.
  Optimizing cells in module \f3_add_0608.
  Optimizing cells in module \f3_mul_0608.
  Optimizing cells in module \f3_sub3_0608.
  Optimizing cells in module \sbr17_f3_0608.
Performed a total of 0 changes.

9.14.12. Executing OPT_MERGE pass (detect identical cells).
Finding identical cells in module `\b1_r3_761_serial_0608_1414'.
Finding identical cells in module `\b1_real_serial_0608'.
Finding identical cells in module `\f3_add_0608'.
Finding identical cells in module `\f3_mul_0608'.
Finding identical cells in module `\f3_sub3_0608'.
Finding identical cells in module `\sbr17_f3_0608'.
Removed a total of 0 cells.

9.14.13. Executing OPT_DFF pass (perform DFF optimizations).

9.14.14. Executing OPT_CLEAN pass (remove unused cells and wires).
Finding unused cells or wires in module \b1_r3_761_serial_0608_1414..
Finding unused cells or wires in module \b1_real_serial_0608..
Finding unused cells or wires in module \f3_add_0608..
Finding unused cells or wires in module \f3_mul_0608..
Finding unused cells or wires in module \f3_sub3_0608..
Finding unused cells or wires in module \sbr17_f3_0608..

9.14.15. Executing OPT_EXPR pass (perform const folding).
Optimizing module b1_r3_761_serial_0608_1414.
Optimizing module b1_real_serial_0608.
Optimizing module f3_add_0608.
Optimizing module f3_mul_0608.
Optimizing module f3_sub3_0608.
Optimizing module sbr17_f3_0608.

9.14.16. Finished OPT passes. (There is nothing left to do.)

9.15. Executing MEMORY pass.

9.15.1. Executing OPT_MEM pass (optimize memories).
Performed a total of 0 transformations.

9.15.2. Executing OPT_MEM_PRIORITY pass (removing unnecessary memory write priority relations).
Performed a total of 0 transformations.

9.15.3. Executing OPT_MEM_FEEDBACK pass (finding memory read-to-write feedback paths).

9.15.4. Executing MEMORY_BMUX2ROM pass (converting muxes to ROMs).

9.15.5. Executing MEMORY_DFF pass (merging $dff cells to $memrd).

9.15.6. Executing OPT_CLEAN pass (remove unused cells and wires).
Finding unused cells or wires in module \b1_r3_761_serial_0608_1414..
Finding unused cells or wires in module \b1_real_serial_0608..
Finding unused cells or wires in module \f3_add_0608..
Finding unused cells or wires in module \f3_mul_0608..
Finding unused cells or wires in module \f3_sub3_0608..
Finding unused cells or wires in module \sbr17_f3_0608..

9.15.7. Executing MEMORY_SHARE pass (consolidating $memrd/$memwr cells).

9.15.8. Executing OPT_MEM_WIDEN pass (optimize memories where all ports are wide).
Performed a total of 0 transformations.

9.15.9. Executing OPT_CLEAN pass (remove unused cells and wires).
Finding unused cells or wires in module \b1_r3_761_serial_0608_1414..
Finding unused cells or wires in module \b1_real_serial_0608..
Finding unused cells or wires in module \f3_add_0608..
Finding unused cells or wires in module \f3_mul_0608..
Finding unused cells or wires in module \f3_sub3_0608..
Finding unused cells or wires in module \sbr17_f3_0608..

9.15.10. Executing MEMORY_COLLECT pass (generating $mem cells).

9.16. Executing OPT_CLEAN pass (remove unused cells and wires).
Finding unused cells or wires in module \b1_r3_761_serial_0608_1414..
Finding unused cells or wires in module \b1_real_serial_0608..
Finding unused cells or wires in module \f3_add_0608..
Finding unused cells or wires in module \f3_mul_0608..
Finding unused cells or wires in module \f3_sub3_0608..
Finding unused cells or wires in module \sbr17_f3_0608..

9.17. Executing OPT pass (performing simple optimizations).

9.17.1. Executing OPT_EXPR pass (perform const folding).
Optimizing module b1_r3_761_serial_0608_1414.
Optimizing module b1_real_serial_0608.
<suppressed ~5 debug messages>
Optimizing module f3_add_0608.
<suppressed ~1 debug messages>
Optimizing module f3_mul_0608.
Optimizing module f3_sub3_0608.
<suppressed ~4 debug messages>
Optimizing module sbr17_f3_0608.

9.17.2. Executing OPT_MERGE pass (detect identical cells).
Finding identical cells in module `\b1_r3_761_serial_0608_1414'.
Finding identical cells in module `\b1_real_serial_0608'.
Finding identical cells in module `\f3_add_0608'.
Finding identical cells in module `\f3_mul_0608'.
Finding identical cells in module `\f3_sub3_0608'.
Finding identical cells in module `\sbr17_f3_0608'.
Removed a total of 0 cells.

9.17.3. Executing OPT_DFF pass (perform DFF optimizations).

9.17.4. Executing OPT_CLEAN pass (remove unused cells and wires).
Finding unused cells or wires in module \b1_r3_761_serial_0608_1414..
Finding unused cells or wires in module \b1_real_serial_0608..
Finding unused cells or wires in module \f3_add_0608..
Finding unused cells or wires in module \f3_mul_0608..
Finding unused cells or wires in module \f3_sub3_0608..
Finding unused cells or wires in module \sbr17_f3_0608..
Removed 2 unused cells and 9 unused wires.
<suppressed ~5 debug messages>

9.17.5. Finished fast OPT passes.

9.18. Executing MEMORY_MAP pass (converting memories to logic and flip-flops).

9.19. Executing OPT pass (performing simple optimizations).

9.19.1. Executing OPT_EXPR pass (perform const folding).
Optimizing module b1_r3_761_serial_0608_1414.
Optimizing module b1_real_serial_0608.
Optimizing module f3_add_0608.
Optimizing module f3_mul_0608.
Optimizing module f3_sub3_0608.
Optimizing module sbr17_f3_0608.

9.19.2. Executing OPT_MERGE pass (detect identical cells).
Finding identical cells in module `\b1_r3_761_serial_0608_1414'.
Finding identical cells in module `\b1_real_serial_0608'.
Finding identical cells in module `\f3_add_0608'.
Finding identical cells in module `\f3_mul_0608'.
Finding identical cells in module `\f3_sub3_0608'.
Finding identical cells in module `\sbr17_f3_0608'.
Removed a total of 0 cells.

9.19.3. Executing OPT_MUXTREE pass (detect dead branches in mux trees).
Running muxtree optimizer on module \b1_r3_761_serial_0608_1414..
  Creating internal representation of mux trees.
  No muxes found in this module.
Running muxtree optimizer on module \b1_real_serial_0608..
  Creating internal representation of mux trees.
  Evaluating internal representation of mux trees.
  Analyzing evaluation results.
Running muxtree optimizer on module \f3_add_0608..
  Creating internal representation of mux trees.
  Evaluating internal representation of mux trees.
  Analyzing evaluation results.
Running muxtree optimizer on module \f3_mul_0608..
  Creating internal representation of mux trees.
  No muxes found in this module.
Running muxtree optimizer on module \f3_sub3_0608..
  Creating internal representation of mux trees.
  Evaluating internal representation of mux trees.
  Analyzing evaluation results.
Running muxtree optimizer on module \sbr17_f3_0608..
  Creating internal representation of mux trees.
  No muxes found in this module.
Removed 0 multiplexer ports.
<suppressed ~6 debug messages>

9.19.4. Executing OPT_REDUCE pass (consolidate $*mux and $reduce_* inputs).
  Optimizing cells in module \b1_r3_761_serial_0608_1414.
  Optimizing cells in module \b1_real_serial_0608.
  Optimizing cells in module \f3_add_0608.
  Optimizing cells in module \f3_mul_0608.
  Optimizing cells in module \f3_sub3_0608.
  Optimizing cells in module \sbr17_f3_0608.
Performed a total of 0 changes.

9.19.5. Executing OPT_MERGE pass (detect identical cells).
Finding identical cells in module `\b1_r3_761_serial_0608_1414'.
Finding identical cells in module `\b1_real_serial_0608'.
Finding identical cells in module `\f3_add_0608'.
Finding identical cells in module `\f3_mul_0608'.
Finding identical cells in module `\f3_sub3_0608'.
Finding identical cells in module `\sbr17_f3_0608'.
Removed a total of 0 cells.

9.19.6. Executing OPT_SHARE pass.

9.19.7. Executing OPT_DFF pass (perform DFF optimizations).

9.19.8. Executing OPT_CLEAN pass (remove unused cells and wires).
Finding unused cells or wires in module \b1_r3_761_serial_0608_1414..
Finding unused cells or wires in module \b1_real_serial_0608..
Finding unused cells or wires in module \f3_add_0608..
Finding unused cells or wires in module \f3_mul_0608..
Finding unused cells or wires in module \f3_sub3_0608..
Finding unused cells or wires in module \sbr17_f3_0608..

9.19.9. Executing OPT_EXPR pass (perform const folding).
Optimizing module b1_r3_761_serial_0608_1414.
Optimizing module b1_real_serial_0608.
Optimizing module f3_add_0608.
Optimizing module f3_mul_0608.
Optimizing module f3_sub3_0608.
Optimizing module sbr17_f3_0608.

9.19.10. Finished OPT passes. (There is nothing left to do.)

9.20. Executing TECHMAP pass (map to technology primitives).

9.20.1. Executing Verilog-2005 frontend: /usr/bin/../share/yosys/techmap.v
Parsing Verilog input from `/usr/bin/../share/yosys/techmap.v' to AST representation.
Generating RTLIL representation for module `\_90_simplemap_bool_ops'.
Generating RTLIL representation for module `\_90_simplemap_reduce_ops'.
Generating RTLIL representation for module `\_90_simplemap_logic_ops'.
Generating RTLIL representation for module `\_90_simplemap_compare_ops'.
Generating RTLIL representation for module `\_90_simplemap_various'.
Generating RTLIL representation for module `\_90_simplemap_registers'.
Generating RTLIL representation for module `\_90_shift_ops_shr_shl_sshl_sshr'.
Generating RTLIL representation for module `\_90_shift_shiftx'.
Generating RTLIL representation for module `\_90_fa'.
Generating RTLIL representation for module `\_90_lcu'.
Generating RTLIL representation for module `\_90_alu'.
Generating RTLIL representation for module `\_90_macc'.
Generating RTLIL representation for module `\_90_alumacc'.
Generating RTLIL representation for module `\$__div_mod_u'.
Generating RTLIL representation for module `\$__div_mod_trunc'.
Generating RTLIL representation for module `\_90_div'.
Generating RTLIL representation for module `\_90_mod'.
Generating RTLIL representation for module `\$__div_mod_floor'.
Generating RTLIL representation for module `\_90_divfloor'.
Generating RTLIL representation for module `\_90_modfloor'.
Generating RTLIL representation for module `\_90_pow'.
Generating RTLIL representation for module `\_90_pmux'.
Generating RTLIL representation for module `\_90_demux'.
Generating RTLIL representation for module `\_90_lut'.
Successfully finished Verilog frontend.

9.20.2. Continuing TECHMAP pass.
Using extmapper simplemap for cells of type $logic_not.
Using extmapper simplemap for cells of type $not.
Using extmapper simplemap for cells of type $mux.
Using extmapper maccmap for cells of type $macc.
  add \a * \b (2x2 bits, unsigned)
Using template $paramod$b83bdd37aede53ff8f2a9a83e37e55f42aa80927\_90_mod for cells of type $mod.
Using extmapper simplemap for cells of type $and.
Using template $paramod$740b056ede97228d3eae64ea2fdc81f0a33e0fe7\_90_alu for cells of type $alu.
Using template $paramod$b83bdd37aede53ff8f2a9a83e37e55f42aa80927\$__div_mod_trunc for cells of type $__div_mod_trunc.
Using extmapper simplemap for cells of type $pos.
Using extmapper simplemap for cells of type $logic_and.
Running "alumacc" on wrapper $extern:wrap:$neg:Y_WIDTH=32:A_WIDTH=32:A_SIGNED=0:394426c56d1a028ba8fdd5469b163e04011def47.
Using template $extern:wrap:$neg:Y_WIDTH=32:A_WIDTH=32:A_SIGNED=0:394426c56d1a028ba8fdd5469b163e04011def47 for cells of type $extern:wrap:$neg:Y_WIDTH=32:A_WIDTH=32:A_SIGNED=0:394426c56d1a028ba8fdd5469b163e04011def47.
Using template $paramod\$__div_mod_u\WIDTH=32'00000000000000000000000000100000 for cells of type $__div_mod_u.
Using extmapper simplemap for cells of type $ne.
Using template $paramod\_90_lcu\WIDTH=32'00000000000000000000000000000100 for cells of type $lcu.
Using extmapper simplemap for cells of type $xor.
Running "alumacc" on wrapper $extern:wrap:$ge:Y_WIDTH=1:B_WIDTH=35:A_WIDTH=32:B_SIGNED=0:A_SIGNED=0:394426c56d1a028ba8fdd5469b163e04011def47.
Using template $extern:wrap:$ge:Y_WIDTH=1:B_WIDTH=35:A_WIDTH=32:B_SIGNED=0:A_SIGNED=0:394426c56d1a028ba8fdd5469b163e04011def47 for cells of type $extern:wrap:$ge:Y_WIDTH=1:B_WIDTH=35:A_WIDTH=32:B_SIGNED=0:A_SIGNED=0:394426c56d1a028ba8fdd5469b163e04011def47.
Running "alumacc" on wrapper $extern:wrap:$sub:Y_WIDTH=38:B_WIDTH=38:A_WIDTH=32:B_SIGNED=0:A_SIGNED=0:394426c56d1a028ba8fdd5469b163e04011def47.
Using template $extern:wrap:$sub:Y_WIDTH=38:B_WIDTH=38:A_WIDTH=32:B_SIGNED=0:A_SIGNED=0:394426c56d1a028ba8fdd5469b163e04011def47 for cells of type $extern:wrap:$sub:Y_WIDTH=38:B_WIDTH=38:A_WIDTH=32:B_SIGNED=0:A_SIGNED=0:394426c56d1a028ba8fdd5469b163e04011def47.
Running "alumacc" on wrapper $extern:wrap:$ge:Y_WIDTH=1:B_WIDTH=46:A_WIDTH=32:B_SIGNED=0:A_SIGNED=0:394426c56d1a028ba8fdd5469b163e04011def47.
Using template $extern:wrap:$ge:Y_WIDTH=1:B_WIDTH=46:A_WIDTH=32:B_SIGNED=0:A_SIGNED=0:394426c56d1a028ba8fdd5469b163e04011def47 for cells of type $extern:wrap:$ge:Y_WIDTH=1:B_WIDTH=46:A_WIDTH=32:B_SIGNED=0:A_SIGNED=0:394426c56d1a028ba8fdd5469b163e04011def47.
Running "alumacc" on wrapper $extern:wrap:$sub:Y_WIDTH=49:B_WIDTH=49:A_WIDTH=32:B_SIGNED=0:A_SIGNED=0:394426c56d1a028ba8fdd5469b163e04011def47.
Using template $extern:wrap:$sub:Y_WIDTH=49:B_WIDTH=49:A_WIDTH=32:B_SIGNED=0:A_SIGNED=0:394426c56d1a028ba8fdd5469b163e04011def47 for cells of type $extern:wrap:$sub:Y_WIDTH=49:B_WIDTH=49:A_WIDTH=32:B_SIGNED=0:A_SIGNED=0:394426c56d1a028ba8fdd5469b163e04011def47.
Running "alumacc" on wrapper $extern:wrap:$ge:Y_WIDTH=1:B_WIDTH=57:A_WIDTH=32:B_SIGNED=0:A_SIGNED=0:394426c56d1a028ba8fdd5469b163e04011def47.
Using template $extern:wrap:$ge:Y_WIDTH=1:B_WIDTH=57:A_WIDTH=32:B_SIGNED=0:A_SIGNED=0:394426c56d1a028ba8fdd5469b163e04011def47 for cells of type $extern:wrap:$ge:Y_WIDTH=1:B_WIDTH=57:A_WIDTH=32:B_SIGNED=0:A_SIGNED=0:394426c56d1a028ba8fdd5469b163e04011def47.
Running "alumacc" on wrapper $extern:wrap:$ge:Y_WIDTH=1:B_WIDTH=60:A_WIDTH=32:B_SIGNED=0:A_SIGNED=0:394426c56d1a028ba8fdd5469b163e04011def47.
Using template $extern:wrap:$ge:Y_WIDTH=1:B_WIDTH=60:A_WIDTH=32:B_SIGNED=0:A_SIGNED=0:394426c56d1a028ba8fdd5469b163e04011def47 for cells of type $extern:wrap:$ge:Y_WIDTH=1:B_WIDTH=60:A_WIDTH=32:B_SIGNED=0:A_SIGNED=0:394426c56d1a028ba8fdd5469b163e04011def47.
Running "alumacc" on wrapper $extern:wrap:$sub:Y_WIDTH=63:B_WIDTH=63:A_WIDTH=32:B_SIGNED=0:A_SIGNED=0:394426c56d1a028ba8fdd5469b163e04011def47.
Using template $extern:wrap:$sub:Y_WIDTH=63:B_WIDTH=63:A_WIDTH=32:B_SIGNED=0:A_SIGNED=0:394426c56d1a028ba8fdd5469b163e04011def47 for cells of type $extern:wrap:$sub:Y_WIDTH=63:B_WIDTH=63:A_WIDTH=32:B_SIGNED=0:A_SIGNED=0:394426c56d1a028ba8fdd5469b163e04011def47.
Using extmapper simplemap for cells of type $or.
Running "alumacc" on wrapper $extern:wrap:$sub:Y_WIDTH=32:B_WIDTH=32:A_WIDTH=32:B_SIGNED=0:A_SIGNED=0:394426c56d1a028ba8fdd5469b163e04011def47.
Using template $extern:wrap:$sub:Y_WIDTH=32:B_WIDTH=32:A_WIDTH=32:B_SIGNED=0:A_SIGNED=0:394426c56d1a028ba8fdd5469b163e04011def47 for cells of type $extern:wrap:$sub:Y_WIDTH=32:B_WIDTH=32:A_WIDTH=32:B_SIGNED=0:A_SIGNED=0:394426c56d1a028ba8fdd5469b163e04011def47.
Running "alumacc" on wrapper $extern:wrap:$ge:Y_WIDTH=1:B_WIDTH=32:A_WIDTH=32:B_SIGNED=0:A_SIGNED=0:394426c56d1a028ba8fdd5469b163e04011def47.
Using template $extern:wrap:$ge:Y_WIDTH=1:B_WIDTH=32:A_WIDTH=32:B_SIGNED=0:A_SIGNED=0:394426c56d1a028ba8fdd5469b163e04011def47 for cells of type $extern:wrap:$ge:Y_WIDTH=1:B_WIDTH=32:A_WIDTH=32:B_SIGNED=0:A_SIGNED=0:394426c56d1a028ba8fdd5469b163e04011def47.
Running "alumacc" on wrapper $extern:wrap:$sub:Y_WIDTH=33:B_WIDTH=33:A_WIDTH=32:B_SIGNED=0:A_SIGNED=0:394426c56d1a028ba8fdd5469b163e04011def47.
Using template $extern:wrap:$sub:Y_WIDTH=33:B_WIDTH=33:A_WIDTH=32:B_SIGNED=0:A_SIGNED=0:394426c56d1a028ba8fdd5469b163e04011def47 for cells of type $extern:wrap:$sub:Y_WIDTH=33:B_WIDTH=33:A_WIDTH=32:B_SIGNED=0:A_SIGNED=0:394426c56d1a028ba8fdd5469b163e04011def47.
Running "alumacc" on wrapper $extern:wrap:$ge:Y_WIDTH=1:B_WIDTH=33:A_WIDTH=32:B_SIGNED=0:A_SIGNED=0:394426c56d1a028ba8fdd5469b163e04011def47.
Using template $extern:wrap:$ge:Y_WIDTH=1:B_WIDTH=33:A_WIDTH=32:B_SIGNED=0:A_SIGNED=0:394426c56d1a028ba8fdd5469b163e04011def47 for cells of type $extern:wrap:$ge:Y_WIDTH=1:B_WIDTH=33:A_WIDTH=32:B_SIGNED=0:A_SIGNED=0:394426c56d1a028ba8fdd5469b163e04011def47.
Running "alumacc" on wrapper $extern:wrap:$sub:Y_WIDTH=34:B_WIDTH=34:A_WIDTH=32:B_SIGNED=0:A_SIGNED=0:394426c56d1a028ba8fdd5469b163e04011def47.
Using template $extern:wrap:$sub:Y_WIDTH=34:B_WIDTH=34:A_WIDTH=32:B_SIGNED=0:A_SIGNED=0:394426c56d1a028ba8fdd5469b163e04011def47 for cells of type $extern:wrap:$sub:Y_WIDTH=34:B_WIDTH=34:A_WIDTH=32:B_SIGNED=0:A_SIGNED=0:394426c56d1a028ba8fdd5469b163e04011def47.
Running "alumacc" on wrapper $extern:wrap:$ge:Y_WIDTH=1:B_WIDTH=34:A_WIDTH=32:B_SIGNED=0:A_SIGNED=0:394426c56d1a028ba8fdd5469b163e04011def47.
Using template $extern:wrap:$ge:Y_WIDTH=1:B_WIDTH=34:A_WIDTH=32:B_SIGNED=0:A_SIGNED=0:394426c56d1a028ba8fdd5469b163e04011def47 for cells of type $extern:wrap:$ge:Y_WIDTH=1:B_WIDTH=34:A_WIDTH=32:B_SIGNED=0:A_SIGNED=0:394426c56d1a028ba8fdd5469b163e04011def47.
Running "alumacc" on wrapper $extern:wrap:$sub:Y_WIDTH=35:B_WIDTH=35:A_WIDTH=32:B_SIGNED=0:A_SIGNED=0:394426c56d1a028ba8fdd5469b163e04011def47.
Using template $extern:wrap:$sub:Y_WIDTH=35:B_WIDTH=35:A_WIDTH=32:B_SIGNED=0:A_SIGNED=0:394426c56d1a028ba8fdd5469b163e04011def47 for cells of type $extern:wrap:$sub:Y_WIDTH=35:B_WIDTH=35:A_WIDTH=32:B_SIGNED=0:A_SIGNED=0:394426c56d1a028ba8fdd5469b163e04011def47.
Running "alumacc" on wrapper $extern:wrap:$sub:Y_WIDTH=36:B_WIDTH=36:A_WIDTH=32:B_SIGNED=0:A_SIGNED=0:394426c56d1a028ba8fdd5469b163e04011def47.
Using template $extern:wrap:$sub:Y_WIDTH=36:B_WIDTH=36:A_WIDTH=32:B_SIGNED=0:A_SIGNED=0:394426c56d1a028ba8fdd5469b163e04011def47 for cells of type $extern:wrap:$sub:Y_WIDTH=36:B_WIDTH=36:A_WIDTH=32:B_SIGNED=0:A_SIGNED=0:394426c56d1a028ba8fdd5469b163e04011def47.
Running "alumacc" on wrapper $extern:wrap:$ge:Y_WIDTH=1:B_WIDTH=36:A_WIDTH=32:B_SIGNED=0:A_SIGNED=0:394426c56d1a028ba8fdd5469b163e04011def47.
Using template $extern:wrap:$ge:Y_WIDTH=1:B_WIDTH=36:A_WIDTH=32:B_SIGNED=0:A_SIGNED=0:394426c56d1a028ba8fdd5469b163e04011def47 for cells of type $extern:wrap:$ge:Y_WIDTH=1:B_WIDTH=36:A_WIDTH=32:B_SIGNED=0:A_SIGNED=0:394426c56d1a028ba8fdd5469b163e04011def47.
Running "alumacc" on wrapper $extern:wrap:$sub:Y_WIDTH=37:B_WIDTH=37:A_WIDTH=32:B_SIGNED=0:A_SIGNED=0:394426c56d1a028ba8fdd5469b163e04011def47.
Using template $extern:wrap:$sub:Y_WIDTH=37:B_WIDTH=37:A_WIDTH=32:B_SIGNED=0:A_SIGNED=0:394426c56d1a028ba8fdd5469b163e04011def47 for cells of type $extern:wrap:$sub:Y_WIDTH=37:B_WIDTH=37:A_WIDTH=32:B_SIGNED=0:A_SIGNED=0:394426c56d1a028ba8fdd5469b163e04011def47.
Running "alumacc" on wrapper $extern:wrap:$ge:Y_WIDTH=1:B_WIDTH=37:A_WIDTH=32:B_SIGNED=0:A_SIGNED=0:394426c56d1a028ba8fdd5469b163e04011def47.
Using template $extern:wrap:$ge:Y_WIDTH=1:B_WIDTH=37:A_WIDTH=32:B_SIGNED=0:A_SIGNED=0:394426c56d1a028ba8fdd5469b163e04011def47 for cells of type $extern:wrap:$ge:Y_WIDTH=1:B_WIDTH=37:A_WIDTH=32:B_SIGNED=0:A_SIGNED=0:394426c56d1a028ba8fdd5469b163e04011def47.
Running "alumacc" on wrapper $extern:wrap:$ge:Y_WIDTH=1:B_WIDTH=38:A_WIDTH=32:B_SIGNED=0:A_SIGNED=0:394426c56d1a028ba8fdd5469b163e04011def47.
Using template $extern:wrap:$ge:Y_WIDTH=1:B_WIDTH=38:A_WIDTH=32:B_SIGNED=0:A_SIGNED=0:394426c56d1a028ba8fdd5469b163e04011def47 for cells of type $extern:wrap:$ge:Y_WIDTH=1:B_WIDTH=38:A_WIDTH=32:B_SIGNED=0:A_SIGNED=0:394426c56d1a028ba8fdd5469b163e04011def47.
Running "alumacc" on wrapper $extern:wrap:$sub:Y_WIDTH=39:B_WIDTH=39:A_WIDTH=32:B_SIGNED=0:A_SIGNED=0:394426c56d1a028ba8fdd5469b163e04011def47.
Using template $extern:wrap:$sub:Y_WIDTH=39:B_WIDTH=39:A_WIDTH=32:B_SIGNED=0:A_SIGNED=0:394426c56d1a028ba8fdd5469b163e04011def47 for cells of type $extern:wrap:$sub:Y_WIDTH=39:B_WIDTH=39:A_WIDTH=32:B_SIGNED=0:A_SIGNED=0:394426c56d1a028ba8fdd5469b163e04011def47.
Running "alumacc" on wrapper $extern:wrap:$ge:Y_WIDTH=1:B_WIDTH=39:A_WIDTH=32:B_SIGNED=0:A_SIGNED=0:394426c56d1a028ba8fdd5469b163e04011def47.
Using template $extern:wrap:$ge:Y_WIDTH=1:B_WIDTH=39:A_WIDTH=32:B_SIGNED=0:A_SIGNED=0:394426c56d1a028ba8fdd5469b163e04011def47 for cells of type $extern:wrap:$ge:Y_WIDTH=1:B_WIDTH=39:A_WIDTH=32:B_SIGNED=0:A_SIGNED=0:394426c56d1a028ba8fdd5469b163e04011def47.
Running "alumacc" on wrapper $extern:wrap:$sub:Y_WIDTH=40:B_WIDTH=40:A_WIDTH=32:B_SIGNED=0:A_SIGNED=0:394426c56d1a028ba8fdd5469b163e04011def47.
Using template $extern:wrap:$sub:Y_WIDTH=40:B_WIDTH=40:A_WIDTH=32:B_SIGNED=0:A_SIGNED=0:394426c56d1a028ba8fdd5469b163e04011def47 for cells of type $extern:wrap:$sub:Y_WIDTH=40:B_WIDTH=40:A_WIDTH=32:B_SIGNED=0:A_SIGNED=0:394426c56d1a028ba8fdd5469b163e04011def47.
Running "alumacc" on wrapper $extern:wrap:$ge:Y_WIDTH=1:B_WIDTH=40:A_WIDTH=32:B_SIGNED=0:A_SIGNED=0:394426c56d1a028ba8fdd5469b163e04011def47.
Using template $extern:wrap:$ge:Y_WIDTH=1:B_WIDTH=40:A_WIDTH=32:B_SIGNED=0:A_SIGNED=0:394426c56d1a028ba8fdd5469b163e04011def47 for cells of type $extern:wrap:$ge:Y_WIDTH=1:B_WIDTH=40:A_WIDTH=32:B_SIGNED=0:A_SIGNED=0:394426c56d1a028ba8fdd5469b163e04011def47.
Running "alumacc" on wrapper $extern:wrap:$sub:Y_WIDTH=41:B_WIDTH=41:A_WIDTH=32:B_SIGNED=0:A_SIGNED=0:394426c56d1a028ba8fdd5469b163e04011def47.
Using template $extern:wrap:$sub:Y_WIDTH=41:B_WIDTH=41:A_WIDTH=32:B_SIGNED=0:A_SIGNED=0:394426c56d1a028ba8fdd5469b163e04011def47 for cells of type $extern:wrap:$sub:Y_WIDTH=41:B_WIDTH=41:A_WIDTH=32:B_SIGNED=0:A_SIGNED=0:394426c56d1a028ba8fdd5469b163e04011def47.
Running "alumacc" on wrapper $extern:wrap:$ge:Y_WIDTH=1:B_WIDTH=41:A_WIDTH=32:B_SIGNED=0:A_SIGNED=0:394426c56d1a028ba8fdd5469b163e04011def47.
Using template $extern:wrap:$ge:Y_WIDTH=1:B_WIDTH=41:A_WIDTH=32:B_SIGNED=0:A_SIGNED=0:394426c56d1a028ba8fdd5469b163e04011def47 for cells of type $extern:wrap:$ge:Y_WIDTH=1:B_WIDTH=41:A_WIDTH=32:B_SIGNED=0:A_SIGNED=0:394426c56d1a028ba8fdd5469b163e04011def47.
Running "alumacc" on wrapper $extern:wrap:$sub:Y_WIDTH=42:B_WIDTH=42:A_WIDTH=32:B_SIGNED=0:A_SIGNED=0:394426c56d1a028ba8fdd5469b163e04011def47.
Using template $extern:wrap:$sub:Y_WIDTH=42:B_WIDTH=42:A_WIDTH=32:B_SIGNED=0:A_SIGNED=0:394426c56d1a028ba8fdd5469b163e04011def47 for cells of type $extern:wrap:$sub:Y_WIDTH=42:B_WIDTH=42:A_WIDTH=32:B_SIGNED=0:A_SIGNED=0:394426c56d1a028ba8fdd5469b163e04011def47.
Running "alumacc" on wrapper $extern:wrap:$ge:Y_WIDTH=1:B_WIDTH=42:A_WIDTH=32:B_SIGNED=0:A_SIGNED=0:394426c56d1a028ba8fdd5469b163e04011def47.
Using template $extern:wrap:$ge:Y_WIDTH=1:B_WIDTH=42:A_WIDTH=32:B_SIGNED=0:A_SIGNED=0:394426c56d1a028ba8fdd5469b163e04011def47 for cells of type $extern:wrap:$ge:Y_WIDTH=1:B_WIDTH=42:A_WIDTH=32:B_SIGNED=0:A_SIGNED=0:394426c56d1a028ba8fdd5469b163e04011def47.
Running "alumacc" on wrapper $extern:wrap:$sub:Y_WIDTH=43:B_WIDTH=43:A_WIDTH=32:B_SIGNED=0:A_SIGNED=0:394426c56d1a028ba8fdd5469b163e04011def47.
Using template $extern:wrap:$sub:Y_WIDTH=43:B_WIDTH=43:A_WIDTH=32:B_SIGNED=0:A_SIGNED=0:394426c56d1a028ba8fdd5469b163e04011def47 for cells of type $extern:wrap:$sub:Y_WIDTH=43:B_WIDTH=43:A_WIDTH=32:B_SIGNED=0:A_SIGNED=0:394426c56d1a028ba8fdd5469b163e04011def47.
Running "alumacc" on wrapper $extern:wrap:$ge:Y_WIDTH=1:B_WIDTH=43:A_WIDTH=32:B_SIGNED=0:A_SIGNED=0:394426c56d1a028ba8fdd5469b163e04011def47.
Using template $extern:wrap:$ge:Y_WIDTH=1:B_WIDTH=43:A_WIDTH=32:B_SIGNED=0:A_SIGNED=0:394426c56d1a028ba8fdd5469b163e04011def47 for cells of type $extern:wrap:$ge:Y_WIDTH=1:B_WIDTH=43:A_WIDTH=32:B_SIGNED=0:A_SIGNED=0:394426c56d1a028ba8fdd5469b163e04011def47.
Running "alumacc" on wrapper $extern:wrap:$sub:Y_WIDTH=44:B_WIDTH=44:A_WIDTH=32:B_SIGNED=0:A_SIGNED=0:394426c56d1a028ba8fdd5469b163e04011def47.
Using template $extern:wrap:$sub:Y_WIDTH=44:B_WIDTH=44:A_WIDTH=32:B_SIGNED=0:A_SIGNED=0:394426c56d1a028ba8fdd5469b163e04011def47 for cells of type $extern:wrap:$sub:Y_WIDTH=44:B_WIDTH=44:A_WIDTH=32:B_SIGNED=0:A_SIGNED=0:394426c56d1a028ba8fdd5469b163e04011def47.
Running "alumacc" on wrapper $extern:wrap:$ge:Y_WIDTH=1:B_WIDTH=44:A_WIDTH=32:B_SIGNED=0:A_SIGNED=0:394426c56d1a028ba8fdd5469b163e04011def47.
Using template $extern:wrap:$ge:Y_WIDTH=1:B_WIDTH=44:A_WIDTH=32:B_SIGNED=0:A_SIGNED=0:394426c56d1a028ba8fdd5469b163e04011def47 for cells of type $extern:wrap:$ge:Y_WIDTH=1:B_WIDTH=44:A_WIDTH=32:B_SIGNED=0:A_SIGNED=0:394426c56d1a028ba8fdd5469b163e04011def47.
Running "alumacc" on wrapper $extern:wrap:$sub:Y_WIDTH=45:B_WIDTH=45:A_WIDTH=32:B_SIGNED=0:A_SIGNED=0:394426c56d1a028ba8fdd5469b163e04011def47.
Using template $extern:wrap:$sub:Y_WIDTH=45:B_WIDTH=45:A_WIDTH=32:B_SIGNED=0:A_SIGNED=0:394426c56d1a028ba8fdd5469b163e04011def47 for cells of type $extern:wrap:$sub:Y_WIDTH=45:B_WIDTH=45:A_WIDTH=32:B_SIGNED=0:A_SIGNED=0:394426c56d1a028ba8fdd5469b163e04011def47.
Running "alumacc" on wrapper $extern:wrap:$ge:Y_WIDTH=1:B_WIDTH=45:A_WIDTH=32:B_SIGNED=0:A_SIGNED=0:394426c56d1a028ba8fdd5469b163e04011def47.
Using template $extern:wrap:$ge:Y_WIDTH=1:B_WIDTH=45:A_WIDTH=32:B_SIGNED=0:A_SIGNED=0:394426c56d1a028ba8fdd5469b163e04011def47 for cells of type $extern:wrap:$ge:Y_WIDTH=1:B_WIDTH=45:A_WIDTH=32:B_SIGNED=0:A_SIGNED=0:394426c56d1a028ba8fdd5469b163e04011def47.
Running "alumacc" on wrapper $extern:wrap:$sub:Y_WIDTH=46:B_WIDTH=46:A_WIDTH=32:B_SIGNED=0:A_SIGNED=0:394426c56d1a028ba8fdd5469b163e04011def47.
Using template $extern:wrap:$sub:Y_WIDTH=46:B_WIDTH=46:A_WIDTH=32:B_SIGNED=0:A_SIGNED=0:394426c56d1a028ba8fdd5469b163e04011def47 for cells of type $extern:wrap:$sub:Y_WIDTH=46:B_WIDTH=46:A_WIDTH=32:B_SIGNED=0:A_SIGNED=0:394426c56d1a028ba8fdd5469b163e04011def47.
Running "alumacc" on wrapper $extern:wrap:$sub:Y_WIDTH=47:B_WIDTH=47:A_WIDTH=32:B_SIGNED=0:A_SIGNED=0:394426c56d1a028ba8fdd5469b163e04011def47.
Using template $extern:wrap:$sub:Y_WIDTH=47:B_WIDTH=47:A_WIDTH=32:B_SIGNED=0:A_SIGNED=0:394426c56d1a028ba8fdd5469b163e04011def47 for cells of type $extern:wrap:$sub:Y_WIDTH=47:B_WIDTH=47:A_WIDTH=32:B_SIGNED=0:A_SIGNED=0:394426c56d1a028ba8fdd5469b163e04011def47.
Running "alumacc" on wrapper $extern:wrap:$ge:Y_WIDTH=1:B_WIDTH=47:A_WIDTH=32:B_SIGNED=0:A_SIGNED=0:394426c56d1a028ba8fdd5469b163e04011def47.
Using template $extern:wrap:$ge:Y_WIDTH=1:B_WIDTH=47:A_WIDTH=32:B_SIGNED=0:A_SIGNED=0:394426c56d1a028ba8fdd5469b163e04011def47 for cells of type $extern:wrap:$ge:Y_WIDTH=1:B_WIDTH=47:A_WIDTH=32:B_SIGNED=0:A_SIGNED=0:394426c56d1a028ba8fdd5469b163e04011def47.
Running "alumacc" on wrapper $extern:wrap:$sub:Y_WIDTH=48:B_WIDTH=48:A_WIDTH=32:B_SIGNED=0:A_SIGNED=0:394426c56d1a028ba8fdd5469b163e04011def47.
Using template $extern:wrap:$sub:Y_WIDTH=48:B_WIDTH=48:A_WIDTH=32:B_SIGNED=0:A_SIGNED=0:394426c56d1a028ba8fdd5469b163e04011def47 for cells of type $extern:wrap:$sub:Y_WIDTH=48:B_WIDTH=48:A_WIDTH=32:B_SIGNED=0:A_SIGNED=0:394426c56d1a028ba8fdd5469b163e04011def47.
Running "alumacc" on wrapper $extern:wrap:$ge:Y_WIDTH=1:B_WIDTH=48:A_WIDTH=32:B_SIGNED=0:A_SIGNED=0:394426c56d1a028ba8fdd5469b163e04011def47.
Using template $extern:wrap:$ge:Y_WIDTH=1:B_WIDTH=48:A_WIDTH=32:B_SIGNED=0:A_SIGNED=0:394426c56d1a028ba8fdd5469b163e04011def47 for cells of type $extern:wrap:$ge:Y_WIDTH=1:B_WIDTH=48:A_WIDTH=32:B_SIGNED=0:A_SIGNED=0:394426c56d1a028ba8fdd5469b163e04011def47.
Running "alumacc" on wrapper $extern:wrap:$ge:Y_WIDTH=1:B_WIDTH=49:A_WIDTH=32:B_SIGNED=0:A_SIGNED=0:394426c56d1a028ba8fdd5469b163e04011def47.
Using template $extern:wrap:$ge:Y_WIDTH=1:B_WIDTH=49:A_WIDTH=32:B_SIGNED=0:A_SIGNED=0:394426c56d1a028ba8fdd5469b163e04011def47 for cells of type $extern:wrap:$ge:Y_WIDTH=1:B_WIDTH=49:A_WIDTH=32:B_SIGNED=0:A_SIGNED=0:394426c56d1a028ba8fdd5469b163e04011def47.
Running "alumacc" on wrapper $extern:wrap:$sub:Y_WIDTH=50:B_WIDTH=50:A_WIDTH=32:B_SIGNED=0:A_SIGNED=0:394426c56d1a028ba8fdd5469b163e04011def47.
Using template $extern:wrap:$sub:Y_WIDTH=50:B_WIDTH=50:A_WIDTH=32:B_SIGNED=0:A_SIGNED=0:394426c56d1a028ba8fdd5469b163e04011def47 for cells of type $extern:wrap:$sub:Y_WIDTH=50:B_WIDTH=50:A_WIDTH=32:B_SIGNED=0:A_SIGNED=0:394426c56d1a028ba8fdd5469b163e04011def47.
Running "alumacc" on wrapper $extern:wrap:$ge:Y_WIDTH=1:B_WIDTH=50:A_WIDTH=32:B_SIGNED=0:A_SIGNED=0:394426c56d1a028ba8fdd5469b163e04011def47.
Using template $extern:wrap:$ge:Y_WIDTH=1:B_WIDTH=50:A_WIDTH=32:B_SIGNED=0:A_SIGNED=0:394426c56d1a028ba8fdd5469b163e04011def47 for cells of type $extern:wrap:$ge:Y_WIDTH=1:B_WIDTH=50:A_WIDTH=32:B_SIGNED=0:A_SIGNED=0:394426c56d1a028ba8fdd5469b163e04011def47.
Running "alumacc" on wrapper $extern:wrap:$sub:Y_WIDTH=51:B_WIDTH=51:A_WIDTH=32:B_SIGNED=0:A_SIGNED=0:394426c56d1a028ba8fdd5469b163e04011def47.
Using template $extern:wrap:$sub:Y_WIDTH=51:B_WIDTH=51:A_WIDTH=32:B_SIGNED=0:A_SIGNED=0:394426c56d1a028ba8fdd5469b163e04011def47 for cells of type $extern:wrap:$sub:Y_WIDTH=51:B_WIDTH=51:A_WIDTH=32:B_SIGNED=0:A_SIGNED=0:394426c56d1a028ba8fdd5469b163e04011def47.
Running "alumacc" on wrapper $extern:wrap:$ge:Y_WIDTH=1:B_WIDTH=51:A_WIDTH=32:B_SIGNED=0:A_SIGNED=0:394426c56d1a028ba8fdd5469b163e04011def47.
Using template $extern:wrap:$ge:Y_WIDTH=1:B_WIDTH=51:A_WIDTH=32:B_SIGNED=0:A_SIGNED=0:394426c56d1a028ba8fdd5469b163e04011def47 for cells of type $extern:wrap:$ge:Y_WIDTH=1:B_WIDTH=51:A_WIDTH=32:B_SIGNED=0:A_SIGNED=0:394426c56d1a028ba8fdd5469b163e04011def47.
Running "alumacc" on wrapper $extern:wrap:$sub:Y_WIDTH=52:B_WIDTH=52:A_WIDTH=32:B_SIGNED=0:A_SIGNED=0:394426c56d1a028ba8fdd5469b163e04011def47.
Using template $extern:wrap:$sub:Y_WIDTH=52:B_WIDTH=52:A_WIDTH=32:B_SIGNED=0:A_SIGNED=0:394426c56d1a028ba8fdd5469b163e04011def47 for cells of type $extern:wrap:$sub:Y_WIDTH=52:B_WIDTH=52:A_WIDTH=32:B_SIGNED=0:A_SIGNED=0:394426c56d1a028ba8fdd5469b163e04011def47.
Running "alumacc" on wrapper $extern:wrap:$ge:Y_WIDTH=1:B_WIDTH=52:A_WIDTH=32:B_SIGNED=0:A_SIGNED=0:394426c56d1a028ba8fdd5469b163e04011def47.
Using template $extern:wrap:$ge:Y_WIDTH=1:B_WIDTH=52:A_WIDTH=32:B_SIGNED=0:A_SIGNED=0:394426c56d1a028ba8fdd5469b163e04011def47 for cells of type $extern:wrap:$ge:Y_WIDTH=1:B_WIDTH=52:A_WIDTH=32:B_SIGNED=0:A_SIGNED=0:394426c56d1a028ba8fdd5469b163e04011def47.
Running "alumacc" on wrapper $extern:wrap:$sub:Y_WIDTH=53:B_WIDTH=53:A_WIDTH=32:B_SIGNED=0:A_SIGNED=0:394426c56d1a028ba8fdd5469b163e04011def47.
Using template $extern:wrap:$sub:Y_WIDTH=53:B_WIDTH=53:A_WIDTH=32:B_SIGNED=0:A_SIGNED=0:394426c56d1a028ba8fdd5469b163e04011def47 for cells of type $extern:wrap:$sub:Y_WIDTH=53:B_WIDTH=53:A_WIDTH=32:B_SIGNED=0:A_SIGNED=0:394426c56d1a028ba8fdd5469b163e04011def47.
Running "alumacc" on wrapper $extern:wrap:$ge:Y_WIDTH=1:B_WIDTH=53:A_WIDTH=32:B_SIGNED=0:A_SIGNED=0:394426c56d1a028ba8fdd5469b163e04011def47.
Using template $extern:wrap:$ge:Y_WIDTH=1:B_WIDTH=53:A_WIDTH=32:B_SIGNED=0:A_SIGNED=0:394426c56d1a028ba8fdd5469b163e04011def47 for cells of type $extern:wrap:$ge:Y_WIDTH=1:B_WIDTH=53:A_WIDTH=32:B_SIGNED=0:A_SIGNED=0:394426c56d1a028ba8fdd5469b163e04011def47.
Running "alumacc" on wrapper $extern:wrap:$sub:Y_WIDTH=54:B_WIDTH=54:A_WIDTH=32:B_SIGNED=0:A_SIGNED=0:394426c56d1a028ba8fdd5469b163e04011def47.
Using template $extern:wrap:$sub:Y_WIDTH=54:B_WIDTH=54:A_WIDTH=32:B_SIGNED=0:A_SIGNED=0:394426c56d1a028ba8fdd5469b163e04011def47 for cells of type $extern:wrap:$sub:Y_WIDTH=54:B_WIDTH=54:A_WIDTH=32:B_SIGNED=0:A_SIGNED=0:394426c56d1a028ba8fdd5469b163e04011def47.
Running "alumacc" on wrapper $extern:wrap:$ge:Y_WIDTH=1:B_WIDTH=54:A_WIDTH=32:B_SIGNED=0:A_SIGNED=0:394426c56d1a028ba8fdd5469b163e04011def47.
Using template $extern:wrap:$ge:Y_WIDTH=1:B_WIDTH=54:A_WIDTH=32:B_SIGNED=0:A_SIGNED=0:394426c56d1a028ba8fdd5469b163e04011def47 for cells of type $extern:wrap:$ge:Y_WIDTH=1:B_WIDTH=54:A_WIDTH=32:B_SIGNED=0:A_SIGNED=0:394426c56d1a028ba8fdd5469b163e04011def47.
Running "alumacc" on wrapper $extern:wrap:$sub:Y_WIDTH=55:B_WIDTH=55:A_WIDTH=32:B_SIGNED=0:A_SIGNED=0:394426c56d1a028ba8fdd5469b163e04011def47.
Using template $extern:wrap:$sub:Y_WIDTH=55:B_WIDTH=55:A_WIDTH=32:B_SIGNED=0:A_SIGNED=0:394426c56d1a028ba8fdd5469b163e04011def47 for cells of type $extern:wrap:$sub:Y_WIDTH=55:B_WIDTH=55:A_WIDTH=32:B_SIGNED=0:A_SIGNED=0:394426c56d1a028ba8fdd5469b163e04011def47.
Running "alumacc" on wrapper $extern:wrap:$ge:Y_WIDTH=1:B_WIDTH=55:A_WIDTH=32:B_SIGNED=0:A_SIGNED=0:394426c56d1a028ba8fdd5469b163e04011def47.
Using template $extern:wrap:$ge:Y_WIDTH=1:B_WIDTH=55:A_WIDTH=32:B_SIGNED=0:A_SIGNED=0:394426c56d1a028ba8fdd5469b163e04011def47 for cells of type $extern:wrap:$ge:Y_WIDTH=1:B_WIDTH=55:A_WIDTH=32:B_SIGNED=0:A_SIGNED=0:394426c56d1a028ba8fdd5469b163e04011def47.
Running "alumacc" on wrapper $extern:wrap:$sub:Y_WIDTH=56:B_WIDTH=56:A_WIDTH=32:B_SIGNED=0:A_SIGNED=0:394426c56d1a028ba8fdd5469b163e04011def47.
Using template $extern:wrap:$sub:Y_WIDTH=56:B_WIDTH=56:A_WIDTH=32:B_SIGNED=0:A_SIGNED=0:394426c56d1a028ba8fdd5469b163e04011def47 for cells of type $extern:wrap:$sub:Y_WIDTH=56:B_WIDTH=56:A_WIDTH=32:B_SIGNED=0:A_SIGNED=0:394426c56d1a028ba8fdd5469b163e04011def47.
Running "alumacc" on wrapper $extern:wrap:$ge:Y_WIDTH=1:B_WIDTH=56:A_WIDTH=32:B_SIGNED=0:A_SIGNED=0:394426c56d1a028ba8fdd5469b163e04011def47.
Using template $extern:wrap:$ge:Y_WIDTH=1:B_WIDTH=56:A_WIDTH=32:B_SIGNED=0:A_SIGNED=0:394426c56d1a028ba8fdd5469b163e04011def47 for cells of type $extern:wrap:$ge:Y_WIDTH=1:B_WIDTH=56:A_WIDTH=32:B_SIGNED=0:A_SIGNED=0:394426c56d1a028ba8fdd5469b163e04011def47.
Running "alumacc" on wrapper $extern:wrap:$sub:Y_WIDTH=57:B_WIDTH=57:A_WIDTH=32:B_SIGNED=0:A_SIGNED=0:394426c56d1a028ba8fdd5469b163e04011def47.
Using template $extern:wrap:$sub:Y_WIDTH=57:B_WIDTH=57:A_WIDTH=32:B_SIGNED=0:A_SIGNED=0:394426c56d1a028ba8fdd5469b163e04011def47 for cells of type $extern:wrap:$sub:Y_WIDTH=57:B_WIDTH=57:A_WIDTH=32:B_SIGNED=0:A_SIGNED=0:394426c56d1a028ba8fdd5469b163e04011def47.
Running "alumacc" on wrapper $extern:wrap:$sub:Y_WIDTH=58:B_WIDTH=58:A_WIDTH=32:B_SIGNED=0:A_SIGNED=0:394426c56d1a028ba8fdd5469b163e04011def47.
Using template $extern:wrap:$sub:Y_WIDTH=58:B_WIDTH=58:A_WIDTH=32:B_SIGNED=0:A_SIGNED=0:394426c56d1a028ba8fdd5469b163e04011def47 for cells of type $extern:wrap:$sub:Y_WIDTH=58:B_WIDTH=58:A_WIDTH=32:B_SIGNED=0:A_SIGNED=0:394426c56d1a028ba8fdd5469b163e04011def47.
Running "alumacc" on wrapper $extern:wrap:$ge:Y_WIDTH=1:B_WIDTH=58:A_WIDTH=32:B_SIGNED=0:A_SIGNED=0:394426c56d1a028ba8fdd5469b163e04011def47.
Using template $extern:wrap:$ge:Y_WIDTH=1:B_WIDTH=58:A_WIDTH=32:B_SIGNED=0:A_SIGNED=0:394426c56d1a028ba8fdd5469b163e04011def47 for cells of type $extern:wrap:$ge:Y_WIDTH=1:B_WIDTH=58:A_WIDTH=32:B_SIGNED=0:A_SIGNED=0:394426c56d1a028ba8fdd5469b163e04011def47.
Running "alumacc" on wrapper $extern:wrap:$sub:Y_WIDTH=59:B_WIDTH=59:A_WIDTH=32:B_SIGNED=0:A_SIGNED=0:394426c56d1a028ba8fdd5469b163e04011def47.
Using template $extern:wrap:$sub:Y_WIDTH=59:B_WIDTH=59:A_WIDTH=32:B_SIGNED=0:A_SIGNED=0:394426c56d1a028ba8fdd5469b163e04011def47 for cells of type $extern:wrap:$sub:Y_WIDTH=59:B_WIDTH=59:A_WIDTH=32:B_SIGNED=0:A_SIGNED=0:394426c56d1a028ba8fdd5469b163e04011def47.
Running "alumacc" on wrapper $extern:wrap:$ge:Y_WIDTH=1:B_WIDTH=59:A_WIDTH=32:B_SIGNED=0:A_SIGNED=0:394426c56d1a028ba8fdd5469b163e04011def47.
Using template $extern:wrap:$ge:Y_WIDTH=1:B_WIDTH=59:A_WIDTH=32:B_SIGNED=0:A_SIGNED=0:394426c56d1a028ba8fdd5469b163e04011def47 for cells of type $extern:wrap:$ge:Y_WIDTH=1:B_WIDTH=59:A_WIDTH=32:B_SIGNED=0:A_SIGNED=0:394426c56d1a028ba8fdd5469b163e04011def47.
Running "alumacc" on wrapper $extern:wrap:$sub:Y_WIDTH=60:B_WIDTH=60:A_WIDTH=32:B_SIGNED=0:A_SIGNED=0:394426c56d1a028ba8fdd5469b163e04011def47.
Using template $extern:wrap:$sub:Y_WIDTH=60:B_WIDTH=60:A_WIDTH=32:B_SIGNED=0:A_SIGNED=0:394426c56d1a028ba8fdd5469b163e04011def47 for cells of type $extern:wrap:$sub:Y_WIDTH=60:B_WIDTH=60:A_WIDTH=32:B_SIGNED=0:A_SIGNED=0:394426c56d1a028ba8fdd5469b163e04011def47.
Running "alumacc" on wrapper $extern:wrap:$sub:Y_WIDTH=61:B_WIDTH=61:A_WIDTH=32:B_SIGNED=0:A_SIGNED=0:394426c56d1a028ba8fdd5469b163e04011def47.
Using template $extern:wrap:$sub:Y_WIDTH=61:B_WIDTH=61:A_WIDTH=32:B_SIGNED=0:A_SIGNED=0:394426c56d1a028ba8fdd5469b163e04011def47 for cells of type $extern:wrap:$sub:Y_WIDTH=61:B_WIDTH=61:A_WIDTH=32:B_SIGNED=0:A_SIGNED=0:394426c56d1a028ba8fdd5469b163e04011def47.
Running "alumacc" on wrapper $extern:wrap:$ge:Y_WIDTH=1:B_WIDTH=61:A_WIDTH=32:B_SIGNED=0:A_SIGNED=0:394426c56d1a028ba8fdd5469b163e04011def47.
Using template $extern:wrap:$ge:Y_WIDTH=1:B_WIDTH=61:A_WIDTH=32:B_SIGNED=0:A_SIGNED=0:394426c56d1a028ba8fdd5469b163e04011def47 for cells of type $extern:wrap:$ge:Y_WIDTH=1:B_WIDTH=61:A_WIDTH=32:B_SIGNED=0:A_SIGNED=0:394426c56d1a028ba8fdd5469b163e04011def47.
Running "alumacc" on wrapper $extern:wrap:$sub:Y_WIDTH=62:B_WIDTH=62:A_WIDTH=32:B_SIGNED=0:A_SIGNED=0:394426c56d1a028ba8fdd5469b163e04011def47.
Using template $extern:wrap:$sub:Y_WIDTH=62:B_WIDTH=62:A_WIDTH=32:B_SIGNED=0:A_SIGNED=0:394426c56d1a028ba8fdd5469b163e04011def47 for cells of type $extern:wrap:$sub:Y_WIDTH=62:B_WIDTH=62:A_WIDTH=32:B_SIGNED=0:A_SIGNED=0:394426c56d1a028ba8fdd5469b163e04011def47.
Running "alumacc" on wrapper $extern:wrap:$ge:Y_WIDTH=1:B_WIDTH=62:A_WIDTH=32:B_SIGNED=0:A_SIGNED=0:394426c56d1a028ba8fdd5469b163e04011def47.
Using template $extern:wrap:$ge:Y_WIDTH=1:B_WIDTH=62:A_WIDTH=32:B_SIGNED=0:A_SIGNED=0:394426c56d1a028ba8fdd5469b163e04011def47 for cells of type $extern:wrap:$ge:Y_WIDTH=1:B_WIDTH=62:A_WIDTH=32:B_SIGNED=0:A_SIGNED=0:394426c56d1a028ba8fdd5469b163e04011def47.
Running "alumacc" on wrapper $extern:wrap:$ge:Y_WIDTH=1:B_WIDTH=63:A_WIDTH=32:B_SIGNED=0:A_SIGNED=0:394426c56d1a028ba8fdd5469b163e04011def47.
Using template $extern:wrap:$ge:Y_WIDTH=1:B_WIDTH=63:A_WIDTH=32:B_SIGNED=0:A_SIGNED=0:394426c56d1a028ba8fdd5469b163e04011def47 for cells of type $extern:wrap:$ge:Y_WIDTH=1:B_WIDTH=63:A_WIDTH=32:B_SIGNED=0:A_SIGNED=0:394426c56d1a028ba8fdd5469b163e04011def47.
Using template $paramod$c6baa65225090ac0a120feab1b920965244aa496\_90_alu for cells of type $alu.
Using template $paramod$dd5ba471f7dcf35707f23b88cfd15b9582f97277\_90_alu for cells of type $alu.
Using template $paramod$8e07e2c0a3efc148d2f3714f3901076678774ed1\_90_alu for cells of type $alu.
Using extmapper simplemap for cells of type $reduce_or.
Using template $paramod$05d913fba320393c7e943e625bef3af776153b60\_90_alu for cells of type $alu.
Using extmapper simplemap for cells of type $reduce_and.
Using template $paramod$415abdcadc251df4f0f033b62b8f3296b8461b4e\_90_alu for cells of type $alu.
Using template $paramod$fbc7873bff55778c0b3173955b7e4bce1d9d6834\_90_alu for cells of type $alu.
Using template $paramod$d7aca3dc44b07ff19908fb1a3b606577588c15f1\_90_alu for cells of type $alu.
Using template $paramod$ff8ba121d2f8e85b775c9f35ef677a1a276e7e1b\_90_alu for cells of type $alu.
Using template $paramod$e32c921f95fe0e2350204f4ecefc9e296355521b\_90_alu for cells of type $alu.
Using template $paramod$85502450775e62e9c6a2fe29020b3433d4335647\_90_alu for cells of type $alu.
Using template $paramod$b6b58933bcf3c8b9e3e5de18c2637bd0e12c7c47\_90_alu for cells of type $alu.
Using template $paramod$789c344356a154d2afc7b832b41d1067dbc946ba\_90_alu for cells of type $alu.
Using template $paramod$e39069e3f4ee35c1eea86993bd74689959babaab\_90_alu for cells of type $alu.
Using template $paramod$fe074227b1c5fbaa1ea56076182c29dbcf3a782a\_90_alu for cells of type $alu.
Using template $paramod$461fc931d630cb01bec1fea87f37fbcc53f6f6a4\_90_alu for cells of type $alu.
Using template $paramod\_90_lcu\WIDTH=32'00000000000000000000000000100000 for cells of type $lcu.
Using template $paramod$324e0706ebb77f1915b22f4a136962ec3fd1d7ff\_90_alu for cells of type $alu.
Using template $paramod$b7531bc0616f8d4cdd8159edd2237c9ddbb2ce01\_90_alu for cells of type $alu.
Using template $paramod$6a21b72c9c0b32e81b169c7e08a4d8b9c462448f\_90_alu for cells of type $alu.
Using template $paramod$6573c1c269218f299badf6e04ca86aa37fdb352c\_90_alu for cells of type $alu.
Using template $paramod$90182783100594e2dd636a282c4723cfc9adaedd\_90_alu for cells of type $alu.
Using template $paramod$7add42b712fe5bbbba521e93062103d6bf78a453\_90_alu for cells of type $alu.
Using template $paramod$acc477ace2583cc2ee0cf651c72a385d2bbbe9f1\_90_alu for cells of type $alu.
Using template $paramod$d9397dfdf5f7cf5715aebc9527845402880218a0\_90_alu for cells of type $alu.
Using template $paramod$044fdceace8c449ec99f900b42120ac005ff4065\_90_alu for cells of type $alu.
Using template $paramod$2a25669ccd39fe7c0fbfb2a4d17416fc78667f00\_90_alu for cells of type $alu.
Using template $paramod$f94cfdb8ad389f4fc4515bcb65bccd7e2d189e95\_90_alu for cells of type $alu.
Using template $paramod$f9e3a3c4b84f99cb56fad07743ec44ad55b11c8b\_90_alu for cells of type $alu.
Using template $paramod$57bc309a5d8a948cec8981d26d896ee1cbf54d58\_90_alu for cells of type $alu.
Using template $paramod$b6f86f6a0c43c26b22ee55f51e05d5951f0e6562\_90_alu for cells of type $alu.
Using template $paramod$9a66d4bebbc4fab84566caffef9f094a1a467389\_90_alu for cells of type $alu.
Using template $paramod$1445aacdb5f2a1ef9fedf1373097ffa45438211d\_90_alu for cells of type $alu.
Using template $paramod$851c5c9b30913ea2deae68e3ca9e9c4e649723bc\_90_alu for cells of type $alu.
Using template $paramod$5b7e592b3c2951af6800b7fd597f66a79b72b91c\_90_alu for cells of type $alu.
Using template $paramod\_90_lcu\WIDTH=32'00000000000000000000000000111111 for cells of type $lcu.
Using template $paramod\_90_lcu\WIDTH=32'00000000000000000000000000110100 for cells of type $lcu.
Using template $paramod\_90_lcu\WIDTH=32'00000000000000000000000000110101 for cells of type $lcu.
Using template $paramod\_90_lcu\WIDTH=32'00000000000000000000000000100011 for cells of type $lcu.
Using template $paramod\_90_lcu\WIDTH=32'00000000000000000000000000100111 for cells of type $lcu.
Using template $paramod\_90_lcu\WIDTH=32'00000000000000000000000000110110 for cells of type $lcu.
Using template $paramod\_90_lcu\WIDTH=32'00000000000000000000000000101110 for cells of type $lcu.
Using template $paramod\_90_lcu\WIDTH=32'00000000000000000000000000110111 for cells of type $lcu.
Using template $paramod\_90_lcu\WIDTH=32'00000000000000000000000000100101 for cells of type $lcu.
Using template $paramod\_90_lcu\WIDTH=32'00000000000000000000000000100001 for cells of type $lcu.
Using template $paramod\_90_lcu\WIDTH=32'00000000000000000000000000100010 for cells of type $lcu.
Using template $paramod\_90_lcu\WIDTH=32'00000000000000000000000000110011 for cells of type $lcu.
Using template $paramod\_90_lcu\WIDTH=32'00000000000000000000000000110010 for cells of type $lcu.
Using template $paramod\_90_lcu\WIDTH=32'00000000000000000000000000110001 for cells of type $lcu.
Using template $paramod\_90_lcu\WIDTH=32'00000000000000000000000000100110 for cells of type $lcu.
Using template $paramod\_90_lcu\WIDTH=32'00000000000000000000000000110000 for cells of type $lcu.
Using template $paramod\_90_lcu\WIDTH=32'00000000000000000000000000101111 for cells of type $lcu.
Using template $paramod\_90_lcu\WIDTH=32'00000000000000000000000000111001 for cells of type $lcu.
Using template $paramod\_90_lcu\WIDTH=32'00000000000000000000000000111100 for cells of type $lcu.
Using template $paramod\_90_lcu\WIDTH=32'00000000000000000000000000101101 for cells of type $lcu.
Using template $paramod\_90_lcu\WIDTH=32'00000000000000000000000000101100 for cells of type $lcu.
Using template $paramod\_90_lcu\WIDTH=32'00000000000000000000000000111110 for cells of type $lcu.
Using template $paramod\_90_lcu\WIDTH=32'00000000000000000000000000101011 for cells of type $lcu.
Using template $paramod\_90_lcu\WIDTH=32'00000000000000000000000000101010 for cells of type $lcu.
Using template $paramod\_90_lcu\WIDTH=32'00000000000000000000000000100100 for cells of type $lcu.
Using template $paramod\_90_lcu\WIDTH=32'00000000000000000000000000101001 for cells of type $lcu.
Using template $paramod\_90_lcu\WIDTH=32'00000000000000000000000000111101 for cells of type $lcu.
Using template $paramod\_90_lcu\WIDTH=32'00000000000000000000000000101000 for cells of type $lcu.
Using template $paramod\_90_lcu\WIDTH=32'00000000000000000000000000111011 for cells of type $lcu.
Using template $paramod\_90_lcu\WIDTH=32'00000000000000000000000000111010 for cells of type $lcu.
Using template $paramod\_90_lcu\WIDTH=32'00000000000000000000000000111000 for cells of type $lcu.
Using template $paramod$649fc39eef2451024566705288528c8671211199\_90_alu for cells of type $alu.
Using template $paramod$7e708ae28ab761f11d0fb59d3ffc72f6a4baf5d9\_90_alu for cells of type $alu.
Using template $paramod$adbaf76fa5a3091a329503792521395f8ff4d1a4\_90_alu for cells of type $alu.
Using template $paramod\_90_lcu\WIDTH=32'00000000000000000000000000000011 for cells of type $lcu.
Using template $paramod\_90_lcu\WIDTH=32'00000000000000000000000000000010 for cells of type $lcu.
Using template $paramod\_90_lcu\WIDTH=32'00000000000000000000000000000001 for cells of type $lcu.
Using template $paramod$53700bbee849b2010ad0b60a61ccd204a10e24ca\_90_alu for cells of type $alu.
Using extmapper simplemap for cells of type $eq.
Using template $paramod$2af30114e9bd4ccb04dad757b3f0a8f6bf0615b0\_90_alu for cells of type $alu.
Using extmapper simplemap for cells of type $dffe.
Using extmapper simplemap for cells of type $dff.
Using template $paramod$7d19a7a817732effb9f848439671823ad2b38fd0\_90_pmux for cells of type $pmux.
Using extmapper simplemap for cells of type $reduce_bool.
Using extmapper simplemap for cells of type $sdffe.
Using template $paramod\_90_lcu\WIDTH=32'00000000000000000000000000001001 for cells of type $lcu.
Using template $paramod\_90_lcu\WIDTH=32'00000000000000000000000000010000 for cells of type $lcu.
No more expansions possible.
<suppressed ~24754 debug messages>

9.21. Executing OPT pass (performing simple optimizations).

9.21.1. Executing OPT_EXPR pass (perform const folding).
Optimizing module b1_r3_761_serial_0608_1414.
Optimizing module b1_real_serial_0608.
<suppressed ~6830 debug messages>
Optimizing module f3_add_0608.
<suppressed ~35 debug messages>
Optimizing module f3_mul_0608.
<suppressed ~34169 debug messages>
Optimizing module f3_sub3_0608.
<suppressed ~2 debug messages>
Optimizing module sbr17_f3_0608.

9.21.2. Executing OPT_MERGE pass (detect identical cells).
Finding identical cells in module `\b1_r3_761_serial_0608_1414'.
Finding identical cells in module `\b1_real_serial_0608'.
<suppressed ~14709 debug messages>
Finding identical cells in module `\f3_add_0608'.
<suppressed ~3 debug messages>
Finding identical cells in module `\f3_mul_0608'.
<suppressed ~5571 debug messages>
Finding identical cells in module `\f3_sub3_0608'.
Finding identical cells in module `\sbr17_f3_0608'.
Removed a total of 6761 cells.

9.21.3. Executing OPT_DFF pass (perform DFF optimizations).

9.21.4. Executing OPT_CLEAN pass (remove unused cells and wires).
Finding unused cells or wires in module \b1_r3_761_serial_0608_1414..
Finding unused cells or wires in module \b1_real_serial_0608..
Finding unused cells or wires in module \f3_add_0608..
Finding unused cells or wires in module \f3_mul_0608..
Finding unused cells or wires in module \f3_sub3_0608..
Finding unused cells or wires in module \sbr17_f3_0608..
Removed 395 unused cells and 22560 unused wires.
<suppressed ~399 debug messages>

9.21.5. Finished fast OPT passes.

9.22. Executing ABC pass (technology mapping using ABC).

9.22.1. Extracting gate netlist of module `\b1_r3_761_serial_0608_1414' to `<abc-temp-dir>/input.blif'..
Extracted 0 gates and 0 wires to a netlist network with 0 inputs and 0 outputs.
Don't call ABC as there is nothing to map.
Removing temp directory.

9.22.2. Extracting gate netlist of module `\b1_real_serial_0608' to `<abc-temp-dir>/input.blif'..
Extracted 54196 gates and 80151 wires to a netlist network with 25954 inputs and 504 outputs.

9.22.2.1. Executing ABC.
Running ABC command: "<yosys-exe-dir>/yosys-abc" -s -f <abc-temp-dir>/abc.script 2>&1
ABC: ABC command line: "source <abc-temp-dir>/abc.script".
ABC: 
ABC: + read_blif <abc-temp-dir>/input.blif 
ABC: + read_library <abc-temp-dir>/stdcells.genlib 
ABC: Entered genlib library with 13 gates from file "<abc-temp-dir>/stdcells.genlib".
ABC: + strash 
ABC: + dretime 
ABC: + map 
ABC: + write_blif <abc-temp-dir>/output.blif 

9.22.2.2. Re-integrating ABC results.
ABC RESULTS:               NOT cells:        1
ABC RESULTS:               MUX cells:        1
ABC RESULTS:               NOR cells:        1
ABC RESULTS:              XNOR cells:        9
ABC RESULTS:               XOR cells:       13
ABC RESULTS:              NAND cells:      220
ABC RESULTS:               AND cells:        3
ABC RESULTS:             ORNOT cells:       80
ABC RESULTS:                OR cells:    26398
ABC RESULTS:            ANDNOT cells:    27038
ABC RESULTS:        internal signals:    53693
ABC RESULTS:           input signals:    25954
ABC RESULTS:          output signals:      504
Removing temp directory.

9.22.3. Extracting gate netlist of module `\f3_add_0608' to `<abc-temp-dir>/input.blif'..
Extracted 15 gates and 19 wires to a netlist network with 4 inputs and 2 outputs.

9.22.3.1. Executing ABC.
Running ABC command: "<yosys-exe-dir>/yosys-abc" -s -f <abc-temp-dir>/abc.script 2>&1
ABC: ABC command line: "source <abc-temp-dir>/abc.script".
ABC: 
ABC: + read_blif <abc-temp-dir>/input.blif 
ABC: + read_library <abc-temp-dir>/stdcells.genlib 
ABC: Entered genlib library with 13 gates from file "<abc-temp-dir>/stdcells.genlib".
ABC: + strash 
ABC: + dretime 
ABC: + map 
ABC: + write_blif <abc-temp-dir>/output.blif 

9.22.3.2. Re-integrating ABC results.
ABC RESULTS:              NAND cells:        1
ABC RESULTS:               AND cells:        1
ABC RESULTS:            ANDNOT cells:        4
ABC RESULTS:               XOR cells:        1
ABC RESULTS:              XNOR cells:        4
ABC RESULTS:               MUX cells:        1
ABC RESULTS:        internal signals:       13
ABC RESULTS:           input signals:        4
ABC RESULTS:          output signals:        2
Removing temp directory.

9.22.4. Extracting gate netlist of module `\f3_mul_0608' to `<abc-temp-dir>/input.blif'..
Extracted 235 gates and 240 wires to a netlist network with 4 inputs and 2 outputs.

9.22.4.1. Executing ABC.
Running ABC command: "<yosys-exe-dir>/yosys-abc" -s -f <abc-temp-dir>/abc.script 2>&1
ABC: ABC command line: "source <abc-temp-dir>/abc.script".
ABC: 
ABC: + read_blif <abc-temp-dir>/input.blif 
ABC: + read_library <abc-temp-dir>/stdcells.genlib 
ABC: Entered genlib library with 13 gates from file "<abc-temp-dir>/stdcells.genlib".
ABC: + strash 
ABC: + dretime 
ABC: + map 
ABC: + write_blif <abc-temp-dir>/output.blif 

9.22.4.2. Re-integrating ABC results.
ABC RESULTS:               AND cells:        3
ABC RESULTS:               NOR cells:        1
ABC RESULTS:             ORNOT cells:        3
ABC RESULTS:              NAND cells:        5
ABC RESULTS:                OR cells:       31
ABC RESULTS:            ANDNOT cells:       10
ABC RESULTS:               NOT cells:        2
ABC RESULTS:               XOR cells:        9
ABC RESULTS:               MUX cells:       10
ABC RESULTS:        internal signals:      234
ABC RESULTS:           input signals:        4
ABC RESULTS:          output signals:        2
Removing temp directory.

9.22.5. Extracting gate netlist of module `\f3_sub3_0608' to `<abc-temp-dir>/input.blif'..
Extracted 5 gates and 8 wires to a netlist network with 2 inputs and 2 outputs.

9.22.5.1. Executing ABC.
Running ABC command: "<yosys-exe-dir>/yosys-abc" -s -f <abc-temp-dir>/abc.script 2>&1
ABC: ABC command line: "source <abc-temp-dir>/abc.script".
ABC: 
ABC: + read_blif <abc-temp-dir>/input.blif 
ABC: + read_library <abc-temp-dir>/stdcells.genlib 
ABC: Entered genlib library with 13 gates from file "<abc-temp-dir>/stdcells.genlib".
ABC: + strash 
ABC: + dretime 
ABC: + map 
ABC: + write_blif <abc-temp-dir>/output.blif 

9.22.5.2. Re-integrating ABC results.
ABC RESULTS:            ANDNOT cells:        2
ABC RESULTS:        internal signals:        4
ABC RESULTS:           input signals:        2
ABC RESULTS:          output signals:        2
Removing temp directory.

9.22.6. Extracting gate netlist of module `\sbr17_f3_0608' to `<abc-temp-dir>/input.blif'..
Extracted 0 gates and 0 wires to a netlist network with 0 inputs and 0 outputs.
Don't call ABC as there is nothing to map.
Removing temp directory.

9.23. Executing OPT pass (performing simple optimizations).

9.23.1. Executing OPT_EXPR pass (perform const folding).
Optimizing module b1_r3_761_serial_0608_1414.
Optimizing module b1_real_serial_0608.
Optimizing module f3_add_0608.
Optimizing module f3_mul_0608.
Optimizing module f3_sub3_0608.
Optimizing module sbr17_f3_0608.

9.23.2. Executing OPT_MERGE pass (detect identical cells).
Finding identical cells in module `\b1_r3_761_serial_0608_1414'.
Finding identical cells in module `\b1_real_serial_0608'.
Finding identical cells in module `\f3_add_0608'.
Finding identical cells in module `\f3_mul_0608'.
<suppressed ~60 debug messages>
Finding identical cells in module `\f3_sub3_0608'.
Finding identical cells in module `\sbr17_f3_0608'.
Removed a total of 20 cells.

9.23.3. Executing OPT_DFF pass (perform DFF optimizations).

9.23.4. Executing OPT_CLEAN pass (remove unused cells and wires).
Finding unused cells or wires in module \b1_r3_761_serial_0608_1414..
Finding unused cells or wires in module \b1_real_serial_0608..
Finding unused cells or wires in module \f3_add_0608..
Finding unused cells or wires in module \f3_mul_0608..
Finding unused cells or wires in module \f3_sub3_0608..
Finding unused cells or wires in module \sbr17_f3_0608..
Removed 0 unused cells and 27972 unused wires.
<suppressed ~6 debug messages>

9.23.5. Finished fast OPT passes.

9.24. Executing HIERARCHY pass (managing design hierarchy).

9.24.1. Analyzing design hierarchy..
Top module:  \b1_r3_761_serial_0608_1414
Used module:     \b1_real_serial_0608
Used module:         \sbr17_f3_0608
Used module:             \f3_add_0608
Used module:             \f3_mul_0608
Used module:         \f3_sub3_0608

9.24.2. Analyzing design hierarchy..
Top module:  \b1_r3_761_serial_0608_1414
Used module:     \b1_real_serial_0608
Used module:         \sbr17_f3_0608
Used module:             \f3_add_0608
Used module:             \f3_mul_0608
Used module:         \f3_sub3_0608
Removed 0 unused modules.

9.25. Printing statistics.

=== b1_r3_761_serial_0608_1414 ===

   Number of wires:               1530
   Number of wire bits:          10726
   Number of public wires:        1530
   Number of public wire bits:   10726
   Number of memories:               0
   Number of memory bits:            0
   Number of processes:              0
   Number of cells:               1522
     b1_real_serial_0608             1
     f3_add_0608                  1521

=== b1_real_serial_0608 ===

   Number of wires:             123251
   Number of wire bits:         247880
   Number of public wires:       69555
   Number of public wire bits:  194184
   Number of memories:               0
   Number of memory bits:            0
   Number of processes:              0
   Number of cells:             134724
     $_ANDNOT_                   27038
     $_AND_                          3
     $_DFFE_PP_                  25206
     $_DFF_P_                        3
     $_MUX_                          1
     $_NAND_                       220
     $_NOR_                          1
     $_NOT_                          1
     $_ORNOT_                       80
     $_OR_                       26398
     $_SDFFE_PP0P_                  26
     $_XNOR_                         9
     $_XOR_                         13
     f3_add_0608                 25497
     f3_sub3_0608                30227
     sbr17_f3_0608                   1

=== f3_add_0608 ===

   Number of wires:                 13
   Number of wire bits:             16
   Number of public wires:           3
   Number of public wire bits:       6
   Number of memories:               0
   Number of memory bits:            0
   Number of processes:              0
   Number of cells:                 12
     $_ANDNOT_                       4
     $_AND_                          1
     $_MUX_                          1
     $_NAND_                         1
     $_XNOR_                         4
     $_XOR_                          1

=== f3_mul_0608 ===

   Number of wires:                 55
   Number of wire bits:             58
   Number of public wires:           3
   Number of public wire bits:       6
   Number of memories:               0
   Number of memory bits:            0
   Number of processes:              0
   Number of cells:                 54
     $_ANDNOT_                      10
     $_AND_                          3
     $_MUX_                          5
     $_NAND_                         5
     $_NOR_                          1
     $_NOT_                          2
     $_ORNOT_                        3
     $_OR_                          17
     $_XOR_                          8

=== f3_sub3_0608 ===

   Number of wires:                  4
   Number of wire bits:              8
   Number of public wires:           4
   Number of public wire bits:       8
   Number of memories:               0
   Number of memory bits:            0
   Number of processes:              0
   Number of cells:                  3
     $_ANDNOT_                       2
     f3_add_0608                     1

=== sbr17_f3_0608 ===

   Number of wires:                584
   Number of wire bits:           1296
   Number of public wires:         584
   Number of public wire bits:    1296
   Number of memories:               0
   Number of memory bits:            0
   Number of processes:              0
   Number of cells:                545
     f3_add_0608                   256
     f3_mul_0608                   289

=== design hierarchy ===

   b1_r3_761_serial_0608_1414        1
     b1_real_serial_0608             1
       f3_add_0608               25497
       f3_sub3_0608              30227
         f3_add_0608                 1
       sbr17_f3_0608                 1
         f3_add_0608               256
         f3_mul_0608               289
     f3_add_0608                  1521

   Number of wires:             1009681
   Number of wire bits:         1438496
   Number of public wires:      365947
   Number of public wire bits:  794762
   Number of memories:               0
   Number of memory bits:            0
   Number of processes:              0
   Number of cells:             845071
     $_ANDNOT_                  320386
     $_AND_                      58371
     $_DFFE_PP_                  25206
     $_DFF_P_                        3
     $_MUX_                      58947
     $_NAND_                     59166
     $_NOR_                        290
     $_NOT_                        579
     $_ORNOT_                      947
     $_OR_                       31311
     $_SDFFE_PP0P_                  26
     $_XNOR_                    230013
     $_XOR_                      59826

9.26. Executing CHECK pass (checking for obvious problems).
Checking module b1_r3_761_serial_0608_1414...
Checking module b1_real_serial_0608...
Checking module f3_add_0608...
Checking module f3_mul_0608...
Checking module f3_sub3_0608...
Checking module sbr17_f3_0608...
Found and reported 0 problems.

10. Executing DFFLIBMAP pass (mapping DFF cells to sequential cells from liberty file).
Warning: Found unsupported expression 'SE*SI+D*!SE' in pin attribute of cell 'SDFFRS_X1' - skipping.
Warning: Found unsupported expression 'SE*SI+D*!SE' in pin attribute of cell 'SDFFRS_X2' - skipping.
Warning: Found unsupported expression 'SE*SI+D*!SE' in pin attribute of cell 'SDFFR_X1' - skipping.
Warning: Found unsupported expression 'SE*SI+D*!SE' in pin attribute of cell 'SDFFR_X2' - skipping.
Warning: Found unsupported expression 'SE*SI+D*!SE' in pin attribute of cell 'SDFFS_X1' - skipping.
Warning: Found unsupported expression 'SE*SI+D*!SE' in pin attribute of cell 'SDFFS_X2' - skipping.
Warning: Found unsupported expression 'SE*SI+D*!SE' in pin attribute of cell 'SDFF_X1' - skipping.
Warning: Found unsupported expression 'SE*SI+D*!SE' in pin attribute of cell 'SDFF_X2' - skipping.
  cell DFF_X1 (noninv, pins=4, area=4.52) is a direct match for cell type $_DFF_P_.
Warning: Found unsupported expression 'SE*SI+D*!SE' in pin attribute of cell 'SDFFRS_X1' - skipping.
Warning: Found unsupported expression 'SE*SI+D*!SE' in pin attribute of cell 'SDFFRS_X2' - skipping.
Warning: Found unsupported expression 'SE*SI+D*!SE' in pin attribute of cell 'SDFFR_X1' - skipping.
Warning: Found unsupported expression 'SE*SI+D*!SE' in pin attribute of cell 'SDFFR_X2' - skipping.
Warning: Found unsupported expression 'SE*SI+D*!SE' in pin attribute of cell 'SDFFS_X1' - skipping.
Warning: Found unsupported expression 'SE*SI+D*!SE' in pin attribute of cell 'SDFFS_X2' - skipping.
Warning: Found unsupported expression 'SE*SI+D*!SE' in pin attribute of cell 'SDFF_X1' - skipping.
Warning: Found unsupported expression 'SE*SI+D*!SE' in pin attribute of cell 'SDFF_X2' - skipping.
  cell DFFR_X1 (noninv, pins=5, area=5.32) is a direct match for cell type $_DFF_PN0_.
Warning: Found unsupported expression 'SE*SI+D*!SE' in pin attribute of cell 'SDFFRS_X1' - skipping.
Warning: Found unsupported expression 'SE*SI+D*!SE' in pin attribute of cell 'SDFFRS_X2' - skipping.
Warning: Found unsupported expression 'SE*SI+D*!SE' in pin attribute of cell 'SDFFR_X1' - skipping.
Warning: Found unsupported expression 'SE*SI+D*!SE' in pin attribute of cell 'SDFFR_X2' - skipping.
Warning: Found unsupported expression 'SE*SI+D*!SE' in pin attribute of cell 'SDFFS_X1' - skipping.
Warning: Found unsupported expression 'SE*SI+D*!SE' in pin attribute of cell 'SDFFS_X2' - skipping.
Warning: Found unsupported expression 'SE*SI+D*!SE' in pin attribute of cell 'SDFF_X1' - skipping.
Warning: Found unsupported expression 'SE*SI+D*!SE' in pin attribute of cell 'SDFF_X2' - skipping.
  cell DFFS_X1 (noninv, pins=5, area=5.32) is a direct match for cell type $_DFF_PN1_.
Warning: Found unsupported expression 'SE*SI+D*!SE' in pin attribute of cell 'SDFFRS_X1' - skipping.
Warning: Found unsupported expression 'SE*SI+D*!SE' in pin attribute of cell 'SDFFRS_X2' - skipping.
Warning: Found unsupported expression 'SE*SI+D*!SE' in pin attribute of cell 'SDFFR_X1' - skipping.
Warning: Found unsupported expression 'SE*SI+D*!SE' in pin attribute of cell 'SDFFR_X2' - skipping.
Warning: Found unsupported expression 'SE*SI+D*!SE' in pin attribute of cell 'SDFFS_X1' - skipping.
Warning: Found unsupported expression 'SE*SI+D*!SE' in pin attribute of cell 'SDFFS_X2' - skipping.
Warning: Found unsupported expression 'SE*SI+D*!SE' in pin attribute of cell 'SDFF_X1' - skipping.
Warning: Found unsupported expression 'SE*SI+D*!SE' in pin attribute of cell 'SDFF_X2' - skipping.
Warning: Found unsupported expression 'SE*SI+D*!SE' in pin attribute of cell 'SDFFRS_X1' - skipping.
Warning: Found unsupported expression 'SE*SI+D*!SE' in pin attribute of cell 'SDFFRS_X2' - skipping.
Warning: Found unsupported expression 'SE*SI+D*!SE' in pin attribute of cell 'SDFFR_X1' - skipping.
Warning: Found unsupported expression 'SE*SI+D*!SE' in pin attribute of cell 'SDFFR_X2' - skipping.
Warning: Found unsupported expression 'SE*SI+D*!SE' in pin attribute of cell 'SDFFS_X1' - skipping.
Warning: Found unsupported expression 'SE*SI+D*!SE' in pin attribute of cell 'SDFFS_X2' - skipping.
Warning: Found unsupported expression 'SE*SI+D*!SE' in pin attribute of cell 'SDFF_X1' - skipping.
Warning: Found unsupported expression 'SE*SI+D*!SE' in pin attribute of cell 'SDFF_X2' - skipping.
Warning: Found unsupported expression 'SE*SI+D*!SE' in pin attribute of cell 'SDFFRS_X1' - skipping.
Warning: Found unsupported expression 'SE*SI+D*!SE' in pin attribute of cell 'SDFFRS_X2' - skipping.
Warning: Found unsupported expression 'SE*SI+D*!SE' in pin attribute of cell 'SDFFR_X1' - skipping.
Warning: Found unsupported expression 'SE*SI+D*!SE' in pin attribute of cell 'SDFFR_X2' - skipping.
Warning: Found unsupported expression 'SE*SI+D*!SE' in pin attribute of cell 'SDFFS_X1' - skipping.
Warning: Found unsupported expression 'SE*SI+D*!SE' in pin attribute of cell 'SDFFS_X2' - skipping.
Warning: Found unsupported expression 'SE*SI+D*!SE' in pin attribute of cell 'SDFF_X1' - skipping.
Warning: Found unsupported expression 'SE*SI+D*!SE' in pin attribute of cell 'SDFF_X2' - skipping.
  cell DFFRS_X1 (noninv, pins=6, area=6.38) is a direct match for cell type $_DFFSR_PNN_.
Warning: Found unsupported expression 'SE*SI+D*!SE' in pin attribute of cell 'SDFFRS_X1' - skipping.
Warning: Found unsupported expression 'SE*SI+D*!SE' in pin attribute of cell 'SDFFRS_X2' - skipping.
Warning: Found unsupported expression 'SE*SI+D*!SE' in pin attribute of cell 'SDFFR_X1' - skipping.
Warning: Found unsupported expression 'SE*SI+D*!SE' in pin attribute of cell 'SDFFR_X2' - skipping.
Warning: Found unsupported expression 'SE*SI+D*!SE' in pin attribute of cell 'SDFFS_X1' - skipping.
Warning: Found unsupported expression 'SE*SI+D*!SE' in pin attribute of cell 'SDFFS_X2' - skipping.
Warning: Found unsupported expression 'SE*SI+D*!SE' in pin attribute of cell 'SDFF_X1' - skipping.
Warning: Found unsupported expression 'SE*SI+D*!SE' in pin attribute of cell 'SDFF_X2' - skipping.
Warning: Found unsupported expression 'SE*SI+D*!SE' in pin attribute of cell 'SDFFRS_X1' - skipping.
Warning: Found unsupported expression 'SE*SI+D*!SE' in pin attribute of cell 'SDFFRS_X2' - skipping.
Warning: Found unsupported expression 'SE*SI+D*!SE' in pin attribute of cell 'SDFFR_X1' - skipping.
Warning: Found unsupported expression 'SE*SI+D*!SE' in pin attribute of cell 'SDFFR_X2' - skipping.
Warning: Found unsupported expression 'SE*SI+D*!SE' in pin attribute of cell 'SDFFS_X1' - skipping.
Warning: Found unsupported expression 'SE*SI+D*!SE' in pin attribute of cell 'SDFFS_X2' - skipping.
Warning: Found unsupported expression 'SE*SI+D*!SE' in pin attribute of cell 'SDFF_X1' - skipping.
Warning: Found unsupported expression 'SE*SI+D*!SE' in pin attribute of cell 'SDFF_X2' - skipping.
Warning: Found unsupported expression 'SE*SI+D*!SE' in pin attribute of cell 'SDFFRS_X1' - skipping.
Warning: Found unsupported expression 'SE*SI+D*!SE' in pin attribute of cell 'SDFFRS_X2' - skipping.
Warning: Found unsupported expression 'SE*SI+D*!SE' in pin attribute of cell 'SDFFR_X1' - skipping.
Warning: Found unsupported expression 'SE*SI+D*!SE' in pin attribute of cell 'SDFFR_X2' - skipping.
Warning: Found unsupported expression 'SE*SI+D*!SE' in pin attribute of cell 'SDFFS_X1' - skipping.
Warning: Found unsupported expression 'SE*SI+D*!SE' in pin attribute of cell 'SDFFS_X2' - skipping.
Warning: Found unsupported expression 'SE*SI+D*!SE' in pin attribute of cell 'SDFF_X1' - skipping.
Warning: Found unsupported expression 'SE*SI+D*!SE' in pin attribute of cell 'SDFF_X2' - skipping.
  final dff cell mappings:
    unmapped dff cell: $_DFF_N_
    \DFF_X1 _DFF_P_ (.CK( C), .D( D), .Q( Q), .QN(~Q));
    unmapped dff cell: $_DFF_NN0_
    unmapped dff cell: $_DFF_NN1_
    unmapped dff cell: $_DFF_NP0_
    unmapped dff cell: $_DFF_NP1_
    \DFFR_X1 _DFF_PN0_ (.CK( C), .D( D), .Q( Q), .QN(~Q), .RN( R));
    \DFFS_X1 _DFF_PN1_ (.CK( C), .D( D), .Q( Q), .QN(~Q), .SN( R));
    unmapped dff cell: $_DFF_PP0_
    unmapped dff cell: $_DFF_PP1_
    unmapped dff cell: $_DFFSR_NNN_
    unmapped dff cell: $_DFFSR_NNP_
    unmapped dff cell: $_DFFSR_NPN_
    unmapped dff cell: $_DFFSR_NPP_
    \DFFRS_X1 _DFFSR_PNN_ (.CK( C), .D( D), .Q( Q), .QN(~Q), .RN( R), .SN( S));
    unmapped dff cell: $_DFFSR_PNP_
    unmapped dff cell: $_DFFSR_PPN_
    unmapped dff cell: $_DFFSR_PPP_

10.1. Executing DFFLEGALIZE pass (convert FFs to types supported by the target).
Mapping DFF cells in module `\b1_r3_761_serial_0608_1414':
Mapping DFF cells in module `\b1_real_serial_0608':
  mapped 25235 $_DFF_P_ cells to \DFF_X1 cells.
Mapping DFF cells in module `\f3_add_0608':
Mapping DFF cells in module `\f3_mul_0608':
Mapping DFF cells in module `\f3_sub3_0608':
Mapping DFF cells in module `\sbr17_f3_0608':

11. Executing ABC pass (technology mapping using ABC).

11.1. Extracting gate netlist of module `\b1_r3_761_serial_0608_1414' to `<abc-temp-dir>/input.blif'..
Extracted 0 gates and 0 wires to a netlist network with 0 inputs and 0 outputs.
Don't call ABC as there is nothing to map.
Removing temp directory.

11.2. Extracting gate netlist of module `\b1_real_serial_0608' to `<abc-temp-dir>/input.blif'..
Extracted 79022 gates and 130251 wires to a netlist network with 51228 inputs and 25303 outputs.

11.2.1. Executing ABC.
Running ABC command: "<yosys-exe-dir>/yosys-abc" -s -f <abc-temp-dir>/abc.script 2>&1
ABC: ABC command line: "source <abc-temp-dir>/abc.script".
ABC: 
ABC: + read_blif <abc-temp-dir>/input.blif 
ABC: + read_lib -w /path/asic_work/b1_asic/nangate45.lib 
ABC: Parsing finished successfully.  Parsing time =     0.06 sec
ABC: Scl_LibertyReadGenlib() skipped cell "ANTENNA_X1" due to dont_use attribute.
ABC: Scl_LibertyReadGenlib() skipped cell "CLKGATETST_X1" without logic function.
ABC: Scl_LibertyReadGenlib() skipped cell "CLKGATETST_X2" without logic function.
ABC: Scl_LibertyReadGenlib() skipped cell "CLKGATETST_X4" without logic function.
ABC: Scl_LibertyReadGenlib() skipped cell "CLKGATETST_X8" without logic function.
ABC: Scl_LibertyReadGenlib() skipped cell "CLKGATE_X1" without logic function.
ABC: Scl_LibertyReadGenlib() skipped cell "CLKGATE_X2" without logic function.
ABC: Scl_LibertyReadGenlib() skipped cell "CLKGATE_X4" without logic function.
ABC: Scl_LibertyReadGenlib() skipped cell "CLKGATE_X8" without logic function.
ABC: Scl_LibertyReadGenlib() skipped sequential cell "DFFRS_X1".
ABC: Scl_LibertyReadGenlib() skipped sequential cell "DFFRS_X2".
ABC: Scl_LibertyReadGenlib() skipped sequential cell "DFFR_X1".
ABC: Scl_LibertyReadGenlib() skipped sequential cell "DFFR_X2".
ABC: Scl_LibertyReadGenlib() skipped sequential cell "DFFS_X1".
ABC: Scl_LibertyReadGenlib() skipped sequential cell "DFFS_X2".
ABC: Scl_LibertyReadGenlib() skipped sequential cell "DFF_X1".
ABC: Scl_LibertyReadGenlib() skipped sequential cell "DFF_X2".
ABC: Scl_LibertyReadGenlib() skipped sequential cell "DLH_X1".
ABC: Scl_LibertyReadGenlib() skipped sequential cell "DLH_X2".
ABC: Scl_LibertyReadGenlib() skipped sequential cell "DLL_X1".
ABC: Scl_LibertyReadGenlib() skipped sequential cell "DLL_X2".
ABC: Scl_LibertyReadGenlib() skipped cell "FILLCELL_X1" due to dont_use attribute.
ABC: Scl_LibertyReadGenlib() skipped cell "FILLCELL_X2" due to dont_use attribute.
ABC: Scl_LibertyReadGenlib() skipped cell "FILLCELL_X4" due to dont_use attribute.
ABC: Scl_LibertyReadGenlib() skipped cell "FILLCELL_X8" due to dont_use attribute.
ABC: Scl_LibertyReadGenlib() skipped cell "FILLCELL_X16" due to dont_use attribute.
ABC: Scl_LibertyReadGenlib() skipped cell "FILLCELL_X32" due to dont_use attribute.
ABC: Scl_LibertyReadGenlib() skipped cell "LOGIC0_X1" due to dont_use attribute.
ABC: Scl_LibertyReadGenlib() skipped cell "LOGIC1_X1" due to dont_use attribute.
ABC: Scl_LibertyReadGenlib() skipped sequential cell "SDFFRS_X1".
ABC: Scl_LibertyReadGenlib() skipped sequential cell "SDFFRS_X2".
ABC: Scl_LibertyReadGenlib() skipped sequential cell "SDFFR_X1".
ABC: Scl_LibertyReadGenlib() skipped sequential cell "SDFFR_X2".
ABC: Scl_LibertyReadGenlib() skipped sequential cell "SDFFS_X1".
ABC: Scl_LibertyReadGenlib() skipped sequential cell "SDFFS_X2".
ABC: Scl_LibertyReadGenlib() skipped sequential cell "SDFF_X1".
ABC: Scl_LibertyReadGenlib() skipped sequential cell "SDFF_X2".
ABC: Scl_LibertyReadGenlib() skipped three-state cell "TBUF_X1".
ABC: Scl_LibertyReadGenlib() skipped three-state cell "TBUF_X2".
ABC: Scl_LibertyReadGenlib() skipped three-state cell "TBUF_X4".
ABC: Scl_LibertyReadGenlib() skipped three-state cell "TBUF_X8".
ABC: Scl_LibertyReadGenlib() skipped three-state cell "TBUF_X16".
ABC: Scl_LibertyReadGenlib() skipped three-state cell "TINV_X1".
ABC: Scl_LibertyReadGenlib() skipped sequential cell "TLAT_X1".
ABC: Library "NangateOpenCellLibrary" from "/path/asic_work/b1_asic/nangate45.lib" has 90 cells (35 skipped: 21 seq; 6 tri-state; 8 no func; 9 dont_use).  Time =     0.09 sec
ABC: Memory =   11.38 MB. Time =     0.09 sec
ABC: Warning: Detected 2 multi-output gates (for example, "FA_X1").
ABC: + strash 
ABC: + &get -n 
ABC: + &fraig -x 
ABC: + &put 
ABC: + scorr 
ABC: Warning: The network is combinational (run "fraig" or "fraig_sweep").
ABC: + dc2 
ABC: + dretime 
ABC: + strash 
ABC: + &get -n 
ABC: + &dch -f 
ABC: + &nf 
ABC: + &put 
ABC: + write_blif <abc-temp-dir>/output.blif 

11.2.2. Re-integrating ABC results.
ABC RESULTS:          OAI22_X1 cells:        2
ABC RESULTS:         OAI221_X1 cells:       59
ABC RESULTS:            OR4_X1 cells:      132
ABC RESULTS:          OAI33_X1 cells:      484
ABC RESULTS:         OAI211_X1 cells:       12
ABC RESULTS:         AOI222_X1 cells:        9
ABC RESULTS:           AND4_X1 cells:      883
ABC RESULTS:          AOI22_X1 cells:     2757
ABC RESULTS:            OR3_X1 cells:      124
ABC RESULTS:          NAND4_X1 cells:    17609
ABC RESULTS:            INV_X1 cells:     1118
ABC RESULTS:           XOR2_X1 cells:        1
ABC RESULTS:            OR2_X1 cells:       15
ABC RESULTS:          OAI21_X1 cells:       36
ABC RESULTS:         AOI221_X1 cells:      427
ABC RESULTS:         AOI211_X1 cells:       20
ABC RESULTS:          AOI21_X1 cells:       25
ABC RESULTS:          NAND3_X1 cells:     4972
ABC RESULTS:          NAND2_X1 cells:      992
ABC RESULTS:           AND3_X1 cells:       21
ABC RESULTS:           NOR2_X1 cells:       62
ABC RESULTS:           NOR4_X1 cells:     1334
ABC RESULTS:           AND2_X1 cells:      253
ABC RESULTS:           NOR3_X1 cells:      199
ABC RESULTS:           MUX2_X1 cells:    25206
ABC RESULTS:        internal signals:    53720
ABC RESULTS:           input signals:    51228
ABC RESULTS:          output signals:    25303
Removing temp directory.

11.3. Extracting gate netlist of module `\f3_add_0608' to `<abc-temp-dir>/input.blif'..
Extracted 12 gates and 16 wires to a netlist network with 4 inputs and 2 outputs.

11.3.1. Executing ABC.
Running ABC command: "<yosys-exe-dir>/yosys-abc" -s -f <abc-temp-dir>/abc.script 2>&1
ABC: ABC command line: "source <abc-temp-dir>/abc.script".
ABC: 
ABC: + read_blif <abc-temp-dir>/input.blif 
ABC: + read_lib -w /path/asic_work/b1_asic/nangate45.lib 
ABC: Parsing finished successfully.  Parsing time =     0.07 sec
ABC: Scl_LibertyReadGenlib() skipped cell "ANTENNA_X1" due to dont_use attribute.
ABC: Scl_LibertyReadGenlib() skipped cell "CLKGATETST_X1" without logic function.
ABC: Scl_LibertyReadGenlib() skipped cell "CLKGATETST_X2" without logic function.
ABC: Scl_LibertyReadGenlib() skipped cell "CLKGATETST_X4" without logic function.
ABC: Scl_LibertyReadGenlib() skipped cell "CLKGATETST_X8" without logic function.
ABC: Scl_LibertyReadGenlib() skipped cell "CLKGATE_X1" without logic function.
ABC: Scl_LibertyReadGenlib() skipped cell "CLKGATE_X2" without logic function.
ABC: Scl_LibertyReadGenlib() skipped cell "CLKGATE_X4" without logic function.
ABC: Scl_LibertyReadGenlib() skipped cell "CLKGATE_X8" without logic function.
ABC: Scl_LibertyReadGenlib() skipped sequential cell "DFFRS_X1".
ABC: Scl_LibertyReadGenlib() skipped sequential cell "DFFRS_X2".
ABC: Scl_LibertyReadGenlib() skipped sequential cell "DFFR_X1".
ABC: Scl_LibertyReadGenlib() skipped sequential cell "DFFR_X2".
ABC: Scl_LibertyReadGenlib() skipped sequential cell "DFFS_X1".
ABC: Scl_LibertyReadGenlib() skipped sequential cell "DFFS_X2".
ABC: Scl_LibertyReadGenlib() skipped sequential cell "DFF_X1".
ABC: Scl_LibertyReadGenlib() skipped sequential cell "DFF_X2".
ABC: Scl_LibertyReadGenlib() skipped sequential cell "DLH_X1".
ABC: Scl_LibertyReadGenlib() skipped sequential cell "DLH_X2".
ABC: Scl_LibertyReadGenlib() skipped sequential cell "DLL_X1".
ABC: Scl_LibertyReadGenlib() skipped sequential cell "DLL_X2".
ABC: Scl_LibertyReadGenlib() skipped cell "FILLCELL_X1" due to dont_use attribute.
ABC: Scl_LibertyReadGenlib() skipped cell "FILLCELL_X2" due to dont_use attribute.
ABC: Scl_LibertyReadGenlib() skipped cell "FILLCELL_X4" due to dont_use attribute.
ABC: Scl_LibertyReadGenlib() skipped cell "FILLCELL_X8" due to dont_use attribute.
ABC: Scl_LibertyReadGenlib() skipped cell "FILLCELL_X16" due to dont_use attribute.
ABC: Scl_LibertyReadGenlib() skipped cell "FILLCELL_X32" due to dont_use attribute.
ABC: Scl_LibertyReadGenlib() skipped cell "LOGIC0_X1" due to dont_use attribute.
ABC: Scl_LibertyReadGenlib() skipped cell "LOGIC1_X1" due to dont_use attribute.
ABC: Scl_LibertyReadGenlib() skipped sequential cell "SDFFRS_X1".
ABC: Scl_LibertyReadGenlib() skipped sequential cell "SDFFRS_X2".
ABC: Scl_LibertyReadGenlib() skipped sequential cell "SDFFR_X1".
ABC: Scl_LibertyReadGenlib() skipped sequential cell "SDFFR_X2".
ABC: Scl_LibertyReadGenlib() skipped sequential cell "SDFFS_X1".
ABC: Scl_LibertyReadGenlib() skipped sequential cell "SDFFS_X2".
ABC: Scl_LibertyReadGenlib() skipped sequential cell "SDFF_X1".
ABC: Scl_LibertyReadGenlib() skipped sequential cell "SDFF_X2".
ABC: Scl_LibertyReadGenlib() skipped three-state cell "TBUF_X1".
ABC: Scl_LibertyReadGenlib() skipped three-state cell "TBUF_X2".
ABC: Scl_LibertyReadGenlib() skipped three-state cell "TBUF_X4".
ABC: Scl_LibertyReadGenlib() skipped three-state cell "TBUF_X8".
ABC: Scl_LibertyReadGenlib() skipped three-state cell "TBUF_X16".
ABC: Scl_LibertyReadGenlib() skipped three-state cell "TINV_X1".
ABC: Scl_LibertyReadGenlib() skipped sequential cell "TLAT_X1".
ABC: Library "NangateOpenCellLibrary" from "/path/asic_work/b1_asic/nangate45.lib" has 90 cells (35 skipped: 21 seq; 6 tri-state; 8 no func; 9 dont_use).  Time =     0.11 sec
ABC: Memory =   11.38 MB. Time =     0.11 sec
ABC: Warning: Detected 2 multi-output gates (for example, "FA_X1").
ABC: + strash 
ABC: + &get -n 
ABC: + &fraig -x 
ABC: + &put 
ABC: + scorr 
ABC: Warning: The network is combinational (run "fraig" or "fraig_sweep").
ABC: + dc2 
ABC: + dretime 
ABC: + strash 
ABC: + &get -n 
ABC: + &dch -f 
ABC: + &nf 
ABC: + &put 
ABC: + write_blif <abc-temp-dir>/output.blif 

11.3.2. Re-integrating ABC results.
ABC RESULTS:          OAI22_X1 cells:        1
ABC RESULTS:          NAND2_X1 cells:        4
ABC RESULTS:          XNOR2_X1 cells:        4
ABC RESULTS:        internal signals:       10
ABC RESULTS:           input signals:        4
ABC RESULTS:          output signals:        2
Removing temp directory.

11.4. Extracting gate netlist of module `\f3_mul_0608' to `<abc-temp-dir>/input.blif'..
Extracted 54 gates and 58 wires to a netlist network with 4 inputs and 2 outputs.

11.4.1. Executing ABC.
Running ABC command: "<yosys-exe-dir>/yosys-abc" -s -f <abc-temp-dir>/abc.script 2>&1
ABC: ABC command line: "source <abc-temp-dir>/abc.script".
ABC: 
ABC: + read_blif <abc-temp-dir>/input.blif 
ABC: + read_lib -w /path/asic_work/b1_asic/nangate45.lib 
ABC: Parsing finished successfully.  Parsing time =     0.06 sec
ABC: Scl_LibertyReadGenlib() skipped cell "ANTENNA_X1" due to dont_use attribute.
ABC: Scl_LibertyReadGenlib() skipped cell "CLKGATETST_X1" without logic function.
ABC: Scl_LibertyReadGenlib() skipped cell "CLKGATETST_X2" without logic function.
ABC: Scl_LibertyReadGenlib() skipped cell "CLKGATETST_X4" without logic function.
ABC: Scl_LibertyReadGenlib() skipped cell "CLKGATETST_X8" without logic function.
ABC: Scl_LibertyReadGenlib() skipped cell "CLKGATE_X1" without logic function.
ABC: Scl_LibertyReadGenlib() skipped cell "CLKGATE_X2" without logic function.
ABC: Scl_LibertyReadGenlib() skipped cell "CLKGATE_X4" without logic function.
ABC: Scl_LibertyReadGenlib() skipped cell "CLKGATE_X8" without logic function.
ABC: Scl_LibertyReadGenlib() skipped sequential cell "DFFRS_X1".
ABC: Scl_LibertyReadGenlib() skipped sequential cell "DFFRS_X2".
ABC: Scl_LibertyReadGenlib() skipped sequential cell "DFFR_X1".
ABC: Scl_LibertyReadGenlib() skipped sequential cell "DFFR_X2".
ABC: Scl_LibertyReadGenlib() skipped sequential cell "DFFS_X1".
ABC: Scl_LibertyReadGenlib() skipped sequential cell "DFFS_X2".
ABC: Scl_LibertyReadGenlib() skipped sequential cell "DFF_X1".
ABC: Scl_LibertyReadGenlib() skipped sequential cell "DFF_X2".
ABC: Scl_LibertyReadGenlib() skipped sequential cell "DLH_X1".
ABC: Scl_LibertyReadGenlib() skipped sequential cell "DLH_X2".
ABC: Scl_LibertyReadGenlib() skipped sequential cell "DLL_X1".
ABC: Scl_LibertyReadGenlib() skipped sequential cell "DLL_X2".
ABC: Scl_LibertyReadGenlib() skipped cell "FILLCELL_X1" due to dont_use attribute.
ABC: Scl_LibertyReadGenlib() skipped cell "FILLCELL_X2" due to dont_use attribute.
ABC: Scl_LibertyReadGenlib() skipped cell "FILLCELL_X4" due to dont_use attribute.
ABC: Scl_LibertyReadGenlib() skipped cell "FILLCELL_X8" due to dont_use attribute.
ABC: Scl_LibertyReadGenlib() skipped cell "FILLCELL_X16" due to dont_use attribute.
ABC: Scl_LibertyReadGenlib() skipped cell "FILLCELL_X32" due to dont_use attribute.
ABC: Scl_LibertyReadGenlib() skipped cell "LOGIC0_X1" due to dont_use attribute.
ABC: Scl_LibertyReadGenlib() skipped cell "LOGIC1_X1" due to dont_use attribute.
ABC: Scl_LibertyReadGenlib() skipped sequential cell "SDFFRS_X1".
ABC: Scl_LibertyReadGenlib() skipped sequential cell "SDFFRS_X2".
ABC: Scl_LibertyReadGenlib() skipped sequential cell "SDFFR_X1".
ABC: Scl_LibertyReadGenlib() skipped sequential cell "SDFFR_X2".
ABC: Scl_LibertyReadGenlib() skipped sequential cell "SDFFS_X1".
ABC: Scl_LibertyReadGenlib() skipped sequential cell "SDFFS_X2".
ABC: Scl_LibertyReadGenlib() skipped sequential cell "SDFF_X1".
ABC: Scl_LibertyReadGenlib() skipped sequential cell "SDFF_X2".
ABC: Scl_LibertyReadGenlib() skipped three-state cell "TBUF_X1".
ABC: Scl_LibertyReadGenlib() skipped three-state cell "TBUF_X2".
ABC: Scl_LibertyReadGenlib() skipped three-state cell "TBUF_X4".
ABC: Scl_LibertyReadGenlib() skipped three-state cell "TBUF_X8".
ABC: Scl_LibertyReadGenlib() skipped three-state cell "TBUF_X16".
ABC: Scl_LibertyReadGenlib() skipped three-state cell "TINV_X1".
ABC: Scl_LibertyReadGenlib() skipped sequential cell "TLAT_X1".
ABC: Library "NangateOpenCellLibrary" from "/path/asic_work/b1_asic/nangate45.lib" has 90 cells (35 skipped: 21 seq; 6 tri-state; 8 no func; 9 dont_use).  Time =     0.09 sec
ABC: Memory =   11.38 MB. Time =     0.09 sec
ABC: Warning: Detected 2 multi-output gates (for example, "FA_X1").
ABC: + strash 
ABC: + &get -n 
ABC: + &fraig -x 
ABC: + &put 
ABC: + scorr 
ABC: Warning: The network is combinational (run "fraig" or "fraig_sweep").
ABC: + dc2 
ABC: + dretime 
ABC: + strash 
ABC: + &get -n 
ABC: + &dch -f 
ABC: + &nf 
ABC: + &put 
ABC: + write_blif <abc-temp-dir>/output.blif 

11.4.2. Re-integrating ABC results.
ABC RESULTS:          NAND2_X1 cells:        1
ABC RESULTS:            INV_X1 cells:        1
ABC RESULTS:          AOI22_X1 cells:        1
ABC RESULTS:          NAND4_X1 cells:        1
ABC RESULTS:            OR2_X1 cells:        1
ABC RESULTS:          OAI21_X1 cells:        1
ABC RESULTS:         AOI211_X1 cells:        1
ABC RESULTS:        internal signals:       52
ABC RESULTS:           input signals:        4
ABC RESULTS:          output signals:        2
Removing temp directory.

11.5. Extracting gate netlist of module `\f3_sub3_0608' to `<abc-temp-dir>/input.blif'..
Extracted 2 gates and 4 wires to a netlist network with 2 inputs and 2 outputs.

11.5.1. Executing ABC.
Running ABC command: "<yosys-exe-dir>/yosys-abc" -s -f <abc-temp-dir>/abc.script 2>&1
ABC: ABC command line: "source <abc-temp-dir>/abc.script".
ABC: 
ABC: + read_blif <abc-temp-dir>/input.blif 
ABC: + read_lib -w /path/asic_work/b1_asic/nangate45.lib 
ABC: Parsing finished successfully.  Parsing time =     0.07 sec
ABC: Scl_LibertyReadGenlib() skipped cell "ANTENNA_X1" due to dont_use attribute.
ABC: Scl_LibertyReadGenlib() skipped cell "CLKGATETST_X1" without logic function.
ABC: Scl_LibertyReadGenlib() skipped cell "CLKGATETST_X2" without logic function.
ABC: Scl_LibertyReadGenlib() skipped cell "CLKGATETST_X4" without logic function.
ABC: Scl_LibertyReadGenlib() skipped cell "CLKGATETST_X8" without logic function.
ABC: Scl_LibertyReadGenlib() skipped cell "CLKGATE_X1" without logic function.
ABC: Scl_LibertyReadGenlib() skipped cell "CLKGATE_X2" without logic function.
ABC: Scl_LibertyReadGenlib() skipped cell "CLKGATE_X4" without logic function.
ABC: Scl_LibertyReadGenlib() skipped cell "CLKGATE_X8" without logic function.
ABC: Scl_LibertyReadGenlib() skipped sequential cell "DFFRS_X1".
ABC: Scl_LibertyReadGenlib() skipped sequential cell "DFFRS_X2".
ABC: Scl_LibertyReadGenlib() skipped sequential cell "DFFR_X1".
ABC: Scl_LibertyReadGenlib() skipped sequential cell "DFFR_X2".
ABC: Scl_LibertyReadGenlib() skipped sequential cell "DFFS_X1".
ABC: Scl_LibertyReadGenlib() skipped sequential cell "DFFS_X2".
ABC: Scl_LibertyReadGenlib() skipped sequential cell "DFF_X1".
ABC: Scl_LibertyReadGenlib() skipped sequential cell "DFF_X2".
ABC: Scl_LibertyReadGenlib() skipped sequential cell "DLH_X1".
ABC: Scl_LibertyReadGenlib() skipped sequential cell "DLH_X2".
ABC: Scl_LibertyReadGenlib() skipped sequential cell "DLL_X1".
ABC: Scl_LibertyReadGenlib() skipped sequential cell "DLL_X2".
ABC: Scl_LibertyReadGenlib() skipped cell "FILLCELL_X1" due to dont_use attribute.
ABC: Scl_LibertyReadGenlib() skipped cell "FILLCELL_X2" due to dont_use attribute.
ABC: Scl_LibertyReadGenlib() skipped cell "FILLCELL_X4" due to dont_use attribute.
ABC: Scl_LibertyReadGenlib() skipped cell "FILLCELL_X8" due to dont_use attribute.
ABC: Scl_LibertyReadGenlib() skipped cell "FILLCELL_X16" due to dont_use attribute.
ABC: Scl_LibertyReadGenlib() skipped cell "FILLCELL_X32" due to dont_use attribute.
ABC: Scl_LibertyReadGenlib() skipped cell "LOGIC0_X1" due to dont_use attribute.
ABC: Scl_LibertyReadGenlib() skipped cell "LOGIC1_X1" due to dont_use attribute.
ABC: Scl_LibertyReadGenlib() skipped sequential cell "SDFFRS_X1".
ABC: Scl_LibertyReadGenlib() skipped sequential cell "SDFFRS_X2".
ABC: Scl_LibertyReadGenlib() skipped sequential cell "SDFFR_X1".
ABC: Scl_LibertyReadGenlib() skipped sequential cell "SDFFR_X2".
ABC: Scl_LibertyReadGenlib() skipped sequential cell "SDFFS_X1".
ABC: Scl_LibertyReadGenlib() skipped sequential cell "SDFFS_X2".
ABC: Scl_LibertyReadGenlib() skipped sequential cell "SDFF_X1".
ABC: Scl_LibertyReadGenlib() skipped sequential cell "SDFF_X2".
ABC: Scl_LibertyReadGenlib() skipped three-state cell "TBUF_X1".
ABC: Scl_LibertyReadGenlib() skipped three-state cell "TBUF_X2".
ABC: Scl_LibertyReadGenlib() skipped three-state cell "TBUF_X4".
ABC: Scl_LibertyReadGenlib() skipped three-state cell "TBUF_X8".
ABC: Scl_LibertyReadGenlib() skipped three-state cell "TBUF_X16".
ABC: Scl_LibertyReadGenlib() skipped three-state cell "TINV_X1".
ABC: Scl_LibertyReadGenlib() skipped sequential cell "TLAT_X1".
ABC: Library "NangateOpenCellLibrary" from "/path/asic_work/b1_asic/nangate45.lib" has 90 cells (35 skipped: 21 seq; 6 tri-state; 8 no func; 9 dont_use).  Time =     0.10 sec
ABC: Memory =   11.38 MB. Time =     0.10 sec
ABC: Warning: Detected 2 multi-output gates (for example, "FA_X1").
ABC: + strash 
ABC: + &get -n 
ABC: + &fraig -x 
ABC: + &put 
ABC: + scorr 
ABC: Warning: The network is combinational (run "fraig" or "fraig_sweep").
ABC: + dc2 
ABC: + dretime 
ABC: + strash 
ABC: + &get -n 
ABC: + &dch -f 
ABC: + &nf 
ABC: + &put 
ABC: + write_blif <abc-temp-dir>/output.blif 

11.5.2. Re-integrating ABC results.
ABC RESULTS:            INV_X1 cells:        1
ABC RESULTS:           NOR2_X1 cells:        1
ABC RESULTS:           AND2_X1 cells:        1
ABC RESULTS:        internal signals:        0
ABC RESULTS:           input signals:        2
ABC RESULTS:          output signals:        2
Removing temp directory.

11.6. Extracting gate netlist of module `\sbr17_f3_0608' to `<abc-temp-dir>/input.blif'..
Extracted 0 gates and 0 wires to a netlist network with 0 inputs and 0 outputs.
Don't call ABC as there is nothing to map.
Removing temp directory.

12. Printing statistics.

=== b1_r3_761_serial_0608_1414 ===

   Number of wires:               1530
   Number of wire bits:          10726
   Number of public wires:        1530
   Number of public wire bits:   10726
   Number of memories:               0
   Number of memory bits:            0
   Number of processes:              0
   Number of cells:               1522
     b1_real_serial_0608             1
     f3_add_0608                  1521

   Area for cell type \b1_real_serial_0608 is unknown!
   Area for cell type \f3_add_0608 is unknown!

=== b1_real_serial_0608 ===

   Number of wires:             281725
   Number of wire bits:         406354
   Number of public wires:       69555
   Number of public wire bits:  194184
   Number of memories:               0
   Number of memory bits:            0
   Number of processes:              0
   Number of cells:             137712
     AND2_X1                       253
     AND3_X1                        21
     AND4_X1                       883
     AOI211_X1                      20
     AOI21_X1                       25
     AOI221_X1                     427
     AOI222_X1                       9
     AOI22_X1                     2757
     DFF_X1                      25235
     INV_X1                       1118
     MUX2_X1                     25206
     NAND2_X1                      992
     NAND3_X1                     4972
     NAND4_X1                    17609
     NOR2_X1                        62
     NOR3_X1                       199
     NOR4_X1                      1334
     OAI211_X1                      12
     OAI21_X1                       36
     OAI221_X1                      59
     OAI22_X1                        2
     OAI33_X1                      484
     OR2_X1                         15
     OR3_X1                        124
     OR4_X1                        132
     XOR2_X1                         1
     f3_add_0608                 25497
     f3_sub3_0608                30227
     sbr17_f3_0608                   1

   Area for cell type \f3_add_0608 is unknown!
   Area for cell type \f3_sub3_0608 is unknown!
   Area for cell type \sbr17_f3_0608 is unknown!

   Chip area for module '\b1_real_serial_0608': 200750.732000

=== f3_add_0608 ===

   Number of wires:                 26
   Number of wire bits:             29
   Number of public wires:           3
   Number of public wire bits:       6
   Number of memories:               0
   Number of memory bits:            0
   Number of processes:              0
   Number of cells:                  9
     NAND2_X1                        4
     OAI22_X1                        1
     XNOR2_X1                        4

   Chip area for module '\f3_add_0608': 10.906000

=== f3_mul_0608 ===

   Number of wires:                 66
   Number of wire bits:             69
   Number of public wires:           3
   Number of public wire bits:       6
   Number of memories:               0
   Number of memory bits:            0
   Number of processes:              0
   Number of cells:                  7
     AOI211_X1                       1
     AOI22_X1                        1
     INV_X1                          1
     NAND2_X1                        1
     NAND4_X1                        1
     OAI21_X1                        1
     OR2_X1                          1

   Chip area for module '\f3_mul_0608': 7.448000

=== f3_sub3_0608 ===

   Number of wires:                  9
   Number of wire bits:             13
   Number of public wires:           4
   Number of public wire bits:       8
   Number of memories:               0
   Number of memory bits:            0
   Number of processes:              0
   Number of cells:                  4
     AND2_X1                         1
     INV_X1                          1
     NOR2_X1                         1
     f3_add_0608                     1

   Area for cell type \f3_add_0608 is unknown!

   Chip area for module '\f3_sub3_0608': 2.394000

=== sbr17_f3_0608 ===

   Number of wires:                584
   Number of wire bits:           1296
   Number of public wires:         584
   Number of public wire bits:    1296
   Number of memories:               0
   Number of memory bits:            0
   Number of processes:              0
   Number of cells:                545
     f3_add_0608                   256
     f3_mul_0608                   289

   Area for cell type \f3_add_0608 is unknown!
   Area for cell type \f3_mul_0608 is unknown!

=== design hierarchy ===

   b1_r3_761_serial_0608_1414        1
     b1_real_serial_0608             1
       f3_add_0608               25497
       f3_sub3_0608              30227
         f3_add_0608                 1
       sbr17_f3_0608                 1
         f3_add_0608               256
         f3_mul_0608               289
     f3_add_0608                  1521

   Number of wires:             2069982
   Number of wire bits:         2498797
   Number of public wires:      365947
   Number of public wire bits:  794762
   Number of memories:               0
   Number of memory bits:            0
   Number of processes:              0
   Number of cells:             692200
     AND2_X1                     30480
     AND3_X1                        21
     AND4_X1                       883
     AOI211_X1                     309
     AOI21_X1                       25
     AOI221_X1                     427
     AOI222_X1                       9
     AOI22_X1                     3046
     DFF_X1                      25235
     INV_X1                      31634
     MUX2_X1                     25206
     NAND2_X1                   231285
     NAND3_X1                     4972
     NAND4_X1                    17898
     NOR2_X1                     30289
     NOR3_X1                       199
     NOR4_X1                      1334
     OAI211_X1                      12
     OAI21_X1                      325
     OAI221_X1                      59
     OAI22_X1                    57503
     OAI33_X1                      484
     OR2_X1                        304
     OR3_X1                        124
     OR4_X1                        132
     XNOR2_X1                   230004
     XOR2_X1                         1

   Chip area for top module '\b1_r3_761_serial_0608_1414': 902372.548000

Warnings: 8 unique messages, 72 total
End of script. Logfile hash: 9086f27cf7, CPU: user 145.87s system 1.91s, MEM: 1084.23 MB peak
Yosys 0.33 (git sha1 2584903a060)
Time spent: 23% 2x abc (43 sec), 23% 55x opt_clean (43 sec), ...
